wave,product_ar,region,expenditure_pc_millimes
2005,آلة تسخين (بالكهرباء ،بالغاز ،أو البترول(,Centre East,1478.0
2005,آلة تسخين (بالكهرباء ،بالغاز ،أو البترول(,Centre West,617.0
2005,آلة تسخين (بالكهرباء ،بالغاز ،أو البترول(,Grand Tunis,1216.0
2005,آلة تسخين (بالكهرباء ،بالغاز ،أو البترول(,National,1254.0
2005,آلة تسخين (بالكهرباء ،بالغاز ،أو البترول(,North East,1261.0
2005,آلة تسخين (بالكهرباء ،بالغاز ،أو البترول(,North West,1602.0
2005,آلة تسخين (بالكهرباء ،بالغاز ،أو البترول(,South East,1257.0
2005,آلة تسخين (بالكهرباء ،بالغاز ،أو البترول(,South West,1269.0
2005,آلة غسل المالبس,Centre East,1906.0
2005,آلة غسل المالبس,Centre West,553.0
2005,آلة غسل المالبس,Grand Tunis,1015.0
2005,آلة غسل المالبس,National,1540.0
2005,آلة غسل المالبس,North East,2882.0
2005,آلة غسل المالبس,North West,1361.0
2005,آلة غسل المالبس,South East,1303.0
2005,آلة غسل المالبس,South West,2013.0
2005,أثاث األسرة و المفروشات,Centre East,39982.0
2005,أثاث األسرة و المفروشات,Centre West,15799.0
2005,أثاث األسرة و المفروشات,Grand Tunis,28984.0
2005,أثاث األسرة و المفروشات,National,33506.0
2005,أثاث األسرة و المفروشات,North East,27996.0
2005,أثاث األسرة و المفروشات,North West,26725.0
2005,أثاث األسرة و المفروشات,South East,66184.0
2005,أثاث األسرة و المفروشات,South West,41918.0
2005,أثاث كامل آخر(بيت جلوس ،جرايات و(...,Centre East,4895.0
2005,أثاث كامل آخر(بيت جلوس ،جرايات و(...,Centre West,1048.0
2005,أثاث كامل آخر(بيت جلوس ،جرايات و(...,Grand Tunis,1883.0
2005,أثاث كامل آخر(بيت جلوس ،جرايات و(...,National,2763.0
2005,أثاث كامل آخر(بيت جلوس ،جرايات و(...,North East,2932.0
2005,أثاث كامل آخر(بيت جلوس ،جرايات و(...,North West,2521.0
2005,أثاث كامل آخر(بيت جلوس ،جرايات و(...,South East,3259.0
2005,أثاث كامل آخر(بيت جلوس ،جرايات و(...,South West,1170.0
2005,أدوات التزويق,Centre East,883.0
2005,أدوات التزويق,Centre West,130.0
2005,أدوات التزويق,Grand Tunis,1232.0
2005,أدوات التزويق,National,839.0
2005,أدوات التزويق,North East,754.0
2005,أدوات التزويق,North West,663.0
2005,أدوات التزويق,South East,1302.0
2005,أدوات التزويق,South West,614.0
2005,أدوات الصيانة الشخصية,Centre East,2049.0
2005,أدوات الصيانة الشخصية,Centre West,7323.0
2005,أدوات الصيانة الشخصية,Grand Tunis,3180.0
2005,أدوات الصيانة الشخصية,National,2868.0
2005,أدوات الصيانة الشخصية,North East,1681.0
2005,أدوات الصيانة الشخصية,North West,1663.0
2005,أدوات الصيانة الشخصية,South East,1170.0
2005,أدوات الصيانة الشخصية,South West,2485.0
2005,أدوات المطبخ,Centre East,10185.0
2005,أدوات المطبخ,Centre West,4719.0
2005,أدوات المطبخ,Grand Tunis,8976.0
2005,أدوات المطبخ,National,8176.0
2005,أدوات المطبخ,North East,8344.0
2005,أدوات المطبخ,North West,7530.0
2005,أدوات المطبخ,South East,7922.0
2005,أدوات المطبخ,South West,6517.0
2005,أدوات طبية,Centre East,1958.0
2005,أدوات طبية,Centre West,945.0
2005,أدوات طبية,Grand Tunis,1703.0
2005,أدوات طبية,National,1743.0
2005,أدوات طبية,North East,2633.0
2005,أدوات طبية,North West,1188.0
2005,أدوات طبية,South East,2038.0
2005,أدوات طبية,South West,1464.0
2005,أدوية,Centre East,45920.0
2005,أدوية,Centre West,23340.0
2005,أدوية,Grand Tunis,47710.0
2005,أدوية,National,39791.0
2005,أدوية,North East,42919.0
2005,أدوية,North West,29470.0
2005,أدوية,South East,44360.0
2005,أدوية,South West,29699.0
2005,أرز,Centre East,2747.0
2005,أرز,Centre West,1878.0
2005,أرز,Grand Tunis,3752.0
2005,أرز,National,2584.0
2005,أرز,North East,1987.0
2005,أرز,North West,1882.0
2005,أرز,South East,2373.0
2005,أرز,South West,2232.0
2005,ألعاب,Centre East,2519.0
2005,ألعاب,Centre West,314.0
2005,ألعاب,Grand Tunis,3034.0
2005,ألعاب,National,1812.0
2005,ألعاب,North East,738.0
2005,ألعاب,North West,2553.0
2005,ألعاب,South East,302.0
2005,ألعاب,South West,1182.0
2005,ألعاب ومشاهد و عروض,Centre East,5635.0
2005,ألعاب ومشاهد و عروض,Centre West,1009.0
2005,ألعاب ومشاهد و عروض,Grand Tunis,8441.0
2005,ألعاب ومشاهد و عروض,National,4421.0
2005,ألعاب ومشاهد و عروض,North East,2987.0
2005,ألعاب ومشاهد و عروض,North West,3331.0
2005,ألعاب ومشاهد و عروض,South East,1587.0
2005,ألعاب ومشاهد و عروض,South West,2019.0
2005,أنواعأخرىمنالخبز(المبسس،خبزطابونة(...,Centre East,1573.0
2005,أنواعأخرىمنالخبز(المبسس،خبزطابونة(...,Centre West,247.0
2005,أنواعأخرىمنالخبز(المبسس،خبزطابونة(...,Grand Tunis,7770.0
2005,أنواعأخرىمنالخبز(المبسس،خبزطابونة(...,National,2739.0
2005,أنواعأخرىمنالخبز(المبسس،خبزطابونة(...,North East,2649.0
2005,أنواعأخرىمنالخبز(المبسس،خبزطابونة(...,North West,767.0
2005,أنواعأخرىمنالخبز(المبسس،خبزطابونة(...,South East,867.0
2005,أنواعأخرىمنالخبز(المبسس،خبزطابونة(...,South West,630.0
2005,إجاص,Centre East,3075.0
2005,إجاص,Centre West,1391.0
2005,إجاص,Grand Tunis,2715.0
2005,إجاص,National,2502.0
2005,إجاص,North East,2528.0
2005,إجاص,North West,2981.0
2005,إجاص,South East,2298.0
2005,إجاص,South West,1253.0
2005,األجبان,Centre East,4382.0
2005,األجبان,Centre West,1522.0
2005,األجبان,Grand Tunis,12508.0
2005,األجبان,National,5727.0
2005,األجبان,North East,4411.0
2005,األجبان,North West,3029.0
2005,األجبان,South East,4858.0
2005,األجبان,South West,4333.0
2005,األحذية و أغطية القدم (جلدية ،بالستيك(...,Centre East,50663.0
2005,األحذية و أغطية القدم (جلدية ،بالستيك(...,Centre West,23551.0
2005,األحذية و أغطية القدم (جلدية ،بالستيك(...,Grand Tunis,58784.0
2005,األحذية و أغطية القدم (جلدية ،بالستيك(...,National,44337.0
2005,األحذية و أغطية القدم (جلدية ،بالستيك(...,North East,42355.0
2005,األحذية و أغطية القدم (جلدية ،بالستيك(...,North West,35750.0
2005,األحذية و أغطية القدم (جلدية ،بالستيك(...,South East,40933.0
2005,األحذية و أغطية القدم (جلدية ،بالستيك(...,South West,39446.0
2005,األسماك المصبرة,Centre East,2795.0
2005,األسماك المصبرة,Centre West,971.0
2005,األسماك المصبرة,Grand Tunis,4929.0
2005,األسماك المصبرة,National,2814.0
2005,األسماك المصبرة,North East,2470.0
2005,األسماك المصبرة,North West,1594.0
2005,األسماك المصبرة,South East,2572.0
2005,األسماك المصبرة,South West,2645.0
2005,اإليجار واالستخالص الشهري و المعلوم البلدي,Centre East,162022.0
2005,اإليجار واالستخالص الشهري و المعلوم البلدي,Centre West,82468.0
2005,اإليجار واالستخالص الشهري و المعلوم البلدي,Grand Tunis,249941.0
2005,اإليجار واالستخالص الشهري و المعلوم البلدي,National,153902.0
2005,اإليجار واالستخالص الشهري و المعلوم البلدي,North East,127890.0
2005,اإليجار واالستخالص الشهري و المعلوم البلدي,North West,102968.0
2005,اإليجار واالستخالص الشهري و المعلوم البلدي,South East,124026.0
2005,اإليجار واالستخالص الشهري و المعلوم البلدي,South West,127768.0
2005,االستخالص لقرض سكني,Centre East,36616.0
2005,االستخالص لقرض سكني,Centre West,14094.0
2005,االستخالص لقرض سكني,Grand Tunis,56044.0
2005,االستخالص لقرض سكني,National,31911.0
2005,االستخالص لقرض سكني,North East,22942.0
2005,االستخالص لقرض سكني,North West,17819.0
2005,االستخالص لقرض سكني,South East,20160.0
2005,االستخالص لقرض سكني,South West,30019.0
2005,االشتراكات المدرسية,Centre East,3046.0
2005,االشتراكات المدرسية,Centre West,1952.0
2005,االشتراكات المدرسية,Grand Tunis,2598.0
2005,االشتراكات المدرسية,National,2701.0
2005,االشتراكات المدرسية,North East,4093.0
2005,االشتراكات المدرسية,North West,2016.0
2005,االشتراكات المدرسية,South East,2541.0
2005,االشتراكات المدرسية,South West,1819.0
2005,االشتراكات غير المدرسية,Centre East,3406.0
2005,االشتراكات غير المدرسية,Centre West,1763.0
2005,االشتراكات غير المدرسية,Grand Tunis,10486.0
2005,االشتراكات غير المدرسية,National,4330.0
2005,االشتراكات غير المدرسية,North East,3266.0
2005,االشتراكات غير المدرسية,North West,1214.0
2005,االشتراكات غير المدرسية,South East,2606.0
2005,االشتراكات غير المدرسية,South West,1509.0
2005,اشتراكات في منظمات,Centre East,1657.0
2005,اشتراكات في منظمات,Centre West,809.0
2005,اشتراكات في منظمات,Grand Tunis,2668.0
2005,اشتراكات في منظمات,National,1461.0
2005,اشتراكات في منظمات,North East,672.0
2005,اشتراكات في منظمات,North West,840.0
2005,اشتراكات في منظمات,South East,1362.0
2005,اشتراكات في منظمات,South West,813.0
2005,البقول الخضراء,Centre East,4552.0
2005,البقول الخضراء,Centre West,3846.0
2005,البقول الخضراء,Grand Tunis,7104.0
2005,البقول الخضراء,National,5099.0
2005,البقول الخضراء,North East,4769.0
2005,البقول الخضراء,North West,5325.0
2005,البقول الخضراء,South East,3910.0
2005,البقول الخضراء,South West,4506.0
2005,البقول الشائحة,Centre East,8417.0
2005,البقول الشائحة,Centre West,7990.0
2005,البقول الشائحة,Grand Tunis,8861.0
2005,البقول الشائحة,National,8455.0
2005,البقول الشائحة,North East,6718.0
2005,البقول الشائحة,North West,8857.0
2005,البقول الشائحة,South East,9698.0
2005,البقول الشائحة,South West,9484.0
2005,البقول المنفخة,Centre East,729.0
2005,البقول المنفخة,Centre West,439.0
2005,البقول المنفخة,Grand Tunis,2548.0
2005,البقول المنفخة,National,1092.0
2005,البقول المنفخة,North East,1078.0
2005,البقول المنفخة,North West,408.0
2005,البقول المنفخة,South East,456.0
2005,البقول المنفخة,South West,793.0
2005,البناء,Centre East,35690.0
2005,البناء,Centre West,17125.0
2005,البناء,Grand Tunis,11531.0
2005,البناء,National,24376.0
2005,البناء,North East,13674.0
2005,البناء,North West,29069.0
2005,البناء,South East,55086.0
2005,البناء,South West,14294.0
2005,التجهيز الصحي,Centre East,3375.0
2005,التجهيز الصحي,Centre West,831.0
2005,التجهيز الصحي,Grand Tunis,1958.0
2005,التجهيز الصحي,National,1823.0
2005,التجهيز الصحي,North East,687.0
2005,التجهيز الصحي,North West,1150.0
2005,التجهيز الصحي,South East,1576.0
2005,التجهيز الصحي,South West,2078.0
2005,التجهيز و التركيب الكهربائي,Centre East,2483.0
2005,التجهيز و التركيب الكهربائي,Centre West,1769.0
2005,التجهيز و التركيب الكهربائي,Grand Tunis,2072.0
2005,التجهيز و التركيب الكهربائي,National,1956.0
2005,التجهيز و التركيب الكهربائي,North East,1325.0
2005,التجهيز و التركيب الكهربائي,North West,1541.0
2005,التجهيز و التركيب الكهربائي,South East,2714.0
2005,التجهيز و التركيب الكهربائي,South West,1021.0
2005,الترفيه والثقافة,Centre East,112448.0
2005,الترفيه والثقافة,Centre West,58314.0
2005,الترفيه والثقافة,Grand Tunis,145951.0
2005,الترفيه والثقافة,National,102014.0
2005,الترفيه والثقافة,North East,101975.0
2005,الترفيه والثقافة,North West,82095.0
2005,الترفيه والثقافة,South East,78765.0
2005,الترفيه والثقافة,South West,68331.0
2005,التوابل الجافة والملح,Centre East,4487.0
2005,التوابل الجافة والملح,Centre West,3795.0
2005,التوابل الجافة والملح,Grand Tunis,3982.0
2005,التوابل الجافة والملح,National,4118.0
2005,التوابل الجافة والملح,North East,3370.0
2005,التوابل الجافة والملح,North West,4190.0
2005,التوابل الجافة والملح,South East,4554.0
2005,التوابل الجافة والملح,South West,4930.0
2005,الحليب االصطناعي,Centre East,28328.0
2005,الحليب االصطناعي,Centre West,9820.0
2005,الحليب االصطناعي,Grand Tunis,42002.0
2005,الحليب االصطناعي,National,25364.0
2005,الحليب االصطناعي,North East,23688.0
2005,الحليب االصطناعي,North West,13430.0
2005,الحليب االصطناعي,South East,22413.0
2005,الحليب االصطناعي,South West,18243.0
2005,الحليب المجفف,Centre East,569.0
2005,الحليب المجفف,Centre West,351.0
2005,الحليب المجفف,Grand Tunis,816.0
2005,الحليب المجفف,National,529.0
2005,الحليب المجفف,North East,599.0
2005,الحليب المجفف,North West,471.0
2005,الحليب المجفف,South East,160.0
2005,الحليب المجفف,South West,201.0
2005,الحليب المركز,Centre East,219.0
2005,الحليب المركز,Centre West,172.0
2005,الحليب المركز,Grand Tunis,435.0
2005,الحليب المركز,National,326.0
2005,الحليب المركز,North East,228.0
2005,الحليب المركز,North West,125.0
2005,الحليب المركز,South East,263.0
2005,الحليب المركز,South West,1454.0
2005,الحليب و مشتقاته و البيض,Centre East,72145.0
2005,الحليب و مشتقاته و البيض,Centre West,42435.0
2005,الحليب و مشتقاته و البيض,Grand Tunis,103753.0
2005,الحليب و مشتقاته و البيض,National,72603.0
2005,الحليب و مشتقاته و البيض,North East,69642.0
2005,الحليب و مشتقاته و البيض,North West,62353.0
2005,الحليب و مشتقاته و البيض,South East,63450.0
2005,الحليب و مشتقاته و البيض,South West,65412.0
2005,الخضر الطازجة,Centre East,64408.0
2005,الخضر الطازجة,Centre West,42660.0
2005,الخضر الطازجة,Grand Tunis,76277.0
2005,الخضر الطازجة,National,60858.0
2005,الخضر الطازجة,North East,56086.0
2005,الخضر الطازجة,North West,58197.0
2005,الخضر الطازجة,South East,56676.0
2005,الخضر الطازجة,South West,52474.0
2005,الخضر المصبرة,Centre East,26033.0
2005,الخضر المصبرة,Centre West,21518.0
2005,الخضر المصبرة,Grand Tunis,27652.0
2005,الخضر المصبرة,National,25225.0
2005,الخضر المصبرة,North East,24981.0
2005,الخضر المصبرة,North West,25619.0
2005,الخضر المصبرة,South East,24277.0
2005,الخضر المصبرة,South West,22421.0
2005,الدهن و التبييض و صيانة األسطح,Centre East,13592.0
2005,الدهن و التبييض و صيانة األسطح,Centre West,3156.0
2005,الدهن و التبييض و صيانة األسطح,Grand Tunis,7384.0
2005,الدهن و التبييض و صيانة األسطح,National,9126.0
2005,الدهن و التبييض و صيانة األسطح,North East,12621.0
2005,الدهن و التبييض و صيانة األسطح,North West,5642.0
2005,الدهن و التبييض و صيانة األسطح,South East,12919.0
2005,الدهن و التبييض و صيانة األسطح,South West,5213.0
2005,الرعاية الشخصية,Centre East,48523.0
2005,الرعاية الشخصية,Centre West,32559.0
2005,الرعاية الشخصية,Grand Tunis,82915.0
2005,الرعاية الشخصية,National,50907.0
2005,الرعاية الشخصية,North East,43161.0
2005,الرعاية الشخصية,North West,37098.0
2005,الرعاية الشخصية,South East,34542.0
2005,الرعاية الشخصية,South West,50898.0
2005,الرعاية الصحية و الشخصية,Centre East,209030.0
2005,الرعاية الصحية و الشخصية,Centre West,111734.0
2005,الرعاية الصحية و الشخصية,Grand Tunis,255798.0
2005,الرعاية الصحية و الشخصية,National,188246.0
2005,الرعاية الصحية و الشخصية,North East,184798.0
2005,الرعاية الصحية و الشخصية,North West,138803.0
2005,الرعاية الصحية و الشخصية,South East,171057.0
2005,الرعاية الصحية و الشخصية,South West,157210.0
2005,الزيوت,Centre East,57415.0
2005,الزيوت,Centre West,32439.0
2005,الزيوت,Grand Tunis,28383.0
2005,الزيوت,National,38491.0
2005,الزيوت,North East,34761.0
2005,الزيوت,North West,27841.0
2005,الزيوت,South East,43993.0
2005,الزيوت,South West,40710.0
2005,السكر,Centre East,8237.0
2005,السكر,Centre West,8703.0
2005,السكر,Grand Tunis,8576.0
2005,السكر,National,9112.0
2005,السكر,North East,9396.0
2005,السكر,North West,11288.0
2005,السكر,South East,7679.0
2005,السكر,South West,12740.0
2005,السمك الطازج,Centre East,40445.0
2005,السمك الطازج,Centre West,7023.0
2005,السمك الطازج,Grand Tunis,25071.0
2005,السمك الطازج,National,20788.0
2005,السمك الطازج,North East,17270.0
2005,السمك الطازج,North West,7868.0
2005,السمك الطازج,South East,13091.0
2005,السمك الطازج,South West,6602.0
2005,الشعيرو مشتقاته,Centre East,1908.0
2005,الشعيرو مشتقاته,Centre West,1203.0
2005,الشعيرو مشتقاته,Grand Tunis,688.0
2005,الشعيرو مشتقاته,National,1218.0
2005,الشعيرو مشتقاته,North East,960.0
2005,الشعيرو مشتقاته,North West,1170.0
2005,الشعيرو مشتقاته,South East,1657.0
2005,الشعيرو مشتقاته,South West,628.0
2005,الطماطم,Centre East,8579.0
2005,الطماطم,Centre West,5497.0
2005,الطماطم,Grand Tunis,10116.0
2005,الطماطم,National,7802.0
2005,الطماطم,North East,6701.0
2005,الطماطم,North West,7823.0
2005,الطماطم,South East,6292.0
2005,الطماطم,South West,6030.0
2005,الغالل الجافة,Centre East,3655.0
2005,الغالل الجافة,Centre West,3864.0
2005,الغالل الجافة,Grand Tunis,4043.0
2005,الغالل الجافة,National,3767.0
2005,الغالل الجافة,North East,2592.0
2005,الغالل الجافة,North West,3342.0
2005,الغالل الجافة,South East,4288.0
2005,الغالل الجافة,South West,5822.0
2005,الفواكه بالحبوب,Centre East,24494.0
2005,الفواكه بالحبوب,Centre West,14254.0
2005,الفواكه بالحبوب,Grand Tunis,21798.0
2005,الفواكه بالحبوب,National,20413.0
2005,الفواكه بالحبوب,North East,19687.0
2005,الفواكه بالحبوب,North West,24511.0
2005,الفواكه بالحبوب,South East,16835.0
2005,الفواكه بالحبوب,South West,12140.0
2005,الفواكه بالنواة,Centre East,6253.0
2005,الفواكه بالنواة,Centre West,3391.0
2005,الفواكه بالنواة,Grand Tunis,4294.0
2005,الفواكه بالنواة,National,4696.0
2005,الفواكه بالنواة,North East,4225.0
2005,الفواكه بالنواة,North West,4932.0
2005,الفواكه بالنواة,South East,4863.0
2005,الفواكه بالنواة,South West,3593.0
2005,القمح الصلب و مشتقاته,Centre East,28706.0
2005,القمح الصلب و مشتقاته,Centre West,53612.0
2005,القمح الصلب و مشتقاته,Grand Tunis,19766.0
2005,القمح الصلب و مشتقاته,National,33440.0
2005,القمح الصلب و مشتقاته,North East,30408.0
2005,القمح الصلب و مشتقاته,North West,51773.0
2005,القمح الصلب و مشتقاته,South East,27797.0
2005,القمح الصلب و مشتقاته,South West,36579.0
2005,القوارص,Centre East,10392.0
2005,القوارص,Centre West,4786.0
2005,القوارص,Grand Tunis,10721.0
2005,القوارص,National,8750.0
2005,القوارص,North East,8313.0
2005,القوارص,North West,9493.0
2005,القوارص,South East,7274.0
2005,القوارص,South West,5652.0
2005,المالبس و األحذية والمستلزمات الشخصية,Centre East,189974.0
2005,المالبس و األحذية والمستلزمات الشخصية,Centre West,87429.0
2005,المالبس و األحذية والمستلزمات الشخصية,Grand Tunis,201287.0
2005,المالبس و األحذية والمستلزمات الشخصية,National,160126.0
2005,المالبس و األحذية والمستلزمات الشخصية,North East,146630.0
2005,المالبس و األحذية والمستلزمات الشخصية,North West,117580.0
2005,المالبس و األحذية والمستلزمات الشخصية,South East,169446.0
2005,المالبس و األحذية والمستلزمات الشخصية,South West,152756.0
2005,المالحف و األغطية و الستائر,Centre East,8065.0
2005,المالحف و األغطية و الستائر,Centre West,4906.0
2005,المالحف و األغطية و الستائر,Grand Tunis,10829.0
2005,المالحف و األغطية و الستائر,National,8763.0
2005,المالحف و األغطية و الستائر,North East,8544.0
2005,المالحف و األغطية و الستائر,North West,9243.0
2005,المالحف و األغطية و الستائر,South East,9462.0
2005,المالحف و األغطية و الستائر,South West,10867.0
2005,المشروبات و االستهالك الغذائي خارج البيت,Centre East,92219.0
2005,المشروبات و االستهالك الغذائي خارج البيت,Centre West,70306.0
2005,المشروبات و االستهالك الغذائي خارج البيت,Grand Tunis,138020.0
2005,المشروبات و االستهالك الغذائي خارج البيت,National,95940.0
2005,المشروبات و االستهالك الغذائي خارج البيت,North East,86208.0
2005,المشروبات و االستهالك الغذائي خارج البيت,North West,76654.0
2005,المشروبات و االستهالك الغذائي خارج البيت,South East,96201.0
2005,المشروبات و االستهالك الغذائي خارج البيت,South West,67688.0
2005,المعلوم البلدي السنوي,Centre East,4395.0
2005,المعلوم البلدي السنوي,Centre West,1475.0
2005,المعلوم البلدي السنوي,Grand Tunis,7914.0
2005,المعلوم البلدي السنوي,National,4256.0
2005,المعلوم البلدي السنوي,North East,3068.0
2005,المعلوم البلدي السنوي,North West,1899.0
2005,المعلوم البلدي السنوي,South East,4996.0
2005,المعلوم البلدي السنوي,South West,2390.0
2005,المنحة السياحية للسفر إلى الخارج,Centre East,8107.0
2005,المنحة السياحية للسفر إلى الخارج,Centre West,4066.0
2005,المنحة السياحية للسفر إلى الخارج,Grand Tunis,11749.0
2005,المنحة السياحية للسفر إلى الخارج,National,8292.0
2005,المنحة السياحية للسفر إلى الخارج,North East,8377.0
2005,المنحة السياحية للسفر إلى الخارج,North West,4984.0
2005,المنحة السياحية للسفر إلى الخارج,South East,11755.0
2005,المنحة السياحية للسفر إلى الخارج,South West,6461.0
2005,المواد السكرية,Centre East,3142.0
2005,المواد السكرية,Centre West,1738.0
2005,المواد السكرية,Grand Tunis,3452.0
2005,المواد السكرية,National,2556.0
2005,المواد السكرية,North East,1503.0
2005,المواد السكرية,North West,2036.0
2005,المواد السكرية,South East,2264.0
2005,المواد السكرية,South West,2737.0
2005,النفقات الكبرى لالقتناء وبناء مسكن,Centre East,95852.0
2005,النفقات الكبرى لالقتناء وبناء مسكن,Centre West,34093.0
2005,النفقات الكبرى لالقتناء وبناء مسكن,Grand Tunis,61001.0
2005,النفقات الكبرى لالقتناء وبناء مسكن,National,52902.0
2005,النفقات الكبرى لالقتناء وبناء مسكن,North East,6594.0
2005,النفقات الكبرى لالقتناء وبناء مسكن,North West,29772.0
2005,النفقات الكبرى لالقتناء وبناء مسكن,South East,65718.0
2005,النفقات الكبرى لالقتناء وبناء مسكن,South West,35712.0
2005,النقل,Centre East,233730.0
2005,النقل,Centre West,107336.0
2005,النقل,Grand Tunis,283743.0
2005,النقل,National,194616.0
2005,النقل,North East,163441.0
2005,النقل,North West,108511.0
2005,النقل,South East,221483.0
2005,النقل,South West,105022.0
2005,الياغورت,Centre East,16640.0
2005,الياغورت,Centre West,7665.0
2005,الياغورت,Grand Tunis,22050.0
2005,الياغورت,National,14939.0
2005,الياغورت,North East,11820.0
2005,الياغورت,North West,8852.0
2005,الياغورت,South East,17340.0
2005,الياغورت,South West,13699.0
2005,بالكار,Centre East,279.0
2005,بالكار,Centre West,58.0
2005,بالكار,Grand Tunis,1167.0
2005,بالكار,National,1306.0
2005,بالكار,North East,1016.0
2005,بالكار,North West,3304.0
2005,بالكار,South East,3367.0
2005,بالكار,South West,2062.0
2005,بترول أزرق,Centre East,202.0
2005,بترول أزرق,Centre West,1103.0
2005,بترول أزرق,Grand Tunis,1676.0
2005,بترول أزرق,National,1367.0
2005,بترول أزرق,North East,181.0
2005,بترول أزرق,North West,5761.0
2005,بترول أزرق,South East,167.0
2005,بترول أزرق,South West,909.0
2005,برتقال,Centre East,8309.0
2005,برتقال,Centre West,3482.0
2005,برتقال,Grand Tunis,6964.0
2005,برتقال,National,6279.0
2005,برتقال,North East,5660.0
2005,برتقال,North West,6142.0
2005,برتقال,South East,5795.0
2005,برتقال,South West,4696.0
2005,بروكلو,Centre East,422.0
2005,بروكلو,Centre West,188.0
2005,بروكلو,Grand Tunis,643.0
2005,بروكلو,National,453.0
2005,بروكلو,North East,502.0
2005,بروكلو,North West,457.0
2005,بروكلو,South East,387.0
2005,بروكلو,South West,426.0
2005,بسباس,Centre East,783.0
2005,بسباس,Centre West,373.0
2005,بسباس,Grand Tunis,1490.0
2005,بسباس,National,923.0
2005,بسباس,North East,1087.0
2005,بسباس,North West,881.0
2005,بسباس,South East,734.0
2005,بسباس,South West,514.0
2005,بسكويت,Centre East,7160.0
2005,بسكويت,Centre West,3411.0
2005,بسكويت,Grand Tunis,9065.0
2005,بسكويت,National,6743.0
2005,بسكويت,North East,5701.0
2005,بسكويت,North West,6064.0
2005,بسكويت,South East,7111.0
2005,بسكويت,South West,7129.0
2005,بصل,Centre East,8243.0
2005,بصل,Centre West,5144.0
2005,بصل,Grand Tunis,7484.0
2005,بصل,National,7093.0
2005,بصل,North East,5958.0
2005,بصل,North West,5950.0
2005,بصل,South East,9470.0
2005,بصل,South West,6929.0
2005,بطاطا,Centre East,13534.0
2005,بطاطا,Centre West,9096.0
2005,بطاطا,Grand Tunis,14479.0
2005,بطاطا,National,12511.0
2005,بطاطا,North East,13336.0
2005,بطاطا,North West,12487.0
2005,بطاطا,South East,9278.0
2005,بطاطا,South West,11973.0
2005,بطيخ,Centre East,2640.0
2005,بطيخ,Centre West,889.0
2005,بطيخ,Grand Tunis,1790.0
2005,بطيخ,National,1984.0
2005,بطيخ,North East,1671.0
2005,بطيخ,North West,2229.0
2005,بطيخ,South East,2653.0
2005,بطيخ,South West,1924.0
2005,بقول و توابل,Centre East,18453.0
2005,بقول و توابل,Centre West,16245.0
2005,بقول و توابل,Grand Tunis,23685.0
2005,بقول و توابل,National,19276.0
2005,بقول و توابل,North East,16299.0
2005,بقول و توابل,North West,19037.0
2005,بقول و توابل,South East,19009.0
2005,بقول و توابل,South West,20368.0
2005,بنزين مخلط للدراجات النارية,Centre East,8660.0
2005,بنزين مخلط للدراجات النارية,Centre West,1077.0
2005,بنزين مخلط للدراجات النارية,Grand Tunis,1152.0
2005,بنزين مخلط للدراجات النارية,National,4260.0
2005,بنزين مخلط للدراجات النارية,North East,5287.0
2005,بنزين مخلط للدراجات النارية,North West,1513.0
2005,بنزين مخلط للدراجات النارية,South East,5722.0
2005,بنزين مخلط للدراجات النارية,South West,7719.0
2005,بنك,Centre East,1509.0
2005,بنك,Centre West,1076.0
2005,بنك,Grand Tunis,2150.0
2005,بنك,National,2822.0
2005,بنك,North East,932.0
2005,بنك,North West,2100.0
2005,بنك,South East,14553.0
2005,بنك,South West,2022.0
2005,بيت نوم,Centre East,5205.0
2005,بيت نوم,Centre West,2295.0
2005,بيت نوم,Grand Tunis,4252.0
2005,بيت نوم,National,4492.0
2005,بيت نوم,North East,6036.0
2005,بيت نوم,North West,3111.0
2005,بيت نوم,South East,5059.0
2005,بيت نوم,South West,6092.0
2005,بيض,Centre East,13008.0
2005,بيض,Centre West,9023.0
2005,بيض,Grand Tunis,12383.0
2005,بيض,National,11751.0
2005,بيض,North East,12004.0
2005,بيض,North West,13062.0
2005,بيض,South East,9563.0
2005,بيض,South West,10864.0
2005,تأمين الدراجة النارية,Centre East,7061.0
2005,تأمين الدراجة النارية,Centre West,1388.0
2005,تأمين الدراجة النارية,Grand Tunis,831.0
2005,تأمين الدراجة النارية,National,3803.0
2005,تأمين الدراجة النارية,North East,4422.0
2005,تأمين الدراجة النارية,North West,1702.0
2005,تأمين الدراجة النارية,South East,6538.0
2005,تأمين الدراجة النارية,South West,6990.0
2005,تأمين السيارة,Centre East,14077.0
2005,تأمين السيارة,Centre West,5424.0
2005,تأمين السيارة,Grand Tunis,24022.0
2005,تأمين السيارة,National,12785.0
2005,تأمين السيارة,North East,8587.0
2005,تأمين السيارة,North West,3837.0
2005,تأمين السيارة,South East,15400.0
2005,تأمين السيارة,South West,5225.0
2005,تابل و كروية,Centre East,1592.0
2005,تابل و كروية,Centre West,2285.0
2005,تابل و كروية,Grand Tunis,2027.0
2005,تابل و كروية,National,1913.0
2005,تابل و كروية,North East,1303.0
2005,تابل و كروية,North West,1937.0
2005,تابل و كروية,South East,2096.0
2005,تابل و كروية,South West,2996.0
2005,تاكسي,Centre East,19405.0
2005,تاكسي,Centre West,4886.0
2005,تاكسي,Grand Tunis,19149.0
2005,تاكسي,National,14347.0
2005,تاكسي,North East,13349.0
2005,تاكسي,North West,6952.0
2005,تاكسي,South East,16629.0
2005,تاكسي,South West,11955.0
2005,تبغ و نفة و معسل,Centre East,61655.0
2005,تبغ و نفة و معسل,Centre West,33849.0
2005,تبغ و نفة و معسل,Grand Tunis,79847.0
2005,تبغ و نفة و معسل,National,56564.0
2005,تبغ و نفة و معسل,North East,61632.0
2005,تبغ و نفة و معسل,North West,50661.0
2005,تبغ و نفة و معسل,South East,31179.0
2005,تبغ و نفة و معسل,South West,38430.0
2005,تجهيزات كهربائية و منزلية,Centre East,17117.0
2005,تجهيزات كهربائية و منزلية,Centre West,6260.0
2005,تجهيزات كهربائية و منزلية,Grand Tunis,15467.0
2005,تجهيزات كهربائية و منزلية,National,14102.0
2005,تجهيزات كهربائية و منزلية,North East,14963.0
2005,تجهيزات كهربائية و منزلية,North West,12379.0
2005,تجهيزات كهربائية و منزلية,South East,16341.0
2005,تجهيزات كهربائية و منزلية,South West,11775.0
2005,تصليح وسيلة نقل,Centre East,26036.0
2005,تصليح وسيلة نقل,Centre West,5292.0
2005,تصليح وسيلة نقل,Grand Tunis,18422.0
2005,تصليح وسيلة نقل,National,15553.0
2005,تصليح وسيلة نقل,North East,11653.0
2005,تصليح وسيلة نقل,North West,4597.0
2005,تصليح وسيلة نقل,South East,22571.0
2005,تصليح وسيلة نقل,South West,8150.0
2005,تعليم السياقة,Centre East,3166.0
2005,تعليم السياقة,Centre West,239.0
2005,تعليم السياقة,Grand Tunis,2948.0
2005,تعليم السياقة,National,2136.0
2005,تعليم السياقة,North East,1452.0
2005,تعليم السياقة,North West,1561.0
2005,تعليم السياقة,South East,2719.0
2005,تعليم السياقة,South West,1242.0
2005,تفاح,Centre East,5242.0
2005,تفاح,Centre West,1967.0
2005,تفاح,Grand Tunis,4601.0
2005,تفاح,National,4001.0
2005,تفاح,North East,4050.0
2005,تفاح,North West,3737.0
2005,تفاح,South East,3842.0
2005,تفاح,South West,2186.0
2005,تلفاز,Centre East,3368.0
2005,تلفاز,Centre West,3508.0
2005,تلفاز,Grand Tunis,3881.0
2005,تلفاز,National,4045.0
2005,تلفاز,North East,5432.0
2005,تلفاز,North West,3836.0
2005,تلفاز,South East,5794.0
2005,تلفاز,South West,2886.0
2005,تن مصبّر,Centre East,2637.0
2005,تن مصبّر,Centre West,795.0
2005,تن مصبّر,Grand Tunis,4688.0
2005,تن مصبّر,National,2612.0
2005,تن مصبّر,North East,2380.0
2005,تن مصبّر,North West,1359.0
2005,تن مصبّر,South East,2412.0
2005,تن مصبّر,South West,2088.0
2005,تين,Centre East,972.0
2005,تين,Centre West,724.0
2005,تين,Grand Tunis,539.0
2005,تين,National,783.0
2005,تين,North East,852.0
2005,تين,North West,1409.0
2005,تين,South East,223.0
2005,تين,South West,562.0
2005,ثالجة أو مجمّد,Centre East,4814.0
2005,ثالجة أو مجمّد,Centre West,2244.0
2005,ثالجة أو مجمّد,Grand Tunis,2137.0
2005,ثالجة أو مجمّد,National,3321.0
2005,ثالجة أو مجمّد,North East,4252.0
2005,ثالجة أو مجمّد,North West,3285.0
2005,ثالجة أو مجمّد,South East,3399.0
2005,ثالجة أو مجمّد,South West,2342.0
2005,ثوم,Centre East,3251.0
2005,ثوم,Centre West,2456.0
2005,ثوم,Grand Tunis,3237.0
2005,ثوم,National,2839.0
2005,ثوم,North East,2255.0
2005,ثوم,North West,2356.0
2005,ثوم,South East,2885.0
2005,ثوم,South West,2902.0
2005,جلبانة خضراء,Centre East,2761.0
2005,جلبانة خضراء,Centre West,1965.0
2005,جلبانة خضراء,Grand Tunis,5050.0
2005,جلبانة خضراء,National,3234.0
2005,جلبانة خضراء,North East,3110.0
2005,جلبانة خضراء,North West,3123.0
2005,جلبانة خضراء,South East,2976.0
2005,جلبانة خضراء,South West,1835.0
2005,جهاز استقبال,Centre East,504.0
2005,جهاز استقبال,Centre West,100.0
2005,جهاز استقبال,Grand Tunis,269.0
2005,جهاز استقبال,National,532.0
2005,جهاز استقبال,North East,801.0
2005,جهاز استقبال,North West,1234.0
2005,جهاز استقبال,South East,768.0
2005,جهاز استقبال,South West,188.0
2005,جوكينغ ،بدلة رياضية,Centre East,3770.0
2005,جوكينغ ،بدلة رياضية,Centre West,2940.0
2005,جوكينغ ،بدلة رياضية,Grand Tunis,2738.0
2005,جوكينغ ،بدلة رياضية,National,3354.0
2005,جوكينغ ،بدلة رياضية,North East,2788.0
2005,جوكينغ ،بدلة رياضية,North West,4110.0
2005,جوكينغ ،بدلة رياضية,South East,3178.0
2005,جوكينغ ،بدلة رياضية,South West,5213.0
2005,جيب ،جيب شورط,Centre East,3718.0
2005,جيب ،جيب شورط,Centre West,2566.0
2005,جيب ،جيب شورط,Grand Tunis,4006.0
2005,جيب ،جيب شورط,National,3417.0
2005,جيب ،جيب شورط,North East,3074.0
2005,جيب ،جيب شورط,North West,2226.0
2005,جيب ،جيب شورط,South East,5056.0
2005,جيب ،جيب شورط,South West,2587.0
2005,حاسوب,Centre East,3695.0
2005,حاسوب,Centre West,1216.0
2005,حاسوب,Grand Tunis,3174.0
2005,حاسوب,National,2570.0
2005,حاسوب,North East,1122.0
2005,حاسوب,North West,2627.0
2005,حاسوب,South East,3110.0
2005,حاسوب,South West,1431.0
2005,حافلة (وسط المدن(,Centre East,5993.0
2005,حافلة (وسط المدن(,Centre West,11271.0
2005,حافلة (وسط المدن(,Grand Tunis,23280.0
2005,حافلة (وسط المدن(,National,12430.0
2005,حافلة (وسط المدن(,North East,6829.0
2005,حافلة (وسط المدن(,North West,3837.0
2005,حافلة (وسط المدن(,South East,25726.0
2005,حافلة (وسط المدن(,South West,7777.0
2005,حالقة,Centre East,12819.0
2005,حالقة,Centre West,6070.0
2005,حالقة,Grand Tunis,19563.0
2005,حالقة,National,11699.0
2005,حالقة,North East,11682.0
2005,حالقة,North West,7848.0
2005,حالقة,South East,4403.0
2005,حالقة,South West,9243.0
2005,حبوب أخرى,Centre East,3412.0
2005,حبوب أخرى,Centre West,2205.0
2005,حبوب أخرى,Grand Tunis,4256.0
2005,حبوب أخرى,National,3096.0
2005,حبوب أخرى,North East,2386.0
2005,حبوب أخرى,North West,2038.0
2005,حبوب أخرى,South East,3545.0
2005,حبوب أخرى,South West,2574.0
2005,حذاء رياضي (سبادري(,Centre East,10133.0
2005,حذاء رياضي (سبادري(,Centre West,3054.0
2005,حذاء رياضي (سبادري(,Grand Tunis,14406.0
2005,حذاء رياضي (سبادري(,National,9335.0
2005,حذاء رياضي (سبادري(,North East,10188.0
2005,حذاء رياضي (سبادري(,North West,9802.0
2005,حذاء رياضي (سبادري(,South East,4627.0
2005,حذاء رياضي (سبادري(,South West,5385.0
2005,حلوى,Centre East,229.0
2005,حلوى,Centre West,245.0
2005,حلوى,Grand Tunis,289.0
2005,حلوى,National,331.0
2005,حلوى,North East,301.0
2005,حلوى,North West,576.0
2005,حلوى,South East,393.0
2005,حلوى,South West,570.0
2005,حلوى شامية,Centre East,2822.0
2005,حلوى شامية,Centre West,1449.0
2005,حلوى شامية,Grand Tunis,3126.0
2005,حلوى شامية,National,2148.0
2005,حلوى شامية,North East,1150.0
2005,حلوى شامية,North West,1365.0
2005,حلوى شامية,South East,1696.0
2005,حلوى شامية,South West,2061.0
2005,حلويات,Centre East,17504.0
2005,حلويات,Centre West,3653.0
2005,حلويات,Grand Tunis,18697.0
2005,حلويات,National,11756.0
2005,حلويات,North East,8525.0
2005,حلويات,North West,6186.0
2005,حلويات,South East,8118.0
2005,حلويات,South West,6013.0
2005,حليب طري,Centre East,5016.0
2005,حليب طري,Centre West,11214.0
2005,حليب طري,Grand Tunis,4825.0
2005,حليب طري,National,8929.0
2005,حليب طري,North East,12369.0
2005,حليب طري,North West,18384.0
2005,حليب طري,South East,5866.0
2005,حليب طري,South West,11988.0
2005,حمام ،دوش,Centre East,1555.0
2005,حمام ،دوش,Centre West,6659.0
2005,حمام ،دوش,Grand Tunis,9439.0
2005,حمام ،دوش,National,6456.0
2005,حمام ،دوش,North East,6602.0
2005,حمام ،دوش,North West,11469.0
2005,حمام ،دوش,South East,1268.0
2005,حمام ،دوش,South West,11001.0
2005,حمص شائح,Centre East,4976.0
2005,حمص شائح,Centre West,4560.0
2005,حمص شائح,Grand Tunis,3612.0
2005,حمص شائح,National,4181.0
2005,حمص شائح,North East,3653.0
2005,حمص شائح,North West,4485.0
2005,حمص شائح,South East,3357.0
2005,حمص شائح,South West,4363.0
2005,حمص ّ,Centre East,637.0
2005,حمص ّ,Centre West,372.0
2005,حمص ّ,Grand Tunis,2046.0
2005,حمص ّ,National,912.0
2005,حمص ّ,North East,863.0
2005,حمص ّ,North West,360.0
2005,حمص ّ,South East,453.0
2005,حمص ّ,South West,789.0
2005,خاصة,Centre East,55777.0
2005,خاصة,Centre West,15789.0
2005,خاصة,Grand Tunis,76918.0
2005,خاصة,National,43269.0
2005,خاصة,North East,32449.0
2005,خاصة,North West,14658.0
2005,خاصة,South East,37898.0
2005,خاصة,South West,20147.0
2005,خبز سوق صغير,Centre East,483.0
2005,خبز سوق صغير,Centre West,256.0
2005,خبز سوق صغير,Grand Tunis,8461.0
2005,خبز سوق صغير,National,2336.0
2005,خبز سوق صغير,North East,1254.0
2005,خبز سوق صغير,North West,550.0
2005,خبز سوق صغير,South East,54.0
2005,خبز سوق صغير,South West,315.0
2005,خبز سوق كبير,Centre East,35179.0
2005,خبز سوق كبير,Centre West,22684.0
2005,خبز سوق كبير,Grand Tunis,37965.0
2005,خبز سوق كبير,National,33565.0
2005,خبز سوق كبير,North East,34980.0
2005,خبز سوق كبير,North West,31258.0
2005,خبز سوق كبير,South East,36313.0
2005,خبز سوق كبير,South West,32437.0
2005,خدمات أخرى متعلقة بالسكن,Centre East,10918.0
2005,خدمات أخرى متعلقة بالسكن,Centre West,2898.0
2005,خدمات أخرى متعلقة بالسكن,Grand Tunis,32613.0
2005,خدمات أخرى متعلقة بالسكن,National,12199.0
2005,خدمات أخرى متعلقة بالسكن,North East,5437.0
2005,خدمات أخرى متعلقة بالسكن,North West,4314.0
2005,خدمات أخرى متعلقة بالسكن,South East,4862.0
2005,خدمات أخرى متعلقة بالسكن,South West,2951.0
2005,خميرة (للخبز و المرطبات(,Centre East,712.0
2005,خميرة (للخبز و المرطبات(,Centre West,808.0
2005,خميرة (للخبز و المرطبات(,Grand Tunis,506.0
2005,خميرة (للخبز و المرطبات(,National,809.0
2005,خميرة (للخبز و المرطبات(,North East,958.0
2005,خميرة (للخبز و المرطبات(,North West,1877.0
2005,خميرة (للخبز و المرطبات(,South East,252.0
2005,خميرة (للخبز و المرطبات(,South West,675.0
2005,خوخ,Centre East,3301.0
2005,خوخ,Centre West,1952.0
2005,خوخ,Grand Tunis,2553.0
2005,خوخ,National,2457.0
2005,خوخ,North East,2008.0
2005,خوخ,North West,1868.0
2005,خوخ,South East,2723.0
2005,خوخ,South West,1835.0
2005,دالع,Centre East,4900.0
2005,دالع,Centre West,4208.0
2005,دالع,Grand Tunis,4935.0
2005,دالع,National,4745.0
2005,دالع,North East,4670.0
2005,دالع,North West,5568.0
2005,دالع,South East,4563.0
2005,دالع,South West,3368.0
2005,دقلة,Centre East,2021.0
2005,دقلة,Centre West,2873.0
2005,دقلة,Grand Tunis,2917.0
2005,دقلة,National,2639.0
2005,دقلة,North East,1768.0
2005,دقلة,North West,2602.0
2005,دقلة,South East,3534.0
2005,دقلة,South West,4943.0
2005,دوارة,Centre East,2170.0
2005,دوارة,Centre West,1306.0
2005,دوارة,Grand Tunis,1189.0
2005,دوارة,National,1411.0
2005,دوارة,North East,894.0
2005,دوارة,North West,1199.0
2005,دوارة,South East,1624.0
2005,دوارة,South West,889.0
2005,رمان,Centre East,1032.0
2005,رمان,Centre West,1025.0
2005,رمان,Grand Tunis,925.0
2005,رمان,National,979.0
2005,رمان,North East,926.0
2005,رمان,North West,1330.0
2005,رمان,South East,583.0
2005,رمان,South West,896.0
2005,روبة (أنسومبل) ،كسوة نسائية,Centre East,7373.0
2005,روبة (أنسومبل) ،كسوة نسائية,Centre West,1444.0
2005,روبة (أنسومبل) ،كسوة نسائية,Grand Tunis,7739.0
2005,روبة (أنسومبل) ،كسوة نسائية,National,5982.0
2005,روبة (أنسومبل) ،كسوة نسائية,North East,5977.0
2005,روبة (أنسومبل) ،كسوة نسائية,North West,4485.0
2005,روبة (أنسومبل) ،كسوة نسائية,South East,5160.0
2005,روبة (أنسومبل) ،كسوة نسائية,South West,8759.0
2005,زبدة حيوانية,Centre East,1032.0
2005,زبدة حيوانية,Centre West,367.0
2005,زبدة حيوانية,Grand Tunis,2983.0
2005,زبدة حيوانية,National,1350.0
2005,زبدة حيوانية,North East,1608.0
2005,زبدة حيوانية,North West,440.0
2005,زبدة حيوانية,South East,559.0
2005,زبدة حيوانية,South West,1019.0
2005,زبدة نباتية (جديدة ،قولدينا(...,Centre East,2066.0
2005,زبدة نباتية (جديدة ،قولدينا(...,Centre West,1690.0
2005,زبدة نباتية (جديدة ،قولدينا(...,Grand Tunis,3182.0
2005,زبدة نباتية (جديدة ،قولدينا(...,National,2253.0
2005,زبدة نباتية (جديدة ،قولدينا(...,North East,1917.0
2005,زبدة نباتية (جديدة ،قولدينا(...,North West,2520.0
2005,زبدة نباتية (جديدة ،قولدينا(...,South East,1408.0
2005,زبدة نباتية (جديدة ،قولدينا(...,South West,2249.0
2005,زربية,Centre East,2982.0
2005,زربية,Centre West,1373.0
2005,زربية,Grand Tunis,1614.0
2005,زربية,National,2161.0
2005,زربية,North East,2007.0
2005,زربية,North West,1776.0
2005,زربية,South East,3011.0
2005,زربية,South West,2769.0
2005,زكاة الفطر,Centre East,954.0
2005,زكاة الفطر,Centre West,1761.0
2005,زكاة الفطر,Grand Tunis,1102.0
2005,زكاة الفطر,National,1232.0
2005,زكاة الفطر,North East,925.0
2005,زكاة الفطر,North West,878.0
2005,زكاة الفطر,South East,2515.0
2005,زكاة الفطر,South West,1011.0
2005,زيت الزيتون,Centre East,45543.0
2005,زيت الزيتون,Centre West,21752.0
2005,زيت الزيتون,Grand Tunis,15420.0
2005,زيت الزيتون,National,25656.0
2005,زيت الزيتون,North East,19674.0
2005,زيت الزيتون,North West,12520.0
2005,زيت الزيتون,South East,32104.0
2005,زيت الزيتون,South West,28752.0
2005,زيتون أخضر,Centre East,471.0
2005,زيتون أخضر,Centre West,206.0
2005,زيتون أخضر,Grand Tunis,195.0
2005,زيتون أخضر,National,409.0
2005,زيتون أخضر,North East,335.0
2005,زيتون أخضر,North West,1193.0
2005,زيتون أخضر,South East,102.0
2005,زيتون أخضر,South West,517.0
2005,زيتون مملّح,Centre East,127.0
2005,زيتون مملّح,Centre West,105.0
2005,زيتون مملّح,Grand Tunis,1574.0
2005,زيتون مملّح,National,583.0
2005,زيتون مملّح,North East,362.0
2005,زيتون مملّح,North West,328.0
2005,زيتون مملّح,South East,780.0
2005,زيتون مملّح,South West,330.0
2005,زيوت نباتية,Centre East,9834.0
2005,زيوت نباتية,Centre West,10471.0
2005,زيوت نباتية,Grand Tunis,11352.0
2005,زيوت نباتية,National,11661.0
2005,زيوت نباتية,North East,14638.0
2005,زيوت نباتية,North West,15221.0
2005,زيوت نباتية,South East,10826.0
2005,زيوت نباتية,South West,9518.0
2005,سالطة ،سكورية ،ليتو ،خس...,Centre East,394.0
2005,سالطة ،سكورية ،ليتو ،خس...,Centre West,317.0
2005,سالطة ،سكورية ،ليتو ،خس...,Grand Tunis,2969.0
2005,سالطة ،سكورية ،ليتو ،خس...,National,1356.0
2005,سالطة ،سكورية ،ليتو ،خس...,North East,1396.0
2005,سالطة ،سكورية ،ليتو ،خس...,North West,1405.0
2005,سالطة ،سكورية ،ليتو ،خس...,South East,1470.0
2005,سالطة ،سكورية ،ليتو ،خس...,South West,823.0
2005,سبناخ,Centre East,157.0
2005,سبناخ,Centre West,14.0
2005,سبناخ,Grand Tunis,1211.0
2005,سبناخ,National,455.0
2005,سبناخ,North East,352.0
2005,سبناخ,North West,574.0
2005,سبناخ,South East,68.0
2005,سبناخ,South West,306.0
2005,سجائر,Centre East,59144.0
2005,سجائر,Centre West,32616.0
2005,سجائر,Grand Tunis,76363.0
2005,سجائر,National,53496.0
2005,سجائر,North East,58854.0
2005,سجائر,North West,47339.0
2005,سجائر,South East,29285.0
2005,سجائر,South West,36640.0
2005,سردينة مصبّرة,Centre East,148.0
2005,سردينة مصبّرة,Centre West,162.0
2005,سردينة مصبّرة,Grand Tunis,218.0
2005,سردينة مصبّرة,National,191.0
2005,سردينة مصبّرة,North East,90.0
2005,سردينة مصبّرة,North West,236.0
2005,سردينة مصبّرة,South East,160.0
2005,سردينة مصبّرة,South West,518.0
2005,سروال دجين,Centre East,20296.0
2005,سروال دجين,Centre West,10631.0
2005,سروال دجين,Grand Tunis,19815.0
2005,سروال دجين,National,17486.0
2005,سروال دجين,North East,16133.0
2005,سروال دجين,North West,18379.0
2005,سروال دجين,South East,20010.0
2005,سروال دجين,South West,10598.0
2005,سروال عادي,Centre East,15304.0
2005,سروال عادي,Centre West,9785.0
2005,سروال عادي,Grand Tunis,22860.0
2005,سروال عادي,National,15490.0
2005,سروال عادي,North East,13144.0
2005,سروال عادي,North West,6971.0
2005,سروال عادي,South East,18065.0
2005,سروال عادي,South West,20020.0
2005,سرير ،مولة,Centre East,2122.0
2005,سرير ،مولة,Centre West,643.0
2005,سرير ،مولة,Grand Tunis,572.0
2005,سرير ،مولة,National,1564.0
2005,سرير ،مولة,North East,405.0
2005,سرير ،مولة,North West,660.0
2005,سرير ،مولة,South East,5922.0
2005,سرير ،مولة,South West,3193.0
2005,سفنارية (جزر(,Centre East,3396.0
2005,سفنارية (جزر(,Centre West,2014.0
2005,سفنارية (جزر(,Grand Tunis,3071.0
2005,سفنارية (جزر(,National,2746.0
2005,سفنارية (جزر(,North East,2532.0
2005,سفنارية (جزر(,North West,1970.0
2005,سفنارية (جزر(,South East,2851.0
2005,سفنارية (جزر(,South West,2610.0
2005,سلق,Centre East,1717.0
2005,سلق,Centre West,1418.0
2005,سلق,Grand Tunis,2174.0
2005,سلق,National,1933.0
2005,سلق,North East,1507.0
2005,سلق,North West,1605.0
2005,سلق,South East,3231.0
2005,سلق,South West,2686.0
2005,سميد سوق,Centre East,12427.0
2005,سميد سوق,Centre West,30133.0
2005,سميد سوق,Grand Tunis,5541.0
2005,سميد سوق,National,17319.0
2005,سميد سوق,North East,15469.0
2005,سميد سوق,North West,36988.0
2005,سميد سوق,South East,13870.0
2005,سميد سوق,South West,21762.0
2005,سيارة أجرة (لواج) وحافلة بين المدن,Centre East,17682.0
2005,سيارة أجرة (لواج) وحافلة بين المدن,Centre West,8355.0
2005,سيارة أجرة (لواج) وحافلة بين المدن,Grand Tunis,2634.0
2005,سيارة أجرة (لواج) وحافلة بين المدن,National,9667.0
2005,سيارة أجرة (لواج) وحافلة بين المدن,North East,10726.0
2005,سيارة أجرة (لواج) وحافلة بين المدن,North West,11164.0
2005,سيارة أجرة (لواج) وحافلة بين المدن,South East,5629.0
2005,سيارة أجرة (لواج) وحافلة بين المدن,South West,9785.0
2005,شالكة,Centre East,8901.0
2005,شالكة,Centre West,7765.0
2005,شالكة,Grand Tunis,8291.0
2005,شالكة,National,8625.0
2005,شالكة,North East,7626.0
2005,شالكة,North West,8027.0
2005,شالكة,South East,10119.0
2005,شالكة,South West,12227.0
2005,شاي,Centre East,7399.0
2005,شاي,Centre West,9129.0
2005,شاي,Grand Tunis,4159.0
2005,شاي,National,6853.0
2005,شاي,North East,6258.0
2005,شاي,North West,7808.0
2005,شاي,South East,6782.0
2005,شاي,South West,9585.0
2005,شاي خارج البيت,Centre East,1707.0
2005,شاي خارج البيت,Centre West,11377.0
2005,شاي خارج البيت,Grand Tunis,1521.0
2005,شاي خارج البيت,National,2639.0
2005,شاي خارج البيت,North East,1130.0
2005,شاي خارج البيت,North West,862.0
2005,شاي خارج البيت,South East,428.0
2005,شاي خارج البيت,South West,1048.0
2005,شراء الحلي والمجوهرات,Centre East,5062.0
2005,شراء الحلي والمجوهرات,Centre West,2927.0
2005,شراء الحلي والمجوهرات,Grand Tunis,2969.0
2005,شراء الحلي والمجوهرات,National,4847.0
2005,شراء الحلي والمجوهرات,North East,6470.0
2005,شراء الحلي والمجوهرات,North West,3586.0
2005,شراء الحلي والمجوهرات,South East,10749.0
2005,شراء الحلي والمجوهرات,South West,5096.0
2005,شراء بطاقات االنترنات,Centre East,790.0
2005,شراء بطاقات االنترنات,Centre West,224.0
2005,شراء بطاقات االنترنات,Grand Tunis,2041.0
2005,شراء بطاقات االنترنات,National,1190.0
2005,شراء بطاقات االنترنات,North East,1096.0
2005,شراء بطاقات االنترنات,North West,35.0
2005,شراء بطاقات االنترنات,South East,3601.0
2005,شراء بطاقات االنترنات,South West,445.0
2005,شراء بطاقات تمويل الهاتف الجوال,Centre East,50120.0
2005,شراء بطاقات تمويل الهاتف الجوال,Centre West,25467.0
2005,شراء بطاقات تمويل الهاتف الجوال,Grand Tunis,60815.0
2005,شراء بطاقات تمويل الهاتف الجوال,National,42875.0
2005,شراء بطاقات تمويل الهاتف الجوال,North East,37221.0
2005,شراء بطاقات تمويل الهاتف الجوال,North West,29992.0
2005,شراء بطاقات تمويل الهاتف الجوال,South East,37374.0
2005,شراء بطاقات تمويل الهاتف الجوال,South West,33809.0
2005,شراء بطاقات تمويل الهاتف القار,Centre East,7706.0
2005,شراء بطاقات تمويل الهاتف القار,Centre West,1878.0
2005,شراء بطاقات تمويل الهاتف القار,Grand Tunis,13267.0
2005,شراء بطاقات تمويل الهاتف القار,National,7463.0
2005,شراء بطاقات تمويل الهاتف القار,North East,5332.0
2005,شراء بطاقات تمويل الهاتف القار,North West,3968.0
2005,شراء بطاقات تمويل الهاتف القار,South East,6850.0
2005,شراء بطاقات تمويل الهاتف القار,South West,10224.0
2005,شراء بطاقات تمويل الهاتف واالنترنات,Centre East,58616.0
2005,شراء بطاقات تمويل الهاتف واالنترنات,Centre West,27569.0
2005,شراء بطاقات تمويل الهاتف واالنترنات,Grand Tunis,76127.0
2005,شراء بطاقات تمويل الهاتف واالنترنات,National,51529.0
2005,شراء بطاقات تمويل الهاتف واالنترنات,North East,43649.0
2005,شراء بطاقات تمويل الهاتف واالنترنات,North West,33995.0
2005,شراء بطاقات تمويل الهاتف واالنترنات,South East,47825.0
2005,شراء بطاقات تمويل الهاتف واالنترنات,South West,44479.0
2005,شراء دراجة نارية,Centre East,2904.0
2005,شراء دراجة نارية,Centre West,753.0
2005,شراء دراجة نارية,Grand Tunis,112.0
2005,شراء دراجة نارية,National,1395.0
2005,شراء دراجة نارية,North East,1118.0
2005,شراء دراجة نارية,North West,1019.0
2005,شراء دراجة نارية,South East,2470.0
2005,شراء دراجة نارية,South West,1779.0
2005,شراء سيارة,Centre East,45142.0
2005,شراء سيارة,Centre West,24282.0
2005,شراء سيارة,Grand Tunis,60262.0
2005,شراء سيارة,National,38853.0
2005,شراء سيارة,North East,32822.0
2005,شراء سيارة,North West,19727.0
2005,شراء سيارة,South East,42668.0
2005,شراء سيارة,South West,11916.0
2005,شراء مستلزمات الترفيه,Centre East,13483.0
2005,شراء مستلزمات الترفيه,Centre West,6422.0
2005,شراء مستلزمات الترفيه,Grand Tunis,12868.0
2005,شراء مستلزمات الترفيه,National,11618.0
2005,شراء مستلزمات الترفيه,North East,10912.0
2005,شراء مستلزمات الترفيه,North West,11576.0
2005,شراء مستلزمات الترفيه,South East,14631.0
2005,شراء مستلزمات الترفيه,South West,8471.0
2005,شراء وسيلة نقل خاصة,Centre East,48150.0
2005,شراء وسيلة نقل خاصة,Centre West,26933.0
2005,شراء وسيلة نقل خاصة,Grand Tunis,63818.0
2005,شراء وسيلة نقل خاصة,National,41457.0
2005,شراء وسيلة نقل خاصة,North East,34161.0
2005,شراء وسيلة نقل خاصة,North West,21056.0
2005,شراء وسيلة نقل خاصة,South East,45814.0
2005,شراء وسيلة نقل خاصة,South West,13904.0
2005,شكالطة (طوابع ،غبرة ،شوكولين(...,Centre East,1763.0
2005,شكالطة (طوابع ،غبرة ،شوكولين(...,Centre West,575.0
2005,شكالطة (طوابع ،غبرة ،شوكولين(...,Grand Tunis,2428.0
2005,شكالطة (طوابع ،غبرة ،شوكولين(...,National,1437.0
2005,شكالطة (طوابع ،غبرة ،شوكولين(...,North East,1170.0
2005,شكالطة (طوابع ،غبرة ،شوكولين(...,North West,958.0
2005,شكالطة (طوابع ،غبرة ،شوكولين(...,South East,829.0
2005,شكالطة (طوابع ،غبرة ،شوكولين(...,South West,891.0
2005,شمبوان,Centre East,8824.0
2005,شمبوان,Centre West,4604.0
2005,شمبوان,Grand Tunis,10670.0
2005,شمبوان,National,7210.0
2005,شمبوان,North East,5993.0
2005,شمبوان,North West,4612.0
2005,شمبوان,South East,4400.0
2005,شمبوان,South West,6191.0
2005,شورط (تبان(,Centre East,1360.0
2005,شورط (تبان(,Centre West,879.0
2005,شورط (تبان(,Grand Tunis,1228.0
2005,شورط (تبان(,National,1035.0
2005,شورط (تبان(,North East,691.0
2005,شورط (تبان(,North West,613.0
2005,شورط (تبان(,South East,838.0
2005,شورط (تبان(,South West,1404.0
2005,صابون الصيانة الشخصية,Centre East,1875.0
2005,صابون الصيانة الشخصية,Centre West,671.0
2005,صابون الصيانة الشخصية,Grand Tunis,2811.0
2005,صابون الصيانة الشخصية,National,1683.0
2005,صابون الصيانة الشخصية,North East,1178.0
2005,صابون الصيانة الشخصية,North West,726.0
2005,صابون الصيانة الشخصية,South East,1634.0
2005,صابون الصيانة الشخصية,South West,2169.0
2005,صابون الغسل,Centre East,3780.0
2005,صابون الغسل,Centre West,3449.0
2005,صابون الغسل,Grand Tunis,2748.0
2005,صابون الغسل,National,3265.0
2005,صابون الغسل,North East,3490.0
2005,صابون الغسل,North West,5165.0
2005,صابون الغسل,South East,1455.0
2005,صابون الغسل,South West,1192.0
2005,صحف و مجالت,Centre East,2265.0
2005,صحف و مجالت,Centre West,3713.0
2005,صحف و مجالت,Grand Tunis,5734.0
2005,صحف و مجالت,National,3574.0
2005,صحف و مجالت,North East,2276.0
2005,صحف و مجالت,North West,1232.0
2005,صحف و مجالت,South East,7783.0
2005,صحف و مجالت,South West,1116.0
2005,صحن تونسي -كفتاجي -لبالبي,Centre East,622.0
2005,صحن تونسي -كفتاجي -لبالبي,Centre West,3048.0
2005,صحن تونسي -كفتاجي -لبالبي,Grand Tunis,3237.0
2005,صحن تونسي -كفتاجي -لبالبي,National,2370.0
2005,صحن تونسي -كفتاجي -لبالبي,North East,3815.0
2005,صحن تونسي -كفتاجي -لبالبي,North West,3532.0
2005,صحن تونسي -كفتاجي -لبالبي,South East,379.0
2005,صحن تونسي -كفتاجي -لبالبي,South West,1464.0
2005,صندال,Centre East,1469.0
2005,صندال,Centre West,1251.0
2005,صندال,Grand Tunis,1028.0
2005,صندال,National,1305.0
2005,صندال,North East,1748.0
2005,صندال,North West,1113.0
2005,صندال,South East,880.0
2005,صندال,South West,1901.0
2005,صور باألشعة و تحاليل طبية,Centre East,9496.0
2005,صور باألشعة و تحاليل طبية,Centre West,2218.0
2005,صور باألشعة و تحاليل طبية,Grand Tunis,10326.0
2005,صور باألشعة و تحاليل طبية,National,7518.0
2005,صور باألشعة و تحاليل طبية,North East,6859.0
2005,صور باألشعة و تحاليل طبية,North West,4921.0
2005,صور باألشعة و تحاليل طبية,South East,9250.0
2005,صور باألشعة و تحاليل طبية,South West,5343.0
2005,صيانة وسيلة نقل,Centre East,5798.0
2005,صيانة وسيلة نقل,Centre West,1090.0
2005,صيانة وسيلة نقل,Grand Tunis,5908.0
2005,صيانة وسيلة نقل,National,3794.0
2005,صيانة وسيلة نقل,North East,2340.0
2005,صيانة وسيلة نقل,North West,968.0
2005,صيانة وسيلة نقل,South East,4910.0
2005,صيانة وسيلة نقل,South West,1532.0
2005,ط َفل,Centre East,63.0
2005,ط َفل,Centre West,67.0
2005,ط َفل,Grand Tunis,84.0
2005,ط َفل,National,64.0
2005,ط َفل,North East,118.0
2005,ط َفل,North West,11.0
2005,ط َفل,South East,25.0
2005,ط َفل,South West,25.0
2005,طائرة,Centre East,6230.0
2005,طائرة,Centre West,2891.0
2005,طائرة,Grand Tunis,9464.0
2005,طائرة,National,6439.0
2005,طائرة,North East,6559.0
2005,طائرة,North West,5697.0
2005,طائرة,South East,8049.0
2005,طائرة,South West,2275.0
2005,طماطم مصبّرة,Centre East,15493.0
2005,طماطم مصبّرة,Centre West,14301.0
2005,طماطم مصبّرة,Grand Tunis,16516.0
2005,طماطم مصبّرة,National,15602.0
2005,طماطم مصبّرة,North East,16563.0
2005,طماطم مصبّرة,North West,16424.0
2005,طماطم مصبّرة,South East,13003.0
2005,طماطم مصبّرة,South West,15611.0
2005,عالجوإقامةعمليةجراحيةفيمؤسسةاستشفائية,Centre East,14940.0
2005,عالجوإقامةعمليةجراحيةفيمؤسسةاستشفائية,Centre West,7580.0
2005,عالجوإقامةعمليةجراحيةفيمؤسسةاستشفائية,Grand Tunis,10033.0
2005,عالجوإقامةعمليةجراحيةفيمؤسسةاستشفائية,National,11244.0
2005,عالجوإقامةعمليةجراحيةفيمؤسسةاستشفائية,North East,10915.0
2005,عالجوإقامةعمليةجراحيةفيمؤسسةاستشفائية,North West,8180.0
2005,عالجوإقامةعمليةجراحيةفيمؤسسةاستشفائية,South East,15551.0
2005,عالجوإقامةعمليةجراحيةفيمؤسسةاستشفائية,South West,10415.0
2005,عجين غذائي (مقرونة ،شربة( ...,Centre East,9887.0
2005,عجين غذائي (مقرونة ،شربة( ...,Centre West,11706.0
2005,عجين غذائي (مقرونة ،شربة( ...,Grand Tunis,9528.0
2005,عجين غذائي (مقرونة ،شربة( ...,National,10321.0
2005,عجين غذائي (مقرونة ،شربة( ...,North East,10889.0
2005,عجين غذائي (مقرونة ،شربة( ...,North West,10406.0
2005,عجين غذائي (مقرونة ،شربة( ...,South East,10465.0
2005,عجين غذائي (مقرونة ،شربة( ...,South West,10111.0
2005,عدس شائح,Centre East,378.0
2005,عدس شائح,Centre West,727.0
2005,عدس شائح,Grand Tunis,944.0
2005,عدس شائح,National,804.0
2005,عدس شائح,North East,234.0
2005,عدس شائح,North West,981.0
2005,عدس شائح,South East,2226.0
2005,عدس شائح,South West,830.0
2005,عسل النحل,Centre East,945.0
2005,عسل النحل,Centre West,919.0
2005,عسل النحل,Grand Tunis,1604.0
2005,عسل النحل,National,1004.0
2005,عسل النحل,North East,593.0
2005,عسل النحل,North West,1173.0
2005,عسل النحل,South East,426.0
2005,عسل النحل,South West,624.0
2005,عسل و أغذية سكريّة,Centre East,3259.0
2005,عسل و أغذية سكريّة,Centre West,1806.0
2005,عسل و أغذية سكريّة,Grand Tunis,4469.0
2005,عسل و أغذية سكريّة,National,2876.0
2005,عسل و أغذية سكريّة,North East,1993.0
2005,عسل و أغذية سكريّة,North West,2606.0
2005,عسل و أغذية سكريّة,South East,1868.0
2005,عسل و أغذية سكريّة,South West,1893.0
2005,عصير غالل (قارورة  ،باكوات(,Centre East,1582.0
2005,عصير غالل (قارورة  ،باكوات(,Centre West,315.0
2005,عصير غالل (قارورة  ،باكوات(,Grand Tunis,3950.0
2005,عصير غالل (قارورة  ،باكوات(,National,2171.0
2005,عصير غالل (قارورة  ،باكوات(,North East,1146.0
2005,عصير غالل (قارورة  ،باكوات(,North West,781.0
2005,عصير غالل (قارورة  ،باكوات(,South East,6142.0
2005,عصير غالل (قارورة  ،باكوات(,South West,840.0
2005,عطورات,Centre East,10305.0
2005,عطورات,Centre West,3407.0
2005,عطورات,Grand Tunis,18483.0
2005,عطورات,National,10153.0
2005,عطورات,North East,6833.0
2005,عطورات,North West,4954.0
2005,عطورات,South East,11213.0
2005,عطورات,South West,9743.0
2005,عنب,Centre East,3023.0
2005,عنب,Centre West,2379.0
2005,عنب,Grand Tunis,3383.0
2005,عنب,National,2812.0
2005,عنب,North East,2728.0
2005,عنب,North West,3357.0
2005,عنب,South East,1830.0
2005,عنب,South West,1360.0
2005,عوينة,Centre East,385.0
2005,عوينة,Centre West,279.0
2005,عوينة,Grand Tunis,374.0
2005,عوينة,National,385.0
2005,عوينة,North East,466.0
2005,عوينة,North West,559.0
2005,عوينة,South East,309.0
2005,عوينة,South West,230.0
2005,غاز قارورة,Centre East,21569.0
2005,غاز قارورة,Centre West,15748.0
2005,غاز قارورة,Grand Tunis,16455.0
2005,غاز قارورة,National,18901.0
2005,غاز قارورة,North East,21542.0
2005,غاز قارورة,North West,20435.0
2005,غاز قارورة,South East,16896.0
2005,غاز قارورة,South West,19101.0
2005,غسل و تشحيم و تبديل زيت السيارة,Centre East,4041.0
2005,غسل و تشحيم و تبديل زيت السيارة,Centre West,709.0
2005,غسل و تشحيم و تبديل زيت السيارة,Grand Tunis,4497.0
2005,غسل و تشحيم و تبديل زيت السيارة,National,2847.0
2005,غسل و تشحيم و تبديل زيت السيارة,North East,1906.0
2005,غسل و تشحيم و تبديل زيت السيارة,North West,697.0
2005,غسل و تشحيم و تبديل زيت السيارة,South East,4111.0
2005,غسل و تشحيم و تبديل زيت السيارة,South West,1390.0
2005,فاتورة الغاز,Centre East,104.0
2005,فاتورة الغاز,Centre West,45.0
2005,فاتورة الغاز,Grand Tunis,249.0
2005,فاتورة الغاز,National,152.0
2005,فاتورة الغاز,North East,107.0
2005,فاتورة الغاز,North West,225.0
2005,فاتورة الغاز,South East,172.0
2005,فاتورة الغاز,South West,132.0
2005,فاتورة الكهرباء,Centre East,45858.0
2005,فاتورة الكهرباء,Centre West,26260.0
2005,فاتورة الكهرباء,Grand Tunis,73998.0
2005,فاتورة الكهرباء,National,45539.0
2005,فاتورة الكهرباء,North East,43415.0
2005,فاتورة الكهرباء,North West,25217.0
2005,فاتورة الكهرباء,South East,38967.0
2005,فاتورة الكهرباء,South West,35342.0
2005,فاتورة الماء,Centre East,20140.0
2005,فاتورة الماء,Centre West,9604.0
2005,فاتورة الماء,Grand Tunis,28966.0
2005,فاتورة الماء,National,18780.0
2005,فاتورة الماء,North East,17746.0
2005,فاتورة الماء,North West,9215.0
2005,فاتورة الماء,South East,18498.0
2005,فاتورة الماء,South West,17775.0
2005,فاتورة الهاتف القار,Centre East,6454.0
2005,فاتورة الهاتف القار,Centre West,2372.0
2005,فاتورة الهاتف القار,Grand Tunis,10302.0
2005,فاتورة الهاتف القار,National,5986.0
2005,فاتورة الهاتف القار,North East,4404.0
2005,فاتورة الهاتف القار,North West,3087.0
2005,فاتورة الهاتف القار,South East,6770.0
2005,فاتورة الهاتف القار,South West,4221.0
2005,فارينة,Centre East,2742.0
2005,فارينة,Centre West,1799.0
2005,فارينة,Grand Tunis,1766.0
2005,فارينة,National,2374.0
2005,فارينة,North East,1895.0
2005,فارينة,North West,1886.0
2005,فارينة,South East,3462.0
2005,فارينة,South West,5159.0
2005,فحم و حطب,Centre East,2419.0
2005,فحم و حطب,Centre West,1136.0
2005,فحم و حطب,Grand Tunis,2013.0
2005,فحم و حطب,National,2073.0
2005,فحم و حطب,North East,1527.0
2005,فحم و حطب,North West,3078.0
2005,فحم و حطب,South East,2283.0
2005,فحم و حطب,South West,2162.0
2005,فراولو,Centre East,1680.0
2005,فراولو,Centre West,381.0
2005,فراولو,Grand Tunis,2035.0
2005,فراولو,National,1246.0
2005,فراولو,North East,1163.0
2005,فراولو,North West,928.0
2005,فراولو,South East,637.0
2005,فراولو,South West,287.0
2005,فقوس,Centre East,2406.0
2005,فقوس,Centre West,888.0
2005,فقوس,Grand Tunis,2195.0
2005,فقوس,National,1729.0
2005,فقوس,North East,1154.0
2005,فقوس,North West,1291.0
2005,فقوس,South East,1743.0
2005,فقوس,South West,1494.0
2005,فلفل أحمر,Centre East,8115.0
2005,فلفل أحمر,Centre West,5381.0
2005,فلفل أحمر,Grand Tunis,4842.0
2005,فلفل أحمر,National,6287.0
2005,فلفل أحمر,North East,5757.0
2005,فلفل أحمر,North West,6240.0
2005,فلفل أحمر,South East,8375.0
2005,فلفل أحمر,South West,4945.0
2005,فلفل أخضر,Centre East,11977.0
2005,فلفل أخضر,Centre West,8886.0
2005,فلفل أخضر,Grand Tunis,13477.0
2005,فلفل أخضر,National,10966.0
2005,فلفل أخضر,North East,10664.0
2005,فلفل أخضر,North West,12671.0
2005,فلفل أخضر,South East,6687.0
2005,فلفل أخضر,South West,5886.0
2005,فلفل أكحل,Centre East,831.0
2005,فلفل أكحل,Centre West,259.0
2005,فلفل أكحل,Grand Tunis,566.0
2005,فلفل أكحل,National,511.0
2005,فلفل أكحل,North East,560.0
2005,فلفل أكحل,North West,424.0
2005,فلفل أكحل,South East,105.0
2005,فلفل أكحل,South West,346.0
2005,فواكه أخرى,Centre East,5112.0
2005,فواكه أخرى,Centre West,1812.0
2005,فواكه أخرى,Grand Tunis,7624.0
2005,فواكه أخرى,National,4655.0
2005,فواكه أخرى,North East,3768.0
2005,فواكه أخرى,North West,2714.0
2005,فواكه أخرى,South East,4444.0
2005,فواكه أخرى,South West,4370.0
2005,فواكه ّ,Centre East,3230.0
2005,فواكه ّ,Centre West,877.0
2005,فواكه ّ,Grand Tunis,3158.0
2005,فواكه ّ,National,2411.0
2005,فواكه ّ,North East,2387.0
2005,فواكه ّ,North West,1864.0
2005,فواكه ّ,South East,1935.0
2005,فواكه ّ,South West,1799.0
2005,فول شائح,Centre East,1923.0
2005,فول شائح,Centre West,1094.0
2005,فول شائح,Grand Tunis,872.0
2005,فول شائح,National,1201.0
2005,فول شائح,North East,901.0
2005,فول شائح,North West,512.0
2005,فول شائح,South East,1348.0
2005,فول شائح,South West,1877.0
2005,فيستة ،بلوزون,Centre East,2372.0
2005,فيستة ،بلوزون,Centre West,964.0
2005,فيستة ،بلوزون,Grand Tunis,2829.0
2005,فيستة ،بلوزون,National,2131.0
2005,فيستة ،بلوزون,North East,2478.0
2005,فيستة ،بلوزون,North West,1925.0
2005,فيستة ،بلوزون,South East,846.0
2005,فيستة ،بلوزون,South West,2833.0
2005,قارص,Centre East,659.0
2005,قارص,Centre West,523.0
2005,قارص,Grand Tunis,1157.0
2005,قارص,National,818.0
2005,قارص,North East,802.0
2005,قارص,North West,923.0
2005,قارص,South East,755.0
2005,قارص,South West,708.0
2005,قاعة أكل,Centre East,1420.0
2005,قاعة أكل,Centre West,237.0
2005,قاعة أكل,Grand Tunis,855.0
2005,قاعة أكل,National,892.0
2005,قاعة أكل,North East,1087.0
2005,قاعة أكل,North West,975.0
2005,قاعة أكل,South East,595.0
2005,قاعة أكل,South West,321.0
2005,قاعة استقبال,Centre East,5313.0
2005,قاعة استقبال,Centre West,1559.0
2005,قاعة استقبال,Grand Tunis,5305.0
2005,قاعة استقبال,National,4138.0
2005,قاعة استقبال,North East,5295.0
2005,قاعة استقبال,North West,1714.0
2005,قاعة استقبال,South East,4660.0
2005,قاعة استقبال,South West,2391.0
2005,قرع أحمر,Centre East,2052.0
2005,قرع أحمر,Centre West,1142.0
2005,قرع أحمر,Grand Tunis,1963.0
2005,قرع أحمر,National,1638.0
2005,قرع أحمر,North East,919.0
2005,قرع أحمر,North West,613.0
2005,قرع أحمر,South East,2481.0
2005,قرع أحمر,South West,2439.0
2005,قرع بوطزينة,Centre East,364.0
2005,قرع بوطزينة,Centre West,364.0
2005,قرع بوطزينة,Grand Tunis,1078.0
2005,قرع بوطزينة,National,625.0
2005,قرع بوطزينة,North East,501.0
2005,قرع بوطزينة,North West,951.0
2005,قرع بوطزينة,South East,340.0
2005,قرع بوطزينة,South West,541.0
2005,قرنيط ،سوبية ،مطيق,Centre East,3825.0
2005,قرنيط ،سوبية ،مطيق,Centre West,136.0
2005,قرنيط ،سوبية ،مطيق,Grand Tunis,1368.0
2005,قرنيط ،سوبية ،مطيق,National,1328.0
2005,قرنيط ،سوبية ،مطيق,North East,223.0
2005,قرنيط ،سوبية ،مطيق,North West,10.0
2005,قرنيط ،سوبية ،مطيق,South East,843.0
2005,قرنيط ،سوبية ،مطيق,South West,351.0
2005,قريزيل,Centre East,1053.0
2005,قريزيل,Centre West,467.0
2005,قريزيل,Grand Tunis,1999.0
2005,قريزيل,National,1066.0
2005,قريزيل,North East,718.0
2005,قريزيل,North West,600.0
2005,قريزيل,South East,790.0
2005,قريزيل,South West,1098.0
2005,قطار,Centre East,1125.0
2005,قطار,Centre West,970.0
2005,قطار,Grand Tunis,2563.0
2005,قطار,National,1646.0
2005,قطار,North East,568.0
2005,قطار,North West,2340.0
2005,قطار,South East,2611.0
2005,قطار,South West,1264.0
2005,قمح صلب ّ,Centre East,1963.0
2005,قمح صلب ّ,Centre West,7254.0
2005,قمح صلب ّ,Grand Tunis,80.0
2005,قمح صلب ّ,National,2012.0
2005,قمح صلب ّ,North East,694.0
2005,قمح صلب ّ,North West,2666.0
2005,قمح صلب ّ,South East,426.0
2005,قمح صلب ّ,South West,1853.0
2005,قميص,Centre East,8223.0
2005,قميص,Centre West,2609.0
2005,قميص,Grand Tunis,10059.0
2005,قميص,National,7547.0
2005,قميص,North East,7258.0
2005,قميص,North West,5523.0
2005,قميص,South East,10925.0
2005,قميص,South West,6098.0
2005,قنارية,Centre East,464.0
2005,قنارية,Centre West,69.0
2005,قنارية,Grand Tunis,2125.0
2005,قنارية,National,880.0
2005,قنارية,North East,881.0
2005,قنارية,North West,1207.0
2005,قنارية,South East,63.0
2005,قنارية,South West,109.0
2005,قهوة بن,Centre East,5446.0
2005,قهوة بن,Centre West,2468.0
2005,قهوة بن,Grand Tunis,10634.0
2005,قهوة بن,National,6067.0
2005,قهوة بن,North East,5314.0
2005,قهوة بن,North West,5179.0
2005,قهوة بن,South East,3753.0
2005,قهوة بن,South West,6344.0
2005,قهوة خارج البيت,Centre East,15596.0
2005,قهوة خارج البيت,Centre West,9876.0
2005,قهوة خارج البيت,Grand Tunis,23395.0
2005,قهوة خارج البيت,National,18564.0
2005,قهوة خارج البيت,North East,18188.0
2005,قهوة خارج البيت,North West,13892.0
2005,قهوة خارج البيت,South East,39432.0
2005,قهوة خارج البيت,South West,8697.0
2005,كالفس,Centre East,123.0
2005,كالفس,Centre West,337.0
2005,كالفس,Grand Tunis,834.0
2005,كالفس,National,442.0
2005,كالفس,North East,393.0
2005,كالفس,North West,624.0
2005,كالفس,South East,201.0
2005,كالفس,South West,515.0
2005,كبدة,Centre East,308.0
2005,كبدة,Centre West,53.0
2005,كبدة,Grand Tunis,833.0
2005,كبدة,National,459.0
2005,كبدة,North East,526.0
2005,كبدة,North West,453.0
2005,كبدة,South East,450.0
2005,كبدة,South West,398.0
2005,كتب بمناسبة العودة المدرسية,Centre East,4227.0
2005,كتب بمناسبة العودة المدرسية,Centre West,5842.0
2005,كتب بمناسبة العودة المدرسية,Grand Tunis,4970.0
2005,كتب بمناسبة العودة المدرسية,National,5049.0
2005,كتب بمناسبة العودة المدرسية,North East,4692.0
2005,كتب بمناسبة العودة المدرسية,North West,4754.0
2005,كتب بمناسبة العودة المدرسية,South East,6638.0
2005,كتب بمناسبة العودة المدرسية,South West,5669.0
2005,كتب غير مدرسية,Centre East,685.0
2005,كتب غير مدرسية,Centre West,171.0
2005,كتب غير مدرسية,Grand Tunis,1053.0
2005,كتب غير مدرسية,National,1199.0
2005,كتب غير مدرسية,North East,4494.0
2005,كتب غير مدرسية,North West,348.0
2005,كتب غير مدرسية,South East,855.0
2005,كتب غير مدرسية,South West,578.0
2005,كراسات و أدوات بمناسبة العودة المدرسية,Centre East,7929.0
2005,كراسات و أدوات بمناسبة العودة المدرسية,Centre West,4547.0
2005,كراسات و أدوات بمناسبة العودة المدرسية,Grand Tunis,6156.0
2005,كراسات و أدوات بمناسبة العودة المدرسية,National,6055.0
2005,كراسات و أدوات بمناسبة العودة المدرسية,North East,5288.0
2005,كراسات و أدوات بمناسبة العودة المدرسية,North West,5218.0
2005,كراسات و أدوات بمناسبة العودة المدرسية,South East,5444.0
2005,كراسات و أدوات بمناسبة العودة المدرسية,South West,6420.0
2005,كرسي,Centre East,796.0
2005,كرسي,Centre West,736.0
2005,كرسي,Grand Tunis,1364.0
2005,كرسي,National,968.0
2005,كرسي,North East,462.0
2005,كرسي,North West,892.0
2005,كرسي,South East,1537.0
2005,كرسي,South West,1107.0
2005,كركم,Centre East,540.0
2005,كركم,Centre West,137.0
2005,كركم,Grand Tunis,231.0
2005,كركم,National,364.0
2005,كركم,North East,320.0
2005,كركم,North West,188.0
2005,كركم,South East,746.0
2005,كركم,South West,598.0
2005,كرمب,Centre East,1037.0
2005,كرمب,Centre West,380.0
2005,كرمب,Grand Tunis,742.0
2005,كرمب,National,724.0
2005,كرمب,North East,818.0
2005,كرمب,North West,528.0
2005,كرمب,South East,741.0
2005,كرمب,South West,386.0
2005,كسكروت,Centre East,14295.0
2005,كسكروت,Centre West,4653.0
2005,كسكروت,Grand Tunis,17381.0
2005,كسكروت,National,11761.0
2005,كسكروت,North East,10341.0
2005,كسكروت,North West,11696.0
2005,كسكروت,South East,8845.0
2005,كسكروت,South West,4434.0
2005,كسكسي,Centre East,3355.0
2005,كسكسي,Centre West,3942.0
2005,كسكسي,Grand Tunis,3210.0
2005,كسكسي,National,2773.0
2005,كسكسي,North East,2130.0
2005,كسكسي,North West,654.0
2005,كسكسي,South East,2559.0
2005,كسكسي,South West,2345.0
2005,كسوة,Centre East,6266.0
2005,كسوة,Centre West,6367.0
2005,كسوة,Grand Tunis,4247.0
2005,كسوة,National,4719.0
2005,كسوة,North East,2679.0
2005,كسوة,North West,3731.0
2005,كسوة,South East,3767.0
2005,كسوة,South West,5154.0
2005,كليمنتين,Centre East,1019.0
2005,كليمنتين,Centre West,780.0
2005,كليمنتين,Grand Tunis,2469.0
2005,كليمنتين,National,1531.0
2005,كليمنتين,North East,1846.0
2005,كليمنتين,North West,2427.0
2005,كليمنتين,South East,723.0
2005,كليمنتين,South West,248.0
2005,كمّون,Centre East,469.0
2005,كمّون,Centre West,46.0
2005,كمّون,Grand Tunis,180.0
2005,كمّون,National,229.0
2005,كمّون,North East,183.0
2005,كمّون,North West,79.0
2005,كمّون,South East,318.0
2005,كمّون,South West,187.0
2005,لبن طري,Centre East,779.0
2005,لبن طري,Centre West,573.0
2005,لبن طري,Grand Tunis,1895.0
2005,لبن طري,National,1189.0
2005,لبن طري,North East,879.0
2005,لبن طري,North West,1832.0
2005,لبن طري,South East,942.0
2005,لبن طري,South West,1257.0
2005,لحم الجمل,Centre East,299.0
2005,لحم الجمل,Centre West,402.0
2005,لحم الجمل,Grand Tunis,194.0
2005,لحم الجمل,National,799.0
2005,لحم الجمل,North East,168.0
2005,لحم الجمل,North West,24.0
2005,لحم الجمل,South East,4335.0
2005,لحم الجمل,South West,3623.0
2005,لحم برشني,Centre East,853.0
2005,لحم برشني,Centre West,3833.0
2005,لحم برشني,Grand Tunis,873.0
2005,لحم برشني,National,5747.0
2005,لحم برشني,North East,1683.0
2005,لحم برشني,North West,6761.0
2005,لحم برشني,South East,35140.0
2005,لحم برشني,South West,9414.0
2005,لحم بقري,Centre East,21068.0
2005,لحم بقري,Centre West,3331.0
2005,لحم بقري,Grand Tunis,26614.0
2005,لحم بقري,National,20427.0
2005,لحم بقري,North East,36993.0
2005,لحم بقري,North West,14239.0
2005,لحم بقري,South East,20487.0
2005,لحم بقري,South West,6312.0
2005,لحم دجاج,Centre East,26569.0
2005,لحم دجاج,Centre West,20704.0
2005,لحم دجاج,Grand Tunis,28442.0
2005,لحم دجاج,National,25113.0
2005,لحم دجاج,North East,26453.0
2005,لحم دجاج,North West,29552.0
2005,لحم دجاج,South East,12771.0
2005,لحم دجاج,South West,23816.0
2005,لحم ديك رومي,Centre East,4408.0
2005,لحم ديك رومي,Centre West,1857.0
2005,لحم ديك رومي,Grand Tunis,4992.0
2005,لحم ديك رومي,National,3093.0
2005,لحم ديك رومي,North East,1920.0
2005,لحم ديك رومي,North West,2296.0
2005,لحم ديك رومي,South East,799.0
2005,لحم ديك رومي,South West,1490.0
2005,لحم علوش,Centre East,84154.0
2005,لحم علوش,Centre West,66113.0
2005,لحم علوش,Grand Tunis,87484.0
2005,لحم علوش,National,75251.0
2005,لحم علوش,North East,62065.0
2005,لحم علوش,North West,72109.0
2005,لحم علوش,South East,67154.0
2005,لحم علوش,South West,64641.0
2005,لحم مفروم و مرقاز و «سالمي«,Centre East,2565.0
2005,لحم مفروم و مرقاز و «سالمي«,Centre West,74.0
2005,لحم مفروم و مرقاز و «سالمي«,Grand Tunis,5712.0
2005,لحم مفروم و مرقاز و «سالمي«,National,2088.0
2005,لحم مفروم و مرقاز و «سالمي«,North East,724.0
2005,لحم مفروم و مرقاز و «سالمي«,North West,321.0
2005,لحم مفروم و مرقاز و «سالمي«,South East,304.0
2005,لحم مفروم و مرقاز و «سالمي«,South West,464.0
2005,لحوم و دواجن,Centre East,143535.0
2005,لحوم و دواجن,Centre West,98393.0
2005,لحوم و دواجن,Grand Tunis,156948.0
2005,لحوم و دواجن,National,135099.0
2005,لحوم و دواجن,North East,131699.0
2005,لحوم و دواجن,North West,127987.0
2005,لحوم و دواجن,South East,143428.0
2005,لحوم و دواجن,South West,111322.0
2005,لفت,Centre East,968.0
2005,لفت,Centre West,1055.0
2005,لفت,Grand Tunis,1268.0
2005,لفت,National,1159.0
2005,لفت,North East,1183.0
2005,لفت,North West,972.0
2005,لفت,South East,1365.0
2005,لفت,South West,1745.0
2005,لوز أخضر,Centre East,623.0
2005,لوز أخضر,Centre West,280.0
2005,لوز أخضر,Grand Tunis,286.0
2005,لوز أخضر,National,408.0
2005,لوز أخضر,North East,502.0
2005,لوز أخضر,North West,125.0
2005,لوز أخضر,South East,638.0
2005,لوز أخضر,South West,346.0
2005,مأكوالت خارج البيت,Centre East,25017.0
2005,مأكوالت خارج البيت,Centre West,10939.0
2005,مأكوالت خارج البيت,Grand Tunis,30580.0
2005,مأكوالت خارج البيت,National,20815.0
2005,مأكوالت خارج البيت,North East,19319.0
2005,مأكوالت خارج البيت,North West,18261.0
2005,مأكوالت خارج البيت,South East,14524.0
2005,مأكوالت خارج البيت,South West,7776.0
2005,ماء جافال,Centre East,4339.0
2005,ماء جافال,Centre West,1832.0
2005,ماء جافال,Grand Tunis,5763.0
2005,ماء جافال,National,3964.0
2005,ماء جافال,North East,4349.0
2005,ماء جافال,North West,2219.0
2005,ماء جافال,South East,3266.0
2005,ماء جافال,South West,4260.0
2005,ماء معدني,Centre East,3081.0
2005,ماء معدني,Centre West,751.0
2005,ماء معدني,Grand Tunis,5818.0
2005,ماء معدني,National,2840.0
2005,ماء معدني,North East,2137.0
2005,ماء معدني,North West,837.0
2005,ماء معدني,South East,2453.0
2005,ماء معدني,South West,1547.0
2005,مالبس خارجية أخرى,Centre East,23417.0
2005,مالبس خارجية أخرى,Centre West,10615.0
2005,مالبس خارجية أخرى,Grand Tunis,25037.0
2005,مالبس خارجية أخرى,National,20749.0
2005,مالبس خارجية أخرى,North East,18786.0
2005,مالبس خارجية أخرى,North West,15382.0
2005,مالبس خارجية أخرى,South East,25731.0
2005,مالبس خارجية أخرى,South West,25280.0
2005,مالبس خارجية أساسية,Centre East,71592.0
2005,مالبس خارجية أساسية,Centre West,41304.0
2005,مالبس خارجية أساسية,Grand Tunis,76800.0
2005,مالبس خارجية أساسية,National,63384.0
2005,مالبس خارجية أساسية,North East,53739.0
2005,مالبس خارجية أساسية,North West,46520.0
2005,مالبس خارجية أساسية,South East,76766.0
2005,مالبس خارجية أساسية,South West,67124.0
2005,مالبس خارجية أساسية و تقليدية,Centre East,3772.0
2005,مالبس خارجية أساسية و تقليدية,Centre West,3404.0
2005,مالبس خارجية أساسية و تقليدية,Grand Tunis,2436.0
2005,مالبس خارجية أساسية و تقليدية,National,4127.0
2005,مالبس خارجية أساسية و تقليدية,North East,2640.0
2005,مالبس خارجية أساسية و تقليدية,North West,2758.0
2005,مالبس خارجية أساسية و تقليدية,South East,13942.0
2005,مالبس خارجية أساسية و تقليدية,South West,4647.0
2005,مالبس خارجية للرضع,Centre East,1861.0
2005,مالبس خارجية للرضع,Centre West,85.0
2005,مالبس خارجية للرضع,Grand Tunis,672.0
2005,مالبس خارجية للرضع,National,894.0
2005,مالبس خارجية للرضع,North East,986.0
2005,مالبس خارجية للرضع,North West,317.0
2005,مالبس خارجية للرضع,South East,914.0
2005,مالبس خارجية للرضع,South West,829.0
2005,مالبس داخلية,Centre East,17966.0
2005,مالبس داخلية,Centre West,4690.0
2005,مالبس داخلية,Grand Tunis,18369.0
2005,مالبس داخلية,National,13213.0
2005,مالبس داخلية,North East,11918.0
2005,مالبس داخلية,North West,10705.0
2005,مالبس داخلية,South East,9296.0
2005,مالبس داخلية,South West,8794.0
2005,مالبسداخليةسفلىومالبسداخليةلالستحمام,Centre East,1700.0
2005,مالبسداخليةسفلىومالبسداخليةلالستحمام,Centre West,1368.0
2005,مالبسداخليةسفلىومالبسداخليةلالستحمام,Grand Tunis,3861.0
2005,مالبسداخليةسفلىومالبسداخليةلالستحمام,National,2076.0
2005,مالبسداخليةسفلىومالبسداخليةلالستحمام,North East,1175.0
2005,مالبسداخليةسفلىومالبسداخليةلالستحمام,North West,2188.0
2005,مالبسداخليةسفلىومالبسداخليةلالستحمام,South East,1254.0
2005,مالبسداخليةسفلىومالبسداخليةلالستحمام,South West,1419.0
2005,مترو,Centre East,817.0
2005,مترو,Centre West,444.0
2005,مترو,Grand Tunis,4326.0
2005,مترو,National,1354.0
2005,مترو,North East,424.0
2005,مترو,North West,395.0
2005,مترو,South East,24.0
2005,مترو,South West,238.0
2005,مجموع األسماك,Centre East,48846.0
2005,مجموع األسماك,Centre West,8188.0
2005,مجموع األسماك,Grand Tunis,32448.0
2005,مجموع األسماك,National,25674.0
2005,مجموع األسماك,North East,20077.0
2005,مجموع األسماك,North West,9538.0
2005,مجموع األسماك,South East,16795.0
2005,مجموع األسماك,South West,10192.0
2005,مجموع الحبوب,Centre East,103583.0
2005,مجموع الحبوب,Centre West,92043.0
2005,مجموع الحبوب,Grand Tunis,112939.0
2005,مجموع الحبوب,National,101376.0
2005,مجموع الحبوب,North East,93069.0
2005,مجموع الحبوب,North West,105994.0
2005,مجموع الحبوب,South East,92043.0
2005,مجموع الحبوب,South West,94114.0
2005,مجموع الخضر,Centre East,90442.0
2005,مجموع الخضر,Centre West,64188.0
2005,مجموع الخضر,Grand Tunis,103912.0
2005,مجموع الخضر,National,86088.0
2005,مجموع الخضر,North East,81071.0
2005,مجموع الخضر,North West,83825.0
2005,مجموع الخضر,South East,80967.0
2005,مجموع الخضر,South West,74901.0
2005,مجموع السكر والمواد السكرية,Centre East,15552.0
2005,مجموع السكر والمواد السكرية,Centre West,12640.0
2005,مجموع السكر والمواد السكرية,Grand Tunis,17915.0
2005,مجموع السكر والمواد السكرية,National,15413.0
2005,مجموع السكر والمواد السكرية,North East,13675.0
2005,مجموع السكر والمواد السكرية,North West,16631.0
2005,مجموع السكر والمواد السكرية,South East,12503.0
2005,مجموع السكر والمواد السكرية,South West,17836.0
2005,مجموع الغالل,Centre East,53151.0
2005,مجموع الغالل,Centre West,28989.0
2005,مجموع الغالل,Grand Tunis,51648.0
2005,مجموع الغالل,National,44704.0
2005,مجموع الغالل,North East,40980.0
2005,مجموع الغالل,North West,46862.0
2005,مجموع الغالل,South East,39655.0
2005,مجموع الغالل,South West,33379.0
2005,مجموع المواد الغذائية,Centre East,695341.0
2005,مجموع المواد الغذائية,Centre West,465866.0
2005,مجموع المواد الغذائية,Grand Tunis,769651.0
2005,مجموع المواد الغذائية,National,634664.0
2005,مجموع المواد الغذائية,North East,587481.0
2005,مجموع المواد الغذائية,North West,576722.0
2005,مجموع المواد الغذائية,South East,608044.0
2005,مجموع المواد الغذائية,South West,535922.0
2005,مجموع النفقات اإلدارية,Centre East,2003.0
2005,مجموع النفقات اإلدارية,Centre West,707.0
2005,مجموع النفقات اإلدارية,Grand Tunis,1699.0
2005,مجموع النفقات اإلدارية,National,1716.0
2005,مجموع النفقات اإلدارية,North East,1342.0
2005,مجموع النفقات اإلدارية,North West,967.0
2005,مجموع النفقات اإلدارية,South East,4705.0
2005,مجموع النفقات اإلدارية,South West,692.0
2005,مجموع معاليم الهاتف القار والهاتف الجوال,Centre East,15601.0
2005,مجموع معاليم الهاتف القار والهاتف الجوال,Centre West,8148.0
2005,مجموع معاليم الهاتف القار والهاتف الجوال,Grand Tunis,17207.0
2005,مجموع معاليم الهاتف القار والهاتف الجوال,National,13886.0
2005,مجموع معاليم الهاتف القار والهاتف الجوال,North East,13482.0
2005,مجموع معاليم الهاتف القار والهاتف الجوال,North West,12341.0
2005,مجموع معاليم الهاتف القار والهاتف الجوال,South East,14556.0
2005,مجموع معاليم الهاتف القار والهاتف الجوال,South West,10603.0
2005,محروقات التنوير والطبخ و التدفئة,Centre East,24558.0
2005,محروقات التنوير والطبخ و التدفئة,Centre West,18113.0
2005,محروقات التنوير والطبخ و التدفئة,Grand Tunis,20335.0
2005,محروقات التنوير والطبخ و التدفئة,National,22574.0
2005,محروقات التنوير والطبخ و التدفئة,North East,23350.0
2005,محروقات التنوير والطبخ و التدفئة,North West,29745.0
2005,محروقات التنوير والطبخ و التدفئة,South East,19393.0
2005,محروقات التنوير والطبخ و التدفئة,South West,22290.0
2005,محروقات للسيارات,Centre East,46128.0
2005,محروقات للسيارات,Centre West,14050.0
2005,محروقات للسيارات,Grand Tunis,75578.0
2005,محروقات للسيارات,National,38299.0
2005,محروقات للسيارات,North East,27030.0
2005,محروقات للسيارات,North West,10739.0
2005,محروقات للسيارات,South East,31817.0
2005,محروقات للسيارات,South West,12247.0
2005,محفظة بمناسبة العودة المدرسية,Centre East,2272.0
2005,محفظة بمناسبة العودة المدرسية,Centre West,1048.0
2005,محفظة بمناسبة العودة المدرسية,Grand Tunis,1816.0
2005,محفظة بمناسبة العودة المدرسية,National,1688.0
2005,محفظة بمناسبة العودة المدرسية,North East,1619.0
2005,محفظة بمناسبة العودة المدرسية,North West,1446.0
2005,محفظة بمناسبة العودة المدرسية,South East,1299.0
2005,محفظة بمناسبة العودة المدرسية,South West,1685.0
2005,مرطبات خارج البيت,Centre East,2893.0
2005,مرطبات خارج البيت,Centre West,4445.0
2005,مرطبات خارج البيت,Grand Tunis,3192.0
2005,مرطبات خارج البيت,National,2626.0
2005,مرطبات خارج البيت,North East,2180.0
2005,مرطبات خارج البيت,North West,1278.0
2005,مرطبات خارج البيت,South East,1342.0
2005,مرطبات خارج البيت,South West,994.0
2005,مريول خلعة,Centre East,724.0
2005,مريول خلعة,Centre West,436.0
2005,مريول خلعة,Grand Tunis,538.0
2005,مريول خلعة,National,593.0
2005,مريول خلعة,North East,417.0
2005,مريول خلعة,North West,845.0
2005,مريول خلعة,South East,422.0
2005,مريول خلعة,South West,842.0
2005,مريول صوف ،جيلية صوف,Centre East,8568.0
2005,مريول صوف ،جيلية صوف,Centre West,4655.0
2005,مريول صوف ،جيلية صوف,Grand Tunis,10491.0
2005,مريول صوف ،جيلية صوف,National,8109.0
2005,مريول صوف ،جيلية صوف,North East,7131.0
2005,مريول صوف ،جيلية صوف,North West,4971.0
2005,مريول صوف ،جيلية صوف,South East,8944.0
2005,مريول صوف ،جيلية صوف,South West,12701.0
2005,مريول قطن,Centre East,9951.0
2005,مريول قطن,Centre West,1631.0
2005,مريول قطن,Grand Tunis,9461.0
2005,مريول قطن,National,6286.0
2005,مريول قطن,North East,6322.0
2005,مريول قطن,North West,4784.0
2005,مريول قطن,South East,1752.0
2005,مريول قطن,South West,517.0
2005,مستلزمات شخصية,Centre East,9482.0
2005,مستلزمات شخصية,Centre West,3109.0
2005,مستلزمات شخصية,Grand Tunis,15496.0
2005,مستلزمات شخصية,National,8307.0
2005,مستلزمات شخصية,North East,5250.0
2005,مستلزمات شخصية,North West,4874.0
2005,مستلزمات شخصية,South East,5353.0
2005,مستلزمات شخصية,South West,6823.0
2005,مستلزمات لتغطية الرأس,Centre East,2503.0
2005,مستلزمات لتغطية الرأس,Centre West,1756.0
2005,مستلزمات لتغطية الرأس,Grand Tunis,2941.0
2005,مستلزمات لتغطية الرأس,National,2859.0
2005,مستلزمات لتغطية الرأس,North East,3211.0
2005,مستلزمات لتغطية الرأس,North West,1869.0
2005,مستلزمات لتغطية الرأس,South East,6203.0
2005,مستلزمات لتغطية الرأس,South West,2378.0
2005,مشاهد,Centre East,1260.0
2005,مشاهد,Centre West,178.0
2005,مشاهد,Grand Tunis,3383.0
2005,مشاهد,National,1318.0
2005,مشاهد,North East,1213.0
2005,مشاهد,North West,318.0
2005,مشاهد,South East,145.0
2005,مشاهد,South West,290.0
2005,مشتقات القمح اللين,Centre East,40084.0
2005,مشتقات القمح اللين,Centre West,24993.0
2005,مشتقات القمح اللين,Grand Tunis,55980.0
2005,مشتقات القمح اللين,National,41054.0
2005,مشتقات القمح اللين,North East,40783.0
2005,مشتقات القمح اللين,North West,34478.0
2005,مشتقات القمح اللين,South East,40769.0
2005,مشتقات القمح اللين,South West,38576.0
2005,مشروب غازي خارج البيت,Centre East,2562.0
2005,مشروب غازي خارج البيت,Centre West,8197.0
2005,مشروب غازي خارج البيت,Grand Tunis,2943.0
2005,مشروب غازي خارج البيت,National,3144.0
2005,مشروب غازي خارج البيت,North East,2076.0
2005,مشروب غازي خارج البيت,North West,2699.0
2005,مشروب غازي خارج البيت,South East,885.0
2005,مشروب غازي خارج البيت,South West,1444.0
2005,مشروبات باردة متناولة خارج البيت,Centre East,3855.0
2005,مشروبات باردة متناولة خارج البيت,Centre West,8459.0
2005,مشروبات باردة متناولة خارج البيت,Grand Tunis,4894.0
2005,مشروبات باردة متناولة خارج البيت,National,4201.0
2005,مشروبات باردة متناولة خارج البيت,North East,2536.0
2005,مشروبات باردة متناولة خارج البيت,North West,3074.0
2005,مشروبات باردة متناولة خارج البيت,South East,1991.0
2005,مشروبات باردة متناولة خارج البيت,South West,2703.0
2005,مشروبات ساخنة متناولة خارج البيت,Centre East,17338.0
2005,مشروبات ساخنة متناولة خارج البيت,Centre West,21264.0
2005,مشروبات ساخنة متناولة خارج البيت,Grand Tunis,24930.0
2005,مشروبات ساخنة متناولة خارج البيت,National,21218.0
2005,مشروبات ساخنة متناولة خارج البيت,North East,19319.0
2005,مشروبات ساخنة متناولة خارج البيت,North West,14762.0
2005,مشروبات ساخنة متناولة خارج البيت,South East,39861.0
2005,مشروبات ساخنة متناولة خارج البيت,South West,9755.0
2005,مشروبات غازية,Centre East,11866.0
2005,مشروبات غازية,Centre West,8706.0
2005,مشروبات غازية,Grand Tunis,14778.0
2005,مشروبات غازية,National,12684.0
2005,مشروبات غازية,North East,10881.0
2005,مشروبات غازية,North West,14032.0
2005,مشروبات غازية,South East,12698.0
2005,مشروبات غازية,South West,18610.0
2005,مشروبات غير كحولية متناولة في البيت,Centre East,18237.0
2005,مشروبات غير كحولية متناولة في البيت,Centre West,9939.0
2005,مشروبات غير كحولية متناولة في البيت,Grand Tunis,26078.0
2005,مشروبات غير كحولية متناولة في البيت,National,18857.0
2005,مشروبات غير كحولية متناولة في البيت,North East,16123.0
2005,مشروبات غير كحولية متناولة في البيت,North West,16092.0
2005,مشروبات غير كحولية متناولة في البيت,South East,21896.0
2005,مشروبات غير كحولية متناولة في البيت,South West,21338.0
2005,مشروبات كحولية متناولة خارج البيت,Centre East,2959.0
2005,مشروبات كحولية متناولة خارج البيت,Centre West,1718.0
2005,مشروبات كحولية متناولة خارج البيت,Grand Tunis,5190.0
2005,مشروبات كحولية متناولة خارج البيت,National,4166.0
2005,مشروبات كحولية متناولة خارج البيت,North East,6197.0
2005,مشروبات كحولية متناولة خارج البيت,North West,7138.0
2005,مشروبات كحولية متناولة خارج البيت,South East,96.0
2005,مشروبات كحولية متناولة خارج البيت,South West,6042.0
2005,مشماش,Centre East,1132.0
2005,مشماش,Centre West,844.0
2005,مشماش,Grand Tunis,1071.0
2005,مشماش,National,1064.0
2005,مشماش,North East,1117.0
2005,مشماش,North West,1105.0
2005,مشماش,South East,1209.0
2005,مشماش,South West,838.0
2005,معاليم وسيلة نقل خاصة,Centre East,28764.0
2005,معاليم وسيلة نقل خاصة,Centre West,9764.0
2005,معاليم وسيلة نقل خاصة,Grand Tunis,36926.0
2005,معاليم وسيلة نقل خاصة,National,23391.0
2005,معاليم وسيلة نقل خاصة,North East,18190.0
2005,معاليم وسيلة نقل خاصة,North West,7637.0
2005,معاليم وسيلة نقل خاصة,South East,30390.0
2005,معاليم وسيلة نقل خاصة,South West,15099.0
2005,معجون أسنان,Centre East,3804.0
2005,معجون أسنان,Centre West,2042.0
2005,معجون أسنان,Grand Tunis,4391.0
2005,معجون أسنان,National,3685.0
2005,معجون أسنان,North East,3320.0
2005,معجون أسنان,North West,2307.0
2005,معجون أسنان,South East,6886.0
2005,معجون أسنان,South West,2917.0
2005,معجون الحالقة,Centre East,804.0
2005,معجون الحالقة,Centre West,439.0
2005,معجون الحالقة,Grand Tunis,1585.0
2005,معجون الحالقة,National,849.0
2005,معجون الحالقة,North East,722.0
2005,معجون الحالقة,North West,447.0
2005,معجون الحالقة,South East,575.0
2005,معجون الحالقة,South West,663.0
2005,معجون الغالل,Centre East,912.0
2005,معجون الغالل,Centre West,386.0
2005,معجون الغالل,Grand Tunis,1419.0
2005,معجون الغالل,National,864.0
2005,معجون الغالل,North East,780.0
2005,معجون الغالل,North West,693.0
2005,معجون الغالل,South East,685.0
2005,معجون الغالل,South West,461.0
2005,معدنوس,Centre East,2225.0
2005,معدنوس,Centre West,1963.0
2005,معدنوس,Grand Tunis,2873.0
2005,معدنوس,National,2537.0
2005,معدنوس,North East,2044.0
2005,معدنوس,North West,2320.0
2005,معدنوس,South East,4568.0
2005,معدنوس,South West,2182.0
2005,معطف ،كاب,Centre East,4110.0
2005,معطف ،كاب,Centre West,3783.0
2005,معطف ،كاب,Grand Tunis,7724.0
2005,معطف ،كاب,National,4772.0
2005,معطف ،كاب,North East,3418.0
2005,معطف ،كاب,North West,3861.0
2005,معطف ،كاب,South East,3479.0
2005,معطف ،كاب,South West,5309.0
2005,معلوم اإليجار االفتراضي,Centre East,83520.0
2005,معلوم اإليجار االفتراضي,Centre West,57180.0
2005,معلوم اإليجار االفتراضي,Grand Tunis,102454.0
2005,معلوم اإليجار االفتراضي,National,82672.0
2005,معلوم اإليجار االفتراضي,North East,84813.0
2005,معلوم اإليجار االفتراضي,North West,67912.0
2005,معلوم اإليجار االفتراضي,South East,85683.0
2005,معلوم اإليجار االفتراضي,South West,82132.0
2005,معلوم اإليجار الفعلي,Centre East,37167.0
2005,معلوم اإليجار الفعلي,Centre West,9706.0
2005,معلوم اإليجار الفعلي,Grand Tunis,79389.0
2005,معلوم اإليجار الفعلي,National,34012.0
2005,معلوم اإليجار الفعلي,North East,16997.0
2005,معلوم اإليجار الفعلي,North West,15337.0
2005,معلوم اإليجار الفعلي,South East,12936.0
2005,معلوم اإليجار الفعلي,South West,13222.0
2005,معلوم االشتراك في خط هاتف جوال,Centre East,948.0
2005,معلوم االشتراك في خط هاتف جوال,Centre West,814.0
2005,معلوم االشتراك في خط هاتف جوال,Grand Tunis,712.0
2005,معلوم االشتراك في خط هاتف جوال,National,889.0
2005,معلوم االشتراك في خط هاتف جوال,North East,1044.0
2005,معلوم االشتراك في خط هاتف جوال,North West,978.0
2005,معلوم االشتراك في خط هاتف جوال,South East,975.0
2005,معلوم االشتراك في خط هاتف جوال,South West,826.0
2005,معلوم الجوالن و األداء,Centre East,6438.0
2005,معلوم الجوالن و األداء,Centre West,2265.0
2005,معلوم الجوالن و األداء,Grand Tunis,9528.0
2005,معلوم الجوالن و األداء,National,5544.0
2005,معلوم الجوالن و األداء,North East,4470.0
2005,معلوم الجوالن و األداء,North West,1694.0
2005,معلوم الجوالن و األداء,South East,6897.0
2005,معلوم الجوالن و األداء,South West,2446.0
2005,معلوم الدراسة (للمدارس الحرة(,Centre East,2851.0
2005,معلوم الدراسة (للمدارس الحرة(,Centre West,1764.0
2005,معلوم الدراسة (للمدارس الحرة(,Grand Tunis,7026.0
2005,معلوم الدراسة (للمدارس الحرة(,National,3656.0
2005,معلوم الدراسة (للمدارس الحرة(,North East,3656.0
2005,معلوم الدراسة (للمدارس الحرة(,North West,1513.0
2005,معلوم الدراسة (للمدارس الحرة(,South East,2303.0
2005,معلوم الدراسة (للمدارس الحرة(,South West,4652.0
2005,معلوم المراقبة الفنّية,Centre East,1065.0
2005,معلوم المراقبة الفنّية,Centre West,485.0
2005,معلوم المراقبة الفنّية,Grand Tunis,1765.0
2005,معلوم المراقبة الفنّية,National,1003.0
2005,معلوم المراقبة الفنّية,North East,711.0
2005,معلوم المراقبة الفنّية,North West,373.0
2005,معلوم المراقبة الفنّية,South East,1373.0
2005,معلوم المراقبة الفنّية,South West,394.0
2005,معلوم دروس خصوصية و ساعات التدارك,Centre East,20732.0
2005,معلوم دروس خصوصية و ساعات التدارك,Centre West,5015.0
2005,معلوم دروس خصوصية و ساعات التدارك,Grand Tunis,24687.0
2005,معلوم دروس خصوصية و ساعات التدارك,National,16091.0
2005,معلوم دروس خصوصية و ساعات التدارك,North East,15498.0
2005,معلوم دروس خصوصية و ساعات التدارك,North West,10989.0
2005,معلوم دروس خصوصية و ساعات التدارك,South East,9443.0
2005,معلوم دروس خصوصية و ساعات التدارك,South West,12674.0
2005,معلوم روضة أطفال,Centre East,4873.0
2005,معلوم روضة أطفال,Centre West,1495.0
2005,معلوم روضة أطفال,Grand Tunis,8822.0
2005,معلوم روضة أطفال,National,4372.0
2005,معلوم روضة أطفال,North East,3476.0
2005,معلوم روضة أطفال,North West,1528.0
2005,معلوم روضة أطفال,South East,2571.0
2005,معلوم روضة أطفال,South West,2583.0
2005,معلوم شراء جهاز هاتف جوّال,Centre East,7979.0
2005,معلوم شراء جهاز هاتف جوّال,Centre West,4770.0
2005,معلوم شراء جهاز هاتف جوّال,Grand Tunis,5841.0
2005,معلوم شراء جهاز هاتف جوّال,National,6764.0
2005,معلوم شراء جهاز هاتف جوّال,North East,7843.0
2005,معلوم شراء جهاز هاتف جوّال,North West,8088.0
2005,معلوم شراء جهاز هاتف جوّال,South East,6453.0
2005,معلوم شراء جهاز هاتف جوّال,South West,5425.0
2005,مكتبة,Centre East,1664.0
2005,مكتبة,Centre West,700.0
2005,مكتبة,Grand Tunis,1091.0
2005,مكتبة,National,1504.0
2005,مكتبة,North East,1958.0
2005,مكتبة,North West,2698.0
2005,مكتبة,South East,1086.0
2005,مكتبة,South West,1473.0
2005,مكيف هواء,Centre East,4252.0
2005,مكيف هواء,Centre West,894.0
2005,مكيف هواء,Grand Tunis,5791.0
2005,مكيف هواء,National,3536.0
2005,مكيف هواء,North East,2154.0
2005,مكيف هواء,North West,1197.0
2005,مكيف هواء,South East,5960.0
2005,مكيف هواء,South West,2363.0
2005,ملح,Centre East,369.0
2005,ملح,Centre West,536.0
2005,ملح,Grand Tunis,379.0
2005,ملح,National,491.0
2005,ملح,North East,518.0
2005,ملح,North West,759.0
2005,ملح,South East,703.0
2005,ملح,South West,340.0
2005,ملوخية مرحية,Centre East,297.0
2005,ملوخية مرحية,Centre West,193.0
2005,ملوخية مرحية,Grand Tunis,407.0
2005,ملوخية مرحية,National,338.0
2005,ملوخية مرحية,North East,277.0
2005,ملوخية مرحية,North West,591.0
2005,ملوخية مرحية,South East,223.0
2005,ملوخية مرحية,South West,376.0
2005,منديلة (ميدعة(,Centre East,1914.0
2005,منديلة (ميدعة(,Centre West,879.0
2005,منديلة (ميدعة(,Grand Tunis,1396.0
2005,منديلة (ميدعة(,National,1433.0
2005,منديلة (ميدعة(,North East,1487.0
2005,منديلة (ميدعة(,North West,1198.0
2005,منديلة (ميدعة(,South East,1471.0
2005,منديلة (ميدعة(,South West,1285.0
2005,منضدة ،مائدة,Centre East,3899.0
2005,منضدة ،مائدة,Centre West,2910.0
2005,منضدة ،مائدة,Grand Tunis,3621.0
2005,منضدة ،مائدة,National,3794.0
2005,منضدة ،مائدة,North East,1836.0
2005,منضدة ،مائدة,North West,3660.0
2005,منضدة ،مائدة,South East,8505.0
2005,منضدة ،مائدة,South West,3605.0
2005,مواد أخرى مشتقة من الحبوب,Centre East,28090.0
2005,مواد أخرى مشتقة من الحبوب,Centre West,9107.0
2005,مواد أخرى مشتقة من الحبوب,Grand Tunis,30791.0
2005,مواد أخرى مشتقة من الحبوب,National,21386.0
2005,مواد أخرى مشتقة من الحبوب,North East,17089.0
2005,مواد أخرى مشتقة من الحبوب,North West,15523.0
2005,مواد أخرى مشتقة من الحبوب,South East,17694.0
2005,مواد أخرى مشتقة من الحبوب,South West,15251.0
2005,مواد التنظيف,Centre East,26744.0
2005,مواد التنظيف,Centre West,14733.0
2005,مواد التنظيف,Grand Tunis,36172.0
2005,مواد التنظيف,National,25062.0
2005,مواد التنظيف,North East,25207.0
2005,مواد التنظيف,North West,19065.0
2005,مواد التنظيف,South East,18717.0
2005,مواد التنظيف,South West,21203.0
2005,مواد تجميل,Centre East,2052.0
2005,مواد تجميل,Centre West,284.0
2005,مواد تجميل,Grand Tunis,6860.0
2005,مواد تجميل,National,2564.0
2005,مواد تجميل,North East,1920.0
2005,مواد تجميل,North West,634.0
2005,مواد تجميل,South East,914.0
2005,مواد تجميل,South West,1193.0
2005,مواد تنظيف (أومو ،نظيف ،دينول(,Centre East,14624.0
2005,مواد تنظيف (أومو ،نظيف ،دينول(,Centre West,8069.0
2005,مواد تنظيف (أومو ،نظيف ،دينول(,Grand Tunis,20803.0
2005,مواد تنظيف (أومو ،نظيف ،دينول(,National,13982.0
2005,مواد تنظيف (أومو ،نظيف ،دينول(,North East,14342.0
2005,مواد تنظيف (أومو ،نظيف ،دينول(,North West,9102.0
2005,مواد تنظيف (أومو ،نظيف ،دينول(,South East,11106.0
2005,مواد تنظيف (أومو ،نظيف ،دينول(,South West,12376.0
2005,مواد صيدلية أخرى,Centre East,10105.0
2005,مواد صيدلية أخرى,Centre West,3515.0
2005,مواد صيدلية أخرى,Grand Tunis,11388.0
2005,مواد صيدلية أخرى,National,8178.0
2005,مواد صيدلية أخرى,North East,7698.0
2005,مواد صيدلية أخرى,North West,5089.0
2005,مواد صيدلية أخرى,South East,5939.0
2005,مواد صيدلية أخرى,South West,10151.0
2005,موز,Centre East,4135.0
2005,موز,Centre West,1487.0
2005,موز,Grand Tunis,7200.0
2005,موز,National,4121.0
2005,موز,North East,3253.0
2005,موز,North West,2536.0
2005,موز,South East,3804.0
2005,موز,South West,4023.0
2005,نعل (صباط(,Centre East,26317.0
2005,نعل (صباط(,Centre West,10819.0
2005,نعل (صباط(,Grand Tunis,31036.0
2005,نعل (صباط(,National,22325.0
2005,نعل (صباط(,North East,20036.0
2005,نعل (صباط(,North West,15319.0
2005,نعل (صباط(,South East,22935.0
2005,نعل (صباط(,South West,18474.0
2005,نفقات أخرى,Centre East,9111.0
2005,نفقات أخرى,Centre West,5722.0
2005,نفقات أخرى,Grand Tunis,7125.0
2005,نفقات أخرى,National,9057.0
2005,نفقات أخرى,North East,9357.0
2005,نفقات أخرى,North West,7092.0
2005,نفقات أخرى,South East,21570.0
2005,نفقات أخرى,South West,7741.0
2005,نفقات استثنائية لجراحة و تركيب األسنان,Centre East,823.0
2005,نفقات استثنائية لجراحة و تركيب األسنان,Centre West,989.0
2005,نفقات استثنائية لجراحة و تركيب األسنان,Grand Tunis,1047.0
2005,نفقات استثنائية لجراحة و تركيب األسنان,National,837.0
2005,نفقات استثنائية لجراحة و تركيب األسنان,North East,625.0
2005,نفقات استثنائية لجراحة و تركيب األسنان,North West,563.0
2005,نفقات استثنائية لجراحة و تركيب األسنان,South East,1068.0
2005,نفقات استثنائية لجراحة و تركيب األسنان,South West,418.0
2005,نفقات استثنائية للتصوير,Centre East,1703.0
2005,نفقات استثنائية للتصوير,Centre West,2459.0
2005,نفقات استثنائية للتصوير,Grand Tunis,1028.0
2005,نفقات استثنائية للتصوير,National,1474.0
2005,نفقات استثنائية للتصوير,North East,891.0
2005,نفقات استثنائية للتصوير,North West,1213.0
2005,نفقات استثنائية للتصوير,South East,1645.0
2005,نفقات استثنائية للتصوير,South West,1697.0
2005,نفقات التعليم المدرسي,Centre East,45064.0
2005,نفقات التعليم المدرسي,Centre West,25182.0
2005,نفقات التعليم المدرسي,Grand Tunis,50441.0
2005,نفقات التعليم المدرسي,National,39011.0
2005,نفقات التعليم المدرسي,North East,35924.0
2005,نفقات التعليم المدرسي,North West,31242.0
2005,نفقات التعليم المدرسي,South East,32828.0
2005,نفقات التعليم المدرسي,South West,36203.0
2005,نفقات التكوين المهني,Centre East,3525.0
2005,نفقات التكوين المهني,Centre West,709.0
2005,نفقات التكوين المهني,Grand Tunis,4222.0
2005,نفقات التكوين المهني,National,2672.0
2005,نفقات التكوين المهني,North East,2072.0
2005,نفقات التكوين المهني,North West,1979.0
2005,نفقات التكوين المهني,South East,2316.0
2005,نفقات التكوين المهني,South West,1254.0
2005,نفقات الخياطة و مستلزماتها,Centre East,9118.0
2005,نفقات الخياطة و مستلزماتها,Centre West,960.0
2005,نفقات الخياطة و مستلزماتها,Grand Tunis,1349.0
2005,نفقات الخياطة و مستلزماتها,National,3461.0
2005,نفقات الخياطة و مستلزماتها,North East,4223.0
2005,نفقات الخياطة و مستلزماتها,North West,491.0
2005,نفقات الخياطة و مستلزماتها,South East,1931.0
2005,نفقات الخياطة و مستلزماتها,South West,1233.0
2005,نفقات الدراسة والتعليم,Centre East,59454.0
2005,نفقات الدراسة والتعليم,Centre West,28016.0
2005,نفقات الدراسة والتعليم,Grand Tunis,70398.0
2005,نفقات الدراسة والتعليم,National,50185.0
2005,نفقات الدراسة والتعليم,North East,44301.0
2005,نفقات الدراسة والتعليم,North West,36919.0
2005,نفقات الدراسة والتعليم,South East,41162.0
2005,نفقات الدراسة والتعليم,South West,42382.0
2005,نفقات السكن,Centre East,499140.0
2005,نفقات السكن,Centre West,236586.0
2005,نفقات السكن,Grand Tunis,559273.0
2005,نفقات السكن,National,414308.0
2005,نفقات السكن,North East,316214.0
2005,نفقات السكن,North West,300722.0
2005,نفقات السكن,South East,450239.0
2005,نفقات السكن,South West,339959.0
2005,نفقات الصيانة و تصليح السكن,Centre East,71608.0
2005,نفقات الصيانة و تصليح السكن,Centre West,27248.0
2005,نفقات الصيانة و تصليح السكن,Grand Tunis,59102.0
2005,نفقات الصيانة و تصليح السكن,National,53046.0
2005,نفقات الصيانة و تصليح السكن,North East,36097.0
2005,نفقات الصيانة و تصليح السكن,North West,45119.0
2005,نفقات الصيانة و تصليح السكن,South East,81051.0
2005,نفقات الصيانة و تصليح السكن,South West,29083.0
2005,نفقات الطاقة للمسكن,Centre East,68235.0
2005,نفقات الطاقة للمسكن,Centre West,42534.0
2005,نفقات الطاقة للمسكن,Grand Tunis,103404.0
2005,نفقات الطاقة للمسكن,National,66379.0
2005,نفقات الطاقة للمسكن,North East,62004.0
2005,نفقات الطاقة للمسكن,North West,36110.0
2005,نفقات الطاقة للمسكن,South East,59619.0
2005,نفقات الطاقة للمسكن,South West,53597.0
2005,نفقات الطاقة و المحروقات,Centre East,92795.0
2005,نفقات الطاقة و المحروقات,Centre West,60649.0
2005,نفقات الطاقة و المحروقات,Grand Tunis,123739.0
2005,نفقات الطاقة و المحروقات,National,88956.0
2005,نفقات الطاقة و المحروقات,North East,85358.0
2005,نفقات الطاقة و المحروقات,North West,65858.0
2005,نفقات الطاقة و المحروقات,South East,79017.0
2005,نفقات الطاقة و المحروقات,South West,75890.0
2005,نفقات العدول ونفقات القضأيا والمحاكم,Centre East,778.0
2005,نفقات العدول ونفقات القضأيا والمحاكم,Centre West,21.0
2005,نفقات العدول ونفقات القضأيا والمحاكم,Grand Tunis,578.0
2005,نفقات العدول ونفقات القضأيا والمحاكم,National,553.0
2005,نفقات العدول ونفقات القضأيا والمحاكم,North East,258.0
2005,نفقات العدول ونفقات القضأيا والمحاكم,North West,510.0
2005,نفقات العدول ونفقات القضأيا والمحاكم,South East,1550.0
2005,نفقات العدول ونفقات القضأيا والمحاكم,South West,9.0
2005,نفقات العطل خارج النزل,Centre East,3599.0
2005,نفقات العطل خارج النزل,Centre West,3333.0
2005,نفقات العطل خارج النزل,Grand Tunis,10592.0
2005,نفقات العطل خارج النزل,National,4684.0
2005,نفقات العطل خارج النزل,North East,1190.0
2005,نفقات العطل خارج النزل,North West,2347.0
2005,نفقات العطل خارج النزل,South East,3572.0
2005,نفقات العطل خارج النزل,South West,3898.0
2005,نفقات العطل في النزل,Centre East,2172.0
2005,نفقات العطل في النزل,Centre West,369.0
2005,نفقات العطل في النزل,Grand Tunis,3937.0
2005,نفقات العطل في النزل,National,1617.0
2005,نفقات العطل في النزل,North East,283.0
2005,نفقات العطل في النزل,North West,82.0
2005,نفقات العطل في النزل,South East,1134.0
2005,نفقات العطل في النزل,South West,403.0
2005,نفقات العطل والخالعة والمنحة السياحية,Centre East,13879.0
2005,نفقات العطل والخالعة والمنحة السياحية,Centre West,7768.0
2005,نفقات العطل والخالعة والمنحة السياحية,Grand Tunis,26277.0
2005,نفقات العطل والخالعة والمنحة السياحية,National,14597.0
2005,نفقات العطل والخالعة والمنحة السياحية,North East,9868.0
2005,نفقات العطل والخالعة والمنحة السياحية,North West,7413.0
2005,نفقات العطل والخالعة والمنحة السياحية,South East,16461.0
2005,نفقات العطل والخالعة والمنحة السياحية,South West,10762.0
2005,نفقات المناسبات العائلية,Centre East,8654.0
2005,نفقات المناسبات العائلية,Centre West,3705.0
2005,نفقات المناسبات العائلية,Grand Tunis,6238.0
2005,نفقات المناسبات العائلية,National,6340.0
2005,نفقات المناسبات العائلية,North East,8686.0
2005,نفقات المناسبات العائلية,North West,6072.0
2005,نفقات المناسبات العائلية,South East,3350.0
2005,نفقات المناسبات العائلية,South West,3481.0
2005,نفقات المواصالت,Centre East,75682.0
2005,نفقات المواصالت,Centre West,36707.0
2005,نفقات المواصالت,Grand Tunis,96530.0
2005,نفقات المواصالت,National,67339.0
2005,نفقات المواصالت,North East,59144.0
2005,نفقات المواصالت,North West,48163.0
2005,نفقات المواصالت,South East,63972.0
2005,نفقات المواصالت,South West,56492.0
2005,نفقات النقل الخاص,Centre East,165884.0
2005,نفقات النقل الخاص,Centre West,59184.0
2005,نفقات النقل الخاص,Grand Tunis,203652.0
2005,نفقات النقل الخاص,National,128562.0
2005,نفقات النقل الخاص,North East,99560.0
2005,نفقات النقل الخاص,North West,49101.0
2005,نفقات النقل الخاص,South East,143810.0
2005,نفقات النقل الخاص,South West,59121.0
2005,نفقات النقل العمومي,Centre East,67846.0
2005,نفقات النقل العمومي,Centre West,48152.0
2005,نفقات النقل العمومي,Grand Tunis,80091.0
2005,نفقات النقل العمومي,National,66054.0
2005,نفقات النقل العمومي,North East,63881.0
2005,نفقات النقل العمومي,North West,59410.0
2005,نفقات النقل العمومي,South East,77673.0
2005,نفقات النقل العمومي,South West,45901.0
2005,نفقات الهاتف العمومي,Centre East,718.0
2005,نفقات الهاتف العمومي,Centre West,827.0
2005,نفقات الهاتف العمومي,Grand Tunis,2588.0
2005,نفقات الهاتف العمومي,National,1372.0
2005,نفقات الهاتف العمومي,North East,1326.0
2005,نفقات الهاتف العمومي,North West,1505.0
2005,نفقات الهاتف العمومي,South East,824.0
2005,نفقات الهاتف العمومي,South West,1135.0
2005,نفقات الوالدة,Centre East,2557.0
2005,نفقات الوالدة,Centre West,560.0
2005,نفقات الوالدة,Grand Tunis,3042.0
2005,نفقات الوالدة,National,1793.0
2005,نفقات الوالدة,North East,2036.0
2005,نفقات الوالدة,North West,580.0
2005,نفقات الوالدة,South East,833.0
2005,نفقات الوالدة,South West,224.0
2005,نفقات بناء مسكن,Centre East,80788.0
2005,نفقات بناء مسكن,Centre West,19581.0
2005,نفقات بناء مسكن,Grand Tunis,6046.0
2005,نفقات بناء مسكن,National,33391.0
2005,نفقات بناء مسكن,North East,5978.0
2005,نفقات بناء مسكن,North West,26714.0
2005,نفقات بناء مسكن,South East,58124.0
2005,نفقات بناء مسكن,South West,27929.0
2005,نفقات تعليم أخرى,Centre East,3820.0
2005,نفقات تعليم أخرى,Centre West,239.0
2005,نفقات تعليم أخرى,Grand Tunis,3863.0
2005,نفقات تعليم أخرى,National,2679.0
2005,نفقات تعليم أخرى,North East,1966.0
2005,نفقات تعليم أخرى,North West,1857.0
2005,نفقات تعليم أخرى,South East,3216.0
2005,نفقات تعليم أخرى,South West,1826.0
2005,نفقات ثقافية,Centre East,9025.0
2005,نفقات ثقافية,Centre West,5428.0
2005,نفقات ثقافية,Grand Tunis,12197.0
2005,نفقات ثقافية,National,8377.0
2005,نفقات ثقافية,North East,7718.0
2005,نفقات ثقافية,North West,3040.0
2005,نفقات ثقافية,South East,11483.0
2005,نفقات ثقافية,South West,5132.0
2005,نفقات شراء أرض لبناء مسكن,Centre East,14238.0
2005,نفقات شراء أرض لبناء مسكن,Centre West,11523.0
2005,نفقات شراء أرض لبناء مسكن,Grand Tunis,11985.0
2005,نفقات شراء أرض لبناء مسكن,National,8168.0
2005,نفقات شراء أرض لبناء مسكن,North East,285.0
2005,نفقات شراء أرض لبناء مسكن,North West,401.0
2005,نفقات شراء أرض لبناء مسكن,South East,4605.0
2005,نفقات شراء أرض لبناء مسكن,South West,2244.0
2005,نفقات شراء الماء (صهريج ،قرباجي(...,Centre East,2132.0
2005,نفقات شراء الماء (صهريج ،قرباجي(...,Centre West,6624.0
2005,نفقات شراء الماء (صهريج ،قرباجي(...,Grand Tunis,190.0
2005,نفقات شراء الماء (صهريج ،قرباجي(...,National,1907.0
2005,نفقات شراء الماء (صهريج ،قرباجي(...,North East,736.0
2005,نفقات شراء الماء (صهريج ،قرباجي(...,North West,1452.0
2005,نفقات شراء الماء (صهريج ،قرباجي(...,South East,1978.0
2005,نفقات شراء الماء (صهريج ،قرباجي(...,South West,346.0
2005,نفقات شراء مسكن,Centre East,826.0
2005,نفقات شراء مسكن,Centre West,2990.0
2005,نفقات شراء مسكن,Grand Tunis,42970.0
2005,نفقات شراء مسكن,National,11343.0
2005,نفقات شراء مسكن,North East,330.0
2005,نفقات شراء مسكن,North West,2657.0
2005,نفقات شراء مسكن,South East,2989.0
2005,نفقات شراء مسكن,South West,5539.0
2005,نفقات عالج أمراض مزمنة,Centre East,20429.0
2005,نفقات عالج أمراض مزمنة,Centre West,11043.0
2005,نفقات عالج أمراض مزمنة,Grand Tunis,20726.0
2005,نفقات عالج أمراض مزمنة,National,16677.0
2005,نفقات عالج أمراض مزمنة,North East,18822.0
2005,نفقات عالج أمراض مزمنة,North West,15544.0
2005,نفقات عالج أمراض مزمنة,South East,7987.0
2005,نفقات عالج أمراض مزمنة,South West,10185.0
2005,نفقات عالج و جراحة األسنان,Centre East,665.0
2005,نفقات عالج و جراحة األسنان,Centre West,599.0
2005,نفقات عالج و جراحة األسنان,Grand Tunis,2507.0
2005,نفقات عالج و جراحة األسنان,National,1506.0
2005,نفقات عالج و جراحة األسنان,North East,2331.0
2005,نفقات عالج و جراحة األسنان,North West,1333.0
2005,نفقات عالج و جراحة األسنان,South East,2199.0
2005,نفقات عالج و جراحة األسنان,South West,230.0
2005,نفقات لفحوصات األطباء,Centre East,24811.0
2005,نفقات لفحوصات األطباء,Centre West,11104.0
2005,نفقات لفحوصات األطباء,Grand Tunis,26791.0
2005,نفقات لفحوصات األطباء,National,21188.0
2005,نفقات لفحوصات األطباء,North East,20627.0
2005,نفقات لفحوصات األطباء,North West,14468.0
2005,نفقات لفحوصات األطباء,South East,26876.0
2005,نفقات لفحوصات األطباء,South West,14764.0
2005,نفقات معاليم ما قبل الدراسة,Centre East,7044.0
2005,نفقات معاليم ما قبل الدراسة,Centre West,1882.0
2005,نفقات معاليم ما قبل الدراسة,Grand Tunis,11871.0
2005,نفقات معاليم ما قبل الدراسة,National,5819.0
2005,نفقات معاليم ما قبل الدراسة,North East,4334.0
2005,نفقات معاليم ما قبل الدراسة,North West,1838.0
2005,نفقات معاليم ما قبل الدراسة,South East,2799.0
2005,نفقات معاليم ما قبل الدراسة,South West,3091.0
2005,نفقات نجارة و بلور و مواد حديدية,Centre East,5107.0
2005,نفقات نجارة و بلور و مواد حديدية,Centre West,1268.0
2005,نفقات نجارة و بلور و مواد حديدية,Grand Tunis,3064.0
2005,نفقات نجارة و بلور و مواد حديدية,National,3146.0
2005,نفقات نجارة و بلور و مواد حديدية,North East,1937.0
2005,نفقات نجارة و بلور و مواد حديدية,North West,2800.0
2005,نفقات نجارة و بلور و مواد حديدية,South East,3332.0
2005,نفقات نجارة و بلور و مواد حديدية,South West,3526.0
2005,نفقات نقل غير دورية,Centre East,53710.0
2005,نفقات نقل غير دورية,Centre West,40892.0
2005,نفقات نقل غير دورية,Grand Tunis,54827.0
2005,نفقات نقل غير دورية,National,51239.0
2005,نفقات نقل غير دورية,North East,49766.0
2005,نفقات نقل غير دورية,North West,49794.0
2005,نفقات نقل غير دورية,South East,62842.0
2005,نفقات نقل غير دورية,South West,39488.0
2005,نقل ريفي,Centre East,7207.0
2005,نقل ريفي,Centre West,13822.0
2005,نقل ريفي,Grand Tunis,2194.0
2005,نقل ريفي,National,10810.0
2005,نقل ريفي,North East,17303.0
2005,نقل ريفي,North West,23789.0
2005,نقل ريفي,South East,11191.0
2005,نقل ريفي,South West,8389.0
2005,هريسة,Centre East,1872.0
2005,هريسة,Centre West,1622.0
2005,هريسة,Grand Tunis,3352.0
2005,هريسة,National,2183.0
2005,هريسة,North East,1872.0
2005,هريسة,North West,2288.0
2005,هريسة,South East,1750.0
2005,هريسة,South West,1319.0
2005,هندي,Centre East,1533.0
2005,هندي,Centre West,1207.0
2005,هندي,Grand Tunis,626.0
2005,هندي,National,1155.0
2005,هندي,North East,888.0
2005,هندي,North West,2862.0
2005,هندي,South East,144.0
2005,هندي,South West,304.0
2005,هوائي,Centre East,829.0
2005,هوائي,Centre West,530.0
2005,هوائي,Grand Tunis,471.0
2005,هوائي,National,629.0
2005,هوائي,North East,413.0
2005,هوائي,North West,1011.0
2005,هوائي,South East,353.0
2005,هوائي,South West,858.0
2010,"""لحم مفروم و مرقاز و ""سالمي",Centre East,3796.0
2010,"""لحم مفروم و مرقاز و ""سالمي",Centre West,280.0
2010,"""لحم مفروم و مرقاز و ""سالمي",Grand Tunis,6282.0
2010,"""لحم مفروم و مرقاز و ""سالمي",National,2741.0
2010,"""لحم مفروم و مرقاز و ""سالمي",North East,1690.0
2010,"""لحم مفروم و مرقاز و ""سالمي",North West,391.0
2010,"""لحم مفروم و مرقاز و ""سالمي",South East,586.0
2010,"""لحم مفروم و مرقاز و ""سالمي",South West,469.0
2010,(...األحذية و أغطية القدم (جلدية ،بالستيك,Centre East,67412.0
2010,(...األحذية و أغطية القدم (جلدية ،بالستيك,Centre West,41564.0
2010,(...األحذية و أغطية القدم (جلدية ،بالستيك,Grand Tunis,69868.0
2010,(...األحذية و أغطية القدم (جلدية ،بالستيك,National,57701.0
2010,(...األحذية و أغطية القدم (جلدية ،بالستيك,North East,53419.0
2010,(...األحذية و أغطية القدم (جلدية ،بالستيك,North West,42546.0
2010,(...األحذية و أغطية القدم (جلدية ،بالستيك,South East,61886.0
2010,(...األحذية و أغطية القدم (جلدية ،بالستيك,South West,40126.0
2010,(...شكالطة (طوابع ،غبرة ،شوكولين,Centre East,1919.0
2010,(...شكالطة (طوابع ،غبرة ،شوكولين,Centre West,766.0
2010,(...شكالطة (طوابع ،غبرة ،شوكولين,Grand Tunis,2864.0
2010,(...شكالطة (طوابع ،غبرة ،شوكولين,National,1766.0
2010,(...شكالطة (طوابع ،غبرة ،شوكولين,North East,1896.0
2010,(...شكالطة (طوابع ،غبرة ،شوكولين,North West,869.0
2010,(...شكالطة (طوابع ،غبرة ،شوكولين,South East,1395.0
2010,(...شكالطة (طوابع ،غبرة ،شوكولين,South West,1074.0
2010,(آلة تسخين (بالكهرباء ،بالغاز ،أو البترول,Centre East,260.0
2010,(آلة تسخين (بالكهرباء ،بالغاز ،أو البترول,Centre West,230.0
2010,(آلة تسخين (بالكهرباء ،بالغاز ،أو البترول,Grand Tunis,1127.0
2010,(آلة تسخين (بالكهرباء ،بالغاز ،أو البترول,National,579.0
2010,(آلة تسخين (بالكهرباء ،بالغاز ،أو البترول,North East,184.0
2010,(آلة تسخين (بالكهرباء ،بالغاز ،أو البترول,North West,1334.0
2010,(آلة تسخين (بالكهرباء ،بالغاز ،أو البترول,South East,108.0
2010,(آلة تسخين (بالكهرباء ،بالغاز ،أو البترول,South West,673.0
2010,(بن مستحضرة سريعة الذوبان (نسكافي,Centre East,3242.0
2010,(بن مستحضرة سريعة الذوبان (نسكافي,Centre West,723.0
2010,(بن مستحضرة سريعة الذوبان (نسكافي,Grand Tunis,6698.0
2010,(بن مستحضرة سريعة الذوبان (نسكافي,National,3271.0
2010,(بن مستحضرة سريعة الذوبان (نسكافي,North East,4142.0
2010,(بن مستحضرة سريعة الذوبان (نسكافي,North West,1183.0
2010,(بن مستحضرة سريعة الذوبان (نسكافي,South East,1330.0
2010,(بن مستحضرة سريعة الذوبان (نسكافي,South West,528.0
2010,(شاي جاف أسود (حشيشة,Centre East,7481.0
2010,(شاي جاف أسود (حشيشة,Centre West,9461.0
2010,(شاي جاف أسود (حشيشة,Grand Tunis,2920.0
2010,(شاي جاف أسود (حشيشة,National,6359.0
2010,(شاي جاف أسود (حشيشة,North East,6464.0
2010,(شاي جاف أسود (حشيشة,North West,7608.0
2010,(شاي جاف أسود (حشيشة,South East,4639.0
2010,(شاي جاف أسود (حشيشة,South West,8535.0
2010,(شورط (تبان,Centre East,1453.0
2010,(شورط (تبان,Centre West,1075.0
2010,(شورط (تبان,Grand Tunis,1009.0
2010,(شورط (تبان,National,1166.0
2010,(شورط (تبان,North East,1268.0
2010,(شورط (تبان,North West,883.0
2010,(شورط (تبان,South East,1599.0
2010,(شورط (تبان,South West,460.0
2010,(عصير غالل (قارورة  ،باكوات,Centre East,3945.0
2010,(عصير غالل (قارورة  ،باكوات,Centre West,1454.0
2010,(عصير غالل (قارورة  ،باكوات,Grand Tunis,10183.0
2010,(عصير غالل (قارورة  ،باكوات,National,5473.0
2010,(عصير غالل (قارورة  ،باكوات,North East,3331.0
2010,(عصير غالل (قارورة  ،باكوات,North West,2683.0
2010,(عصير غالل (قارورة  ،باكوات,South East,10688.0
2010,(عصير غالل (قارورة  ،باكوات,South West,4429.0
2010,(منديلة (ميدعة,Centre East,2221.0
2010,(منديلة (ميدعة,Centre West,1275.0
2010,(منديلة (ميدعة,Grand Tunis,1669.0
2010,(منديلة (ميدعة,National,1726.0
2010,(منديلة (ميدعة,North East,1754.0
2010,(منديلة (ميدعة,North West,1355.0
2010,(منديلة (ميدعة,South East,1863.0
2010,(منديلة (ميدعة,South West,1430.0
2010,آلة غسل المالبس,Centre East,1709.0
2010,آلة غسل المالبس,Centre West,588.0
2010,آلة غسل المالبس,Grand Tunis,1576.0
2010,آلة غسل المالبس,National,1385.0
2010,آلة غسل المالبس,North East,1436.0
2010,آلة غسل المالبس,North West,621.0
2010,آلة غسل المالبس,South East,2119.0
2010,آلة غسل المالبس,South West,1385.0
2010,أثاث األسرة,Centre East,55442.0
2010,أثاث األسرة,Centre West,31670.0
2010,أثاث األسرة,Grand Tunis,41754.0
2010,أثاث األسرة,National,40389.0
2010,أثاث األسرة,North East,29056.0
2010,أثاث األسرة,North West,20887.0
2010,أثاث األسرة,South East,50198.0
2010,أثاث األسرة,South West,44943.0
2010,أثاث األسرة و المفروشات,Centre East,55442.0
2010,أثاث األسرة و المفروشات,Centre West,31670.0
2010,أثاث األسرة و المفروشات,Grand Tunis,41754.0
2010,أثاث األسرة و المفروشات,National,40389.0
2010,أثاث األسرة و المفروشات,North East,29056.0
2010,أثاث األسرة و المفروشات,North West,20887.0
2010,أثاث األسرة و المفروشات,South East,50198.0
2010,أثاث األسرة و المفروشات,South West,44943.0
2010,أثاث كامل آخر(بيت جلوس ،جرايات و,Centre East,3652.0
2010,أثاث كامل آخر(بيت جلوس ،جرايات و,Centre West,2422.0
2010,أثاث كامل آخر(بيت جلوس ،جرايات و,Grand Tunis,4525.0
2010,أثاث كامل آخر(بيت جلوس ،جرايات و,National,3402.0
2010,أثاث كامل آخر(بيت جلوس ،جرايات و,North East,2370.0
2010,أثاث كامل آخر(بيت جلوس ،جرايات و,North West,591.0
2010,أثاث كامل آخر(بيت جلوس ،جرايات و,South East,5865.0
2010,أثاث كامل آخر(بيت جلوس ،جرايات و,South West,4353.0
2010,أدوات التزويق,Centre East,4684.0
2010,أدوات التزويق,Centre West,1982.0
2010,أدوات التزويق,Grand Tunis,2077.0
2010,أدوات التزويق,National,3415.0
2010,أدوات التزويق,North East,2405.0
2010,أدوات التزويق,North West,2559.0
2010,أدوات التزويق,South East,6533.0
2010,أدوات التزويق,South West,6245.0
2010,أدوات الصيانة الشخصية,Centre East,3386.0
2010,أدوات الصيانة الشخصية,Centre West,1498.0
2010,أدوات الصيانة الشخصية,Grand Tunis,4373.0
2010,أدوات الصيانة الشخصية,National,2980.0
2010,أدوات الصيانة الشخصية,North East,2381.0
2010,أدوات الصيانة الشخصية,North West,2687.0
2010,أدوات الصيانة الشخصية,South East,1554.0
2010,أدوات الصيانة الشخصية,South West,3441.0
2010,أدوات المطبخ,Centre East,9651.0
2010,أدوات المطبخ,Centre West,4614.0
2010,أدوات المطبخ,Grand Tunis,12179.0
2010,أدوات المطبخ,National,9568.0
2010,أدوات المطبخ,North East,8432.0
2010,أدوات المطبخ,North West,5956.0
2010,أدوات المطبخ,South East,15855.0
2010,أدوات المطبخ,South West,10158.0
2010,أدوات طبية,Centre East,3266.0
2010,أدوات طبية,Centre West,563.0
2010,أدوات طبية,Grand Tunis,2133.0
2010,أدوات طبية,National,2222.0
2010,أدوات طبية,North East,1249.0
2010,أدوات طبية,North West,513.0
2010,أدوات طبية,South East,6484.0
2010,أدوات طبية,South West,1164.0
2010,أدوية و مواد صيدلية أخرى,Centre East,81666.0
2010,أدوية و مواد صيدلية أخرى,Centre West,48499.0
2010,أدوية و مواد صيدلية أخرى,Grand Tunis,58369.0
2010,أدوية و مواد صيدلية أخرى,National,60853.0
2010,أدوية و مواد صيدلية أخرى,North East,46954.0
2010,أدوية و مواد صيدلية أخرى,North West,41983.0
2010,أدوية و مواد صيدلية أخرى,South East,86736.0
2010,أدوية و مواد صيدلية أخرى,South West,44952.0
2010,أرز,Centre East,4715.0
2010,أرز,Centre West,3861.0
2010,أرز,Grand Tunis,6583.0
2010,أرز,National,4975.0
2010,أرز,North East,4702.0
2010,أرز,North West,3234.0
2010,أرز,South East,4985.0
2010,أرز,South West,6274.0
2010,أكلة في مطعم,Centre East,6243.0
2010,أكلة في مطعم,Centre West,1038.0
2010,أكلة في مطعم,Grand Tunis,12377.0
2010,أكلة في مطعم,National,5732.0
2010,أكلة في مطعم,North East,5547.0
2010,أكلة في مطعم,North West,1809.0
2010,أكلة في مطعم,South East,2501.0
2010,أكلة في مطعم,South West,1000.0
2010,ألعاب ومشاهد,Centre East,6516.0
2010,ألعاب ومشاهد,Centre West,1621.0
2010,ألعاب ومشاهد,Grand Tunis,9499.0
2010,ألعاب ومشاهد,National,5245.0
2010,ألعاب ومشاهد,North East,2964.0
2010,ألعاب ومشاهد,North West,4565.0
2010,ألعاب ومشاهد,South East,2198.0
2010,ألعاب ومشاهد,South West,2963.0
2010,أوراق البسباس األخضر,Centre East,654.0
2010,أوراق البسباس األخضر,Centre West,69.0
2010,أوراق البسباس األخضر,Grand Tunis,20.0
2010,أوراق البسباس األخضر,National,226.0
2010,أوراق البسباس األخضر,North East,0.0
2010,أوراق البسباس األخضر,North West,12.0
2010,أوراق البسباس األخضر,South East,576.0
2010,أوراق البسباس األخضر,South West,101.0
2010,إجاص,Centre East,4796.0
2010,إجاص,Centre West,3426.0
2010,إجاص,Grand Tunis,3895.0
2010,إجاص,National,3691.0
2010,إجاص,North East,2317.0
2010,إجاص,North West,2709.0
2010,إجاص,South East,4006.0
2010,إجاص,South West,3795.0
2010,األجبان,Centre East,5865.0
2010,األجبان,Centre West,2468.0
2010,األجبان,Grand Tunis,16720.0
2010,األجبان,National,8120.0
2010,األجبان,North East,7694.0
2010,األجبان,North West,3354.0
2010,األجبان,South East,8131.0
2010,األجبان,South West,6133.0
2010,األحذية وأغطية القدم (جلدية ،قماش)...,Centre East,67412.0
2010,األحذية وأغطية القدم (جلدية ،قماش)...,Centre West,41564.0
2010,األحذية وأغطية القدم (جلدية ،قماش)...,Grand Tunis,69868.0
2010,األحذية وأغطية القدم (جلدية ،قماش)...,National,57701.0
2010,األحذية وأغطية القدم (جلدية ،قماش)...,North East,53419.0
2010,األحذية وأغطية القدم (جلدية ،قماش)...,North West,42546.0
2010,األحذية وأغطية القدم (جلدية ،قماش)...,South East,61886.0
2010,األحذية وأغطية القدم (جلدية ،قماش)...,South West,40126.0
2010,األقمشة و الصوف,Centre East,3934.0
2010,األقمشة و الصوف,Centre West,856.0
2010,األقمشة و الصوف,Grand Tunis,3064.0
2010,األقمشة و الصوف,National,2185.0
2010,األقمشة و الصوف,North East,795.0
2010,األقمشة و الصوف,North West,416.0
2010,األقمشة و الصوف,South East,2467.0
2010,األقمشة و الصوف,South West,1040.0
2010,األقمشة والصوف,Centre East,3934.0
2010,األقمشة والصوف,Centre West,856.0
2010,األقمشة والصوف,Grand Tunis,3064.0
2010,األقمشة والصوف,National,2185.0
2010,األقمشة والصوف,North East,795.0
2010,األقمشة والصوف,North West,416.0
2010,األقمشة والصوف,South East,2467.0
2010,األقمشة والصوف,South West,1040.0
2010,االتصاالت,Centre East,161712.0
2010,االتصاالت,Centre West,83726.0
2010,االتصاالت,Grand Tunis,203464.0
2010,االتصاالت,National,140862.0
2010,االتصاالت,North East,116512.0
2010,االتصاالت,North West,85962.0
2010,االتصاالت,South East,136617.0
2010,االتصاالت,South West,110534.0
2010,االستخالص لقرض سكني,Centre East,39206.0
2010,االستخالص لقرض سكني,Centre West,14711.0
2010,االستخالص لقرض سكني,Grand Tunis,38729.0
2010,االستخالص لقرض سكني,National,25326.0
2010,االستخالص لقرض سكني,North East,17579.0
2010,االستخالص لقرض سكني,North West,9647.0
2010,االستخالص لقرض سكني,South East,9879.0
2010,االستخالص لقرض سكني,South West,13833.0
2010,االشتراكات المدرسية,Centre East,3443.0
2010,االشتراكات المدرسية,Centre West,2944.0
2010,االشتراكات المدرسية,Grand Tunis,5343.0
2010,االشتراكات المدرسية,National,4639.0
2010,االشتراكات المدرسية,North East,5249.0
2010,االشتراكات المدرسية,North West,5725.0
2010,االشتراكات المدرسية,South East,6312.0
2010,االشتراكات المدرسية,South West,4256.0
2010,االشتراكات غير المدرسية,Centre East,22480.0
2010,االشتراكات غير المدرسية,Centre West,7141.0
2010,االشتراكات غير المدرسية,Grand Tunis,21431.0
2010,االشتراكات غير المدرسية,National,16257.0
2010,االشتراكات غير المدرسية,North East,27373.0
2010,االشتراكات غير المدرسية,North West,4974.0
2010,االشتراكات غير المدرسية,South East,4885.0
2010,االشتراكات غير المدرسية,South West,4577.0
2010,االيجار واالستخالص والمعلوم البلدي,Centre East,452906.0
2010,االيجار واالستخالص والمعلوم البلدي,Centre West,173590.0
2010,االيجار واالستخالص والمعلوم البلدي,Grand Tunis,673956.0
2010,االيجار واالستخالص والمعلوم البلدي,National,397562.0
2010,االيجار واالستخالص والمعلوم البلدي,North East,356703.0
2010,االيجار واالستخالص والمعلوم البلدي,North West,235217.0
2010,االيجار واالستخالص والمعلوم البلدي,South East,269134.0
2010,االيجار واالستخالص والمعلوم البلدي,South West,198226.0
2010,ادوات أخرى,Centre East,6044.0
2010,ادوات أخرى,Centre West,3353.0
2010,ادوات أخرى,Grand Tunis,8279.0
2010,ادوات أخرى,National,5825.0
2010,ادوات أخرى,North East,4795.0
2010,ادوات أخرى,North West,4060.0
2010,ادوات أخرى,South East,6424.0
2010,ادوات أخرى,South West,5822.0
2010,ارجنتيار,Centre East,677.0
2010,ارجنتيار,Centre West,294.0
2010,ارجنتيار,Grand Tunis,506.0
2010,ارجنتيار,National,546.0
2010,ارجنتيار,North East,657.0
2010,ارجنتيار,North West,312.0
2010,ارجنتيار,South East,746.0
2010,ارجنتيار,South West,635.0
2010,البقول الخضراء,Centre East,4848.0
2010,البقول الخضراء,Centre West,4278.0
2010,البقول الخضراء,Grand Tunis,9627.0
2010,البقول الخضراء,National,6298.0
2010,البقول الخضراء,North East,6237.0
2010,البقول الخضراء,North West,6581.0
2010,البقول الخضراء,South East,4291.0
2010,البقول الخضراء,South West,6183.0
2010,البقول الشائحة,Centre East,9515.0
2010,البقول الشائحة,Centre West,10293.0
2010,البقول الشائحة,Grand Tunis,9423.0
2010,البقول الشائحة,National,10198.0
2010,البقول الشائحة,North East,9433.0
2010,البقول الشائحة,North West,10426.0
2010,البقول الشائحة,South East,13678.0
2010,البقول الشائحة,South West,11797.0
2010,البقول المصبرة,Centre East,206.0
2010,البقول المصبرة,Centre West,46.0
2010,البقول المصبرة,Grand Tunis,779.0
2010,البقول المصبرة,National,332.0
2010,البقول المصبرة,North East,227.0
2010,البقول المصبرة,North West,210.0
2010,البقول المصبرة,South East,241.0
2010,البقول المصبرة,South West,351.0
2010,البقول المنفخة,Centre East,1700.0
2010,البقول المنفخة,Centre West,553.0
2010,البقول المنفخة,Grand Tunis,3847.0
2010,البقول المنفخة,National,1699.0
2010,البقول المنفخة,North East,1107.0
2010,البقول المنفخة,North West,573.0
2010,البقول المنفخة,South East,725.0
2010,البقول المنفخة,South West,884.0
2010,البناء,Centre East,27589.0
2010,البناء,Centre West,22938.0
2010,البناء,Grand Tunis,14005.0
2010,البناء,National,20414.0
2010,البناء,North East,10598.0
2010,البناء,North West,16334.0
2010,البناء,South East,30742.0
2010,البناء,South West,27043.0
2010,التجهيز الصحي,Centre East,3589.0
2010,التجهيز الصحي,Centre West,1032.0
2010,التجهيز الصحي,Grand Tunis,4018.0
2010,التجهيز الصحي,National,2922.0
2010,التجهيز الصحي,North East,2124.0
2010,التجهيز الصحي,North West,1976.0
2010,التجهيز الصحي,South East,3062.0
2010,التجهيز الصحي,South West,3789.0
2010,التجهيز و التركيب الكهربائي,Centre East,2843.0
2010,التجهيز و التركيب الكهربائي,Centre West,1402.0
2010,التجهيز و التركيب الكهربائي,Grand Tunis,2303.0
2010,التجهيز و التركيب الكهربائي,National,2149.0
2010,التجهيز و التركيب الكهربائي,North East,2072.0
2010,التجهيز و التركيب الكهربائي,North West,1760.0
2010,التجهيز و التركيب الكهربائي,South East,1655.0
2010,التجهيز و التركيب الكهربائي,South West,2184.0
2010,الترفيه,Centre East,21173.0
2010,الترفيه,Centre West,6317.0
2010,الترفيه,Grand Tunis,26043.0
2010,الترفيه,National,16960.0
2010,الترفيه,North East,14675.0
2010,الترفيه,North West,8825.0
2010,الترفيه,South East,15044.0
2010,الترفيه,South West,12556.0
2010,الترفيه والثقافة,Centre East,49723.0
2010,الترفيه والثقافة,Centre West,12579.0
2010,الترفيه والثقافة,Grand Tunis,53310.0
2010,الترفيه والثقافة,National,35531.0
2010,الترفيه والثقافة,North East,25636.0
2010,الترفيه والثقافة,North West,20190.0
2010,الترفيه والثقافة,South East,28364.0
2010,الترفيه والثقافة,South West,25043.0
2010,التعليم,Centre East,65656.0
2010,التعليم,Centre West,29888.0
2010,التعليم,Grand Tunis,75819.0
2010,التعليم,National,53964.0
2010,التعليم,North East,45152.0
2010,التعليم,North West,39350.0
2010,التعليم,South East,41157.0
2010,التعليم,South West,44673.0
2010,التغذية,Centre East,839968.0
2010,التغذية,Centre West,558460.0
2010,التغذية,Grand Tunis,921218.0
2010,التغذية,National,763489.0
2010,التغذية,North East,721146.0
2010,التغذية,North West,612940.0
2010,التغذية,South East,742529.0
2010,التغذية,South West,726636.0
2010,التوابل الجافة,Centre East,4431.0
2010,التوابل الجافة,Centre West,3694.0
2010,التوابل الجافة,Grand Tunis,5430.0
2010,التوابل الجافة,National,4662.0
2010,التوابل الجافة,North East,3438.0
2010,التوابل الجافة,North West,3978.0
2010,التوابل الجافة,South East,5767.0
2010,التوابل الجافة,South West,7378.0
2010,الحليب االصطناعي,Centre East,44268.0
2010,الحليب االصطناعي,Centre West,15478.0
2010,الحليب االصطناعي,Grand Tunis,60753.0
2010,الحليب االصطناعي,National,41021.0
2010,الحليب االصطناعي,North East,42556.0
2010,الحليب االصطناعي,North West,24002.0
2010,الحليب االصطناعي,South East,41260.0
2010,الحليب االصطناعي,South West,37090.0
2010,الحليب المجفف,Centre East,1932.0
2010,الحليب المجفف,Centre West,541.0
2010,الحليب المجفف,Grand Tunis,1300.0
2010,الحليب المجفف,National,1347.0
2010,الحليب المجفف,North East,633.0
2010,الحليب المجفف,North West,1221.0
2010,الحليب المجفف,South East,2781.0
2010,الحليب المجفف,South West,719.0
2010,الحليب المركز,Centre East,130.0
2010,الحليب المركز,Centre West,64.0
2010,الحليب المركز,Grand Tunis,257.0
2010,الحليب المركز,National,209.0
2010,الحليب المركز,North East,127.0
2010,الحليب المركز,North West,126.0
2010,الحليب المركز,South East,209.0
2010,الحليب المركز,South West,1050.0
2010,الحليب و مشتقاته و البيض,Centre East,105194.0
2010,الحليب و مشتقاته و البيض,Centre West,57049.0
2010,الحليب و مشتقاته و البيض,Grand Tunis,144214.0
2010,الحليب و مشتقاته و البيض,National,105809.0
2010,الحليب و مشتقاته و البيض,North East,105866.0
2010,الحليب و مشتقاته و البيض,North West,82889.0
2010,الحليب و مشتقاته و البيض,South East,104538.0
2010,الحليب و مشتقاته و البيض,South West,113936.0
2010,الخضر الطازجة,Centre East,76097.0
2010,الخضر الطازجة,Centre West,55435.0
2010,الخضر الطازجة,Grand Tunis,92191.0
2010,الخضر الطازجة,National,75394.0
2010,الخضر الطازجة,North East,76053.0
2010,الخضر الطازجة,North West,70701.0
2010,الخضر الطازجة,South East,65557.0
2010,الخضر الطازجة,South West,74256.0
2010,الخضر المصبرة,Centre East,32541.0
2010,الخضر المصبرة,Centre West,27186.0
2010,الخضر المصبرة,Grand Tunis,36471.0
2010,الخضر المصبرة,National,33069.0
2010,الخضر المصبرة,North East,34608.0
2010,الخضر المصبرة,North West,32248.0
2010,الخضر المصبرة,South East,32871.0
2010,الخضر المصبرة,South West,33308.0
2010,الدهن و التبييض و صيانة األسطح,Centre East,12721.0
2010,الدهن و التبييض و صيانة األسطح,Centre West,3292.0
2010,الدهن و التبييض و صيانة األسطح,Grand Tunis,15396.0
2010,الدهن و التبييض و صيانة األسطح,National,9978.0
2010,الدهن و التبييض و صيانة األسطح,North East,6351.0
2010,الدهن و التبييض و صيانة األسطح,North West,4452.0
2010,الدهن و التبييض و صيانة األسطح,South East,13525.0
2010,الدهن و التبييض و صيانة األسطح,South West,6564.0
2010,الرعاية الشخصية,Centre East,77844.0
2010,الرعاية الشخصية,Centre West,47116.0
2010,الرعاية الشخصية,Grand Tunis,137397.0
2010,الرعاية الشخصية,National,83255.0
2010,الرعاية الشخصية,North East,71910.0
2010,الرعاية الشخصية,North West,55761.0
2010,الرعاية الشخصية,South East,70551.0
2010,الرعاية الشخصية,South West,72666.0
2010,الرعاية الصحية و الشخصية,Centre East,272286.0
2010,الرعاية الصحية و الشخصية,Centre West,157681.0
2010,الرعاية الصحية و الشخصية,Grand Tunis,292789.0
2010,الرعاية الصحية و الشخصية,National,227522.0
2010,الرعاية الصحية و الشخصية,North East,192600.0
2010,الرعاية الصحية و الشخصية,North West,140467.0
2010,الرعاية الصحية و الشخصية,South East,249479.0
2010,الرعاية الصحية و الشخصية,South West,166388.0
2010,الرعاية الصحية والشخصية,Centre East,272286.0
2010,الرعاية الصحية والشخصية,Centre West,157681.0
2010,الرعاية الصحية والشخصية,Grand Tunis,292789.0
2010,الرعاية الصحية والشخصية,National,227522.0
2010,الرعاية الصحية والشخصية,North East,192600.0
2010,الرعاية الصحية والشخصية,North West,140467.0
2010,الرعاية الصحية والشخصية,South East,249479.0
2010,الرعاية الصحية والشخصية,South West,166388.0
2010,الزيوت,Centre East,64627.0
2010,الزيوت,Centre West,50413.0
2010,الزيوت,Grand Tunis,37753.0
2010,الزيوت,National,48922.0
2010,الزيوت,North East,46224.0
2010,الزيوت,North West,37061.0
2010,الزيوت,South East,46799.0
2010,الزيوت,South West,60710.0
2010,السكر,Centre East,11312.0
2010,السكر,Centre West,13179.0
2010,السكر,Grand Tunis,11870.0
2010,السكر,National,13586.0
2010,السكر,North East,13889.0
2010,السكر,North West,16725.0
2010,السكر,South East,15283.0
2010,السكر,South West,21158.0
2010,السمك الطازج,Centre East,56154.0
2010,السمك الطازج,Centre West,10093.0
2010,السمك الطازج,Grand Tunis,27694.0
2010,السمك الطازج,National,27122.0
2010,السمك الطازج,North East,19788.0
2010,السمك الطازج,North West,8426.0
2010,السمك الطازج,South East,22942.0
2010,السمك الطازج,South West,7694.0
2010,الطماطم,Centre East,10438.0
2010,الطماطم,Centre West,8212.0
2010,الطماطم,Grand Tunis,12655.0
2010,الطماطم,National,10417.0
2010,الطماطم,North East,11001.0
2010,الطماطم,North West,10274.0
2010,الطماطم,South East,8349.0
2010,الطماطم,South West,8507.0
2010,الغالل الجافة,Centre East,4862.0
2010,الغالل الجافة,Centre West,7842.0
2010,الغالل الجافة,Grand Tunis,4801.0
2010,الغالل الجافة,National,4908.0
2010,الغالل الجافة,North East,2994.0
2010,الغالل الجافة,North West,4383.0
2010,الغالل الجافة,South East,3574.0
2010,الغالل الجافة,South West,6605.0
2010,الفواكه بالحبوب,Centre East,36598.0
2010,الفواكه بالحبوب,Centre West,27768.0
2010,الفواكه بالحبوب,Grand Tunis,36276.0
2010,الفواكه بالحبوب,National,31594.0
2010,الفواكه بالحبوب,North East,28061.0
2010,الفواكه بالحبوب,North West,26108.0
2010,الفواكه بالحبوب,South East,26477.0
2010,الفواكه بالحبوب,South West,28837.0
2010,الفواكه بالنواة,Centre East,7952.0
2010,الفواكه بالنواة,Centre West,4879.0
2010,الفواكه بالنواة,Grand Tunis,5614.0
2010,الفواكه بالنواة,National,6000.0
2010,الفواكه بالنواة,North East,5675.0
2010,الفواكه بالنواة,North West,5369.0
2010,الفواكه بالنواة,South East,6118.0
2010,الفواكه بالنواة,South West,4018.0
2010,القمح الصلب و مشتقاته,Centre East,31154.0
2010,القمح الصلب و مشتقاته,Centre West,35683.0
2010,القمح الصلب و مشتقاته,Grand Tunis,21512.0
2010,القمح الصلب و مشتقاته,National,29300.0
2010,القمح الصلب و مشتقاته,North East,27443.0
2010,القمح الصلب و مشتقاته,North West,29909.0
2010,القمح الصلب و مشتقاته,South East,33118.0
2010,القمح الصلب و مشتقاته,South West,35814.0
2010,القوارص,Centre East,10338.0
2010,القوارص,Centre West,8582.0
2010,القوارص,Grand Tunis,14801.0
2010,القوارص,National,10838.0
2010,القوارص,North East,9771.0
2010,القوارص,North West,9696.0
2010,القوارص,South East,9246.0
2010,القوارص,South West,9455.0
2010,المالبس,Centre East,264287.0
2010,المالبس,Centre West,156261.0
2010,المالبس,Grand Tunis,276628.0
2010,المالبس,National,224481.0
2010,المالبس,North East,199016.0
2010,المالبس,North West,152056.0
2010,المالبس,South East,248511.0
2010,المالبس,South West,177516.0
2010,المالبس واألحذية والمستلزمات الشخصية,Centre East,264287.0
2010,المالبس واألحذية والمستلزمات الشخصية,Centre West,156261.0
2010,المالبس واألحذية والمستلزمات الشخصية,Grand Tunis,276628.0
2010,المالبس واألحذية والمستلزمات الشخصية,National,224481.0
2010,المالبس واألحذية والمستلزمات الشخصية,North East,199016.0
2010,المالبس واألحذية والمستلزمات الشخصية,North West,152056.0
2010,المالبس واألحذية والمستلزمات الشخصية,South East,248511.0
2010,المالبس واألحذية والمستلزمات الشخصية,South West,177516.0
2010,المالحف و األغطية و الستائر,Centre East,12801.0
2010,المالحف و األغطية و الستائر,Centre West,5581.0
2010,المالحف و األغطية و الستائر,Grand Tunis,13951.0
2010,المالحف و األغطية و الستائر,National,12023.0
2010,المالحف و األغطية و الستائر,North East,11134.0
2010,المالحف و األغطية و الستائر,North West,11679.0
2010,المالحف و األغطية و الستائر,South East,16509.0
2010,المالحف و األغطية و الستائر,South West,11698.0
2010,المالحف واألغطية والستائر,Centre East,85729.0
2010,المالحف واألغطية والستائر,Centre West,34835.0
2010,المالحف واألغطية والستائر,Grand Tunis,60486.0
2010,المالحف واألغطية والستائر,National,57324.0
2010,المالحف واألغطية والستائر,North East,12413.0
2010,المالحف واألغطية والستائر,North West,42890.0
2010,المالحف واألغطية والستائر,South East,87274.0
2010,المالحف واألغطية والستائر,South West,71806.0
2010,المحروقات,Centre East,29558.0
2010,المحروقات,Centre West,24031.0
2010,المحروقات,Grand Tunis,17609.0
2010,المحروقات,National,25903.0
2010,المحروقات,North East,26203.0
2010,المحروقات,North West,31964.0
2010,المحروقات,South East,30186.0
2010,المحروقات,South West,29300.0
2010,المشروبات و مأكوالت جاهزة,Centre East,57581.0
2010,المشروبات و مأكوالت جاهزة,Centre West,39437.0
2010,المشروبات و مأكوالت جاهزة,Grand Tunis,92932.0
2010,المشروبات و مأكوالت جاهزة,National,61850.0
2010,المشروبات و مأكوالت جاهزة,North East,53465.0
2010,المشروبات و مأكوالت جاهزة,North West,41716.0
2010,المشروبات و مأكوالت جاهزة,South East,64448.0
2010,المشروبات و مأكوالت جاهزة,South West,62019.0
2010,المشروبات واالستهالك الغذائي خارج المنزل,Centre East,57581.0
2010,المشروبات واالستهالك الغذائي خارج المنزل,Centre West,39437.0
2010,المشروبات واالستهالك الغذائي خارج المنزل,Grand Tunis,92932.0
2010,المشروبات واالستهالك الغذائي خارج المنزل,National,61850.0
2010,المشروبات واالستهالك الغذائي خارج المنزل,North East,53465.0
2010,المشروبات واالستهالك الغذائي خارج المنزل,North West,41716.0
2010,المشروبات واالستهالك الغذائي خارج المنزل,South East,64448.0
2010,المشروبات واالستهالك الغذائي خارج المنزل,South West,62019.0
2010,المطاعم,Centre East,33383.0
2010,المطاعم,Centre West,12596.0
2010,المطاعم,Grand Tunis,55538.0
2010,المطاعم,National,30423.0
2010,المطاعم,North East,28295.0
2010,المطاعم,North West,20043.0
2010,المطاعم,South East,12873.0
2010,المطاعم,South West,11594.0
2010,المعلوم البلدي السنوي,Centre East,5611.0
2010,المعلوم البلدي السنوي,Centre West,1563.0
2010,المعلوم البلدي السنوي,Grand Tunis,10740.0
2010,المعلوم البلدي السنوي,National,5710.0
2010,المعلوم البلدي السنوي,North East,5170.0
2010,المعلوم البلدي السنوي,North West,2789.0
2010,المعلوم البلدي السنوي,South East,5034.0
2010,المعلوم البلدي السنوي,South West,3580.0
2010,المنحة السياحية,Centre East,5237.0
2010,المنحة السياحية,Centre West,0.0
2010,المنحة السياحية,Grand Tunis,10516.0
2010,المنحة السياحية,National,4919.0
2010,المنحة السياحية,North East,1148.0
2010,المنحة السياحية,North West,411.0
2010,المنحة السياحية,South East,10479.0
2010,المنحة السياحية,South West,1672.0
2010,المنحة السياحية ونفقات سياحية أخرى,Centre East,7121.0
2010,المنحة السياحية ونفقات سياحية أخرى,Centre West,273.0
2010,المنحة السياحية ونفقات سياحية أخرى,Grand Tunis,12339.0
2010,المنحة السياحية ونفقات سياحية أخرى,National,6324.0
2010,المنحة السياحية ونفقات سياحية أخرى,North East,2876.0
2010,المنحة السياحية ونفقات سياحية أخرى,North West,453.0
2010,المنحة السياحية ونفقات سياحية أخرى,South East,12944.0
2010,المنحة السياحية ونفقات سياحية أخرى,South West,2309.0
2010,المواد السكرية,Centre East,3201.0
2010,المواد السكرية,Centre West,2990.0
2010,المواد السكرية,Grand Tunis,7924.0
2010,المواد السكرية,National,4282.0
2010,المواد السكرية,North East,3313.0
2010,المواد السكرية,North West,2640.0
2010,المواد السكرية,South East,3444.0
2010,المواد السكرية,South West,3915.0
2010,النزل,Centre East,2808.0
2010,النزل,Centre West,296.0
2010,النزل,Grand Tunis,5601.0
2010,النزل,National,2349.0
2010,النزل,North East,637.0
2010,النزل,North West,732.0
2010,النزل,South East,1394.0
2010,النزل,South West,984.0
2010,النزل و المطاعم و المقاهي,Centre East,96717.0
2010,النزل و المطاعم و المقاهي,Centre West,32900.0
2010,النزل و المطاعم و المقاهي,Grand Tunis,147983.0
2010,النزل و المطاعم و المقاهي,National,84618.0
2010,النزل و المطاعم و المقاهي,North East,68542.0
2010,النزل و المطاعم و المقاهي,North West,49577.0
2010,النزل و المطاعم و المقاهي,South East,57432.0
2010,النزل و المطاعم و المقاهي,South West,50762.0
2010,النفقات الكبرى لالقتناء وبناء مسكن,Centre East,12801.0
2010,النفقات الكبرى لالقتناء وبناء مسكن,Centre West,5581.0
2010,النفقات الكبرى لالقتناء وبناء مسكن,Grand Tunis,13951.0
2010,النفقات الكبرى لالقتناء وبناء مسكن,National,12023.0
2010,النفقات الكبرى لالقتناء وبناء مسكن,North East,11134.0
2010,النفقات الكبرى لالقتناء وبناء مسكن,North West,11679.0
2010,النفقات الكبرى لالقتناء وبناء مسكن,South East,16509.0
2010,النفقات الكبرى لالقتناء وبناء مسكن,South West,11698.0
2010,النقل,Centre East,347825.0
2010,النقل,Centre West,121355.0
2010,النقل,Grand Tunis,295984.0
2010,النقل,National,233473.0
2010,النقل,North East,181594.0
2010,النقل,North West,114903.0
2010,النقل,South East,224161.0
2010,النقل,South West,152035.0
2010,النقل الخاص,Centre East,235246.0
2010,النقل الخاص,Centre West,49215.0
2010,النقل الخاص,Grand Tunis,199038.0
2010,النقل الخاص,National,141917.0
2010,النقل الخاص,North East,78057.0
2010,النقل الخاص,North West,40793.0
2010,النقل الخاص,South East,146521.0
2010,النقل الخاص,South West,95573.0
2010,النقل العمومي,Centre East,112573.0
2010,النقل العمومي,Centre West,72113.0
2010,النقل العمومي,Grand Tunis,96946.0
2010,النقل العمومي,National,91526.0
2010,النقل العمومي,North East,103424.0
2010,النقل العمومي,North West,74036.0
2010,النقل العمومي,South East,77640.0
2010,النقل العمومي,South West,56462.0
2010,الياغورت,Centre East,23850.0
2010,الياغورت,Centre West,14978.0
2010,الياغورت,Grand Tunis,31844.0
2010,الياغورت,National,22687.0
2010,الياغورت,North East,17613.0
2010,الياغورت,North West,13539.0
2010,الياغورت,South East,27929.0
2010,الياغورت,South West,21072.0
2010,ايجار,Centre East,1902.0
2010,ايجار,Centre West,1071.0
2010,ايجار,Grand Tunis,6093.0
2010,ايجار,National,2259.0
2010,ايجار,North East,292.0
2010,ايجار,North West,766.0
2010,ايجار,South East,939.0
2010,ايجار,South West,797.0
2010,باذنجان,Centre East,161.0
2010,باذنجان,Centre West,8.0
2010,باذنجان,Grand Tunis,305.0
2010,باذنجان,National,158.0
2010,باذنجان,North East,140.0
2010,باذنجان,North West,4.0
2010,باذنجان,South East,41.0
2010,باذنجان,South West,440.0
2010,بالكار,Centre East,288.0
2010,بالكار,Centre West,753.0
2010,بالكار,Grand Tunis,715.0
2010,بالكار,National,680.0
2010,بالكار,North East,113.0
2010,بالكار,North West,38.0
2010,بالكار,South East,1537.0
2010,بالكار,South West,3317.0
2010,بترول أزرق,Centre East,27.0
2010,بترول أزرق,Centre West,79.0
2010,بترول أزرق,Grand Tunis,216.0
2010,بترول أزرق,National,127.0
2010,بترول أزرق,North East,3.0
2010,بترول أزرق,North West,258.0
2010,بترول أزرق,South East,104.0
2010,بترول أزرق,South West,372.0
2010,برتقال,Centre East,7293.0
2010,برتقال,Centre West,7247.0
2010,برتقال,Grand Tunis,8599.0
2010,برتقال,National,6873.0
2010,برتقال,North East,6228.0
2010,برتقال,North West,5009.0
2010,برتقال,South East,4997.0
2010,برتقال,South West,5573.0
2010,بروكلو,Centre East,360.0
2010,بروكلو,Centre West,227.0
2010,بروكلو,Grand Tunis,853.0
2010,بروكلو,National,474.0
2010,بروكلو,North East,349.0
2010,بروكلو,North West,460.0
2010,بروكلو,South East,323.0
2010,بروكلو,South West,551.0
2010,بسباس,Centre East,770.0
2010,بسباس,Centre West,943.0
2010,بسباس,Grand Tunis,2080.0
2010,بسباس,National,1133.0
2010,بسباس,North East,1044.0
2010,بسباس,North West,1020.0
2010,بسباس,South East,477.0
2010,بسباس,South West,704.0
2010,بسكويت,Centre East,11006.0
2010,بسكويت,Centre West,7018.0
2010,بسكويت,Grand Tunis,12899.0
2010,بسكويت,National,9784.0
2010,بسكويت,North East,7416.0
2010,بسكويت,North West,5581.0
2010,بسكويت,South East,11119.0
2010,بسكويت,South West,10691.0
2010,بسيسة,Centre East,649.0
2010,بسيسة,Centre West,366.0
2010,بسيسة,Grand Tunis,639.0
2010,بسيسة,National,618.0
2010,بسيسة,North East,275.0
2010,بسيسة,North West,182.0
2010,بسيسة,South East,2182.0
2010,بسيسة,South West,199.0
2010,بصل أخضر,Centre East,4657.0
2010,بصل أخضر,Centre West,3844.0
2010,بصل أخضر,Grand Tunis,4742.0
2010,بصل أخضر,National,4210.0
2010,بصل أخضر,North East,3671.0
2010,بصل أخضر,North West,3352.0
2010,بصل أخضر,South East,3983.0
2010,بصل أخضر,South West,4479.0
2010,بصل شائح,Centre East,4126.0
2010,بصل شائح,Centre West,2300.0
2010,بصل شائح,Grand Tunis,3910.0
2010,بصل شائح,National,3697.0
2010,بصل شائح,North East,4047.0
2010,بصل شائح,North West,3181.0
2010,بصل شائح,South East,4544.0
2010,بصل شائح,South West,3158.0
2010,بطاطا,Centre East,15540.0
2010,بطاطا,Centre West,13047.0
2010,بطاطا,Grand Tunis,17565.0
2010,بطاطا,National,15804.0
2010,بطاطا,North East,16600.0
2010,بطاطا,North West,14189.0
2010,بطاطا,South East,14025.0
2010,بطاطا,South West,20376.0
2010,بطاقات تمويل الهاتف الجوال,Centre East,42722.0
2010,بطاقات تمويل الهاتف الجوال,Centre West,19608.0
2010,بطاقات تمويل الهاتف الجوال,Grand Tunis,56754.0
2010,بطاقات تمويل الهاتف الجوال,National,37490.0
2010,بطاقات تمويل الهاتف الجوال,North East,41244.0
2010,بطاقات تمويل الهاتف الجوال,North West,12884.0
2010,بطاقات تمويل الهاتف الجوال,South East,32853.0
2010,بطاقات تمويل الهاتف الجوال,South West,27069.0
2010,بطاقات تمويل الهاتف القار,Centre East,933.0
2010,بطاقات تمويل الهاتف القار,Centre West,81.0
2010,بطاقات تمويل الهاتف القار,Grand Tunis,1718.0
2010,بطاقات تمويل الهاتف القار,National,781.0
2010,بطاقات تمويل الهاتف القار,North East,123.0
2010,بطاقات تمويل الهاتف القار,North West,519.0
2010,بطاقات تمويل الهاتف القار,South East,420.0
2010,بطاقات تمويل الهاتف القار,South West,688.0
2010,بطيخ,Centre East,5061.0
2010,بطيخ,Centre West,2825.0
2010,بطيخ,Grand Tunis,4702.0
2010,بطيخ,National,4107.0
2010,بطيخ,North East,2903.0
2010,بطيخ,North West,4106.0
2010,بطيخ,South East,3614.0
2010,بطيخ,South West,4506.0
2010,بقول و توابل,Centre East,21983.0
2010,بقول و توابل,Centre West,19645.0
2010,بقول و توابل,Grand Tunis,30183.0
2010,بقول و توابل,National,24281.0
2010,بقول و توابل,North East,21710.0
2010,بقول و توابل,North West,22804.0
2010,بقول و توابل,South East,25643.0
2010,بقول و توابل,South West,27609.0
2010,بنزين للسيارات,Centre East,46246.0
2010,بنزين للسيارات,Centre West,13345.0
2010,بنزين للسيارات,Grand Tunis,73589.0
2010,بنزين للسيارات,National,38020.0
2010,بنزين للسيارات,North East,22319.0
2010,بنزين للسيارات,North West,8040.0
2010,بنزين للسيارات,South East,36534.0
2010,بنزين للسيارات,South West,18049.0
2010,بنك,Centre East,4088.0
2010,بنك,Centre West,2015.0
2010,بنك,Grand Tunis,376.0
2010,بنك,National,1764.0
2010,بنك,North East,2.0
2010,بنك,North West,1751.0
2010,بنك,South East,1845.0
2010,بنك,South West,1514.0
2010,بوصاع,Centre East,133.0
2010,بوصاع,Centre West,17.0
2010,بوصاع,Grand Tunis,165.0
2010,بوصاع,National,177.0
2010,بوصاع,North East,473.0
2010,بوصاع,North West,339.0
2010,بوصاع,South East,9.0
2010,بوصاع,South West,0.0
2010,بوفريوة ،فستق,Centre East,1295.0
2010,بوفريوة ،فستق,Centre West,488.0
2010,بوفريوة ،فستق,Grand Tunis,1597.0
2010,بوفريوة ،فستق,National,1044.0
2010,بوفريوة ،فستق,North East,1123.0
2010,بوفريوة ،فستق,North West,663.0
2010,بوفريوة ،فستق,South East,358.0
2010,بوفريوة ،فستق,South West,723.0
2010,بيت نوم,Centre East,7792.0
2010,بيت نوم,Centre West,2377.0
2010,بيت نوم,Grand Tunis,5359.0
2010,بيت نوم,National,4861.0
2010,بيت نوم,North East,3842.0
2010,بيت نوم,North West,2155.0
2010,بيت نوم,South East,4778.0
2010,بيت نوم,South West,4710.0
2010,بيزا محمولة,Centre East,1018.0
2010,بيزا محمولة,Centre West,67.0
2010,بيزا محمولة,Grand Tunis,25.0
2010,بيزا محمولة,National,313.0
2010,بيزا محمولة,North East,35.0
2010,بيزا محمولة,North West,133.0
2010,بيزا محمولة,South East,341.0
2010,بيزا محمولة,South West,162.0
2010,بيض,Centre East,19158.0
2010,بيض,Centre West,9366.0
2010,بيض,Grand Tunis,17777.0
2010,بيض,National,16264.0
2010,بيض,North East,17052.0
2010,بيض,North West,14010.0
2010,بيض,South East,14486.0
2010,بيض,South West,19864.0
2010,تأمين الدراجة النارية,Centre East,2399.0
2010,تأمين الدراجة النارية,Centre West,605.0
2010,تأمين الدراجة النارية,Grand Tunis,316.0
2010,تأمين الدراجة النارية,National,1493.0
2010,تأمين الدراجة النارية,North East,1997.0
2010,تأمين الدراجة النارية,North West,331.0
2010,تأمين الدراجة النارية,South East,2969.0
2010,تأمين الدراجة النارية,South West,3418.0
2010,تأمين السيارة,Centre East,4113.0
2010,تأمين السيارة,Centre West,955.0
2010,تأمين السيارة,Grand Tunis,5788.0
2010,تأمين السيارة,National,2935.0
2010,تأمين السيارة,North East,1230.0
2010,تأمين السيارة,North West,1406.0
2010,تأمين السيارة,South East,1278.0
2010,تأمين السيارة,South West,991.0
2010,تابل,Centre East,527.0
2010,تابل,Centre West,335.0
2010,تابل,Grand Tunis,726.0
2010,تابل,National,677.0
2010,تابل,North East,953.0
2010,تابل,North West,932.0
2010,تابل,South East,800.0
2010,تابل,South West,494.0
2010,تابل و كروية,Centre East,560.0
2010,تابل و كروية,Centre West,2469.0
2010,تابل و كروية,Grand Tunis,2194.0
2010,تابل و كروية,National,1556.0
2010,تابل و كروية,North East,640.0
2010,تابل و كروية,North West,1783.0
2010,تابل و كروية,South East,2301.0
2010,تابل و كروية,South West,1498.0
2010,تاكسي,Centre East,7964.0
2010,تاكسي,Centre West,2128.0
2010,تاكسي,Grand Tunis,10964.0
2010,تاكسي,National,7363.0
2010,تاكسي,North East,3804.0
2010,تاكسي,North West,3493.0
2010,تاكسي,South East,16025.0
2010,تاكسي,South West,5051.0
2010,تبغ,Centre East,88156.0
2010,تبغ,Centre West,52577.0
2010,تبغ,Grand Tunis,90642.0
2010,تبغ,National,70246.0
2010,تبغ,North East,64296.0
2010,تبغ,North West,53238.0
2010,تبغ,South East,39903.0
2010,تبغ,South West,52275.0
2010,تجهيزات التكييف,Centre East,5993.0
2010,تجهيزات التكييف,Centre West,2144.0
2010,تجهيزات التكييف,Grand Tunis,8150.0
2010,تجهيزات التكييف,National,5422.0
2010,تجهيزات التكييف,North East,2094.0
2010,تجهيزات التكييف,North West,4270.0
2010,تجهيزات التكييف,South East,7045.0
2010,تجهيزات التكييف,South West,7517.0
2010,تجهيزات المطبخ,Centre East,1626.0
2010,تجهيزات المطبخ,Centre West,975.0
2010,تجهيزات المطبخ,Grand Tunis,2040.0
2010,تجهيزات المطبخ,National,1857.0
2010,تجهيزات المطبخ,North East,2616.0
2010,تجهيزات المطبخ,North West,1653.0
2010,تجهيزات المطبخ,South East,2304.0
2010,تجهيزات المطبخ,South West,1963.0
2010,تجهيزات كهربائية,Centre East,17237.0
2010,تجهيزات كهربائية,Centre West,7224.0
2010,تجهيزات كهربائية,Grand Tunis,17992.0
2010,تجهيزات كهربائية,National,15293.0
2010,تجهيزات كهربائية,North East,13597.0
2010,تجهيزات كهربائية,North West,9052.0
2010,تجهيزات كهربائية,South East,24425.0
2010,تجهيزات كهربائية,South West,17315.0
2010,تجهيزات كهربائية و منزلية والتاثيث,Centre East,134252.0
2010,تجهيزات كهربائية و منزلية والتاثيث,Centre West,75824.0
2010,تجهيزات كهربائية و منزلية والتاثيث,Grand Tunis,139274.0
2010,تجهيزات كهربائية و منزلية والتاثيث,National,116708.0
2010,تجهيزات كهربائية و منزلية والتاثيث,North East,102795.0
2010,تجهيزات كهربائية و منزلية والتاثيث,North West,76854.0
2010,تجهيزات كهربائية و منزلية والتاثيث,South East,143299.0
2010,تجهيزات كهربائية و منزلية والتاثيث,South West,120248.0
2010,تجهيزات كهربائية ومنزلية,Centre East,17237.0
2010,تجهيزات كهربائية ومنزلية,Centre West,7224.0
2010,تجهيزات كهربائية ومنزلية,Grand Tunis,17992.0
2010,تجهيزات كهربائية ومنزلية,National,15293.0
2010,تجهيزات كهربائية ومنزلية,North East,13597.0
2010,تجهيزات كهربائية ومنزلية,North West,9052.0
2010,تجهيزات كهربائية ومنزلية,South East,24425.0
2010,تجهيزات كهربائية ومنزلية,South West,17315.0
2010,تصليح وسيلة نقل خاصة,Centre East,31737.0
2010,تصليح وسيلة نقل خاصة,Centre West,9434.0
2010,تصليح وسيلة نقل خاصة,Grand Tunis,23092.0
2010,تصليح وسيلة نقل خاصة,National,20912.0
2010,تصليح وسيلة نقل خاصة,North East,12649.0
2010,تصليح وسيلة نقل خاصة,North West,9431.0
2010,تصليح وسيلة نقل خاصة,South East,30979.0
2010,تصليح وسيلة نقل خاصة,South West,21753.0
2010,تعليم أو تكوين آخر,Centre East,1232.0
2010,تعليم أو تكوين آخر,Centre West,287.0
2010,تعليم أو تكوين آخر,Grand Tunis,3409.0
2010,تعليم أو تكوين آخر,National,1678.0
2010,تعليم أو تكوين آخر,North East,847.0
2010,تعليم أو تكوين آخر,North West,845.0
2010,تعليم أو تكوين آخر,South East,2576.0
2010,تعليم أو تكوين آخر,South West,1979.0
2010,تعليم السياقة,Centre East,595.0
2010,تعليم السياقة,Centre West,240.0
2010,تعليم السياقة,Grand Tunis,2164.0
2010,تعليم السياقة,National,1082.0
2010,تعليم السياقة,North East,746.0
2010,تعليم السياقة,North West,526.0
2010,تعليم السياقة,South East,1846.0
2010,تعليم السياقة,South West,1364.0
2010,تفاح,Centre East,9756.0
2010,تفاح,Centre West,6704.0
2010,تفاح,Grand Tunis,11021.0
2010,تفاح,National,8326.0
2010,تفاح,North East,7183.0
2010,تفاح,North West,4815.0
2010,تفاح,South East,7556.0
2010,تفاح,South West,6367.0
2010,تكوين مهني,Centre East,1933.0
2010,تكوين مهني,Centre West,3066.0
2010,تكوين مهني,Grand Tunis,1503.0
2010,تكوين مهني,National,1824.0
2010,تكوين مهني,North East,1218.0
2010,تكوين مهني,North West,1171.0
2010,تكوين مهني,South East,3110.0
2010,تكوين مهني,South West,506.0
2010,تلفاز,Centre East,6329.0
2010,تلفاز,Centre West,2800.0
2010,تلفاز,Grand Tunis,9781.0
2010,تلفاز,National,5788.0
2010,تلفاز,North East,4602.0
2010,تلفاز,North West,2488.0
2010,تلفاز,South East,6671.0
2010,تلفاز,South West,2376.0
2010,تن مصبّر,Centre East,3098.0
2010,تن مصبّر,Centre West,1153.0
2010,تن مصبّر,Grand Tunis,5921.0
2010,تن مصبّر,National,3495.0
2010,تن مصبّر,North East,3401.0
2010,تن مصبّر,North West,2447.0
2010,تن مصبّر,South East,3240.0
2010,تن مصبّر,South West,3450.0
2010,توابل أخرى,Centre East,403.0
2010,توابل أخرى,Centre West,159.0
2010,توابل أخرى,Grand Tunis,203.0
2010,توابل أخرى,National,354.0
2010,توابل أخرى,North East,111.0
2010,توابل أخرى,North West,167.0
2010,توابل أخرى,South East,343.0
2010,توابل أخرى,South West,2241.0
2010,توابل خضراء,Centre East,244.0
2010,توابل خضراء,Centre West,121.0
2010,توابل خضراء,Grand Tunis,431.0
2010,توابل خضراء,National,273.0
2010,توابل خضراء,North East,234.0
2010,توابل خضراء,North West,161.0
2010,توابل خضراء,South East,287.0
2010,توابل خضراء,South West,404.0
2010,ثالجة أو مجمّد,Centre East,4963.0
2010,ثالجة أو مجمّد,Centre West,2753.0
2010,ثالجة أو مجمّد,Grand Tunis,3950.0
2010,ثالجة أو مجمّد,National,4565.0
2010,ثالجة أو مجمّد,North East,5737.0
2010,ثالجة أو مجمّد,North West,1818.0
2010,ثالجة أو مجمّد,South East,9046.0
2010,ثالجة أو مجمّد,South West,5177.0
2010,ثوم أخضر,Centre East,514.0
2010,ثوم أخضر,Centre West,318.0
2010,ثوم أخضر,Grand Tunis,48.0
2010,ثوم أخضر,National,403.0
2010,ثوم أخضر,North East,398.0
2010,ثوم أخضر,North West,947.0
2010,ثوم أخضر,South East,602.0
2010,ثوم أخضر,South West,185.0
2010,ثوم شائح,Centre East,6083.0
2010,ثوم شائح,Centre West,2929.0
2010,ثوم شائح,Grand Tunis,4409.0
2010,ثوم شائح,National,4802.0
2010,ثوم شائح,North East,4680.0
2010,ثوم شائح,North West,3314.0
2010,ثوم شائح,South East,6974.0
2010,ثوم شائح,South West,5354.0
2010,جرائد و مجالت,Centre East,2108.0
2010,جرائد و مجالت,Centre West,619.0
2010,جرائد و مجالت,Grand Tunis,8345.0
2010,جرائد و مجالت,National,3320.0
2010,جرائد و مجالت,North East,2726.0
2010,جرائد و مجالت,North West,1199.0
2010,جرائد و مجالت,South East,2005.0
2010,جرائد و مجالت,South West,1945.0
2010,جرائد و مجالت وانخراطات,Centre East,7434.0
2010,جرائد و مجالت وانخراطات,Centre West,1370.0
2010,جرائد و مجالت وانخراطات,Grand Tunis,13197.0
2010,جرائد و مجالت وانخراطات,National,6361.0
2010,جرائد و مجالت وانخراطات,North East,3676.0
2010,جرائد و مجالت وانخراطات,North West,2528.0
2010,جرائد و مجالت وانخراطات,South East,4092.0
2010,جرائد و مجالت وانخراطات,South West,3674.0
2010,جراية,Centre East,1648.0
2010,جراية,Centre West,483.0
2010,جراية,Grand Tunis,1295.0
2010,جراية,National,1050.0
2010,جراية,North East,446.0
2010,جراية,North West,41.0
2010,جراية,South East,2408.0
2010,جراية,South West,251.0
2010,جلبانة خضراء,Centre East,2973.0
2010,جلبانة خضراء,Centre West,2129.0
2010,جلبانة خضراء,Grand Tunis,7649.0
2010,جلبانة خضراء,National,4332.0
2010,جلبانة خضراء,North East,4458.0
2010,جلبانة خضراء,North West,3938.0
2010,جلبانة خضراء,South East,3451.0
2010,جلبانة خضراء,South West,3406.0
2010,جوارب,Centre East,1326.0
2010,جوارب,Centre West,1572.0
2010,جوارب,Grand Tunis,1961.0
2010,جوارب,National,1608.0
2010,جوارب,North East,1081.0
2010,جوارب,North West,1294.0
2010,جوارب,South East,2261.0
2010,جوارب,South West,2287.0
2010,جوكينغ ،بدلة رياضية,Centre East,4004.0
2010,جوكينغ ،بدلة رياضية,Centre West,5953.0
2010,جوكينغ ،بدلة رياضية,Grand Tunis,4159.0
2010,جوكينغ ،بدلة رياضية,National,4725.0
2010,جوكينغ ،بدلة رياضية,North East,4717.0
2010,جوكينغ ،بدلة رياضية,North West,3349.0
2010,جوكينغ ،بدلة رياضية,South East,5296.0
2010,جوكينغ ،بدلة رياضية,South West,9057.0
2010,جيب ،جيب شورط,Centre East,6184.0
2010,جيب ،جيب شورط,Centre West,3434.0
2010,جيب ،جيب شورط,Grand Tunis,4053.0
2010,جيب ،جيب شورط,National,4655.0
2010,جيب ،جيب شورط,North East,4933.0
2010,جيب ،جيب شورط,North West,3781.0
2010,جيب ،جيب شورط,South East,5813.0
2010,جيب ،جيب شورط,South West,2891.0
2010,حاسوب,Centre East,10081.0
2010,حاسوب,Centre West,2448.0
2010,حاسوب,Grand Tunis,10770.0
2010,حاسوب,National,7374.0
2010,حاسوب,North East,6643.0
2010,حاسوب,North West,4043.0
2010,حاسوب,South East,5016.0
2010,حاسوب,South West,6222.0
2010,حافلة (وسط المدن قطاع خاص),Centre East,29.0
2010,حافلة (وسط المدن قطاع خاص),Centre West,951.0
2010,حافلة (وسط المدن قطاع خاص),Grand Tunis,468.0
2010,حافلة (وسط المدن قطاع خاص),National,293.0
2010,حافلة (وسط المدن قطاع خاص),North East,175.0
2010,حافلة (وسط المدن قطاع خاص),North West,22.0
2010,حافلة (وسط المدن قطاع خاص),South East,269.0
2010,حافلة (وسط المدن قطاع خاص),South West,0.0
2010,حافلة (وسط المدن قطاع عام),Centre East,6352.0
2010,حافلة (وسط المدن قطاع عام),Centre West,4567.0
2010,حافلة (وسط المدن قطاع عام),Grand Tunis,15330.0
2010,حافلة (وسط المدن قطاع عام),National,8254.0
2010,حافلة (وسط المدن قطاع عام),North East,9670.0
2010,حافلة (وسط المدن قطاع عام),North West,1947.0
2010,حافلة (وسط المدن قطاع عام),South East,7628.0
2010,حافلة (وسط المدن قطاع عام),South West,6059.0
2010,حالقة,Centre East,22819.0
2010,حالقة,Centre West,10137.0
2010,حالقة,Grand Tunis,26809.0
2010,حالقة,National,18263.0
2010,حالقة,North East,19067.0
2010,حالقة,North West,10903.0
2010,حالقة,South East,8105.0
2010,حالقة,South West,12829.0
2010,حبوب أخرى,Centre East,5252.0
2010,حبوب أخرى,Centre West,4198.0
2010,حبوب أخرى,Grand Tunis,7342.0
2010,حبوب أخرى,National,5481.0
2010,حبوب أخرى,North East,5202.0
2010,حبوب أخرى,North West,3377.0
2010,حبوب أخرى,South East,5370.0
2010,حبوب أخرى,South West,6955.0
2010,حذاء رياضي (سبادري),Centre East,8645.0
2010,حذاء رياضي (سبادري),Centre West,3694.0
2010,حذاء رياضي (سبادري),Grand Tunis,8965.0
2010,حذاء رياضي (سبادري),National,7787.0
2010,حذاء رياضي (سبادري),North East,6125.0
2010,حذاء رياضي (سبادري),North West,7069.0
2010,حذاء رياضي (سبادري),South East,11576.0
2010,حذاء رياضي (سبادري),South West,8478.0
2010,حضانة,Centre East,3409.0
2010,حضانة,Centre West,382.0
2010,حضانة,Grand Tunis,4195.0
2010,حضانة,National,2191.0
2010,حضانة,North East,723.0
2010,حضانة,North West,1031.0
2010,حضانة,South East,1068.0
2010,حضانة,South West,968.0
2010,حقيبة يدوية,Centre East,4075.0
2010,حقيبة يدوية,Centre West,1213.0
2010,حقيبة يدوية,Grand Tunis,11844.0
2010,حقيبة يدوية,National,5161.0
2010,حقيبة يدوية,North East,4588.0
2010,حقيبة يدوية,North West,1464.0
2010,حقيبة يدوية,South East,3147.0
2010,حقيبة يدوية,South West,3672.0
2010,حلوى,Centre East,505.0
2010,حلوى,Centre West,383.0
2010,حلوى,Grand Tunis,644.0
2010,حلوى,National,584.0
2010,حلوى,North East,677.0
2010,حلوى,North West,1034.0
2010,حلوى,South East,247.0
2010,حلوى,South West,528.0
2010,حلوى شامية,Centre East,2416.0
2010,حلوى شامية,Centre West,2077.0
2010,حلوى شامية,Grand Tunis,6865.0
2010,حلوى شامية,National,3364.0
2010,حلوى شامية,North East,2350.0
2010,حلوى شامية,North West,1467.0
2010,حلوى شامية,South East,2786.0
2010,حلوى شامية,South West,3220.0
2010,حلويات سوق,Centre East,19779.0
2010,حلويات سوق,Centre West,6771.0
2010,حلويات سوق,Grand Tunis,24079.0
2010,حلويات سوق,National,14651.0
2010,حلويات سوق,North East,10902.0
2010,حلويات سوق,North West,4746.0
2010,حلويات سوق,South East,12592.0
2010,حلويات سوق,South West,5971.0
2010,حليب طري,Centre East,4073.0
2010,حليب طري,Centre West,11265.0
2010,حليب طري,Grand Tunis,3421.0
2010,حليب طري,National,8661.0
2010,حليب طري,North East,12670.0
2010,حليب طري,North West,21774.0
2010,حليب طري,South East,4789.0
2010,حليب طري,South West,12709.0
2010,حمام,Centre East,2932.0
2010,حمام,Centre West,7994.0
2010,حمام,Grand Tunis,15689.0
2010,حمام,National,8913.0
2010,حمام,North East,7144.0
2010,حمام,North West,12464.0
2010,حمام,South East,2335.0
2010,حمام,South West,15756.0
2010,حمص شائح,Centre East,4975.0
2010,حمص شائح,Centre West,6112.0
2010,حمص شائح,Grand Tunis,3549.0
2010,حمص شائح,National,5012.0
2010,حمص شائح,North East,4535.0
2010,حمص شائح,North West,5349.0
2010,حمص شائح,South East,7333.0
2010,حمص شائح,South West,5322.0
2010,خدمات أخرى متعلقة بالسكن,Centre East,14255.0
2010,خدمات أخرى متعلقة بالسكن,Centre West,2365.0
2010,خدمات أخرى متعلقة بالسكن,Grand Tunis,51261.0
2010,خدمات أخرى متعلقة بالسكن,National,17770.0
2010,خدمات أخرى متعلقة بالسكن,North East,5119.0
2010,خدمات أخرى متعلقة بالسكن,North West,5505.0
2010,خدمات أخرى متعلقة بالسكن,South East,8134.0
2010,خدمات أخرى متعلقة بالسكن,South West,2647.0
2010,خدمات الطهي,Centre East,59.0
2010,خدمات الطهي,Centre West,0.0
2010,خدمات الطهي,Grand Tunis,475.0
2010,خدمات الطهي,National,140.0
2010,خدمات الطهي,North East,6.0
2010,خدمات الطهي,North West,0.0
2010,خدمات الطهي,South East,161.0
2010,خدمات الطهي,South West,10.0
2010,خدمات شبه طبية,Centre East,13964.0
2010,خدمات شبه طبية,Centre West,13792.0
2010,خدمات شبه طبية,Grand Tunis,12455.0
2010,خدمات شبه طبية,National,11515.0
2010,خدمات شبه طبية,North East,6887.0
2010,خدمات شبه طبية,North West,7622.0
2010,خدمات شبه طبية,South East,15468.0
2010,خدمات شبه طبية,South West,5094.0
2010,خميرة (للخبز و المرطبات),Centre East,1040.0
2010,خميرة (للخبز و المرطبات),Centre West,1272.0
2010,خميرة (للخبز و المرطبات),Grand Tunis,479.0
2010,خميرة (للخبز و المرطبات),National,1223.0
2010,خميرة (للخبز و المرطبات),North East,2393.0
2010,خميرة (للخبز و المرطبات),North West,2301.0
2010,خميرة (للخبز و المرطبات),South East,464.0
2010,خميرة (للخبز و المرطبات),South West,1061.0
2010,خوخ,Centre East,4938.0
2010,خوخ,Centre West,2757.0
2010,خوخ,Grand Tunis,4071.0
2010,خوخ,National,3700.0
2010,خوخ,North East,3004.0
2010,خوخ,North West,2524.0
2010,خوخ,South East,3919.0
2010,خوخ,South West,3039.0
2010,دالع,Centre East,5903.0
2010,دالع,Centre West,4522.0
2010,دالع,Grand Tunis,5223.0
2010,دالع,National,5438.0
2010,دالع,North East,5793.0
2010,دالع,North West,6839.0
2010,دالع,South East,4936.0
2010,دالع,South West,3634.0
2010,دجاج,Centre East,44713.0
2010,دجاج,Centre West,32886.0
2010,دجاج,Grand Tunis,53439.0
2010,دجاج,National,43493.0
2010,دجاج,North East,47478.0
2010,دجاج,North West,44018.0
2010,دجاج,South East,24406.0
2010,دجاج,South West,42484.0
2010,دجاجة محمولة,Centre East,601.0
2010,دجاجة محمولة,Centre West,193.0
2010,دجاجة محمولة,Grand Tunis,1525.0
2010,دجاجة محمولة,National,695.0
2010,دجاجة محمولة,North East,222.0
2010,دجاجة محمولة,North West,446.0
2010,دجاجة محمولة,South East,289.0
2010,دجاجة محمولة,South West,1194.0
2010,دقلة,Centre East,2527.0
2010,دقلة,Centre West,5801.0
2010,دقلة,Grand Tunis,3334.0
2010,دقلة,National,3414.0
2010,دقلة,North East,2190.0
2010,دقلة,North West,3603.0
2010,دقلة,South East,2648.0
2010,دقلة,South West,5676.0
2010,دواجن,Centre East,54652.0
2010,دواجن,Centre West,34986.0
2010,دواجن,Grand Tunis,65746.0
2010,دواجن,National,50740.0
2010,دواجن,North East,52273.0
2010,دواجن,North West,48652.0
2010,دواجن,South East,27861.0
2010,دواجن,South West,47411.0
2010,ديك رومي,Centre East,8723.0
2010,ديك رومي,Centre West,1713.0
2010,ديك رومي,Grand Tunis,12243.0
2010,ديك رومي,National,6716.0
2010,ديك رومي,North East,4359.0
2010,ديك رومي,North West,4096.0
2010,ديك رومي,South East,3122.0
2010,ديك رومي,South West,4440.0
2010,رحالت,Centre East,50.0
2010,رحالت,Centre West,83.0
2010,رحالت,Grand Tunis,144.0
2010,رحالت,National,95.0
2010,رحالت,North East,15.0
2010,رحالت,North West,27.0
2010,رحالت,South East,82.0
2010,رحالت,South West,478.0
2010,رمان,Centre East,988.0
2010,رمان,Centre West,1269.0
2010,رمان,Grand Tunis,780.0
2010,رمان,National,971.0
2010,رمان,North East,1027.0
2010,رمان,North West,1562.0
2010,رمان,South East,610.0
2010,رمان,South West,215.0
2010,روبة (أنسومبل) ،كسوة نسائية,Centre East,10197.0
2010,روبة (أنسومبل) ،كسوة نسائية,Centre West,3522.0
2010,روبة (أنسومبل) ،كسوة نسائية,Grand Tunis,13053.0
2010,روبة (أنسومبل) ،كسوة نسائية,National,9974.0
2010,روبة (أنسومبل) ،كسوة نسائية,North East,11193.0
2010,روبة (أنسومبل) ،كسوة نسائية,North West,5996.0
2010,روبة (أنسومبل) ،كسوة نسائية,South East,16411.0
2010,روبة (أنسومبل) ،كسوة نسائية,South West,6258.0
2010,زبدة حيوانية,Centre East,1183.0
2010,زبدة حيوانية,Centre West,191.0
2010,زبدة حيوانية,Grand Tunis,4057.0
2010,زبدة حيوانية,National,1609.0
2010,زبدة حيوانية,North East,1889.0
2010,زبدة حيوانية,North West,679.0
2010,زبدة حيوانية,South East,233.0
2010,زبدة حيوانية,South West,63.0
2010,زبدة نباتية (جديدة ،قولدينا)...,Centre East,2172.0
2010,زبدة نباتية (جديدة ،قولدينا)...,Centre West,1631.0
2010,زبدة نباتية (جديدة ،قولدينا)...,Grand Tunis,4333.0
2010,زبدة نباتية (جديدة ،قولدينا)...,National,3442.0
2010,زبدة نباتية (جديدة ،قولدينا)...,North East,3891.0
2010,زبدة نباتية (جديدة ،قولدينا)...,North West,2435.0
2010,زبدة نباتية (جديدة ،قولدينا)...,South East,2512.0
2010,زبدة نباتية (جديدة ،قولدينا)...,South West,11784.0
2010,زبيب,Centre East,584.0
2010,زبيب,Centre West,1326.0
2010,زبيب,Grand Tunis,297.0
2010,زبيب,National,431.0
2010,زبيب,North East,81.0
2010,زبيب,North West,242.0
2010,زبيب,South East,60.0
2010,زبيب,South West,99.0
2010,زربية,Centre East,3230.0
2010,زربية,Centre West,3447.0
2010,زربية,Grand Tunis,3201.0
2010,زربية,National,3324.0
2010,زربية,North East,3286.0
2010,زربية,North West,1268.0
2010,زربية,South East,5409.0
2010,زربية,South West,4845.0
2010,زقوقو,Centre East,1204.0
2010,زقوقو,Centre West,438.0
2010,زقوقو,Grand Tunis,1638.0
2010,زقوقو,National,1065.0
2010,زقوقو,North East,1152.0
2010,زقوقو,North West,1079.0
2010,زقوقو,South East,207.0
2010,زقوقو,South West,743.0
2010,زكاة الفطر,Centre East,716.0
2010,زكاة الفطر,Centre West,1329.0
2010,زكاة الفطر,Grand Tunis,1415.0
2010,زكاة الفطر,National,1053.0
2010,زكاة الفطر,North East,1337.0
2010,زكاة الفطر,North West,853.0
2010,زكاة الفطر,South East,276.0
2010,زكاة الفطر,South West,1280.0
2010,زيت الحبوب الطبيعية,Centre East,17450.0
2010,زيت الحبوب الطبيعية,Centre West,15484.0
2010,زيت الحبوب الطبيعية,Grand Tunis,19811.0
2010,زيت الحبوب الطبيعية,National,18582.0
2010,زيت الحبوب الطبيعية,North East,20664.0
2010,زيت الحبوب الطبيعية,North West,21044.0
2010,زيت الحبوب الطبيعية,South East,16630.0
2010,زيت الحبوب الطبيعية,South West,18504.0
2010,زيت الزيتون,Centre East,47094.0
2010,زيت الزيتون,Centre West,34929.0
2010,زيت الزيتون,Grand Tunis,17886.0
2010,زيت الزيتون,National,30298.0
2010,زيت الزيتون,North East,25521.0
2010,زيت الزيتون,North West,16005.0
2010,زيت الزيتون,South East,30150.0
2010,زيت الزيتون,South West,42188.0
2010,زيت عباد الشمس,Centre East,333.0
2010,زيت عباد الشمس,Centre West,85.0
2010,زيت عباد الشمس,Grand Tunis,718.0
2010,زيت عباد الشمس,National,342.0
2010,زيت عباد الشمس,North East,247.0
2010,زيت عباد الشمس,North West,116.0
2010,زيت عباد الشمس,South East,24.0
2010,زيت عباد الشمس,South West,648.0
2010,زيت قطانيا,Centre East,5546.0
2010,زيت قطانيا,Centre West,347.0
2010,زيت قطانيا,Grand Tunis,7600.0
2010,زيت قطانيا,National,4111.0
2010,زيت قطانيا,North East,2427.0
2010,زيت قطانيا,North West,882.0
2010,زيت قطانيا,South East,5288.0
2010,زيت قطانيا,South West,1519.0
2010,زيت نباتي مدعم,Centre East,11164.0
2010,زيت نباتي مدعم,Centre West,14920.0
2010,زيت نباتي مدعم,Grand Tunis,11272.0
2010,زيت نباتي مدعم,National,13865.0
2010,زيت نباتي مدعم,North East,17746.0
2010,زيت نباتي مدعم,North West,19947.0
2010,زيت نباتي مدعم,South East,10839.0
2010,زيت نباتي مدعم,South West,16146.0
2010,زيتون أخضر,Centre East,629.0
2010,زيتون أخضر,Centre West,514.0
2010,زيتون أخضر,Grand Tunis,67.0
2010,زيتون أخضر,National,344.0
2010,زيتون أخضر,North East,353.0
2010,زيتون أخضر,North West,521.0
2010,زيتون أخضر,South East,15.0
2010,زيتون أخضر,South West,59.0
2010,زيتون مملّح,Centre East,270.0
2010,زيتون مملّح,Centre West,297.0
2010,زيتون مملّح,Grand Tunis,2971.0
2010,زيتون مملّح,National,1077.0
2010,زيتون مملّح,North East,861.0
2010,زيتون مملّح,North West,312.0
2010,زيتون مملّح,South East,1109.0
2010,زيتون مملّح,South West,507.0
2010,ساعة يدوية,Centre East,2157.0
2010,ساعة يدوية,Centre West,292.0
2010,ساعة يدوية,Grand Tunis,3423.0
2010,ساعة يدوية,National,1682.0
2010,ساعة يدوية,North East,1033.0
2010,ساعة يدوية,North West,619.0
2010,ساعة يدوية,South East,830.0
2010,ساعة يدوية,South West,973.0
2010,سالطة ،سكورية ،ليتو ،خس...,Centre East,576.0
2010,سالطة ،سكورية ،ليتو ،خس...,Centre West,544.0
2010,سالطة ،سكورية ،ليتو ،خس...,Grand Tunis,3415.0
2010,سالطة ،سكورية ،ليتو ،خس...,National,1603.0
2010,سالطة ،سكورية ،ليتو ،خس...,North East,1716.0
2010,سالطة ،سكورية ،ليتو ،خس...,North West,1543.0
2010,سالطة ،سكورية ،ليتو ،خس...,South East,1291.0
2010,سالطة ،سكورية ،ليتو ،خس...,South West,1230.0
2010,سبتة ،حزام,Centre East,702.0
2010,سبتة ،حزام,Centre West,638.0
2010,سبتة ،حزام,Grand Tunis,1091.0
2010,سبتة ،حزام,National,820.0
2010,سبتة ،حزام,North East,720.0
2010,سبتة ،حزام,North West,471.0
2010,سبتة ،حزام,South East,1237.0
2010,سبتة ،حزام,South West,901.0
2010,سبناخ,Centre East,154.0
2010,سبناخ,Centre West,30.0
2010,سبناخ,Grand Tunis,1615.0
2010,سبناخ,National,573.0
2010,سبناخ,North East,376.0
2010,سبناخ,North West,828.0
2010,سبناخ,South East,0.0
2010,سبناخ,South West,184.0
2010,سجائر,Centre East,87454.0
2010,سجائر,Centre West,51028.0
2010,سجائر,Grand Tunis,90459.0
2010,سجائر,National,69329.0
2010,سجائر,North East,63493.0
2010,سجائر,North West,51852.0
2010,سجائر,South East,37827.0
2010,سجائر,South West,51496.0
2010,سردينة مصبّرة,Centre East,144.0
2010,سردينة مصبّرة,Centre West,81.0
2010,سردينة مصبّرة,Grand Tunis,153.0
2010,سردينة مصبّرة,National,422.0
2010,سردينة مصبّرة,North East,36.0
2010,سردينة مصبّرة,North West,108.0
2010,سردينة مصبّرة,South East,3354.0
2010,سردينة مصبّرة,South West,326.0
2010,سروال دجين,Centre East,38304.0
2010,سروال دجين,Centre West,29288.0
2010,سروال دجين,Grand Tunis,27887.0
2010,سروال دجين,National,30829.0
2010,سروال دجين,North East,30107.0
2010,سروال دجين,North West,26162.0
2010,سروال دجين,South East,31987.0
2010,سروال دجين,South West,25030.0
2010,سروال عادي,Centre East,14488.0
2010,سروال عادي,Centre West,8336.0
2010,سروال عادي,Grand Tunis,29996.0
2010,سروال عادي,National,15777.0
2010,سروال عادي,North East,12419.0
2010,سروال عادي,North West,7606.0
2010,سروال عادي,South East,8786.0
2010,سروال عادي,South West,16419.0
2010,سرير ،مولة,Centre East,2351.0
2010,سرير ،مولة,Centre West,2622.0
2010,سرير ،مولة,Grand Tunis,2312.0
2010,سرير ،مولة,National,2011.0
2010,سرير ،مولة,North East,177.0
2010,سرير ،مولة,North West,1374.0
2010,سرير ،مولة,South East,1953.0
2010,سرير ،مولة,South West,3856.0
2010,سفنارية (جزر),Centre East,3507.0
2010,سفنارية (جزر),Centre West,2119.0
2010,سفنارية (جزر),Grand Tunis,3515.0
2010,سفنارية (جزر),National,3175.0
2010,سفنارية (جزر),North East,2824.0
2010,سفنارية (جزر),North West,2323.0
2010,سفنارية (جزر),South East,4056.0
2010,سفنارية (جزر),South West,4068.0
2010,سلق,Centre East,1921.0
2010,سلق,Centre West,1340.0
2010,سلق,Grand Tunis,2435.0
2010,سلق,National,1911.0
2010,سلق,North East,1660.0
2010,سلق,North West,1454.0
2010,سلق,South East,1458.0
2010,سلق,South West,3351.0
2010,سمك مجفف,Centre East,1666.0
2010,سمك مجفف,Centre West,14.0
2010,سمك مجفف,Grand Tunis,5.0
2010,سمك مجفف,National,433.0
2010,سمك مجفف,North East,0.0
2010,سمك مجفف,North West,0.0
2010,سمك مجفف,South East,95.0
2010,سمك مجفف,South West,569.0
2010,سميد سوق,Centre East,13776.0
2010,سميد سوق,Centre West,15194.0
2010,سميد سوق,Grand Tunis,5745.0
2010,سميد سوق,National,11477.0
2010,سميد سوق,North East,10104.0
2010,سميد سوق,North West,15593.0
2010,سميد سوق,South East,8855.0
2010,سميد سوق,South West,16039.0
2010,سيارة أجرة (لواج) وحافلة بين المدن,Centre East,29458.0
2010,سيارة أجرة (لواج) وحافلة بين المدن,Centre West,17664.0
2010,سيارة أجرة (لواج) وحافلة بين المدن,Grand Tunis,4127.0
2010,سيارة أجرة (لواج) وحافلة بين المدن,National,15827.0
2010,سيارة أجرة (لواج) وحافلة بين المدن,North East,15684.0
2010,سيارة أجرة (لواج) وحافلة بين المدن,North West,13553.0
2010,سيارة أجرة (لواج) وحافلة بين المدن,South East,12462.0
2010,سيارة أجرة (لواج) وحافلة بين المدن,South West,13653.0
2010,شالكة,Centre East,12638.0
2010,شالكة,Centre West,15729.0
2010,شالكة,Grand Tunis,10588.0
2010,شالكة,National,12189.0
2010,شالكة,North East,10803.0
2010,شالكة,North West,10068.0
2010,شالكة,South East,15538.0
2010,شالكة,South West,10895.0
2010,شاي أخضر,Centre East,323.0
2010,شاي أخضر,Centre West,221.0
2010,شاي أخضر,Grand Tunis,720.0
2010,شاي أخضر,National,988.0
2010,شاي أخضر,North East,397.0
2010,شاي أخضر,North West,270.0
2010,شاي أخضر,South East,4646.0
2010,شاي أخضر,South West,3672.0
2010,شاي خارج البيت,Centre East,2129.0
2010,شاي خارج البيت,Centre West,1110.0
2010,شاي خارج البيت,Grand Tunis,2118.0
2010,شاي خارج البيت,National,1598.0
2010,شاي خارج البيت,North East,1372.0
2010,شاي خارج البيت,North West,951.0
2010,شاي خارج البيت,South East,515.0
2010,شاي خارج البيت,South West,2050.0
2010,شحن الهاتف الجوال,Centre East,82544.0
2010,شحن الهاتف الجوال,Centre West,50416.0
2010,شحن الهاتف الجوال,Grand Tunis,102786.0
2010,شحن الهاتف الجوال,National,74842.0
2010,شحن الهاتف الجوال,North East,57869.0
2010,شحن الهاتف الجوال,North West,59565.0
2010,شحن الهاتف الجوال,South East,73360.0
2010,شحن الهاتف الجوال,South West,61021.0
2010,شحن الهاتف القار,Centre East,584.0
2010,شحن الهاتف القار,Centre West,99.0
2010,شحن الهاتف القار,Grand Tunis,722.0
2010,شحن الهاتف القار,National,435.0
2010,شحن الهاتف القار,North East,120.0
2010,شحن الهاتف القار,North West,428.0
2010,شحن الهاتف القار,South East,530.0
2010,شحن الهاتف القار,South West,62.0
2010,شراء الحلي والمجوهرات,Centre East,10810.0
2010,شراء الحلي والمجوهرات,Centre West,2841.0
2010,شراء الحلي والمجوهرات,Grand Tunis,2985.0
2010,شراء الحلي والمجوهرات,National,6094.0
2010,شراء الحلي والمجوهرات,North East,5220.0
2010,شراء الحلي والمجوهرات,North West,3172.0
2010,شراء الحلي والمجوهرات,South East,11544.0
2010,شراء الحلي والمجوهرات,South West,6330.0
2010,شراء دراجة نارية,Centre East,4558.0
2010,شراء دراجة نارية,Centre West,666.0
2010,شراء دراجة نارية,Grand Tunis,558.0
2010,شراء دراجة نارية,National,1939.0
2010,شراء دراجة نارية,North East,1220.0
2010,شراء دراجة نارية,North West,632.0
2010,شراء دراجة نارية,South East,2009.0
2010,شراء دراجة نارية,South West,4124.0
2010,شراء سيارة,Centre East,73384.0
2010,شراء سيارة,Centre West,8495.0
2010,شراء سيارة,Grand Tunis,47189.0
2010,شراء سيارة,National,35382.0
2010,شراء سيارة,North East,15463.0
2010,شراء سيارة,North West,8523.0
2010,شراء سيارة,South East,27087.0
2010,شراء سيارة,South West,10240.0
2010,شراء قطع الغيار,Centre East,1510.0
2010,شراء قطع الغيار,Centre West,598.0
2010,شراء قطع الغيار,Grand Tunis,1271.0
2010,شراء قطع الغيار,National,2084.0
2010,شراء قطع الغيار,North East,1134.0
2010,شراء قطع الغيار,North West,1947.0
2010,شراء قطع الغيار,South East,5610.0
2010,شراء قطع الغيار,South West,8264.0
2010,شراء مستلزمات الترفيه,Centre East,18876.0
2010,شراء مستلزمات الترفيه,Centre West,5762.0
2010,شراء مستلزمات الترفيه,Grand Tunis,22874.0
2010,شراء مستلزمات الترفيه,National,14857.0
2010,شراء مستلزمات الترفيه,North East,12973.0
2010,شراء مستلزمات الترفيه,North West,7081.0
2010,شراء مستلزمات الترفيه,South East,12897.0
2010,شراء مستلزمات الترفيه,South West,10335.0
2010,شراء وسيلة نقل,Centre East,78001.0
2010,شراء وسيلة نقل,Centre West,9331.0
2010,شراء وسيلة نقل,Grand Tunis,47794.0
2010,شراء وسيلة نقل,National,37500.0
2010,شراء وسيلة نقل,North East,16927.0
2010,شراء وسيلة نقل,North West,9237.0
2010,شراء وسيلة نقل,South East,30042.0
2010,شراء وسيلة نقل,South West,14389.0
2010,شمبوان,Centre East,12715.0
2010,شمبوان,Centre West,6535.0
2010,شمبوان,Grand Tunis,13604.0
2010,شمبوان,National,10823.0
2010,شمبوان,North East,10594.0
2010,شمبوان,North West,7473.0
2010,شمبوان,South East,10313.0
2010,شمبوان,South West,9882.0
2010,شوينقوم,Centre East,237.0
2010,شوينقوم,Centre West,507.0
2010,شوينقوم,Grand Tunis,324.0
2010,شوينقوم,National,259.0
2010,شوينقوم,North East,255.0
2010,شوينقوم,North West,68.0
2010,شوينقوم,South East,148.0
2010,شوينقوم,South West,74.0
2010,شيشة في المقهى,Centre East,2983.0
2010,شيشة في المقهى,Centre West,656.0
2010,شيشة في المقهى,Grand Tunis,5196.0
2010,شيشة في المقهى,National,2495.0
2010,شيشة في المقهى,North East,2215.0
2010,شيشة في المقهى,North West,217.0
2010,شيشة في المقهى,South East,1037.0
2010,شيشة في المقهى,South West,1395.0
2010,صابون الصيانة الشخصية,Centre East,2396.0
2010,صابون الصيانة الشخصية,Centre West,767.0
2010,صابون الصيانة الشخصية,Grand Tunis,3530.0
2010,صابون الصيانة الشخصية,National,2213.0
2010,صابون الصيانة الشخصية,North East,1465.0
2010,صابون الصيانة الشخصية,North West,1073.0
2010,صابون الصيانة الشخصية,South East,3216.0
2010,صابون الصيانة الشخصية,South West,1996.0
2010,صابون الغسل,Centre East,4480.0
2010,صابون الغسل,Centre West,4902.0
2010,صابون الغسل,Grand Tunis,3452.0
2010,صابون الغسل,National,4118.0
2010,صابون الغسل,North East,4005.0
2010,صابون الغسل,North West,6177.0
2010,صابون الغسل,South East,3112.0
2010,صابون الغسل,South West,1216.0
2010,صحفة أو كسكروت لبالبي,Centre East,72.0
2010,صحفة أو كسكروت لبالبي,Centre West,116.0
2010,صحفة أو كسكروت لبالبي,Grand Tunis,508.0
2010,صحفة أو كسكروت لبالبي,National,303.0
2010,صحفة أو كسكروت لبالبي,North East,704.0
2010,صحفة أو كسكروت لبالبي,North West,0.0
2010,صحفة أو كسكروت لبالبي,South East,40.0
2010,صحفة أو كسكروت لبالبي,South West,906.0
2010,صحن أو كسكروت كفتاجي,Centre East,125.0
2010,صحن أو كسكروت كفتاجي,Centre West,3280.0
2010,صحن أو كسكروت كفتاجي,Grand Tunis,5591.0
2010,صحن أو كسكروت كفتاجي,National,2822.0
2010,صحن أو كسكروت كفتاجي,North East,5178.0
2010,صحن أو كسكروت كفتاجي,North West,2709.0
2010,صحن أو كسكروت كفتاجي,South East,227.0
2010,صحن أو كسكروت كفتاجي,South West,103.0
2010,صحن تونسي,Centre East,285.0
2010,صحن تونسي,Centre West,0.0
2010,صحن تونسي,Grand Tunis,592.0
2010,صحن تونسي,National,334.0
2010,صحن تونسي,North East,300.0
2010,صحن تونسي,North West,460.0
2010,صحن تونسي,South East,328.0
2010,صحن تونسي,South West,94.0
2010,صندال,Centre East,3256.0
2010,صندال,Centre West,2884.0
2010,صندال,Grand Tunis,3970.0
2010,صندال,National,3144.0
2010,صندال,North East,2769.0
2010,صندال,North West,1549.0
2010,صندال,South East,4161.0
2010,صندال,South West,2417.0
2010,صيانة تجهيزات التكييف,Centre East,339.0
2010,صيانة تجهيزات التكييف,Centre West,206.0
2010,صيانة تجهيزات التكييف,Grand Tunis,1439.0
2010,صيانة تجهيزات التكييف,National,623.0
2010,صيانة تجهيزات التكييف,North East,208.0
2010,صيانة تجهيزات التكييف,North West,210.0
2010,صيانة تجهيزات التكييف,South East,1142.0
2010,صيانة تجهيزات التكييف,South West,450.0
2010,صيانة وسيلة نقل خاصة,Centre East,14388.0
2010,صيانة وسيلة نقل خاصة,Centre West,2842.0
2010,صيانة وسيلة نقل خاصة,Grand Tunis,8928.0
2010,صيانة وسيلة نقل خاصة,National,7434.0
2010,صيانة وسيلة نقل خاصة,North East,2876.0
2010,صيانة وسيلة نقل خاصة,North West,3502.0
2010,صيانة وسيلة نقل خاصة,South East,6230.0
2010,صيانة وسيلة نقل خاصة,South West,4545.0
2010,ط َفل,Centre East,2449.0
2010,ط َفل,Centre West,1768.0
2010,ط َفل,Grand Tunis,6669.0
2010,ط َفل,National,3249.0
2010,ط َفل,North East,1568.0
2010,ط َفل,North West,1048.0
2010,ط َفل,South East,4429.0
2010,ط َفل,South West,2703.0
2010,طماطم مصبّرة,Centre East,20071.0
2010,طماطم مصبّرة,Centre West,17328.0
2010,طماطم مصبّرة,Grand Tunis,19995.0
2010,طماطم مصبّرة,National,19911.0
2010,طماطم مصبّرة,North East,21458.0
2010,طماطم مصبّرة,North West,20659.0
2010,طماطم مصبّرة,South East,18878.0
2010,طماطم مصبّرة,South West,21312.0
2010,طواقم,Centre East,3607.0
2010,طواقم,Centre West,1261.0
2010,طواقم,Grand Tunis,3895.0
2010,طواقم,National,3742.0
2010,طواقم,North East,3636.0
2010,طواقم,North West,1896.0
2010,طواقم,South East,9431.0
2010,طواقم,South West,4336.0
2010,عجين غذائي (مقرونة ،شربة)...,Centre East,11856.0
2010,عجين غذائي (مقرونة ،شربة)...,Centre West,13607.0
2010,عجين غذائي (مقرونة ،شربة)...,Grand Tunis,10137.0
2010,عجين غذائي (مقرونة ،شربة)...,National,12352.0
2010,عجين غذائي (مقرونة ،شربة)...,North East,12795.0
2010,عجين غذائي (مقرونة ،شربة)...,North West,12391.0
2010,عجين غذائي (مقرونة ،شربة)...,South East,14886.0
2010,عجين غذائي (مقرونة ،شربة)...,South West,15288.0
2010,عدس شائح,Centre East,412.0
2010,عدس شائح,Centre West,1115.0
2010,عدس شائح,Grand Tunis,1355.0
2010,عدس شائح,National,1042.0
2010,عدس شائح,North East,864.0
2010,عدس شائح,North West,1426.0
2010,عدس شائح,South East,1406.0
2010,عدس شائح,South West,1267.0
2010,عسل النحل,Centre East,1305.0
2010,عسل النحل,Centre West,1217.0
2010,عسل النحل,Grand Tunis,1756.0
2010,عسل النحل,National,1335.0
2010,عسل النحل,North East,1766.0
2010,عسل النحل,North West,570.0
2010,عسل النحل,South East,1302.0
2010,عسل النحل,South West,551.0
2010,عسل و أغذية سكريّة,Centre East,4664.0
2010,عسل و أغذية سكريّة,Centre West,2376.0
2010,عسل و أغذية سكريّة,Grand Tunis,6148.0
2010,عسل و أغذية سكريّة,National,4106.0
2010,عسل و أغذية سكريّة,North East,4090.0
2010,عسل و أغذية سكريّة,North West,1742.0
2010,عسل و أغذية سكريّة,South East,4235.0
2010,عسل و أغذية سكريّة,South West,2113.0
2010,عصير غالل (قارورة  ،باكوات,Centre East,1345.0
2010,عصير غالل (قارورة  ،باكوات,Centre West,398.0
2010,عصير غالل (قارورة  ،باكوات,Grand Tunis,3692.0
2010,عصير غالل (قارورة  ،باكوات,National,1534.0
2010,عصير غالل (قارورة  ،باكوات,North East,585.0
2010,عصير غالل (قارورة  ،باكوات,North West,285.0
2010,عصير غالل (قارورة  ،باكوات,South East,1807.0
2010,عصير غالل (قارورة  ،باكوات,South West,569.0
2010,عطورات,Centre East,16515.0
2010,عطورات,Centre West,10242.0
2010,عطورات,Grand Tunis,32360.0
2010,عطورات,National,17666.0
2010,عطورات,North East,11273.0
2010,عطورات,North West,9390.0
2010,عطورات,South East,17865.0
2010,عطورات,South West,11804.0
2010,علف للدواب الجارة,Centre East,1172.0
2010,علف للدواب الجارة,Centre West,1668.0
2010,علف للدواب الجارة,Grand Tunis,66.0
2010,علف للدواب الجارة,National,1768.0
2010,علف للدواب الجارة,North East,11.0
2010,علف للدواب الجارة,North West,650.0
2010,علف للدواب الجارة,South East,12786.0
2010,علف للدواب الجارة,South West,250.0
2010,عنب,Centre East,5174.0
2010,عنب,Centre West,5255.0
2010,عنب,Grand Tunis,5021.0
2010,عنب,National,4695.0
2010,عنب,North East,4104.0
2010,عنب,North West,3895.0
2010,عنب,South East,3456.0
2010,عنب,South West,5151.0
2010,عوينة,Centre East,903.0
2010,عوينة,Centre West,522.0
2010,عوينة,Grand Tunis,518.0
2010,عوينة,National,653.0
2010,عوينة,North East,642.0
2010,عوينة,North West,682.0
2010,عوينة,South East,557.0
2010,عوينة,South West,608.0
2010,غاز قارورة,Centre East,27239.0
2010,غاز قارورة,Centre West,21942.0
2010,غاز قارورة,Grand Tunis,15475.0
2010,غاز قارورة,National,23185.0
2010,غاز قارورة,North East,24257.0
2010,غاز قارورة,North West,27998.0
2010,غاز قارورة,South East,25108.0
2010,غاز قارورة,South West,25485.0
2010,غاز للسيارات,Centre East,18945.0
2010,غاز للسيارات,Centre West,2058.0
2010,غاز للسيارات,Grand Tunis,18977.0
2010,غاز للسيارات,National,10343.0
2010,غاز للسيارات,North East,4277.0
2010,غاز للسيارات,North West,1492.0
2010,غاز للسيارات,South East,2802.0
2010,غاز للسيارات,South West,3959.0
2010,غالل البحر,Centre East,780.0
2010,غالل البحر,Centre West,44.0
2010,غالل البحر,Grand Tunis,1252.0
2010,غالل البحر,National,517.0
2010,غالل البحر,North East,216.0
2010,غالل البحر,North West,9.0
2010,غالل البحر,South East,71.0
2010,غالل البحر,South West,13.0
2010,غسل و تشحيم الدراجة النارية,Centre East,1137.0
2010,غسل و تشحيم الدراجة النارية,Centre West,17.0
2010,غسل و تشحيم الدراجة النارية,Grand Tunis,33.0
2010,غسل و تشحيم الدراجة النارية,National,424.0
2010,غسل و تشحيم الدراجة النارية,North East,211.0
2010,غسل و تشحيم الدراجة النارية,North West,387.0
2010,غسل و تشحيم الدراجة النارية,South East,682.0
2010,غسل و تشحيم الدراجة النارية,South West,232.0
2010,غسل و تشحيم و تبديل زيت السيارة,Centre East,4966.0
2010,غسل و تشحيم و تبديل زيت السيارة,Centre West,806.0
2010,غسل و تشحيم و تبديل زيت السيارة,Grand Tunis,2959.0
2010,غسل و تشحيم و تبديل زيت السيارة,National,2783.0
2010,غسل و تشحيم و تبديل زيت السيارة,North East,1412.0
2010,غسل و تشحيم و تبديل زيت السيارة,North West,2329.0
2010,غسل و تشحيم و تبديل زيت السيارة,South East,2101.0
2010,غسل و تشحيم و تبديل زيت السيارة,South West,3099.0
2010,فاتورة الكهرباء والغاز,Centre East,74143.0
2010,فاتورة الكهرباء والغاز,Centre West,42462.0
2010,فاتورة الكهرباء والغاز,Grand Tunis,110079.0
2010,فاتورة الكهرباء والغاز,National,71420.0
2010,فاتورة الكهرباء والغاز,North East,67329.0
2010,فاتورة الكهرباء والغاز,North West,41347.0
2010,فاتورة الكهرباء والغاز,South East,60700.0
2010,فاتورة الكهرباء والغاز,South West,58059.0
2010,فاتورة الماء,Centre East,26481.0
2010,فاتورة الماء,Centre West,10412.0
2010,فاتورة الماء,Grand Tunis,34337.0
2010,فاتورة الماء,National,22996.0
2010,فاتورة الماء,North East,21328.0
2010,فاتورة الماء,North West,11551.0
2010,فاتورة الماء,South East,21906.0
2010,فاتورة الماء,South West,20788.0
2010,فاتورة الهاتف الجوال,Centre East,1045.0
2010,فاتورة الهاتف الجوال,Centre West,61.0
2010,فاتورة الهاتف الجوال,Grand Tunis,1430.0
2010,فاتورة الهاتف الجوال,National,618.0
2010,فاتورة الهاتف الجوال,North East,154.0
2010,فاتورة الهاتف الجوال,North West,46.0
2010,فاتورة الهاتف الجوال,South East,25.0
2010,فاتورة الهاتف الجوال,South West,103.0
2010,فاتورة الهاتف القار,Centre East,5327.0
2010,فاتورة الهاتف القار,Centre West,1061.0
2010,فاتورة الهاتف القار,Grand Tunis,8594.0
2010,فاتورة الهاتف القار,National,4289.0
2010,فاتورة الهاتف القار,North East,2501.0
2010,فاتورة الهاتف القار,North West,1812.0
2010,فاتورة الهاتف القار,South East,2737.0
2010,فاتورة الهاتف القار,South West,1856.0
2010,فارينة,Centre East,2686.0
2010,فارينة,Centre West,1695.0
2010,فارينة,Grand Tunis,2041.0
2010,فارينة,National,2823.0
2010,فارينة,North East,2850.0
2010,فارينة,North West,2673.0
2010,فارينة,South East,4632.0
2010,فارينة,South West,6595.0
2010,فحم,Centre East,1919.0
2010,فحم,Centre West,1852.0
2010,فحم,Grand Tunis,1611.0
2010,فحم,National,2026.0
2010,فحم,North East,1604.0
2010,فحم,North West,1327.0
2010,فحم,South East,4589.0
2010,فحم,South West,2906.0
2010,فراولو,Centre East,1594.0
2010,فراولو,Centre West,1163.0
2010,فراولو,Grand Tunis,3299.0
2010,فراولو,National,1815.0
2010,فراولو,North East,2222.0
2010,فراولو,North West,703.0
2010,فراولو,South East,901.0
2010,فراولو,South West,902.0
2010,فقوس,Centre East,3027.0
2010,فقوس,Centre West,1910.0
2010,فقوس,Grand Tunis,2968.0
2010,فقوس,National,2537.0
2010,فقوس,North East,2396.0
2010,فقوس,North West,2029.0
2010,فقوس,South East,2325.0
2010,فقوس,South West,1950.0
2010,فلفل أحمر شائح قرون,Centre East,1189.0
2010,فلفل أحمر شائح قرون,Centre West,684.0
2010,فلفل أحمر شائح قرون,Grand Tunis,941.0
2010,فلفل أحمر شائح قرون,National,1329.0
2010,فلفل أحمر شائح قرون,North East,1548.0
2010,فلفل أحمر شائح قرون,North West,705.0
2010,فلفل أحمر شائح قرون,South East,4338.0
2010,فلفل أحمر شائح قرون,South West,889.0
2010,فلفل أحمر مرحي,Centre East,7935.0
2010,فلفل أحمر مرحي,Centre West,4750.0
2010,فلفل أحمر مرحي,Grand Tunis,4378.0
2010,فلفل أحمر مرحي,National,6034.0
2010,فلفل أحمر مرحي,North East,5360.0
2010,فلفل أحمر مرحي,North West,7146.0
2010,فلفل أحمر مرحي,South East,6089.0
2010,فلفل أحمر مرحي,South West,7329.0
2010,فلفل أخضر,Centre East,15437.0
2010,فلفل أخضر,Centre West,10917.0
2010,فلفل أخضر,Grand Tunis,17292.0
2010,فلفل أخضر,National,14338.0
2010,فلفل أخضر,North East,15964.0
2010,فلفل أخضر,North West,17384.0
2010,فلفل أخضر,South East,7632.0
2010,فلفل أخضر,South West,6282.0
2010,فلفل أكحل,Centre East,886.0
2010,فلفل أكحل,Centre West,193.0
2010,فلفل أكحل,Grand Tunis,683.0
2010,فلفل أكحل,National,531.0
2010,فلفل أكحل,North East,452.0
2010,فلفل أكحل,North West,339.0
2010,فلفل أكحل,South East,198.0
2010,فلفل أكحل,South West,356.0
2010,فواكه أخرى,Centre East,6690.0
2010,فواكه أخرى,Centre West,4438.0
2010,فواكه أخرى,Grand Tunis,10745.0
2010,فواكه أخرى,National,6923.0
2010,فواكه أخرى,North East,6055.0
2010,فواكه أخرى,North West,3421.0
2010,فواكه أخرى,South East,7593.0
2010,فواكه أخرى,South West,6214.0
2010,فواكه جافةّ,Centre East,3674.0
2010,فواكه جافةّ,Centre West,1170.0
2010,فواكه جافةّ,Grand Tunis,3643.0
2010,فواكه جافةّ,National,2752.0
2010,فواكه جافةّ,North East,2786.0
2010,فواكه جافةّ,North West,2069.0
2010,فواكه جافةّ,South East,1503.0
2010,فواكه جافةّ,South West,2334.0
2010,فول أخضر,Centre East,1780.0
2010,فول أخضر,Centre West,2129.0
2010,فول أخضر,Grand Tunis,1290.0
2010,فول أخضر,National,1633.0
2010,فول أخضر,North East,1370.0
2010,فول أخضر,North West,1957.0
2010,فول أخضر,South East,771.0
2010,فول أخضر,South West,2652.0
2010,فول شائح,Centre East,2016.0
2010,فول شائح,Centre West,1106.0
2010,فول شائح,Grand Tunis,761.0
2010,فول شائح,National,1242.0
2010,فول شائح,North East,1040.0
2010,فول شائح,North West,534.0
2010,فول شائح,South East,1408.0
2010,فول شائح,South West,2016.0
2010,فيستة ،بلوزون,Centre East,3577.0
2010,فيستة ،بلوزون,Centre West,851.0
2010,فيستة ،بلوزون,Grand Tunis,3713.0
2010,فيستة ،بلوزون,National,2727.0
2010,فيستة ،بلوزون,North East,2717.0
2010,فيستة ،بلوزون,North West,2152.0
2010,فيستة ،بلوزون,South East,2269.0
2010,فيستة ،بلوزون,South West,1498.0
2010,قارص,Centre East,688.0
2010,قارص,Centre West,370.0
2010,قارص,Grand Tunis,1476.0
2010,قارص,National,1016.0
2010,قارص,North East,1242.0
2010,قارص,North West,937.0
2010,قارص,South East,1235.0
2010,قارص,South West,1258.0
2010,قاعة أكل,Centre East,1539.0
2010,قاعة أكل,Centre West,482.0
2010,قاعة أكل,Grand Tunis,954.0
2010,قاعة أكل,National,1115.0
2010,قاعة أكل,North East,829.0
2010,قاعة أكل,North West,1038.0
2010,قاعة أكل,South East,1943.0
2010,قاعة أكل,South West,1039.0
2010,قاعة استقبال,Centre East,10211.0
2010,قاعة استقبال,Centre West,3562.0
2010,قاعة استقبال,Grand Tunis,9790.0
2010,قاعة استقبال,National,6744.0
2010,قاعة استقبال,North East,4028.0
2010,قاعة استقبال,North West,3213.0
2010,قاعة استقبال,South East,4131.0
2010,قاعة استقبال,South West,5507.0
2010,قرع أحمر,Centre East,2189.0
2010,قرع أحمر,Centre West,1964.0
2010,قرع أحمر,Grand Tunis,1768.0
2010,قرع أحمر,National,2032.0
2010,قرع أحمر,North East,1658.0
2010,قرع أحمر,North West,913.0
2010,قرع أحمر,South East,2560.0
2010,قرع أحمر,South West,4996.0
2010,قرع بوطزينة,Centre East,403.0
2010,قرع بوطزينة,Centre West,173.0
2010,قرع بوطزينة,Grand Tunis,1092.0
2010,قرع بوطزينة,National,641.0
2010,قرع بوطزينة,North East,668.0
2010,قرع بوطزينة,North West,970.0
2010,قرع بوطزينة,South East,634.0
2010,قرع بوطزينة,South West,152.0
2010,قرنيط ،سوبية ،مطيق,Centre East,3386.0
2010,قرنيط ،سوبية ،مطيق,Centre West,39.0
2010,قرنيط ،سوبية ،مطيق,Grand Tunis,1114.0
2010,قرنيط ،سوبية ،مطيق,National,1182.0
2010,قرنيط ،سوبية ،مطيق,North East,476.0
2010,قرنيط ،سوبية ،مطيق,North West,0.0
2010,قرنيط ،سوبية ،مطيق,South East,559.0
2010,قرنيط ،سوبية ،مطيق,South West,199.0
2010,قريزيل,Centre East,1396.0
2010,قريزيل,Centre West,810.0
2010,قريزيل,Grand Tunis,2507.0
2010,قريزيل,National,1623.0
2010,قريزيل,North East,1431.0
2010,قريزيل,North West,1216.0
2010,قريزيل,South East,1475.0
2010,قريزيل,South West,2397.0
2010,قطار,Centre East,9612.0
2010,قطار,Centre West,16566.0
2010,قطار,Grand Tunis,6111.0
2010,قطار,National,10876.0
2010,قطار,North East,15130.0
2010,قطار,North West,16404.0
2010,قطار,South East,7713.0
2010,قطار,South West,5618.0
2010,قمح صلب ّ,Centre East,1389.0
2010,قمح صلب ّ,Centre West,5446.0
2010,قمح صلب ّ,Grand Tunis,336.0
2010,قمح صلب ّ,National,1502.0
2010,قمح صلب ّ,North East,335.0
2010,قمح صلب ّ,North West,1963.0
2010,قمح صلب ّ,South East,645.0
2010,قمح صلب ّ,South West,800.0
2010,قميص,Centre East,13491.0
2010,قميص,Centre West,4913.0
2010,قميص,Grand Tunis,13435.0
2010,قميص,National,10573.0
2010,قميص,North East,9381.0
2010,قميص,North West,7622.0
2010,قميص,South East,10053.0
2010,قميص,South West,9858.0
2010,قنارية,Centre East,267.0
2010,قنارية,Centre West,41.0
2010,قنارية,Grand Tunis,2975.0
2010,قنارية,National,1034.0
2010,قنارية,North East,1020.0
2010,قنارية,North West,988.0
2010,قنارية,South East,83.0
2010,قنارية,South West,223.0
2010,قهوة خارج البيت,Centre East,34509.0
2010,قهوة خارج البيت,Centre West,11560.0
2010,قهوة خارج البيت,Grand Tunis,39622.0
2010,قهوة خارج البيت,National,27694.0
2010,قهوة خارج البيت,North East,26540.0
2010,قهوة خارج البيت,North West,20406.0
2010,قهوة خارج البيت,South East,19027.0
2010,قهوة خارج البيت,South West,20146.0
2010,كالفس,Centre East,205.0
2010,كالفس,Centre West,311.0
2010,كالفس,Grand Tunis,826.0
2010,كالفس,National,459.0
2010,كالفس,North East,328.0
2010,كالفس,North West,688.0
2010,كالفس,South East,225.0
2010,كالفس,South West,580.0
2010,كبدة,Centre East,214.0
2010,كبدة,Centre West,474.0
2010,كبدة,Grand Tunis,475.0
2010,كبدة,National,414.0
2010,كبدة,North East,464.0
2010,كبدة,North West,543.0
2010,كبدة,South East,461.0
2010,كبدة,South West,381.0
2010,كتب بمناسبة العودة المدرسية,Centre East,6729.0
2010,كتب بمناسبة العودة المدرسية,Centre West,6390.0
2010,كتب بمناسبة العودة المدرسية,Grand Tunis,6033.0
2010,كتب بمناسبة العودة المدرسية,National,6329.0
2010,كتب بمناسبة العودة المدرسية,North East,5843.0
2010,كتب بمناسبة العودة المدرسية,North West,6504.0
2010,كتب بمناسبة العودة المدرسية,South East,6729.0
2010,كتب بمناسبة العودة المدرسية,South West,5955.0
2010,كتب غير مدرسية,Centre East,552.0
2010,كتب غير مدرسية,Centre West,241.0
2010,كتب غير مدرسية,Grand Tunis,1153.0
2010,كتب غير مدرسية,National,603.0
2010,كتب غير مدرسية,North East,341.0
2010,كتب غير مدرسية,North West,561.0
2010,كتب غير مدرسية,South East,550.0
2010,كتب غير مدرسية,South West,227.0
2010,كراسات و أدوات بمناسبة العودة المدرسية,Centre East,8403.0
2010,كراسات و أدوات بمناسبة العودة المدرسية,Centre West,4394.0
2010,كراسات و أدوات بمناسبة العودة المدرسية,Grand Tunis,6059.0
2010,كراسات و أدوات بمناسبة العودة المدرسية,National,6506.0
2010,كراسات و أدوات بمناسبة العودة المدرسية,North East,6386.0
2010,كراسات و أدوات بمناسبة العودة المدرسية,North West,6214.0
2010,كراسات و أدوات بمناسبة العودة المدرسية,South East,5982.0
2010,كراسات و أدوات بمناسبة العودة المدرسية,South West,7220.0
2010,كرسي,Centre East,3227.0
2010,كرسي,Centre West,1182.0
2010,كرسي,Grand Tunis,1281.0
2010,كرسي,National,1872.0
2010,كرسي,North East,2455.0
2010,كرسي,North West,815.0
2010,كرسي,South East,1933.0
2010,كرسي,South West,932.0
2010,كرشة و دوّ ارة,Centre East,2849.0
2010,كرشة و دوّ ارة,Centre West,1354.0
2010,كرشة و دوّ ارة,Grand Tunis,963.0
2010,كرشة و دوّ ارة,National,1559.0
2010,كرشة و دوّ ارة,North East,1343.0
2010,كرشة و دوّ ارة,North West,938.0
2010,كرشة و دوّ ارة,South East,1654.0
2010,كرشة و دوّ ارة,South West,801.0
2010,كركم,Centre East,875.0
2010,كركم,Centre West,177.0
2010,كركم,Grand Tunis,560.0
2010,كركم,National,663.0
2010,كركم,North East,525.0
2010,كركم,North West,216.0
2010,كركم,South East,1325.0
2010,كركم,South West,1538.0
2010,كرمب,Centre East,756.0
2010,كرمب,Centre West,326.0
2010,كرمب,Grand Tunis,614.0
2010,كرمب,National,561.0
2010,كرمب,North East,678.0
2010,كرمب,North West,387.0
2010,كرمب,South East,503.0
2010,كرمب,South West,246.0
2010,كرموس,Centre East,1152.0
2010,كرموس,Centre West,1040.0
2010,كرموس,Grand Tunis,1368.0
2010,كرموس,National,1046.0
2010,كرموس,North East,781.0
2010,كرموس,North West,652.0
2010,كرموس,South East,968.0
2010,كرموس,South West,883.0
2010,كروية,Centre East,431.0
2010,كروية,Centre West,105.0
2010,كروية,Grand Tunis,98.0
2010,كروية,National,204.0
2010,كروية,North East,91.0
2010,كروية,North West,76.0
2010,كروية,South East,245.0
2010,كروية,South West,411.0
2010,كسكروت تن أو سردينة,Centre East,19410.0
2010,كسكروت تن أو سردينة,Centre West,6634.0
2010,كسكروت تن أو سردينة,Grand Tunis,9121.0
2010,كسكروت تن أو سردينة,National,11527.0
2010,كسكروت تن أو سردينة,North East,11704.0
2010,كسكروت تن أو سردينة,North West,12585.0
2010,كسكروت تن أو سردينة,South East,5980.0
2010,كسكروت تن أو سردينة,South West,6696.0
2010,كسكروت معجون أو زبدة أو جبن,Centre East,328.0
2010,كسكروت معجون أو زبدة أو جبن,Centre West,73.0
2010,كسكروت معجون أو زبدة أو جبن,Grand Tunis,739.0
2010,كسكروت معجون أو زبدة أو جبن,National,286.0
2010,كسكروت معجون أو زبدة أو جبن,North East,63.0
2010,كسكروت معجون أو زبدة أو جبن,North West,68.0
2010,كسكروت معجون أو زبدة أو جبن,South East,107.0
2010,كسكروت معجون أو زبدة أو جبن,South West,43.0
2010,كسكروت هريسة,Centre East,917.0
2010,كسكروت هريسة,Centre West,876.0
2010,كسكروت هريسة,Grand Tunis,1738.0
2010,كسكروت هريسة,National,875.0
2010,كسكروت هريسة,North East,677.0
2010,كسكروت هريسة,North West,108.0
2010,كسكروت هريسة,South East,309.0
2010,كسكروت هريسة,South West,117.0
2010,كسكسي,Centre East,4280.0
2010,كسكسي,Centre West,6133.0
2010,كسكسي,Grand Tunis,3427.0
2010,كسكسي,National,4122.0
2010,كسكسي,North East,3195.0
2010,كسكسي,North West,727.0
2010,كسكسي,South East,8791.0
2010,كسكسي,South West,3243.0
2010,كسوة,Centre East,8680.0
2010,كسوة,Centre West,2190.0
2010,كسوة,Grand Tunis,5172.0
2010,كسوة,National,4987.0
2010,كسوة,North East,4323.0
2010,كسوة,North West,2301.0
2010,كسوة,South East,4871.0
2010,كسوة,South West,2835.0
2010,كمّون,Centre East,483.0
2010,كمّون,Centre West,35.0
2010,كمّون,Grand Tunis,224.0
2010,كمّون,National,239.0
2010,كمّون,North East,237.0
2010,كمّون,North West,64.0
2010,كمّون,South East,149.0
2010,كمّون,South West,281.0
2010,لبلح,Centre East,202.0
2010,لبلح,Centre West,6.0
2010,لبلح,Grand Tunis,0.0
2010,لبلح,National,122.0
2010,لبلح,North East,71.0
2010,لبلح,North West,17.0
2010,لبلح,South East,686.0
2010,لبلح,South West,3.0
2010,لبن طري,Centre East,2485.0
2010,لبن طري,Centre West,1017.0
2010,لبن طري,Grand Tunis,3476.0
2010,لبن طري,National,2310.0
2010,لبن طري,North East,1636.0
2010,لبن طري,North West,1721.0
2010,لبن طري,South East,2144.0
2010,لبن طري,South West,2976.0
2010,لحم الجمل,Centre East,518.0
2010,لحم الجمل,Centre West,151.0
2010,لحم الجمل,Grand Tunis,53.0
2010,لحم الجمل,National,382.0
2010,لحم الجمل,North East,11.0
2010,لحم الجمل,North West,0.0
2010,لحم الجمل,South East,1742.0
2010,لحم الجمل,South West,1215.0
2010,لحم برشني,Centre East,678.0
2010,لحم برشني,Centre West,3592.0
2010,لحم برشني,Grand Tunis,1370.0
2010,لحم برشني,National,5884.0
2010,لحم برشني,North East,1204.0
2010,لحم برشني,North West,4035.0
2010,لحم برشني,South East,44087.0
2010,لحم برشني,South West,4912.0
2010,لحم بقري,Centre East,24178.0
2010,لحم بقري,Centre West,3558.0
2010,لحم بقري,Grand Tunis,22606.0
2010,لحم بقري,National,18303.0
2010,لحم بقري,North East,27871.0
2010,لحم بقري,North West,10277.0
2010,لحم بقري,South East,17008.0
2010,لحم بقري,South West,5798.0
2010,لحم علوش,Centre East,115318.0
2010,لحم علوش,Centre West,87343.0
2010,لحم علوش,Grand Tunis,107851.0
2010,لحم علوش,National,98035.0
2010,لحم علوش,North East,87849.0
2010,لحم علوش,North West,87051.0
2010,لحم علوش,South East,81585.0
2010,لحم علوش,South West,85473.0
2010,لحوم و دواجن,Centre East,202251.0
2010,لحوم و دواجن,Centre West,131760.0
2010,لحوم و دواجن,Grand Tunis,205456.0
2010,لحوم و دواجن,National,178099.0
2010,لحوم و دواجن,North East,172713.0
2010,لحوم و دواجن,North West,151892.0
2010,لحوم و دواجن,South East,174984.0
2010,لحوم و دواجن,South West,146462.0
2010,لعب أطفال,Centre East,1442.0
2010,لعب أطفال,Centre West,337.0
2010,لعب أطفال,Grand Tunis,1538.0
2010,لعب أطفال,National,1094.0
2010,لعب أطفال,North East,1287.0
2010,لعب أطفال,North West,382.0
2010,لعب أطفال,South East,904.0
2010,لعب أطفال,South West,896.0
2010,لفت,Centre East,712.0
2010,لفت,Centre West,1074.0
2010,لفت,Grand Tunis,990.0
2010,لفت,National,1105.0
2010,لفت,North East,1147.0
2010,لفت,North West,1113.0
2010,لفت,South East,1495.0
2010,لفت,South West,2533.0
2010,لوازم أخرى,Centre East,3143.0
2010,لوازم أخرى,Centre West,720.0
2010,لوازم أخرى,Grand Tunis,2367.0
2010,لوازم أخرى,National,1773.0
2010,لوازم أخرى,North East,854.0
2010,لوازم أخرى,North West,270.0
2010,لوازم أخرى,South East,2236.0
2010,لوازم أخرى,South West,727.0
2010,لوازم تجميل,Centre East,316.0
2010,لوازم تجميل,Centre West,103.0
2010,لوازم تجميل,Grand Tunis,1101.0
2010,لوازم تجميل,National,452.0
2010,لوازم تجميل,North East,313.0
2010,لوازم تجميل,North West,155.0
2010,لوازم تجميل,South East,350.0
2010,لوازم تجميل,South West,282.0
2010,لوبيا,Centre East,1181.0
2010,لوبيا,Centre West,1858.0
2010,لوبيا,Grand Tunis,3721.0
2010,لوبيا,National,2594.0
2010,لوبيا,North East,2986.0
2010,لوبيا,North West,3090.0
2010,لوبيا,South East,3083.0
2010,لوبيا,South West,2767.0
2010,لوز,Centre East,1743.0
2010,لوز,Centre West,678.0
2010,لوز,Grand Tunis,1134.0
2010,لوز,National,1025.0
2010,لوز,North East,605.0
2010,لوز,North West,529.0
2010,لوز,South East,808.0
2010,لوز,South West,830.0
2010,لوز أخضر,Centre East,541.0
2010,لوز أخضر,Centre West,371.0
2010,لوز أخضر,Grand Tunis,404.0
2010,لوز أخضر,National,515.0
2010,لوز أخضر,North East,634.0
2010,لوز أخضر,North West,239.0
2010,لوز أخضر,South East,1016.0
2010,لوز أخضر,South West,651.0
2010,مأكوالت جاهزة,Centre East,13712.0
2010,مأكوالت جاهزة,Centre West,4232.0
2010,مأكوالت جاهزة,Grand Tunis,26347.0
2010,مأكوالت جاهزة,National,13556.0
2010,مأكوالت جاهزة,North East,11322.0
2010,مأكوالت جاهزة,North West,6079.0
2010,مأكوالت جاهزة,South East,10491.0
2010,مأكوالت جاهزة,South West,7967.0
2010,ماء جافال),Centre East,6791.0
2010,ماء جافال),Centre West,5662.0
2010,ماء جافال),Grand Tunis,7347.0
2010,ماء جافال),National,6240.0
2010,ماء جافال),North East,6296.0
2010,ماء جافال),North West,3786.0
2010,ماء جافال),South East,5708.0
2010,ماء جافال),South West,6492.0
2010,ماء معدني,Centre East,5906.0
2010,ماء معدني,Centre West,1008.0
2010,ماء معدني,Grand Tunis,16206.0
2010,ماء معدني,National,6645.0
2010,ماء معدني,North East,3605.0
2010,ماء معدني,North West,1359.0
2010,ماء معدني,South East,5286.0
2010,ماء معدني,South West,4130.0
2010,مازوط للسيارات,Centre East,15240.0
2010,مازوط للسيارات,Centre West,3071.0
2010,مازوط للسيارات,Grand Tunis,4818.0
2010,مازوط للسيارات,National,6107.0
2010,مازوط للسيارات,North East,1663.0
2010,مازوط للسيارات,North West,2486.0
2010,مازوط للسيارات,South East,4707.0
2010,مازوط للسيارات,South West,1388.0
2010,مالبس خارجية أخرى,Centre East,46486.0
2010,مالبس خارجية أخرى,Centre West,28746.0
2010,مالبس خارجية أخرى,Grand Tunis,52508.0
2010,مالبس خارجية أخرى,National,41301.0
2010,مالبس خارجية أخرى,North East,44450.0
2010,مالبس خارجية أخرى,North West,24752.0
2010,مالبس خارجية أخرى,South East,34781.0
2010,مالبس خارجية أخرى,South West,39816.0
2010,مالبس خارجية أساسية تقليدية,Centre East,7659.0
2010,مالبس خارجية أساسية تقليدية,Centre West,2485.0
2010,مالبس خارجية أساسية تقليدية,Grand Tunis,4663.0
2010,مالبس خارجية أساسية تقليدية,National,5782.0
2010,مالبس خارجية أساسية تقليدية,North East,2599.0
2010,مالبس خارجية أساسية تقليدية,North West,2696.0
2010,مالبس خارجية أساسية تقليدية,South East,18635.0
2010,مالبس خارجية أساسية تقليدية,South West,3752.0
2010,مالبس خارجية أساسية عصرية,Centre East,98246.0
2010,مالبس خارجية أساسية عصرية,Centre West,54990.0
2010,مالبس خارجية أساسية عصرية,Grand Tunis,97706.0
2010,مالبس خارجية أساسية عصرية,National,82040.0
2010,مالبس خارجية أساسية عصرية,North East,76000.0
2010,مالبس خارجية أساسية عصرية,North West,60414.0
2010,مالبس خارجية أساسية عصرية,South East,84772.0
2010,مالبس خارجية أساسية عصرية,South West,68815.0
2010,مالبس خارجية أساسية و تقليدية,Centre East,7659.0
2010,مالبس خارجية أساسية و تقليدية,Centre West,2485.0
2010,مالبس خارجية أساسية و تقليدية,Grand Tunis,4663.0
2010,مالبس خارجية أساسية و تقليدية,National,5782.0
2010,مالبس خارجية أساسية و تقليدية,North East,2599.0
2010,مالبس خارجية أساسية و تقليدية,North West,2696.0
2010,مالبس خارجية أساسية و تقليدية,South East,18635.0
2010,مالبس خارجية أساسية و تقليدية,South West,3752.0
2010,مالبس خارجية أساسية و عصرية,Centre East,98246.0
2010,مالبس خارجية أساسية و عصرية,Centre West,54990.0
2010,مالبس خارجية أساسية و عصرية,Grand Tunis,97706.0
2010,مالبس خارجية أساسية و عصرية,National,82040.0
2010,مالبس خارجية أساسية و عصرية,North East,76000.0
2010,مالبس خارجية أساسية و عصرية,North West,60414.0
2010,مالبس خارجية أساسية و عصرية,South East,84772.0
2010,مالبس خارجية أساسية و عصرية,South West,68815.0
2010,مالبس خارجية للرضع,Centre East,1835.0
2010,مالبس خارجية للرضع,Centre West,485.0
2010,مالبس خارجية للرضع,Grand Tunis,1121.0
2010,مالبس خارجية للرضع,National,1359.0
2010,مالبس خارجية للرضع,North East,1553.0
2010,مالبس خارجية للرضع,North West,687.0
2010,مالبس خارجية للرضع,South East,2764.0
2010,مالبس خارجية للرضع,South West,1051.0
2010,مالبس داخلية,Centre East,20368.0
2010,مالبس داخلية,Centre West,16706.0
2010,مالبس داخلية,Grand Tunis,16515.0
2010,مالبس داخلية,National,15572.0
2010,مالبس داخلية,North East,6169.0
2010,مالبس داخلية,North West,12211.0
2010,مالبس داخلية,South East,22593.0
2010,مالبس داخلية,South West,7880.0
2010,مالبس داخلية بدون تمييز,Centre East,6681.0
2010,مالبس داخلية بدون تمييز,Centre West,232.0
2010,مالبس داخلية بدون تمييز,Grand Tunis,10171.0
2010,مالبس داخلية بدون تمييز,National,5536.0
2010,مالبس داخلية بدون تمييز,North East,4929.0
2010,مالبس داخلية بدون تمييز,North West,2428.0
2010,مالبس داخلية بدون تمييز,South East,4307.0
2010,مالبس داخلية بدون تمييز,South West,4051.0
2010,مالبس داخلية عليا,Centre East,1090.0
2010,مالبس داخلية عليا,Centre West,5479.0
2010,مالبس داخلية عليا,Grand Tunis,1958.0
2010,مالبس داخلية عليا,National,2085.0
2010,مالبس داخلية عليا,North East,155.0
2010,مالبس داخلية عليا,North West,2437.0
2010,مالبس داخلية عليا,South East,3437.0
2010,مالبس داخلية عليا,South West,590.0
2010,مالبس عصرية أخرى,Centre East,5925.0
2010,مالبس عصرية أخرى,Centre West,20.0
2010,مالبس عصرية أخرى,Grand Tunis,2011.0
2010,مالبس عصرية أخرى,National,2643.0
2010,مالبس عصرية أخرى,North East,617.0
2010,مالبس عصرية أخرى,North West,1698.0
2010,مالبس عصرية أخرى,South East,4169.0
2010,مالبس عصرية أخرى,South West,2302.0
2010,ماندرين,Centre East,2072.0
2010,ماندرين,Centre West,948.0
2010,ماندرين,Grand Tunis,4628.0
2010,ماندرين,National,2710.0
2010,ماندرين,North East,2301.0
2010,ماندرين,North West,3742.0
2010,ماندرين,South East,2522.0
2010,ماندرين,South West,822.0
2010,مبيد حشري,Centre East,684.0
2010,مبيد حشري,Centre West,156.0
2010,مبيد حشري,Grand Tunis,880.0
2010,مبيد حشري,National,566.0
2010,مبيد حشري,North East,652.0
2010,مبيد حشري,North West,227.0
2010,مبيد حشري,South East,369.0
2010,مبيد حشري,South West,555.0
2010,مترو,Centre East,1398.0
2010,مترو,Centre West,275.0
2010,مترو,Grand Tunis,7282.0
2010,مترو,National,2384.0
2010,مترو,North East,2086.0
2010,مترو,North West,204.0
2010,مترو,South East,140.0
2010,مترو,South West,78.0
2010,مثلجات,Centre East,1269.0
2010,مثلجات,Centre West,233.0
2010,مثلجات,Grand Tunis,1196.0
2010,مثلجات,National,679.0
2010,مثلجات,North East,235.0
2010,مثلجات,North West,78.0
2010,مثلجات,South East,267.0
2010,مثلجات,South West,143.0
2010,مجموع األسماك,Centre East,65272.0
2010,مجموع األسماك,Centre West,11425.0
2010,مجموع األسماك,Grand Tunis,36304.0
2010,مجموع األسماك,National,33239.0
2010,مجموع األسماك,North East,23926.0
2010,مجموع األسماك,North West,10994.0
2010,مجموع األسماك,South East,30334.0
2010,مجموع األسماك,South West,12478.0
2010,مجموع األسماك المصبرة,Centre East,3269.0
2010,مجموع األسماك المصبرة,Centre West,1234.0
2010,مجموع األسماك المصبرة,Grand Tunis,6207.0
2010,مجموع األسماك المصبرة,National,3970.0
2010,مجموع األسماك المصبرة,North East,3446.0
2010,مجموع األسماك المصبرة,North West,2557.0
2010,مجموع األسماك المصبرة,South East,6623.0
2010,مجموع األسماك المصبرة,South West,4001.0
2010,مجموع الحبوب,Centre East,124236.0
2010,مجموع الحبوب,Centre West,92305.0
2010,مجموع الحبوب,Grand Tunis,142009.0
2010,مجموع الحبوب,National,116702.0
2010,مجموع الحبوب,North East,108514.0
2010,مجموع الحبوب,North West,89740.0
2010,مجموع الحبوب,South East,118737.0
2010,مجموع الحبوب,South West,110790.0
2010,مجموع الخضر,Centre East,108639.0
2010,مجموع الخضر,Centre West,82621.0
2010,مجموع الخضر,Grand Tunis,128662.0
2010,مجموع الخضر,National,108462.0
2010,مجموع الخضر,North East,110661.0
2010,مجموع الخضر,North West,102949.0
2010,مجموع الخضر,South East,98428.0
2010,مجموع الخضر,South West,107564.0
2010,مجموع الزيوت,Centre East,64627.0
2010,مجموع الزيوت,Centre West,50413.0
2010,مجموع الزيوت,Grand Tunis,37753.0
2010,مجموع الزيوت,National,48922.0
2010,مجموع الزيوت,North East,46224.0
2010,مجموع الزيوت,North West,37061.0
2010,مجموع الزيوت,South East,46799.0
2010,مجموع الزيوت,South West,60710.0
2010,مجموع السكر والمواد السكرية,Centre East,20043.0
2010,مجموع السكر والمواد السكرية,Centre West,19124.0
2010,مجموع السكر والمواد السكرية,Grand Tunis,27816.0
2010,مجموع السكر والمواد السكرية,National,23098.0
2010,مجموع السكر والمواد السكرية,North East,22716.0
2010,مجموع السكر والمواد السكرية,North West,21845.0
2010,مجموع السكر والمواد السكرية,South East,24107.0
2010,مجموع السكر والمواد السكرية,South West,27577.0
2010,مجموع الشعير ومشتقاته,Centre East,1959.0
2010,مجموع الشعير ومشتقاته,Centre West,2161.0
2010,مجموع الشعير ومشتقاته,Grand Tunis,1153.0
2010,مجموع الشعير ومشتقاته,National,1664.0
2010,مجموع الشعير ومشتقاته,North East,1584.0
2010,مجموع الشعير ومشتقاته,North West,1119.0
2010,مجموع الشعير ومشتقاته,South East,2837.0
2010,مجموع الشعير ومشتقاته,South West,778.0
2010,مجموع الغالل,Centre East,70143.0
2010,مجموع الغالل,Centre West,54680.0
2010,مجموع الغالل,Grand Tunis,75888.0
2010,مجموع الغالل,National,63027.0
2010,مجموع الغالل,North East,55351.0
2010,مجموع الغالل,North West,51050.0
2010,مجموع الغالل,South East,54512.0
2010,مجموع الغالل,South West,57492.0
2010,مجموع المشروبات الطبيعية,Centre East,15576.0
2010,مجموع المشروبات الطبيعية,Centre West,12803.0
2010,مجموع المشروبات الطبيعية,Grand Tunis,15803.0
2010,مجموع المشروبات الطبيعية,National,15367.0
2010,مجموع المشروبات الطبيعية,North East,15125.0
2010,مجموع المشروبات الطبيعية,North West,14206.0
2010,مجموع المشروبات الطبيعية,South East,14795.0
2010,مجموع المشروبات الطبيعية,South West,22671.0
2010,مجموع المواد الغذائية,Centre East,839968.0
2010,مجموع المواد الغذائية,Centre West,558460.0
2010,مجموع المواد الغذائية,Grand Tunis,921218.0
2010,مجموع المواد الغذائية,National,763489.0
2010,مجموع المواد الغذائية,North East,721146.0
2010,مجموع المواد الغذائية,North West,612940.0
2010,مجموع المواد الغذائية,South East,742529.0
2010,مجموع المواد الغذائية,South West,726636.0
2010,محروقات للسيارات بدون تمييز,Centre East,11101.0
2010,محروقات للسيارات بدون تمييز,Centre West,1862.0
2010,محروقات للسيارات بدون تمييز,Grand Tunis,1122.0
2010,محروقات للسيارات بدون تمييز,National,6220.0
2010,محروقات للسيارات بدون تمييز,North East,8497.0
2010,محروقات للسيارات بدون تمييز,North West,425.0
2010,محروقات للسيارات بدون تمييز,South East,7787.0
2010,محروقات للسيارات بدون تمييز,South West,20979.0
2010,محروقات وسيلة نقل خاصة,Centre East,93067.0
2010,محروقات وسيلة نقل خاصة,Centre West,22235.0
2010,محروقات وسيلة نقل خاصة,Grand Tunis,98572.0
2010,محروقات وسيلة نقل خاصة,National,62576.0
2010,محروقات وسيلة نقل خاصة,North East,36768.0
2010,محروقات وسيلة نقل خاصة,North West,13117.0
2010,محروقات وسيلة نقل خاصة,South East,64621.0
2010,محروقات وسيلة نقل خاصة,South West,44624.0
2010,محفظة بمناسبة العودة المدرسية,Centre East,3257.0
2010,محفظة بمناسبة العودة المدرسية,Centre West,1260.0
2010,محفظة بمناسبة العودة المدرسية,Grand Tunis,2076.0
2010,محفظة بمناسبة العودة المدرسية,National,2184.0
2010,محفظة بمناسبة العودة المدرسية,North East,2149.0
2010,محفظة بمناسبة العودة المدرسية,North West,1667.0
2010,محفظة بمناسبة العودة المدرسية,South East,1875.0
2010,محفظة بمناسبة العودة المدرسية,South West,2006.0
2010,مريول خلعة,Centre East,504.0
2010,مريول خلعة,Centre West,1106.0
2010,مريول خلعة,Grand Tunis,798.0
2010,مريول خلعة,National,752.0
2010,مريول خلعة,North East,330.0
2010,مريول خلعة,North West,1217.0
2010,مريول خلعة,South East,788.0
2010,مريول خلعة,South West,794.0
2010,مريول صوف ،جيلية صوف,Centre East,14013.0
2010,مريول صوف ،جيلية صوف,Centre West,5421.0
2010,مريول صوف ،جيلية صوف,Grand Tunis,28340.0
2010,مريول صوف ،جيلية صوف,National,15086.0
2010,مريول صوف ،جيلية صوف,North East,20746.0
2010,مريول صوف ،جيلية صوف,North West,7393.0
2010,مريول صوف ،جيلية صوف,South East,5943.0
2010,مريول صوف ،جيلية صوف,South West,4226.0
2010,مريول قطن,Centre East,10630.0
2010,مريول قطن,Centre West,6922.0
2010,مريول قطن,Grand Tunis,583.0
2010,مريول قطن,National,4906.0
2010,مريول قطن,North East,60.0
2010,مريول قطن,North West,4042.0
2010,مريول قطن,South East,9320.0
2010,مريول قطن,South West,845.0
2010,مستلزمات شخصية,Centre East,10340.0
2010,مستلزمات شخصية,Centre West,4534.0
2010,مستلزمات شخصية,Grand Tunis,21879.0
2010,مستلزمات شخصية,National,11320.0
2010,مستلزمات شخصية,North East,8981.0
2010,مستلزمات شخصية,North West,5208.0
2010,مستلزمات شخصية,South East,9662.0
2010,مستلزمات شخصية,South West,8836.0
2010,مستلزمات لتغطية الرأس,Centre East,5961.0
2010,مستلزمات لتغطية الرأس,Centre West,5465.0
2010,مستلزمات لتغطية الرأس,Grand Tunis,6775.0
2010,مستلزمات لتغطية الرأس,National,6042.0
2010,مستلزمات لتغطية الرأس,North East,5186.0
2010,مستلزمات لتغطية الرأس,North West,2759.0
2010,مستلزمات لتغطية الرأس,South East,10526.0
2010,مستلزمات لتغطية الرأس,South West,6276.0
2010,مشتقات أخرى,Centre East,3424.0
2010,مشتقات أخرى,Centre West,1870.0
2010,مشتقات أخرى,Grand Tunis,8665.0
2010,مشتقات أخرى,National,5188.0
2010,مشتقات أخرى,North East,5885.0
2010,مشتقات أخرى,North West,3142.0
2010,مشتقات أخرى,South East,2808.0
2010,مشتقات أخرى,South West,12322.0
2010,مشتقات القمح اللين,Centre East,46152.0
2010,مشتقات القمح اللين,Centre West,26720.0
2010,مشتقات القمح اللين,Grand Tunis,66943.0
2010,مشتقات القمح اللين,National,47496.0
2010,مشتقات القمح اللين,North East,48347.0
2010,مشتقات القمح اللين,North West,36825.0
2010,مشتقات القمح اللين,South East,46457.0
2010,مشتقات القمح اللين,South West,43328.0
2010,مشروبات أخرى),Centre East,304.0
2010,مشروبات أخرى),Centre West,0.0
2010,مشروبات أخرى),Grand Tunis,922.0
2010,مشروبات أخرى),National,337.0
2010,مشروبات أخرى),North East,86.0
2010,مشروبات أخرى),North West,0.0
2010,مشروبات أخرى),South East,439.0
2010,مشروبات أخرى),South West,2.0
2010,مشروبات باردة,Centre East,6142.0
2010,مشروبات باردة,Centre West,2187.0
2010,مشروبات باردة,Grand Tunis,11755.0
2010,مشروبات باردة,National,6073.0
2010,مشروبات باردة,North East,5196.0
2010,مشروبات باردة,North West,3110.0
2010,مشروبات باردة,South East,3862.0
2010,مشروبات باردة,South West,3350.0
2010,مشروبات ساخنة,Centre East,36657.0
2010,مشروبات ساخنة,Centre West,12670.0
2010,مشروبات ساخنة,Grand Tunis,41965.0
2010,مشروبات ساخنة,National,29356.0
2010,مشروبات ساخنة,North East,27915.0
2010,مشروبات ساخنة,North West,21360.0
2010,مشروبات ساخنة,South East,19590.0
2010,مشروبات ساخنة,South West,22231.0
2010,مشروبات غازية,Centre East,15357.0
2010,مشروبات غازية,Centre West,18378.0
2010,مشروبات غازية,Grand Tunis,20449.0
2010,مشروبات غازية,National,17834.0
2010,مشروبات غازية,North East,17044.0
2010,مشروبات غازية,North West,16555.0
2010,مشروبات غازية,South East,17812.0
2010,مشروبات غازية,South West,20657.0
2010,مشروبات غير غازية,Centre East,1335.0
2010,مشروبات غير غازية,Centre West,189.0
2010,مشروبات غير غازية,Grand Tunis,43.0
2010,مشروبات غير غازية,National,421.0
2010,مشروبات غير غازية,North East,82.0
2010,مشروبات غير غازية,North West,28.0
2010,مشروبات غير غازية,South East,268.0
2010,مشروبات غير غازية,South West,626.0
2010,مشروبات غير كحولية متناولة في البيت,Centre East,27443.0
2010,مشروبات غير كحولية متناولة في البيت,Centre West,21335.0
2010,مشروبات غير كحولية متناولة في البيت,Grand Tunis,49281.0
2010,مشروبات غير كحولية متناولة في البيت,National,31663.0
2010,مشروبات غير كحولية متناولة في البيت,North East,26100.0
2010,مشروبات غير كحولية متناولة في البيت,North West,20893.0
2010,مشروبات غير كحولية متناولة في البيت,South East,35422.0
2010,مشروبات غير كحولية متناولة في البيت,South West,30598.0
2010,مشروبات كحولية,Centre East,6363.0
2010,مشروبات كحولية,Centre West,1750.0
2010,مشروبات كحولية,Grand Tunis,1284.0
2010,مشروبات كحولية,National,2929.0
2010,مشروبات كحولية,North East,987.0
2010,مشروبات كحولية,North West,3529.0
2010,مشروبات كحولية,South East,2237.0
2010,مشروبات كحولية,South West,2970.0
2010,مشروبات كحولية و تبغ,Centre East,94642.0
2010,مشروبات كحولية و تبغ,Centre West,54358.0
2010,مشروبات كحولية و تبغ,Grand Tunis,92178.0
2010,مشروبات كحولية و تبغ,National,73274.0
2010,مشروبات كحولية و تبغ,North East,65305.0
2010,مشروبات كحولية و تبغ,North West,56762.0
2010,مشروبات كحولية و تبغ,South East,42208.0
2010,مشروبات كحولية و تبغ,South West,55222.0
2010,مشروبات معطرة,Centre East,707.0
2010,مشروبات معطرة,Centre West,116.0
2010,مشروبات معطرة,Grand Tunis,1895.0
2010,مشروبات معطرة,National,955.0
2010,مشروبات معطرة,North East,2012.0
2010,مشروبات معطرة,North West,243.0
2010,مشروبات معطرة,South East,95.0
2010,مشروبات معطرة,South West,311.0
2010,مشماش,Centre East,1096.0
2010,مشماش,Centre West,1063.0
2010,مشماش,Grand Tunis,785.0
2010,مشماش,National,978.0
2010,مشماش,North East,1132.0
2010,مشماش,North West,1212.0
2010,مشماش,South East,930.0
2010,مشماش,South West,303.0
2010,معاليم أخرى,Centre East,6654.0
2010,معاليم أخرى,Centre West,582.0
2010,معاليم أخرى,Grand Tunis,1508.0
2010,معاليم أخرى,National,2351.0
2010,معاليم أخرى,North East,625.0
2010,معاليم أخرى,North West,679.0
2010,معاليم أخرى,South East,1319.0
2010,معاليم أخرى,South West,1520.0
2010,معاليم األنترنات,Centre East,12933.0
2010,معاليم األنترنات,Centre West,6532.0
2010,معاليم األنترنات,Grand Tunis,19351.0
2010,معاليم األنترنات,National,11966.0
2010,معاليم األنترنات,North East,6074.0
2010,معاليم األنترنات,North West,5953.0
2010,معاليم األنترنات,South East,17735.0
2010,معاليم األنترنات,South West,7857.0
2010,معاليم متعلقة بوسيلة النقل,Centre East,17157.0
2010,معاليم متعلقة بوسيلة النقل,Centre West,4299.0
2010,معاليم متعلقة بوسيلة النقل,Grand Tunis,17475.0
2010,معاليم متعلقة بوسيلة النقل,National,11825.0
2010,معاليم متعلقة بوسيلة النقل,North East,7596.0
2010,معاليم متعلقة بوسيلة النقل,North West,4171.0
2010,معاليم متعلقة بوسيلة النقل,South East,13010.0
2010,معاليم متعلقة بوسيلة النقل,South West,8380.0
2010,معجون أسنان,Centre East,4719.0
2010,معجون أسنان,Centre West,2827.0
2010,معجون أسنان,Grand Tunis,5746.0
2010,معجون أسنان,National,4614.0
2010,معجون أسنان,North East,4863.0
2010,معجون أسنان,North West,3831.0
2010,معجون أسنان,South East,4634.0
2010,معجون أسنان,South West,4690.0
2010,معجون الحالقة,Centre East,845.0
2010,معجون الحالقة,Centre West,758.0
2010,معجون الحالقة,Grand Tunis,1732.0
2010,معجون الحالقة,National,1100.0
2010,معجون الحالقة,North East,927.0
2010,معجون الحالقة,North West,878.0
2010,معجون الحالقة,South East,1169.0
2010,معجون الحالقة,South West,1131.0
2010,معجون الغالل,Centre East,862.0
2010,معجون الغالل,Centre West,569.0
2010,معجون الغالل,Grand Tunis,1847.0
2010,معجون الغالل,National,1113.0
2010,معجون الغالل,North East,1421.0
2010,معجون الغالل,North West,728.0
2010,معجون الغالل,South East,1142.0
2010,معجون الغالل,South West,380.0
2010,معدنوس,Centre East,2578.0
2010,معدنوس,Centre West,2273.0
2010,معدنوس,Grand Tunis,3384.0
2010,معدنوس,National,2696.0
2010,معدنوس,North East,2551.0
2010,معدنوس,North West,2193.0
2010,معدنوس,South East,2682.0
2010,معدنوس,South West,2766.0
2010,معسل,Centre East,159.0
2010,معسل,Centre West,53.0
2010,معسل,Grand Tunis,108.0
2010,معسل,National,139.0
2010,معسل,North East,201.0
2010,معسل,North West,113.0
2010,معسل,South East,193.0
2010,معسل,South West,193.0
2010,معطف ،كاب,Centre East,7217.0
2010,معطف ،كاب,Centre West,4997.0
2010,معطف ،كاب,Grand Tunis,9144.0
2010,معطف ،كاب,National,7557.0
2010,معطف ،كاب,North East,6667.0
2010,معطف ،كاب,North West,8479.0
2010,معطف ،كاب,South East,7005.0
2010,معطف ،كاب,South West,9691.0
2010,معلوم اإليجار االفتراضي,Centre East,352753.0
2010,معلوم اإليجار االفتراضي,Centre West,149498.0
2010,معلوم اإليجار االفتراضي,Grand Tunis,527850.0
2010,معلوم اإليجار االفتراضي,National,322369.0
2010,معلوم اإليجار االفتراضي,North East,314220.0
2010,معلوم اإليجار االفتراضي,North West,200225.0
2010,معلوم اإليجار االفتراضي,South East,234622.0
2010,معلوم اإليجار االفتراضي,South West,169169.0
2010,معلوم اإليجار الفعلي,Centre East,55336.0
2010,معلوم اإليجار الفعلي,Centre West,7818.0
2010,معلوم اإليجار الفعلي,Grand Tunis,96638.0
2010,معلوم اإليجار الفعلي,National,44155.0
2010,معلوم اإليجار الفعلي,North East,19734.0
2010,معلوم اإليجار الفعلي,North West,22553.0
2010,معلوم اإليجار الفعلي,South East,19594.0
2010,معلوم اإليجار الفعلي,South West,11624.0
2010,معلوم الجوالن و األداء,Centre East,8545.0
2010,معلوم الجوالن و األداء,Centre West,2158.0
2010,معلوم الجوالن و األداء,Grand Tunis,9711.0
2010,معلوم الجوالن و األداء,National,6039.0
2010,معلوم الجوالن و األداء,North East,3745.0
2010,معلوم الجوالن و األداء,North West,1949.0
2010,معلوم الجوالن و األداء,South East,6227.0
2010,معلوم الجوالن و األداء,South West,3411.0
2010,معلوم الدراسة (للمدارس الحرة,Centre East,4003.0
2010,معلوم الدراسة (للمدارس الحرة,Centre West,2298.0
2010,معلوم الدراسة (للمدارس الحرة,Grand Tunis,13708.0
2010,معلوم الدراسة (للمدارس الحرة,National,5408.0
2010,معلوم الدراسة (للمدارس الحرة,North East,2888.0
2010,معلوم الدراسة (للمدارس الحرة,North West,2275.0
2010,معلوم الدراسة (للمدارس الحرة,South East,1654.0
2010,معلوم الدراسة (للمدارس الحرة,South West,3087.0
2010,معلوم المراقبة الفنّية,Centre East,2092.0
2010,معلوم المراقبة الفنّية,Centre West,580.0
2010,معلوم المراقبة الفنّية,Grand Tunis,1631.0
2010,معلوم المراقبة الفنّية,National,1345.0
2010,معلوم المراقبة الفنّية,North East,591.0
2010,معلوم المراقبة الفنّية,North West,485.0
2010,معلوم المراقبة الفنّية,South East,2537.0
2010,معلوم المراقبة الفنّية,South West,560.0
2010,معلوم دروس خصوصية و ساعات التدارك,Centre East,22691.0
2010,معلوم دروس خصوصية و ساعات التدارك,Centre West,3815.0
2010,معلوم دروس خصوصية و ساعات التدارك,Grand Tunis,26012.0
2010,معلوم دروس خصوصية و ساعات التدارك,National,16692.0
2010,معلوم دروس خصوصية و ساعات التدارك,North East,14397.0
2010,معلوم دروس خصوصية و ساعات التدارك,North West,10440.0
2010,معلوم دروس خصوصية و ساعات التدارك,South East,9728.0
2010,معلوم دروس خصوصية و ساعات التدارك,South West,13540.0
2010,معلوم شراء جهاز هاتف جوّ ال أو قار,Centre East,8794.0
2010,معلوم شراء جهاز هاتف جوّ ال أو قار,Centre West,5287.0
2010,معلوم شراء جهاز هاتف جوّ ال أو قار,Grand Tunis,8686.0
2010,معلوم شراء جهاز هاتف جوّ ال أو قار,National,7495.0
2010,معلوم شراء جهاز هاتف جوّ ال أو قار,North East,7725.0
2010,معلوم شراء جهاز هاتف جوّ ال أو قار,North West,4036.0
2010,معلوم شراء جهاز هاتف جوّ ال أو قار,South East,7588.0
2010,معلوم شراء جهاز هاتف جوّ ال أو قار,South West,8764.0
2010,مكتبة,Centre East,1186.0
2010,مكتبة,Centre West,978.0
2010,مكتبة,Grand Tunis,427.0
2010,مكتبة,National,702.0
2010,مكتبة,North East,291.0
2010,مكتبة,North West,749.0
2010,مكتبة,South East,255.0
2010,مكتبة,South West,825.0
2010,مكسرات,Centre East,706.0
2010,مكسرات,Centre West,1061.0
2010,مكسرات,Grand Tunis,971.0
2010,مكسرات,National,1076.0
2010,مكسرات,North East,860.0
2010,مكسرات,North West,529.0
2010,مكسرات,South East,3527.0
2010,مكسرات,South West,762.0
2010,مكيف هواء,Centre East,5138.0
2010,مكيف هواء,Centre West,1657.0
2010,مكيف هواء,Grand Tunis,5555.0
2010,مكيف هواء,National,4083.0
2010,مكيف هواء,North East,1689.0
2010,مكيف هواء,North West,2405.0
2010,مكيف هواء,South East,5753.0
2010,مكيف هواء,South West,6024.0
2010,ملح,Centre East,658.0
2010,ملح,Centre West,650.0
2010,ملح,Grand Tunis,464.0
2010,ملح,National,597.0
2010,ملح,North East,492.0
2010,ملح,North West,872.0
2010,ملح,South East,505.0
2010,ملح,South West,611.0
2010,ملسوقة,Centre East,2135.0
2010,ملسوقة,Centre West,1821.0
2010,ملسوقة,Grand Tunis,2670.0
2010,ملسوقة,National,2212.0
2010,ملسوقة,North East,2610.0
2010,ملسوقة,North West,1558.0
2010,ملسوقة,South East,1875.0
2010,ملسوقة,South West,2464.0
2010,ملوخية مرحية,Centre East,265.0
2010,ملوخية مرحية,Centre West,220.0
2010,ملوخية مرحية,Grand Tunis,683.0
2010,ملوخية مرحية,National,418.0
2010,ملوخية مرحية,North East,406.0
2010,ملوخية مرحية,North West,392.0
2010,ملوخية مرحية,South East,401.0
2010,ملوخية مرحية,South West,538.0
2010,مناسبات عائلية,Centre East,14011.0
2010,مناسبات عائلية,Centre West,3200.0
2010,مناسبات عائلية,Grand Tunis,4496.0
2010,مناسبات عائلية,National,6628.0
2010,مناسبات عائلية,North East,4309.0
2010,مناسبات عائلية,North West,3937.0
2010,مناسبات عائلية,South East,5608.0
2010,مناسبات عائلية,South West,5786.0
2010,منضدة ،مائدة)...,Centre East,6585.0
2010,منضدة ،مائدة)...,Centre West,5582.0
2010,منضدة ،مائدة)...,Grand Tunis,5107.0
2010,منضدة ،مائدة)...,National,5246.0
2010,منضدة ،مائدة)...,North East,3742.0
2010,منضدة ،مائدة)...,North West,3500.0
2010,منضدة ،مائدة)...,South East,6579.0
2010,منضدة ،مائدة)...,South West,4612.0
2010,منظمات,Centre East,1698.0
2010,منظمات,Centre West,349.0
2010,منظمات,Grand Tunis,3466.0
2010,منظمات,National,1505.0
2010,منظمات,North East,527.0
2010,منظمات,North West,504.0
2010,منظمات,South East,809.0
2010,منظمات,South West,953.0
2010,مواد أخرى,Centre East,3143.0
2010,مواد أخرى,Centre West,720.0
2010,مواد أخرى,Grand Tunis,2367.0
2010,مواد أخرى,National,1773.0
2010,مواد أخرى,North East,854.0
2010,مواد أخرى,North West,270.0
2010,مواد أخرى,South East,2236.0
2010,مواد أخرى,South West,727.0
2010,مواد أخرى مشتقة من الحبوب,Centre East,36404.0
2010,مواد أخرى مشتقة من الحبوب,Centre West,17622.0
2010,مواد أخرى مشتقة من الحبوب,Grand Tunis,42816.0
2010,مواد أخرى مشتقة من الحبوب,National,29802.0
2010,مواد أخرى مشتقة من الحبوب,North East,24541.0
2010,مواد أخرى مشتقة من الحبوب,North West,14487.0
2010,مواد أخرى مشتقة من الحبوب,South East,29408.0
2010,مواد أخرى مشتقة من الحبوب,South West,22483.0
2010,مواد اخرى,Centre East,1682.0
2010,مواد اخرى,Centre West,554.0
2010,مواد اخرى,Grand Tunis,2142.0
2010,مواد اخرى,National,1516.0
2010,مواد اخرى,North East,1957.0
2010,مواد اخرى,North West,1611.0
2010,مواد اخرى,South East,499.0
2010,مواد اخرى,South West,880.0
2010,مواد التنظيف,Centre East,38857.0
2010,مواد التنظيف,Centre West,26569.0
2010,مواد التنظيف,Grand Tunis,53181.0
2010,مواد التنظيف,National,39184.0
2010,مواد التنظيف,North East,40435.0
2010,مواد التنظيف,North West,29013.0
2010,مواد التنظيف,South East,36084.0
2010,مواد التنظيف,South West,35316.0
2010,مواد تجميل,Centre East,2761.0
2010,مواد تجميل,Centre West,1874.0
2010,مواد تجميل,Grand Tunis,7653.0
2010,مواد تجميل,National,3931.0
2010,مواد تجميل,North East,1746.0
2010,مواد تجميل,North West,1106.0
2010,مواد تجميل,South East,7683.0
2010,مواد تجميل,South West,3400.0
2010,مواد تجميل أخرى,Centre East,4247.0
2010,مواد تجميل أخرى,Centre West,2049.0
2010,مواد تجميل أخرى,Grand Tunis,15951.0
2010,مواد تجميل أخرى,National,7480.0
2010,مواد تجميل أخرى,North East,8544.0
2010,مواد تجميل أخرى,North West,3133.0
2010,مواد تجميل أخرى,South East,8268.0
2010,مواد تجميل أخرى,South West,3757.0
2010,مواد تجميل والزينة,Centre East,23889.0
2010,مواد تجميل والزينة,Centre West,14275.0
2010,مواد تجميل والزينة,Grand Tunis,57076.0
2010,مواد تجميل والزينة,National,29555.0
2010,مواد تجميل والزينة,North East,21895.0
2010,مواد تجميل والزينة,North West,13793.0
2010,مواد تجميل والزينة,South East,34231.0
2010,مواد تجميل والزينة,South West,19244.0
2010,مواد تنظيف (أومو ،نظيف ،دينول,Centre East,22129.0
2010,مواد تنظيف (أومو ،نظيف ،دينول,Centre West,12654.0
2010,مواد تنظيف (أومو ،نظيف ،دينول,Grand Tunis,29612.0
2010,مواد تنظيف (أومو ،نظيف ،دينول,National,21884.0
2010,مواد تنظيف (أومو ،نظيف ،دينول,North East,24021.0
2010,مواد تنظيف (أومو ،نظيف ،دينول,North West,15088.0
2010,مواد تنظيف (أومو ،نظيف ،دينول,South East,21176.0
2010,مواد تنظيف (أومو ،نظيف ،دينول,South West,20543.0
2010,مواد صيدلية (أدوية)...,Centre East,81666.0
2010,مواد صيدلية (أدوية)...,Centre West,48499.0
2010,مواد صيدلية (أدوية)...,Grand Tunis,58369.0
2010,مواد صيدلية (أدوية)...,National,60853.0
2010,مواد صيدلية (أدوية)...,North East,46954.0
2010,مواد صيدلية (أدوية)...,North West,41983.0
2010,مواد صيدلية (أدوية)...,South East,86736.0
2010,مواد صيدلية (أدوية)...,South West,44952.0
2010,مواد مدرسية أخرى,Centre East,1060.0
2010,مواد مدرسية أخرى,Centre West,1471.0
2010,مواد مدرسية أخرى,Grand Tunis,1065.0
2010,مواد مدرسية أخرى,National,1124.0
2010,مواد مدرسية أخرى,North East,1086.0
2010,مواد مدرسية أخرى,North West,861.0
2010,مواد مدرسية أخرى,South East,1518.0
2010,مواد مدرسية أخرى,South West,810.0
2010,موالح,Centre East,228.0
2010,موالح,Centre West,103.0
2010,موالح,Grand Tunis,1427.0
2010,موالح,National,618.0
2010,موالح,North East,854.0
2010,موالح,North West,640.0
2010,موالح,South East,137.0
2010,موالح,South West,261.0
2010,موز,Centre East,5860.0
2010,موز,Centre West,4066.0
2010,موز,Grand Tunis,10227.0
2010,موز,National,6303.0
2010,موز,North East,5410.0
2010,موز,North West,3182.0
2010,موز,South East,6560.0
2010,موز,South West,5414.0
2010,نعل (صباط),Centre East,39700.0
2010,نعل (صباط),Centre West,17732.0
2010,نعل (صباط),Grand Tunis,42452.0
2010,نعل (صباط),National,31938.0
2010,نعل (صباط),North East,31574.0
2010,نعل (صباط),North West,22600.0
2010,نعل (صباط),South East,28448.0
2010,نعل (صباط),South West,15555.0
2010,نفة,Centre East,395.0
2010,نفة,Centre West,1302.0
2010,نفة,Grand Tunis,51.0
2010,نفة,National,593.0
2010,نفة,North East,263.0
2010,نفة,North West,900.0
2010,نفة,South East,1704.0
2010,نفة,South West,358.0
2010,نفقات أخرى,Centre East,17862.0
2010,نفقات أخرى,Centre West,5367.0
2010,نفقات أخرى,Grand Tunis,13679.0
2010,نفقات أخرى,National,11853.0
2010,نفقات أخرى,North East,7117.0
2010,نفقات أخرى,North West,7696.0
2010,نفقات أخرى,South East,15505.0
2010,نفقات أخرى,South West,9018.0
2010,نفقات إدارية,Centre East,3947.0
2010,نفقات إدارية,Centre West,954.0
2010,نفقات إدارية,Grand Tunis,3014.0
2010,نفقات إدارية,National,2248.0
2010,نفقات إدارية,North East,529.0
2010,نفقات إدارية,North West,2288.0
2010,نفقات إدارية,South East,1391.0
2010,نفقات إدارية,South West,662.0
2010,نفقات اخرى,Centre East,896.0
2010,نفقات اخرى,Centre West,1074.0
2010,نفقات اخرى,Grand Tunis,3177.0
2010,نفقات اخرى,National,1666.0
2010,نفقات اخرى,North East,1241.0
2010,نفقات اخرى,North West,1335.0
2010,نفقات اخرى,South East,1590.0
2010,نفقات اخرى,South West,1883.0
2010,نفقات استثنائية لجراحة و تركيب األسنان,Centre East,1010.0
2010,نفقات استثنائية لجراحة و تركيب األسنان,Centre West,302.0
2010,نفقات استثنائية لجراحة و تركيب األسنان,Grand Tunis,1412.0
2010,نفقات استثنائية لجراحة و تركيب األسنان,National,1156.0
2010,نفقات استثنائية لجراحة و تركيب األسنان,North East,1426.0
2010,نفقات استثنائية لجراحة و تركيب األسنان,North West,1132.0
2010,نفقات استثنائية لجراحة و تركيب األسنان,South East,1985.0
2010,نفقات استثنائية لجراحة و تركيب األسنان,South West,766.0
2010,نفقات استثنائية للتصوير,Centre East,3231.0
2010,نفقات استثنائية للتصوير,Centre West,1605.0
2010,نفقات استثنائية للتصوير,Grand Tunis,961.0
2010,نفقات استثنائية للتصوير,National,2101.0
2010,نفقات استثنائية للتصوير,North East,1726.0
2010,نفقات استثنائية للتصوير,North West,1872.0
2010,نفقات استثنائية للتصوير,South East,3940.0
2010,نفقات استثنائية للتصوير,South West,1703.0
2010,نفقات الترفيه و الثقافة,Centre East,49723.0
2010,نفقات الترفيه و الثقافة,Centre West,12579.0
2010,نفقات الترفيه و الثقافة,Grand Tunis,53310.0
2010,نفقات الترفيه و الثقافة,National,35531.0
2010,نفقات الترفيه و الثقافة,North East,25636.0
2010,نفقات الترفيه و الثقافة,North West,20190.0
2010,نفقات الترفيه و الثقافة,South East,28364.0
2010,نفقات الترفيه و الثقافة,South West,25043.0
2010,نفقات التنظيف,Centre East,53942.0
2010,نفقات التنظيف,Centre West,32837.0
2010,نفقات التنظيف,Grand Tunis,80293.0
2010,نفقات التنظيف,National,53671.0
2010,نفقات التنظيف,North East,49966.0
2010,نفقات التنظيف,North West,41968.0
2010,نفقات التنظيف,South East,36258.0
2010,نفقات التنظيف,South West,53310.0
2010,نفقات الحراسة و اإليواء وتعمير,Centre East,6516.0
2010,نفقات الحراسة و اإليواء وتعمير,Centre West,936.0
2010,نفقات الحراسة و اإليواء وتعمير,Grand Tunis,5455.0
2010,نفقات الحراسة و اإليواء وتعمير,National,3221.0
2010,نفقات الحراسة و اإليواء وتعمير,North East,986.0
2010,نفقات الحراسة و اإليواء وتعمير,North West,286.0
2010,نفقات الحراسة و اإليواء وتعمير,South East,786.0
2010,نفقات الحراسة و اإليواء وتعمير,South West,1214.0
2010,نفقات الخياطة و مستلزماتها,Centre East,738.0
2010,نفقات الخياطة و مستلزماتها,Centre West,194.0
2010,نفقات الخياطة و مستلزماتها,Grand Tunis,1282.0
2010,نفقات الخياطة و مستلزماتها,National,765.0
2010,نفقات الخياطة و مستلزماتها,North East,562.0
2010,نفقات الخياطة و مستلزماتها,North West,785.0
2010,نفقات الخياطة و مستلزماتها,South East,954.0
2010,نفقات الخياطة و مستلزماتها,South West,249.0
2010,نفقات الخياطة ومستلزماتها,Centre East,738.0
2010,نفقات الخياطة ومستلزماتها,Centre West,194.0
2010,نفقات الخياطة ومستلزماتها,Grand Tunis,1282.0
2010,نفقات الخياطة ومستلزماتها,National,765.0
2010,نفقات الخياطة ومستلزماتها,North East,562.0
2010,نفقات الخياطة ومستلزماتها,North West,785.0
2010,نفقات الخياطة ومستلزماتها,South East,954.0
2010,نفقات الخياطة ومستلزماتها,South West,249.0
2010,نفقات الدراسة,Centre East,51241.0
2010,نفقات الدراسة,Centre West,25000.0
2010,نفقات الدراسة,Grand Tunis,60105.0
2010,نفقات الدراسة,National,43228.0
2010,نفقات الدراسة,North East,36747.0
2010,نفقات الدراسة,North West,34005.0
2010,نفقات الدراسة,South East,31032.0
2010,نفقات الدراسة,South West,38126.0
2010,نفقات الدراسة و التعليم,Centre East,65656.0
2010,نفقات الدراسة و التعليم,Centre West,29888.0
2010,نفقات الدراسة و التعليم,Grand Tunis,75819.0
2010,نفقات الدراسة و التعليم,National,53964.0
2010,نفقات الدراسة و التعليم,North East,45152.0
2010,نفقات الدراسة و التعليم,North West,39350.0
2010,نفقات الدراسة و التعليم,South East,41157.0
2010,نفقات الدراسة و التعليم,South West,44673.0
2010,نفقات السفر للخارج,Centre East,3262.0
2010,نفقات السفر للخارج,Centre West,694.0
2010,نفقات السفر للخارج,Grand Tunis,3617.0
2010,نفقات السفر للخارج,National,2210.0
2010,نفقات السفر للخارج,North East,377.0
2010,نفقات السفر للخارج,North West,617.0
2010,نفقات السفر للخارج,South East,3388.0
2010,نفقات السفر للخارج,South West,1506.0
2010,نفقات السكن,Centre East,735722.0
2010,نفقات السكن,Centre West,334056.0
2010,نفقات السكن,Grand Tunis,985946.0
2010,نفقات السكن,National,635008.0
2010,نفقات السكن,North East,515468.0
2010,نفقات السكن,North West,396839.0
2010,نفقات السكن,South East,534854.0
2010,نفقات السكن,South West,425941.0
2010,نفقات الصيانة الشخصية,Centre East,53942.0
2010,نفقات الصيانة الشخصية,Centre West,32837.0
2010,نفقات الصيانة الشخصية,Grand Tunis,80293.0
2010,نفقات الصيانة الشخصية,National,53671.0
2010,نفقات الصيانة الشخصية,North East,49966.0
2010,نفقات الصيانة الشخصية,North West,41968.0
2010,نفقات الصيانة الشخصية,South East,36258.0
2010,نفقات الصيانة الشخصية,South West,53310.0
2010,نفقات الصيانة و تصليح السكن,Centre East,65589.0
2010,نفقات الصيانة و تصليح السكن,Centre West,36656.0
2010,نفقات الصيانة و تصليح السكن,Grand Tunis,88942.0
2010,نفقات الصيانة و تصليح السكن,National,56700.0
2010,نفقات الصيانة و تصليح السكن,North East,28467.0
2010,نفقات الصيانة و تصليح السكن,North West,31089.0
2010,نفقات الصيانة و تصليح السكن,South East,64009.0
2010,نفقات الصيانة و تصليح السكن,South West,44627.0
2010,نفقات الصيانة وتصليح السكن,Centre East,65589.0
2010,نفقات الصيانة وتصليح السكن,Centre West,36656.0
2010,نفقات الصيانة وتصليح السكن,Grand Tunis,88942.0
2010,نفقات الصيانة وتصليح السكن,National,56700.0
2010,نفقات الصيانة وتصليح السكن,North East,28467.0
2010,نفقات الصيانة وتصليح السكن,North West,31089.0
2010,نفقات الصيانة وتصليح السكن,South East,64009.0
2010,نفقات الصيانة وتصليح السكن,South West,44627.0
2010,نفقات الطاقة,Centre East,101643.0
2010,نفقات الطاقة,Centre West,64557.0
2010,نفقات الطاقة,Grand Tunis,144391.0
2010,نفقات الطاقة,National,97147.0
2010,نفقات الطاقة,North East,91345.0
2010,نفقات الطاقة,North West,55538.0
2010,نفقات الطاقة,South East,83912.0
2010,نفقات الطاقة,South West,81497.0
2010,نفقات الطاقة والمحروقات,Centre East,131497.0
2010,نفقات الطاقة والمحروقات,Centre West,88966.0
2010,نفقات الطاقة والمحروقات,Grand Tunis,162461.0
2010,نفقات الطاقة والمحروقات,National,123395.0
2010,نفقات الطاقة والمحروقات,North East,117883.0
2010,نفقات الطاقة والمحروقات,North West,87643.0
2010,نفقات الطاقة والمحروقات,South East,114433.0
2010,نفقات الطاقة والمحروقات,South West,111254.0
2010,نفقات الطاقة والمحروقات للمسكن,Centre East,131497.0
2010,نفقات الطاقة والمحروقات للمسكن,Centre West,88966.0
2010,نفقات الطاقة والمحروقات للمسكن,Grand Tunis,162461.0
2010,نفقات الطاقة والمحروقات للمسكن,National,123395.0
2010,نفقات الطاقة والمحروقات للمسكن,North East,117883.0
2010,نفقات الطاقة والمحروقات للمسكن,North West,87643.0
2010,نفقات الطاقة والمحروقات للمسكن,South East,114433.0
2010,نفقات الطاقة والمحروقات للمسكن,South West,111254.0
2010,نفقات العطل خارج النزل,Centre East,7622.0
2010,نفقات العطل خارج النزل,Centre West,4221.0
2010,نفقات العطل خارج النزل,Grand Tunis,15588.0
2010,نفقات العطل خارج النزل,National,7596.0
2010,نفقات العطل خارج النزل,North East,1409.0
2010,نفقات العطل خارج النزل,North West,3663.0
2010,نفقات العطل خارج النزل,South East,5733.0
2010,نفقات العطل خارج النزل,South West,8889.0
2010,نفقات المبيت),Centre East,772.0
2010,نفقات المبيت),Centre West,3197.0
2010,نفقات المبيت),Grand Tunis,664.0
2010,نفقات المبيت),National,1724.0
2010,نفقات المبيت),North East,1264.0
2010,نفقات المبيت),North West,4276.0
2010,نفقات المبيت),South East,1630.0
2010,نفقات المبيت),South West,2646.0
2010,نفقات الوالدة,Centre East,2886.0
2010,نفقات الوالدة,Centre West,595.0
2010,نفقات الوالدة,Grand Tunis,2926.0
2010,نفقات الوالدة,National,1870.0
2010,نفقات الوالدة,North East,1353.0
2010,نفقات الوالدة,North West,1153.0
2010,نفقات الوالدة,South East,965.0
2010,نفقات الوالدة,South West,522.0
2010,نفقات اليد العاملة,Centre East,1068.0
2010,نفقات اليد العاملة,Centre West,253.0
2010,نفقات اليد العاملة,Grand Tunis,516.0
2010,نفقات اليد العاملة,National,595.0
2010,نفقات اليد العاملة,North East,1188.0
2010,نفقات اليد العاملة,North West,121.0
2010,نفقات اليد العاملة,South East,73.0
2010,نفقات اليد العاملة,South West,118.0
2010,نفقات بناء مسكن,Centre East,65647.0
2010,نفقات بناء مسكن,Centre West,23170.0
2010,نفقات بناء مسكن,Grand Tunis,45615.0
2010,نفقات بناء مسكن,National,41944.0
2010,نفقات بناء مسكن,North East,11037.0
2010,نفقات بناء مسكن,North West,24906.0
2010,نفقات بناء مسكن,South East,74681.0
2010,نفقات بناء مسكن,South West,31115.0
2010,نفقات تصليح غير مبوّبة,Centre East,29159.0
2010,نفقات تصليح غير مبوّبة,Centre West,8583.0
2010,نفقات تصليح غير مبوّبة,Grand Tunis,21305.0
2010,نفقات تصليح غير مبوّبة,National,18232.0
2010,نفقات تصليح غير مبوّبة,North East,10327.0
2010,نفقات تصليح غير مبوّبة,North West,7364.0
2010,نفقات تصليح غير مبوّبة,South East,25293.0
2010,نفقات تصليح غير مبوّبة,South West,13371.0
2010,نفقات رياض األطفال,Centre East,7588.0
2010,نفقات رياض األطفال,Centre West,993.0
2010,نفقات رياض األطفال,Grand Tunis,6344.0
2010,نفقات رياض األطفال,National,4831.0
2010,نفقات رياض األطفال,North East,5598.0
2010,نفقات رياض األطفال,North West,2262.0
2010,نفقات رياض األطفال,South East,2743.0
2010,نفقات رياض األطفال,South West,2947.0
2010,نفقات شراء أرض لبناء مسكن,Centre East,4407.0
2010,نفقات شراء أرض لبناء مسكن,Centre West,7230.0
2010,نفقات شراء أرض لبناء مسكن,Grand Tunis,12183.0
2010,نفقات شراء أرض لبناء مسكن,National,7521.0
2010,نفقات شراء أرض لبناء مسكن,North East,1377.0
2010,نفقات شراء أرض لبناء مسكن,North West,156.0
2010,نفقات شراء أرض لبناء مسكن,South East,7002.0
2010,نفقات شراء أرض لبناء مسكن,South West,33051.0
2010,نفقات شراء الماء (صهريج ،قرباجي)...,Centre East,1289.0
2010,نفقات شراء الماء (صهريج ،قرباجي)...,Centre West,12039.0
2010,نفقات شراء الماء (صهريج ،قرباجي)...,Grand Tunis,323.0
2010,نفقات شراء الماء (صهريج ،قرباجي)...,National,3015.0
2010,نفقات شراء الماء (صهريج ،قرباجي)...,North East,2997.0
2010,نفقات شراء الماء (صهريج ،قرباجي)...,North West,2762.0
2010,نفقات شراء الماء (صهريج ،قرباجي)...,South East,1572.0
2010,نفقات شراء الماء (صهريج ،قرباجي)...,South West,2860.0
2010,نفقات شراء مسكن,Centre East,15676.0
2010,نفقات شراء مسكن,Centre West,4435.0
2010,نفقات شراء مسكن,Grand Tunis,2687.0
2010,نفقات شراء مسكن,National,7859.0
2010,نفقات شراء مسكن,North East,0.0
2010,نفقات شراء مسكن,North West,17828.0
2010,نفقات شراء مسكن,South East,5592.0
2010,نفقات شراء مسكن,South West,7640.0
2010,نفقات صيانة أدوات الترفيه,Centre East,2296.0
2010,نفقات صيانة أدوات الترفيه,Centre West,548.0
2010,نفقات صيانة أدوات الترفيه,Grand Tunis,3135.0
2010,نفقات صيانة أدوات الترفيه,National,2094.0
2010,نفقات صيانة أدوات الترفيه,North East,1702.0
2010,نفقات صيانة أدوات الترفيه,North West,1742.0
2010,نفقات صيانة أدوات الترفيه,South East,2145.0
2010,نفقات صيانة أدوات الترفيه,South West,2217.0
2010,نفقات طبية استثنائية,Centre East,54567.0
2010,نفقات طبية استثنائية,Centre West,27788.0
2010,نفقات طبية استثنائية,Grand Tunis,55572.0
2010,نفقات طبية استثنائية,National,42082.0
2010,نفقات طبية استثنائية,North East,47585.0
2010,نفقات طبية استثنائية,North West,17331.0
2010,نفقات طبية استثنائية,South East,30460.0
2010,نفقات طبية استثنائية,South West,24205.0
2010,نفقات طبية عادية,Centre East,54891.0
2010,نفقات طبية عادية,Centre West,33643.0
2010,نفقات طبية عادية,Grand Tunis,39291.0
2010,نفقات طبية عادية,National,39067.0
2010,نفقات طبية عادية,North East,24850.0
2010,نفقات طبية عادية,North West,24864.0
2010,نفقات طبية عادية,South East,55241.0
2010,نفقات طبية عادية,South West,23308.0
2010,نفقات عالج أمراض مزمنة,Centre East,30116.0
2010,نفقات عالج أمراض مزمنة,Centre West,13947.0
2010,نفقات عالج أمراض مزمنة,Grand Tunis,37781.0
2010,نفقات عالج أمراض مزمنة,National,24464.0
2010,نفقات عالج أمراض مزمنة,North East,33536.0
2010,نفقات عالج أمراض مزمنة,North West,8350.0
2010,نفقات عالج أمراض مزمنة,South East,6284.0
2010,نفقات عالج أمراض مزمنة,South West,10869.0
2010,نفقات عالج و جراحة األسنان,Centre East,3895.0
2010,نفقات عالج و جراحة األسنان,Centre West,509.0
2010,نفقات عالج و جراحة األسنان,Grand Tunis,1266.0
2010,نفقات عالج و جراحة األسنان,National,1641.0
2010,نفقات عالج و جراحة األسنان,North East,355.0
2010,نفقات عالج و جراحة األسنان,North West,474.0
2010,نفقات عالج و جراحة األسنان,South East,2711.0
2010,نفقات عالج و جراحة األسنان,South West,341.0
2010,نفقات غير دورية,Centre East,83350.0
2010,نفقات غير دورية,Centre West,61320.0
2010,نفقات غير دورية,Grand Tunis,66550.0
2010,نفقات غير دورية,National,68408.0
2010,نفقات غير دورية,North East,70426.0
2010,نفقات غير دورية,North West,62719.0
2010,نفقات غير دورية,South East,63055.0
2010,نفقات غير دورية,South West,46112.0
2010,نفقات لفحوصات األطباء,Centre East,36503.0
2010,نفقات لفحوصات األطباء,Centre West,19218.0
2010,نفقات لفحوصات األطباء,Grand Tunis,25528.0
2010,نفقات لفحوصات األطباء,National,25749.0
2010,نفقات لفحوصات األطباء,North East,17599.0
2010,نفقات لفحوصات األطباء,North West,16768.0
2010,نفقات لفحوصات األطباء,South East,36938.0
2010,نفقات لفحوصات األطباء,South West,17862.0
2010,نفقات معاليم االتصال,Centre East,133331.0
2010,نفقات معاليم االتصال,Centre West,71325.0
2010,نفقات معاليم االتصال,Grand Tunis,173919.0
2010,نفقات معاليم االتصال,National,119050.0
2010,نفقات معاليم االتصال,North East,102088.0
2010,نفقات معاليم االتصال,North West,75294.0
2010,نفقات معاليم االتصال,South East,109975.0
2010,نفقات معاليم االتصال,South West,92393.0
2010,نفقات معاليم ما قبل الدراسة,Centre East,11089.0
2010,نفقات معاليم ما قبل الدراسة,Centre West,1374.0
2010,نفقات معاليم ما قبل الدراسة,Grand Tunis,10550.0
2010,نفقات معاليم ما قبل الدراسة,National,7053.0
2010,نفقات معاليم ما قبل الدراسة,North East,6322.0
2010,نفقات معاليم ما قبل الدراسة,North West,3295.0
2010,نفقات معاليم ما قبل الدراسة,South East,3832.0
2010,نفقات معاليم ما قبل الدراسة,South West,4022.0
2010,نفقات نجارة و بلور و مواد حديدية,Centre East,3922.0
2010,نفقات نجارة و بلور و مواد حديدية,Centre West,3800.0
2010,نفقات نجارة و بلور و مواد حديدية,Grand Tunis,1760.0
2010,نفقات نجارة و بلور و مواد حديدية,National,2590.0
2010,نفقات نجارة و بلور و مواد حديدية,North East,2062.0
2010,نفقات نجارة و بلور و مواد حديدية,North West,835.0
2010,نفقات نجارة و بلور و مواد حديدية,South East,3024.0
2010,نفقات نجارة و بلور و مواد حديدية,South West,1823.0
2010,نفقات نقل بضائع والحمالة,Centre East,282.0
2010,نفقات نقل بضائع والحمالة,Centre West,2854.0
2010,نفقات نقل بضائع والحمالة,Grand Tunis,56.0
2010,نفقات نقل بضائع والحمالة,National,647.0
2010,نفقات نقل بضائع والحمالة,North East,28.0
2010,نفقات نقل بضائع والحمالة,North West,927.0
2010,نفقات نقل بضائع والحمالة,South East,426.0
2010,نفقات نقل بضائع والحمالة,South West,704.0
2010,نقل ريفي,Centre East,28254.0
2010,نقل ريفي,Centre West,16316.0
2010,نقل ريفي,Grand Tunis,22212.0
2010,نقل ريفي,National,22737.0
2010,نقل ريفي,North East,23850.0
2010,نقل ريفي,North West,26167.0
2010,نقل ريفي,South East,18084.0
2010,نقل ريفي,South West,14948.0
2010,"هريسة ""دياري"" ،فلفل معجون",Centre East,490.0
2010,"هريسة ""دياري"" ،فلفل معجون",Centre West,82.0
2010,"هريسة ""دياري"" ،فلفل معجون",Grand Tunis,2778.0
2010,"هريسة ""دياري"" ،فلفل معجون",National,1094.0
2010,"هريسة ""دياري"" ،فلفل معجون",North East,1737.0
2010,"هريسة ""دياري"" ،فلفل معجون",North West,228.0
2010,"هريسة ""دياري"" ،فلفل معجون",South East,475.0
2010,"هريسة ""دياري"" ،فلفل معجون",South West,220.0
2010,هريسة صناعيّة حكة أو صبة,Centre East,2213.0
2010,هريسة صناعيّة حكة أو صبة,Centre West,3913.0
2010,هريسة صناعيّة حكة أو صبة,Grand Tunis,2971.0
2010,هريسة صناعيّة حكة أو صبة,National,2671.0
2010,هريسة صناعيّة حكة أو صبة,North East,2589.0
2010,هريسة صناعيّة حكة أو صبة,North West,2497.0
2010,هريسة صناعيّة حكة أو صبة,South East,1719.0
2010,هريسة صناعيّة حكة أو صبة,South West,2500.0
2010,هندي,Centre East,1440.0
2010,هندي,Centre West,1565.0
2010,هندي,Grand Tunis,613.0
2010,هندي,National,1184.0
2010,هندي,North East,1367.0
2010,هندي,North West,737.0
2010,هندي,South East,398.0
2010,هندي,South West,3315.0
2010,ّ,Centre East,773.0
2010,ّ,Centre West,474.0
2010,ّ,Grand Tunis,2830.0
2010,ّ,National,1164.0
2010,ّ,North East,873.0
2010,ّ,North West,377.0
2010,ّ,South East,547.0
2010,ّ,South West,880.0
2015,آالت تسخين و تكييف الهواء,Centre East,7030.0
2015,آالت تسخين و تكييف الهواء,Centre West,2381.0
2015,آالت تسخين و تكييف الهواء,Grand Tunis,6811.0
2015,آالت تسخين و تكييف الهواء,National,4703.0
2015,آالت تسخين و تكييف الهواء,North East,1325.0
2015,آالت تسخين و تكييف الهواء,North West,2661.0
2015,آالت تسخين و تكييف الهواء,South East,3254.0
2015,آالت تسخين و تكييف الهواء,South West,4941.0
2015,آلة غسل المالبس,Centre East,3197.0
2015,آلة غسل المالبس,Centre West,1638.0
2015,آلة غسل المالبس,Grand Tunis,1966.0
2015,آلة غسل المالبس,National,1918.0
2015,آلة غسل المالبس,North East,757.0
2015,آلة غسل المالبس,North West,906.0
2015,آلة غسل المالبس,South East,1720.0
2015,آلة غسل المالبس,South West,1809.0
2015,أثاث األسرة,Centre East,48505.0
2015,أثاث األسرة,Centre West,21935.0
2015,أثاث األسرة,Grand Tunis,44205.0
2015,أثاث األسرة,National,37626.0
2015,أثاث األسرة,North East,26776.0
2015,أثاث األسرة,North West,23781.0
2015,أثاث األسرة,South East,44405.0
2015,أثاث األسرة,South West,37106.0
2015,أدوات المطبخ,Centre East,10210.0
2015,أدوات المطبخ,Centre West,7937.0
2015,أدوات المطبخ,Grand Tunis,12063.0
2015,أدوات المطبخ,National,10428.0
2015,أدوات المطبخ,North East,7535.0
2015,أدوات المطبخ,North West,7914.0
2015,أدوات المطبخ,South East,14750.0
2015,أدوات المطبخ,South West,13944.0
2015,أرجنتيار ،بوفاي,Centre East,1035.0
2015,أرجنتيار ،بوفاي,Centre West,272.0
2015,أرجنتيار ،بوفاي,Grand Tunis,733.0
2015,أرجنتيار ،بوفاي,National,809.0
2015,أرجنتيار ،بوفاي,North East,1031.0
2015,أرجنتيار ،بوفاي,North West,530.0
2015,أرجنتيار ،بوفاي,South East,1229.0
2015,أرجنتيار ،بوفاي,South West,645.0
2015,أرز,Centre East,7050.0
2015,أرز,Centre West,5454.0
2015,أرز,Grand Tunis,8655.0
2015,أرز,National,6962.0
2015,أرز,North East,6860.0
2015,أرز,North West,4943.0
2015,أرز,South East,7405.0
2015,أرز,South West,5765.0
2015,أسماك,Centre East,90409.0
2015,أسماك,Centre West,17886.0
2015,أسماك,Grand Tunis,68157.0
2015,أسماك,National,51161.0
2015,أسماك,North East,37191.0
2015,أسماك,North West,16334.0
2015,أسماك,South East,27535.0
2015,أسماك,South West,20283.0
2015,أسماك مصبّرة,Centre East,5476.0
2015,أسماك مصبّرة,Centre West,2609.0
2015,أسماك مصبّرة,Grand Tunis,11205.0
2015,أسماك مصبّرة,National,6425.0
2015,أسماك مصبّرة,North East,6651.0
2015,أسماك مصبّرة,North West,3275.0
2015,أسماك مصبّرة,South East,5108.0
2015,أسماك مصبّرة,South West,5556.0
2015,أغطية,Centre East,4503.0
2015,أغطية,Centre West,5394.0
2015,أغطية,Grand Tunis,3720.0
2015,أغطية,National,4496.0
2015,أغطية,North East,3705.0
2015,أغطية,North West,3965.0
2015,أغطية,South East,4519.0
2015,أغطية,South West,8579.0
2015,أكلة في مطعم,Centre East,8771.0
2015,أكلة في مطعم,Centre West,5008.0
2015,أكلة في مطعم,Grand Tunis,37942.0
2015,أكلة في مطعم,National,13717.0
2015,أكلة في مطعم,North East,5006.0
2015,أكلة في مطعم,North West,2981.0
2015,أكلة في مطعم,South East,5742.0
2015,أكلة في مطعم,South West,2623.0
2015,ألعاب,Centre East,2775.0
2015,ألعاب,Centre West,903.0
2015,ألعاب,Grand Tunis,3907.0
2015,ألعاب,National,2752.0
2015,ألعاب,North East,1916.0
2015,ألعاب,North West,3345.0
2015,ألعاب,South East,1739.0
2015,ألعاب,South West,4336.0
2015,إجاص,Centre East,3562.0
2015,إجاص,Centre West,2127.0
2015,إجاص,Grand Tunis,4179.0
2015,إجاص,National,3313.0
2015,إجاص,North East,2661.0
2015,إجاص,North West,2792.0
2015,إجاص,South East,3221.0
2015,إجاص,South West,3762.0
2015,األدويـة,Centre East,71540.0
2015,األدويـة,Centre West,65798.0
2015,األدويـة,Grand Tunis,83065.0
2015,األدويـة,National,76783.0
2015,األدويـة,North East,80168.0
2015,األدويـة,North West,60457.0
2015,األدويـة,South East,102129.0
2015,األدويـة,South West,75388.0
2015,األقمشة و الصوف,Centre East,2335.0
2015,األقمشة و الصوف,Centre West,306.0
2015,األقمشة و الصوف,Grand Tunis,847.0
2015,األقمشة و الصوف,National,949.0
2015,األقمشة و الصوف,North East,205.0
2015,األقمشة و الصوف,North West,215.0
2015,األقمشة و الصوف,South East,660.0
2015,األقمشة و الصوف,South West,510.0
2015,االتصاالت,Centre East,187874.0
2015,االتصاالت,Centre West,122027.0
2015,االتصاالت,Grand Tunis,235858.0
2015,االتصاالت,National,171424.0
2015,االتصاالت,North East,143386.0
2015,االتصاالت,North West,106712.0
2015,االتصاالت,South East,148327.0
2015,االتصاالت,South West,153900.0
2015,االشتراكات المدرسية,Centre East,1950.0
2015,االشتراكات المدرسية,Centre West,1628.0
2015,االشتراكات المدرسية,Grand Tunis,1159.0
2015,االشتراكات المدرسية,National,1923.0
2015,االشتراكات المدرسية,North East,2962.0
2015,االشتراكات المدرسية,North West,2493.0
2015,االشتراكات المدرسية,South East,2494.0
2015,االشتراكات المدرسية,South West,1330.0
2015,االشتراكات غير المدرسية,Centre East,1233.0
2015,االشتراكات غير المدرسية,Centre West,1038.0
2015,االشتراكات غير المدرسية,Grand Tunis,3173.0
2015,االشتراكات غير المدرسية,National,2333.0
2015,االشتراكات غير المدرسية,North East,6750.0
2015,االشتراكات غير المدرسية,North West,666.0
2015,االشتراكات غير المدرسية,South East,1310.0
2015,االشتراكات غير المدرسية,South West,490.0
2015,البناء,Centre East,42243.0
2015,البناء,Centre West,28033.0
2015,البناء,Grand Tunis,25170.0
2015,البناء,National,32879.0
2015,البناء,North East,20107.0
2015,البناء,North West,27185.0
2015,البناء,South East,56216.0
2015,البناء,South West,38827.0
2015,التجهيز الصحي,Centre East,5865.0
2015,التجهيز الصحي,Centre West,2319.0
2015,التجهيز الصحي,Grand Tunis,4042.0
2015,التجهيز الصحي,National,4067.0
2015,التجهيز الصحي,North East,2604.0
2015,التجهيز الصحي,North West,2617.0
2015,التجهيز الصحي,South East,6115.0
2015,التجهيز الصحي,South West,3105.0
2015,التجهيز و التركيب الكهربائي,Centre East,2525.0
2015,التجهيز و التركيب الكهربائي,Centre West,916.0
2015,التجهيز و التركيب الكهربائي,Grand Tunis,2790.0
2015,التجهيز و التركيب الكهربائي,National,1950.0
2015,التجهيز و التركيب الكهربائي,North East,994.0
2015,التجهيز و التركيب الكهربائي,North West,1056.0
2015,التجهيز و التركيب الكهربائي,South East,2299.0
2015,التجهيز و التركيب الكهربائي,South West,1461.0
2015,التعليم,Centre East,94443.0
2015,التعليم,Centre West,34601.0
2015,التعليم,Grand Tunis,148538.0
2015,التعليم,National,83689.0
2015,التعليم,North East,65596.0
2015,التعليم,North West,37913.0
2015,التعليم,South East,44490.0
2015,التعليم,South West,57099.0
2015,التنظيف بالشائح و الصبيغة,Centre East,136.0
2015,التنظيف بالشائح و الصبيغة,Centre West,78.0
2015,التنظيف بالشائح و الصبيغة,Grand Tunis,429.0
2015,التنظيف بالشائح و الصبيغة,National,195.0
2015,التنظيف بالشائح و الصبيغة,North East,25.0
2015,التنظيف بالشائح و الصبيغة,North West,202.0
2015,التنظيف بالشائح و الصبيغة,South East,193.0
2015,التنظيف بالشائح و الصبيغة,South West,93.0
2015,الحبوب,Centre East,148193.0
2015,الحبوب,Centre West,127403.0
2015,الحبوب,Grand Tunis,178265.0
2015,الحبوب,National,149192.0
2015,الحبوب,North East,143099.0
2015,الحبوب,North West,145000.0
2015,الحبوب,South East,131812.0
2015,الحبوب,South West,127103.0
2015,الحليب و مشتقاته و البيض,Centre East,156470.0
2015,الحليب و مشتقاته و البيض,Centre West,105805.0
2015,الحليب و مشتقاته و البيض,Grand Tunis,218027.0
2015,الحليب و مشتقاته و البيض,National,162297.0
2015,الحليب و مشتقاته و البيض,North East,159447.0
2015,الحليب و مشتقاته و البيض,North West,131886.0
2015,الحليب و مشتقاته و البيض,South East,154782.0
2015,الحليب و مشتقاته و البيض,South West,145218.0
2015,الخضر,Centre East,161032.0
2015,الخضر,Centre West,125528.0
2015,الخضر,Grand Tunis,188737.0
2015,الخضر,National,159462.0
2015,الخضر,North East,160222.0
2015,الخضر,North West,153767.0
2015,الخضر,South East,140279.0
2015,الخضر,South West,141860.0
2015,الدهن و التبييض و صيانة األسطح,Centre East,24424.0
2015,الدهن و التبييض و صيانة األسطح,Centre West,7559.0
2015,الدهن و التبييض و صيانة األسطح,Grand Tunis,17222.0
2015,الدهن و التبييض و صيانة األسطح,National,16014.0
2015,الدهن و التبييض و صيانة األسطح,North East,11477.0
2015,الدهن و التبييض و صيانة األسطح,North West,9551.0
2015,الدهن و التبييض و صيانة األسطح,South East,19916.0
2015,الدهن و التبييض و صيانة األسطح,South West,9801.0
2015,الدواجن,Centre East,80890.0
2015,الدواجن,Centre West,67391.0
2015,الدواجن,Grand Tunis,108828.0
2015,الدواجن,National,83715.0
2015,الدواجن,North East,87643.0
2015,الدواجن,North West,79646.0
2015,الدواجن,South East,55188.0
2015,الدواجن,South West,68886.0
2015,الرحالت,Centre East,707.0
2015,الرحالت,Centre West,9.0
2015,الرحالت,Grand Tunis,389.0
2015,الرحالت,National,405.0
2015,الرحالت,North East,170.0
2015,الرحالت,North West,0.0
2015,الرحالت,South East,1139.0
2015,الرحالت,South West,144.0
2015,الرعاية الشخصية,Centre East,157240.0
2015,الرعاية الشخصية,Centre West,86143.0
2015,الرعاية الشخصية,Grand Tunis,220594.0
2015,الرعاية الشخصية,National,148879.0
2015,الرعاية الشخصية,North East,129977.0
2015,الرعاية الشخصية,North West,87744.0
2015,الرعاية الشخصية,South East,117514.0
2015,الرعاية الشخصية,South West,149104.0
2015,الرعاية الصحية و الشخصية,Centre East,379685.0
2015,الرعاية الصحية و الشخصية,Centre West,241373.0
2015,الرعاية الصحية و الشخصية,Grand Tunis,468406.0
2015,الرعاية الصحية و الشخصية,National,362890.0
2015,الرعاية الصحية و الشخصية,North East,358138.0
2015,الرعاية الصحية و الشخصية,North West,239378.0
2015,الرعاية الصحية و الشخصية,South East,368954.0
2015,الرعاية الصحية و الشخصية,South West,328157.0
2015,الزيوت,Centre East,100855.0
2015,الزيوت,Centre West,59423.0
2015,الزيوت,Grand Tunis,59759.0
2015,الزيوت,National,70392.0
2015,الزيوت,North East,58011.0
2015,الزيوت,North West,47255.0
2015,الزيوت,South East,74979.0
2015,الزيوت,South West,74694.0
2015,السكر,Centre East,11351.0
2015,السكر,Centre West,13052.0
2015,السكر,Grand Tunis,13457.0
2015,السكر,National,13639.0
2015,السكر,North East,14903.0
2015,السكر,North West,18917.0
2015,السكر,South East,13232.0
2015,السكر,South West,13609.0
2015,السكر والمواد السكرية,Centre East,25087.0
2015,السكر والمواد السكرية,Centre West,19485.0
2015,السكر والمواد السكرية,Grand Tunis,34782.0
2015,السكر والمواد السكرية,National,27258.0
2015,السكر والمواد السكرية,North East,28695.0
2015,السكر والمواد السكرية,North West,28917.0
2015,السكر والمواد السكرية,South East,22614.0
2015,السكر والمواد السكرية,South West,22514.0
2015,السمك الطازج,Centre East,76908.0
2015,السمك الطازج,Centre West,14863.0
2015,السمك الطازج,Grand Tunis,52712.0
2015,السمك الطازج,National,41399.0
2015,السمك الطازج,North East,29809.0
2015,السمك الطازج,North West,12983.0
2015,السمك الطازج,South East,20847.0
2015,السمك الطازج,South West,13713.0
2015,الفعلي اإليجار معلوم,Centre East,71503.0
2015,الفعلي اإليجار معلوم,Centre West,21222.0
2015,الفعلي اإليجار معلوم,Grand Tunis,191882.0
2015,الفعلي اإليجار معلوم,National,78843.0
2015,الفعلي اإليجار معلوم,North East,48762.0
2015,الفعلي اإليجار معلوم,North West,20187.0
2015,الفعلي اإليجار معلوم,South East,20651.0
2015,الفعلي اإليجار معلوم,South West,23129.0
2015,القوارص,Centre East,17958.0
2015,القوارص,Centre West,11315.0
2015,القوارص,Grand Tunis,22435.0
2015,القوارص,National,17230.0
2015,القوارص,North East,16151.0
2015,القوارص,North West,14400.0
2015,القوارص,South East,16240.0
2015,القوارص,South West,14066.0
2015,الكتب والصحف والرحالت,Centre East,5456.0
2015,الكتب والصحف والرحالت,Centre West,1023.0
2015,الكتب والصحف والرحالت,Grand Tunis,11847.0
2015,الكتب والصحف والرحالت,National,5316.0
2015,الكتب والصحف والرحالت,North East,2662.0
2015,الكتب والصحف والرحالت,North West,1408.0
2015,الكتب والصحف والرحالت,South East,3477.0
2015,الكتب والصحف والرحالت,South West,2399.0
2015,المالبس و األحذية والمستلزمات الشخصية,Centre East,328062.0
2015,المالبس و األحذية والمستلزمات الشخصية,Centre West,192623.0
2015,المالبس و األحذية والمستلزمات الشخصية,Grand Tunis,381157.0
2015,المالبس و األحذية والمستلزمات الشخصية,National,292842.0
2015,المالبس و األحذية والمستلزمات الشخصية,North East,249425.0
2015,المالبس و األحذية والمستلزمات الشخصية,North West,199428.0
2015,المالبس و األحذية والمستلزمات الشخصية,South East,278809.0
2015,المالبس و األحذية والمستلزمات الشخصية,South West,277837.0
2015,المالحف و األغطية و الستائر,Centre East,14368.0
2015,المالحف و األغطية و الستائر,Centre West,10865.0
2015,المالحف و األغطية و الستائر,Grand Tunis,17235.0
2015,المالحف و األغطية و الستائر,National,13845.0
2015,المالحف و األغطية و الستائر,North East,9540.0
2015,المالحف و األغطية و الستائر,North West,11222.0
2015,المالحف و األغطية و الستائر,South East,14928.0
2015,المالحف و األغطية و الستائر,South West,16634.0
2015,المدرسية     العودة   بمناسبة محفظة,Centre East,4850.0
2015,المدرسية     العودة   بمناسبة محفظة,Centre West,2387.0
2015,المدرسية     العودة   بمناسبة محفظة,Grand Tunis,4450.0
2015,المدرسية     العودة   بمناسبة محفظة,National,3987.0
2015,المدرسية     العودة   بمناسبة محفظة,North East,4568.0
2015,المدرسية     العودة   بمناسبة محفظة,North West,3017.0
2015,المدرسية     العودة   بمناسبة محفظة,South East,3152.0
2015,المدرسية     العودة   بمناسبة محفظة,South West,3627.0
2015,المدن بين  وحافلة (لواج) سيارة أجرة,Centre East,21518.0
2015,المدن بين  وحافلة (لواج) سيارة أجرة,Centre West,19259.0
2015,المدن بين  وحافلة (لواج) سيارة أجرة,Grand Tunis,6584.0
2015,المدن بين  وحافلة (لواج) سيارة أجرة,National,14853.0
2015,المدن بين  وحافلة (لواج) سيارة أجرة,North East,11307.0
2015,المدن بين  وحافلة (لواج) سيارة أجرة,North West,16195.0
2015,المدن بين  وحافلة (لواج) سيارة أجرة,South East,15618.0
2015,المدن بين  وحافلة (لواج) سيارة أجرة,South West,17267.0
2015,المعلوم البلدي السنوي,Centre East,4697.0
2015,المعلوم البلدي السنوي,Centre West,930.0
2015,المعلوم البلدي السنوي,Grand Tunis,9989.0
2015,المعلوم البلدي السنوي,National,4945.0
2015,المعلوم البلدي السنوي,North East,4198.0
2015,المعلوم البلدي السنوي,North West,3137.0
2015,المعلوم البلدي السنوي,South East,2797.0
2015,المعلوم البلدي السنوي,South West,1716.0
2015,المنحة السياحية للسفر إلى الخارج,Centre East,14702.0
2015,المنحة السياحية للسفر إلى الخارج,Centre West,1556.0
2015,المنحة السياحية للسفر إلى الخارج,Grand Tunis,27768.0
2015,المنحة السياحية للسفر إلى الخارج,National,12147.0
2015,المنحة السياحية للسفر إلى الخارج,North East,4247.0
2015,المنحة السياحية للسفر إلى الخارج,North West,1523.0
2015,المنحة السياحية للسفر إلى الخارج,South East,7284.0
2015,المنحة السياحية للسفر إلى الخارج,South West,3248.0
2015,المهني   نفقات التكوين,Centre East,1897.0
2015,المهني   نفقات التكوين,Centre West,819.0
2015,المهني   نفقات التكوين,Grand Tunis,2246.0
2015,المهني   نفقات التكوين,National,1636.0
2015,المهني   نفقات التكوين,North East,1612.0
2015,المهني   نفقات التكوين,North West,499.0
2015,المهني   نفقات التكوين,South East,2085.0
2015,المهني   نفقات التكوين,South West,1070.0
2015,النجارة و البلور و المواد الحديدية,Centre East,5425.0
2015,النجارة و البلور و المواد الحديدية,Centre West,2924.0
2015,النجارة و البلور و المواد الحديدية,Grand Tunis,3822.0
2015,النجارة و البلور و المواد الحديدية,National,3593.0
2015,النجارة و البلور و المواد الحديدية,North East,1409.0
2015,النجارة و البلور و المواد الحديدية,North West,1921.0
2015,النجارة و البلور و المواد الحديدية,South East,4435.0
2015,النجارة و البلور و المواد الحديدية,South West,3102.0
2015,النفقات الكبرى لالقتناء وبناء مسكن,Centre East,205102.0
2015,النفقات الكبرى لالقتناء وبناء مسكن,Centre West,93465.0
2015,النفقات الكبرى لالقتناء وبناء مسكن,Grand Tunis,281949.0
2015,النفقات الكبرى لالقتناء وبناء مسكن,National,168927.0
2015,النفقات الكبرى لالقتناء وبناء مسكن,North East,64581.0
2015,النفقات الكبرى لالقتناء وبناء مسكن,North West,111189.0
2015,النفقات الكبرى لالقتناء وبناء مسكن,South East,151284.0
2015,النفقات الكبرى لالقتناء وبناء مسكن,South West,75584.0
2015,النقل و المواصالت,Centre East,509625.0
2015,النقل و المواصالت,Centre West,181300.0
2015,النقل و المواصالت,Grand Tunis,472984.0
2015,النقل و المواصالت,National,359617.0
2015,النقل و المواصالت,North East,252144.0
2015,النقل و المواصالت,North West,203555.0
2015,النقل و المواصالت,South East,292641.0
2015,النقل و المواصالت,South West,275629.0
2015,بالكار,Centre East,1492.0
2015,بالكار,Centre West,232.0
2015,بالكار,Grand Tunis,779.0
2015,بالكار,National,1214.0
2015,بالكار,North East,1998.0
2015,بالكار,North West,1161.0
2015,بالكار,South East,2248.0
2015,بالكار,South West,610.0
2015,بترول أزرق (قاز),Centre East,296.0
2015,بترول أزرق (قاز),Centre West,91.0
2015,بترول أزرق (قاز),Grand Tunis,46.0
2015,بترول أزرق (قاز),National,128.0
2015,بترول أزرق (قاز),North East,24.0
2015,بترول أزرق (قاز),North West,237.0
2015,بترول أزرق (قاز),South East,27.0
2015,بترول أزرق (قاز),South West,67.0
2015,برتقال,Centre East,12640.0
2015,برتقال,Centre West,7595.0
2015,برتقال,Grand Tunis,13627.0
2015,برتقال,National,11759.0
2015,برتقال,North East,11230.0
2015,برتقال,North West,9015.0
2015,برتقال,South East,13547.0
2015,برتقال,South West,12353.0
2015,برغل,Centre East,522.0
2015,برغل,Centre West,19.0
2015,برغل,Grand Tunis,170.0
2015,برغل,National,204.0
2015,برغل,North East,87.0
2015,برغل,North West,41.0
2015,برغل,South East,35.0
2015,برغل,South West,259.0
2015,بروكلو,Centre East,605.0
2015,بروكلو,Centre West,470.0
2015,بروكلو,Grand Tunis,934.0
2015,بروكلو,National,748.0
2015,بروكلو,North East,850.0
2015,بروكلو,North West,578.0
2015,بروكلو,South East,922.0
2015,بروكلو,South West,945.0
2015,بسباس,Centre East,1221.0
2015,بسباس,Centre West,1226.0
2015,بسباس,Grand Tunis,2176.0
2015,بسباس,National,1545.0
2015,بسباس,North East,1942.0
2015,بسباس,North West,1844.0
2015,بسباس,South East,733.0
2015,بسباس,South West,778.0
2015,بسكويت,Centre East,18835.0
2015,بسكويت,Centre West,12984.0
2015,بسكويت,Grand Tunis,24404.0
2015,بسكويت,National,18656.0
2015,بسكويت,North East,15434.0
2015,بسكويت,North West,16960.0
2015,بسكويت,South East,18174.0
2015,بسكويت,South West,17104.0
2015,بسيسة,Centre East,1913.0
2015,بسيسة,Centre West,553.0
2015,بسيسة,Grand Tunis,944.0
2015,بسيسة,National,1085.0
2015,بسيسة,North East,815.0
2015,بسيسة,North West,526.0
2015,بسيسة,South East,1269.0
2015,بسيسة,South West,694.0
2015,بصل أخضر,Centre East,7302.0
2015,بصل أخضر,Centre West,5073.0
2015,بصل أخضر,Grand Tunis,5956.0
2015,بصل أخضر,National,6457.0
2015,بصل أخضر,North East,6477.0
2015,بصل أخضر,North West,6131.0
2015,بصل أخضر,South East,8399.0
2015,بصل أخضر,South West,5424.0
2015,بصل شائح,Centre East,7385.0
2015,بصل شائح,Centre West,3687.0
2015,بصل شائح,Grand Tunis,7259.0
2015,بصل شائح,National,5947.0
2015,بصل شائح,North East,5404.0
2015,بصل شائح,North West,3677.0
2015,بصل شائح,South East,4793.0
2015,بصل شائح,South West,6460.0
2015,بطاطا,Centre East,21865.0
2015,بطاطا,Centre West,18215.0
2015,بطاطا,Grand Tunis,24637.0
2015,بطاطا,National,21973.0
2015,بطاطا,North East,24091.0
2015,بطاطا,North West,21103.0
2015,بطاطا,South East,18231.0
2015,بطاطا,South West,21981.0
2015,بطيخ,Centre East,6978.0
2015,بطيخ,Centre West,4313.0
2015,بطيخ,Grand Tunis,8965.0
2015,بطيخ,National,6735.0
2015,بطيخ,North East,5640.0
2015,بطيخ,North West,5341.0
2015,بطيخ,South East,7546.0
2015,بطيخ,South West,5193.0
2015,بقول خضراء,Centre East,6474.0
2015,بقول خضراء,Centre West,6031.0
2015,بقول خضراء,Grand Tunis,9747.0
2015,بقول خضراء,National,7122.0
2015,بقول خضراء,North East,6416.0
2015,بقول خضراء,North West,8207.0
2015,بقول خضراء,South East,3845.0
2015,بقول خضراء,South West,6111.0
2015,بقول شائحة,Centre East,15524.0
2015,بقول شائحة,Centre West,14514.0
2015,بقول شائحة,Grand Tunis,17692.0
2015,بقول شائحة,National,16623.0
2015,بقول شائحة,North East,15905.0
2015,بقول شائحة,North West,17948.0
2015,بقول شائحة,South East,19292.0
2015,بقول شائحة,South West,16203.0
2015,بقول مصبّرة,Centre East,89.0
2015,بقول مصبّرة,Centre West,225.0
2015,بقول مصبّرة,Grand Tunis,1559.0
2015,بقول مصبّرة,National,507.0
2015,بقول مصبّرة,North East,337.0
2015,بقول مصبّرة,North West,132.0
2015,بقول مصبّرة,South East,71.0
2015,بقول مصبّرة,South West,156.0
2015,بقول و توابل,Centre East,32978.0
2015,بقول و توابل,Centre West,28030.0
2015,بقول و توابل,Grand Tunis,42083.0
2015,بقول و توابل,National,34838.0
2015,بقول و توابل,North East,31982.0
2015,بقول و توابل,North West,34345.0
2015,بقول و توابل,South East,32544.0
2015,بقول و توابل,South West,37893.0
2015,بقول ّ,Centre East,954.0
2015,بقول ّ,Centre West,566.0
2015,بقول ّ,Grand Tunis,2689.0
2015,بقول ّ,National,1324.0
2015,بقول ّ,North East,1272.0
2015,بقول ّ,North West,701.0
2015,بقول ّ,South East,513.0
2015,بقول ّ,South West,1272.0
2015,بن صافية (كعب أو مدشّشة أو مرحيّة),Centre East,6149.0
2015,بن صافية (كعب أو مدشّشة أو مرحيّة),Centre West,3635.0
2015,بن صافية (كعب أو مدشّشة أو مرحيّة),Grand Tunis,6240.0
2015,بن صافية (كعب أو مدشّشة أو مرحيّة),National,5996.0
2015,بن صافية (كعب أو مدشّشة أو مرحيّة),North East,5444.0
2015,بن صافية (كعب أو مدشّشة أو مرحيّة),North West,6039.0
2015,بن صافية (كعب أو مدشّشة أو مرحيّة),South East,4534.0
2015,بن صافية (كعب أو مدشّشة أو مرحيّة),South West,13085.0
2015,بن مخلطة (مدشّشة أو مرحيّة),Centre East,1146.0
2015,بن مخلطة (مدشّشة أو مرحيّة),Centre West,916.0
2015,بن مخلطة (مدشّشة أو مرحيّة),Grand Tunis,2217.0
2015,بن مخلطة (مدشّشة أو مرحيّة),National,1611.0
2015,بن مخلطة (مدشّشة أو مرحيّة),North East,2131.0
2015,بن مخلطة (مدشّشة أو مرحيّة),North West,2589.0
2015,بن مخلطة (مدشّشة أو مرحيّة),South East,1053.0
2015,بن مخلطة (مدشّشة أو مرحيّة),South West,454.0
2015,بندق ،فزدق ،بوفريوة ،جوزة,Centre East,1216.0
2015,بندق ،فزدق ،بوفريوة ،جوزة,Centre West,521.0
2015,بندق ،فزدق ،بوفريوة ،جوزة,Grand Tunis,2788.0
2015,بندق ،فزدق ،بوفريوة ،جوزة,National,1482.0
2015,بندق ،فزدق ،بوفريوة ،جوزة,North East,1462.0
2015,بندق ،فزدق ،بوفريوة ،جوزة,North West,774.0
2015,بندق ،فزدق ،بوفريوة ،جوزة,South East,1137.0
2015,بندق ،فزدق ،بوفريوة ،جوزة,South West,995.0
2015,بنزين للسيارات,Centre East,98394.0
2015,بنزين للسيارات,Centre West,17563.0
2015,بنزين للسيارات,Grand Tunis,147826.0
2015,بنزين للسيارات,National,76608.0
2015,بنزين للسيارات,North East,48999.0
2015,بنزين للسيارات,North West,17359.0
2015,بنزين للسيارات,South East,46487.0
2015,بنزين للسيارات,South West,29694.0
2015,بنزين مخلط للدراجات النارية,Centre East,17855.0
2015,بنزين مخلط للدراجات النارية,Centre West,5943.0
2015,بنزين مخلط للدراجات النارية,Grand Tunis,2174.0
2015,بنزين مخلط للدراجات النارية,National,9777.0
2015,بنزين مخلط للدراجات النارية,North East,11531.0
2015,بنزين مخلط للدراجات النارية,North West,1982.0
2015,بنزين مخلط للدراجات النارية,South East,14403.0
2015,بنزين مخلط للدراجات النارية,South West,18921.0
2015,بنك,Centre East,708.0
2015,بنك,Centre West,433.0
2015,بنك,Grand Tunis,596.0
2015,بنك,National,851.0
2015,بنك,North East,2097.0
2015,بنك,North West,701.0
2015,بنك,South East,1059.0
2015,بنك,South West,459.0
2015,بيت نوم,Centre East,7402.0
2015,بيت نوم,Centre West,1637.0
2015,بيت نوم,Grand Tunis,9905.0
2015,بيت نوم,National,5946.0
2015,بيت نوم,North East,4289.0
2015,بيت نوم,North West,3411.0
2015,بيت نوم,South East,4933.0
2015,بيت نوم,South West,2409.0
2015,بيجاما,Centre East,3318.0
2015,بيجاما,Centre West,2502.0
2015,بيجاما,Grand Tunis,3860.0
2015,بيجاما,National,2923.0
2015,بيجاما,North East,3520.0
2015,بيجاما,North West,1399.0
2015,بيجاما,South East,2125.0
2015,بيجاما,South West,809.0
2015,بيض,Centre East,25910.0
2015,بيض,Centre West,18343.0
2015,بيض,Grand Tunis,30950.0
2015,بيض,National,25974.0
2015,بيض,North East,27903.0
2015,بيض,North West,24888.0
2015,بيض,South East,22602.0
2015,بيض,South West,24606.0
2015,تأمين الدراجة النارية,Centre East,1901.0
2015,تأمين الدراجة النارية,Centre West,457.0
2015,تأمين الدراجة النارية,Grand Tunis,1337.0
2015,تأمين الدراجة النارية,National,1816.0
2015,تأمين الدراجة النارية,North East,3007.0
2015,تأمين الدراجة النارية,North West,1820.0
2015,تأمين الدراجة النارية,South East,1971.0
2015,تأمين الدراجة النارية,South West,3422.0
2015,تأمين السيارة,Centre East,28492.0
2015,تأمين السيارة,Centre West,8551.0
2015,تأمين السيارة,Grand Tunis,48227.0
2015,تأمين السيارة,National,24993.0
2015,تأمين السيارة,North East,14729.0
2015,تأمين السيارة,North West,8432.0
2015,تأمين السيارة,South East,17247.0
2015,تأمين السيارة,South West,13241.0
2015,تابل,Centre East,842.0
2015,تابل,Centre West,394.0
2015,تابل,Grand Tunis,1881.0
2015,تابل,National,1373.0
2015,تابل,North East,2242.0
2015,تابل,North West,1898.0
2015,تابل,South East,1262.0
2015,تابل,South West,773.0
2015,تابل و كروية,Centre East,1641.0
2015,تابل و كروية,Centre West,3214.0
2015,تابل و كروية,Grand Tunis,2539.0
2015,تابل و كروية,National,2324.0
2015,تابل و كروية,North East,644.0
2015,تابل و كروية,North West,2108.0
2015,تابل و كروية,South East,2568.0
2015,تابل و كروية,South West,6234.0
2015,تاكسي,Centre East,45687.0
2015,تاكسي,Centre West,13793.0
2015,تاكسي,Grand Tunis,46951.0
2015,تاكسي,National,33728.0
2015,تاكسي,North East,24948.0
2015,تاكسي,North West,13402.0
2015,تاكسي,South East,35061.0
2015,تاكسي,South West,25209.0
2015,تبغ و نفة و معسل,Centre East,113702.0
2015,تبغ و نفة و معسل,Centre West,80971.0
2015,تبغ و نفة و معسل,Grand Tunis,112463.0
2015,تبغ و نفة و معسل,National,96176.0
2015,تبغ و نفة و معسل,North East,99900.0
2015,تبغ و نفة و معسل,North West,91513.0
2015,تبغ و نفة و معسل,South East,45144.0
2015,تبغ و نفة و معسل,South West,69833.0
2015,تجهيزات المطبخ,Centre East,2949.0
2015,تجهيزات المطبخ,Centre West,1857.0
2015,تجهيزات المطبخ,Grand Tunis,2738.0
2015,تجهيزات المطبخ,National,2159.0
2015,تجهيزات المطبخ,North East,981.0
2015,تجهيزات المطبخ,North West,1247.0
2015,تجهيزات المطبخ,South East,2036.0
2015,تجهيزات المطبخ,South West,1611.0
2015,تجهيزات كهربائية للمنزلية,Centre East,15534.0
2015,تجهيزات كهربائية للمنزلية,Centre West,9103.0
2015,تجهيزات كهربائية للمنزلية,Grand Tunis,12359.0
2015,تجهيزات كهربائية للمنزلية,National,11354.0
2015,تجهيزات كهربائية للمنزلية,North East,7528.0
2015,تجهيزات كهربائية للمنزلية,North West,7098.0
2015,تجهيزات كهربائية للمنزلية,South East,11590.0
2015,تجهيزات كهربائية للمنزلية,South West,10606.0
2015,تجهيزات كهربائية و منزلية,Centre East,25539.0
2015,تجهيزات كهربائية و منزلية,Centre West,13395.0
2015,تجهيزات كهربائية و منزلية,Grand Tunis,21958.0
2015,تجهيزات كهربائية و منزلية,National,18249.0
2015,تجهيزات كهربائية و منزلية,North East,9835.0
2015,تجهيزات كهربائية و منزلية,North West,11007.0
2015,تجهيزات كهربائية و منزلية,South East,16907.0
2015,تجهيزات كهربائية و منزلية,South West,17245.0
2015,تصليح وسيلة نقل,Centre East,42862.0
2015,تصليح وسيلة نقل,Centre West,6461.0
2015,تصليح وسيلة نقل,Grand Tunis,18828.0
2015,تصليح وسيلة نقل,National,25232.0
2015,تصليح وسيلة نقل,North East,34490.0
2015,تصليح وسيلة نقل,North West,7615.0
2015,تصليح وسيلة نقل,South East,33780.0
2015,تصليح وسيلة نقل,South West,15324.0
2015,تعليم السياقة,Centre East,3323.0
2015,تعليم السياقة,Centre West,1921.0
2015,تعليم السياقة,Grand Tunis,4043.0
2015,تعليم السياقة,National,2511.0
2015,تعليم السياقة,North East,1082.0
2015,تعليم السياقة,North West,300.0
2015,تعليم السياقة,South East,2590.0
2015,تعليم السياقة,South West,1001.0
2015,تفاح,Centre East,9273.0
2015,تفاح,Centre West,6068.0
2015,تفاح,Grand Tunis,9833.0
2015,تفاح,National,8590.0
2015,تفاح,North East,9858.0
2015,تفاح,North West,7652.0
2015,تفاح,South East,7159.0
2015,تفاح,South West,6975.0
2015,تلفاز,Centre East,9942.0
2015,تلفاز,Centre West,5105.0
2015,تلفاز,Grand Tunis,13015.0
2015,تلفاز,National,8521.0
2015,تلفاز,North East,4555.0
2015,تلفاز,North West,5422.0
2015,تلفاز,South East,6657.0
2015,تلفاز,South West,8685.0
2015,تمر,Centre East,4068.0
2015,تمر,Centre West,6402.0
2015,تمر,Grand Tunis,6133.0
2015,تمر,National,4773.0
2015,تمر,North East,4364.0
2015,تمر,North West,6111.0
2015,تمر,South East,1519.0
2015,تمر,South West,2291.0
2015,تن مصبّر,Centre East,5318.0
2015,تن مصبّر,Centre West,2383.0
2015,تن مصبّر,Grand Tunis,10708.0
2015,تن مصبّر,National,6098.0
2015,تن مصبّر,North East,6241.0
2015,تن مصبّر,North West,3096.0
2015,تن مصبّر,South East,4773.0
2015,تن مصبّر,South West,4968.0
2015,توابل طازجة (خضراء),Centre East,256.0
2015,توابل طازجة (خضراء),Centre West,124.0
2015,توابل طازجة (خضراء),Grand Tunis,589.0
2015,توابل طازجة (خضراء),National,326.0
2015,توابل طازجة (خضراء),North East,245.0
2015,توابل طازجة (خضراء),North West,157.0
2015,توابل طازجة (خضراء),South East,222.0
2015,توابل طازجة (خضراء),South West,593.0
2015,توابل ّ,Centre East,9105.0
2015,توابل ّ,Centre West,5931.0
2015,توابل ّ,Grand Tunis,9319.0
2015,توابل ّ,National,8390.0
2015,توابل ّ,North East,7149.0
2015,توابل ّ,North West,6606.0
2015,توابل ّ,South East,8180.0
2015,توابل ّ,South West,13222.0
2015,ثالجة أو مجمّد,Centre East,6698.0
2015,ثالجة أو مجمّد,Centre West,4132.0
2015,ثالجة أو مجمّد,Grand Tunis,4598.0
2015,ثالجة أو مجمّد,National,4753.0
2015,ثالجة أو مجمّد,North East,2032.0
2015,ثالجة أو مجمّد,North West,3551.0
2015,ثالجة أو مجمّد,South East,6068.0
2015,ثالجة أو مجمّد,South West,4962.0
2015,ثوم أخضر,Centre East,1013.0
2015,ثوم أخضر,Centre West,756.0
2015,ثوم أخضر,Grand Tunis,901.0
2015,ثوم أخضر,National,711.0
2015,ثوم أخضر,North East,236.0
2015,ثوم أخضر,North West,349.0
2015,ثوم أخضر,South East,708.0
2015,ثوم أخضر,South West,308.0
2015,ثوم شائح,Centre East,5643.0
2015,ثوم شائح,Centre West,3389.0
2015,ثوم شائح,Grand Tunis,4366.0
2015,ثوم شائح,National,4488.0
2015,ثوم شائح,North East,4057.0
2015,ثوم شائح,North West,3186.0
2015,ثوم شائح,South East,5006.0
2015,ثوم شائح,South West,5042.0
2015,"جال دوش ،كريم مرطب,,,",Centre East,4235.0
2015,"جال دوش ،كريم مرطب,,,",Centre West,1047.0
2015,"جال دوش ،كريم مرطب,,,",Grand Tunis,9217.0
2015,"جال دوش ،كريم مرطب,,,",National,4955.0
2015,"جال دوش ،كريم مرطب,,,",North East,3421.0
2015,"جال دوش ،كريم مرطب,,,",North West,1916.0
2015,"جال دوش ،كريم مرطب,,,",South East,5541.0
2015,"جال دوش ،كريم مرطب,,,",South West,6334.0
2015,جبة,Centre East,1210.0
2015,جبة,Centre West,2343.0
2015,جبة,Grand Tunis,4783.0
2015,جبة,National,3803.0
2015,جبة,North East,6201.0
2015,جبة,North West,5488.0
2015,جبة,South East,4019.0
2015,جبة,South West,4709.0
2015,جبن,Centre East,12171.0
2015,جبن,Centre West,4342.0
2015,جبن,Grand Tunis,32936.0
2015,جبن,National,16258.0
2015,جبن,North East,13823.0
2015,جبن,North West,9149.0
2015,جبن,South East,13083.0
2015,جبن,South West,11756.0
2015,جلبانة خضراء,Centre East,4549.0
2015,جلبانة خضراء,Centre West,3449.0
2015,جلبانة خضراء,Grand Tunis,7434.0
2015,جلبانة خضراء,National,5083.0
2015,جلبانة خضراء,North East,5065.0
2015,جلبانة خضراء,North West,5495.0
2015,جلبانة خضراء,South East,3172.0
2015,جلبانة خضراء,South West,3293.0
2015,جوارب ،جوارب شفافة (كولون),Centre East,2569.0
2015,جوارب ،جوارب شفافة (كولون),Centre West,1990.0
2015,جوارب ،جوارب شفافة (كولون),Grand Tunis,2298.0
2015,جوارب ،جوارب شفافة (كولون),National,2424.0
2015,جوارب ،جوارب شفافة (كولون),North East,1413.0
2015,جوارب ،جوارب شفافة (كولون),North West,1871.0
2015,جوارب ،جوارب شفافة (كولون),South East,4495.0
2015,جوارب ،جوارب شفافة (كولون),South West,3246.0
2015,جوزة ،بوفريوة ،فسدق ،بندق,Centre East,1522.0
2015,جوزة ،بوفريوة ،فسدق ،بندق,Centre West,431.0
2015,جوزة ،بوفريوة ،فسدق ،بندق,Grand Tunis,1417.0
2015,جوزة ،بوفريوة ،فسدق ،بندق,National,1003.0
2015,جوزة ،بوفريوة ،فسدق ،بندق,North East,1065.0
2015,جوزة ،بوفريوة ،فسدق ،بندق,North West,448.0
2015,جوزة ،بوفريوة ،فسدق ،بندق,South East,395.0
2015,جوزة ،بوفريوة ،فسدق ،بندق,South West,161.0
2015,جوكينغ ،بدلة رياضية,Centre East,9190.0
2015,جوكينغ ،بدلة رياضية,Centre West,8138.0
2015,جوكينغ ،بدلة رياضية,Grand Tunis,14068.0
2015,جوكينغ ،بدلة رياضية,National,11227.0
2015,جوكينغ ،بدلة رياضية,North East,10443.0
2015,جوكينغ ،بدلة رياضية,North West,9624.0
2015,جوكينغ ،بدلة رياضية,South East,10595.0
2015,جوكينغ ،بدلة رياضية,South West,20086.0
2015,جيب ،جيب شورط,Centre East,4861.0
2015,جيب ،جيب شورط,Centre West,3003.0
2015,جيب ،جيب شورط,Grand Tunis,4298.0
2015,جيب ،جيب شورط,National,3862.0
2015,جيب ،جيب شورط,North East,2889.0
2015,جيب ،جيب شورط,North West,2303.0
2015,جيب ،جيب شورط,South East,5031.0
2015,جيب ،جيب شورط,South West,2815.0
2015,حاسوب,Centre East,4802.0
2015,حاسوب,Centre West,3211.0
2015,حاسوب,Grand Tunis,8786.0
2015,حاسوب,National,5214.0
2015,حاسوب,North East,3710.0
2015,حاسوب,North West,2939.0
2015,حاسوب,South East,4583.0
2015,حاسوب,South West,4668.0
2015,حالقة,Centre East,29312.0
2015,حالقة,Centre West,13567.0
2015,حالقة,Grand Tunis,34530.0
2015,حالقة,National,25090.0
2015,حالقة,North East,27083.0
2015,حالقة,North West,14814.0
2015,حالقة,South East,16917.0
2015,حالقة,South West,19300.0
2015,حبوب أخرى,Centre East,7884.0
2015,حبوب أخرى,Centre West,5701.0
2015,حبوب أخرى,Grand Tunis,9991.0
2015,حبوب أخرى,National,7792.0
2015,حبوب أخرى,North East,7802.0
2015,حبوب أخرى,North West,5209.0
2015,حبوب أخرى,South East,8241.0
2015,حبوب أخرى,South West,6414.0
2015,حذاء رياضي (سبادري),Centre East,12532.0
2015,حذاء رياضي (سبادري),Centre West,8963.0
2015,حذاء رياضي (سبادري),Grand Tunis,19043.0
2015,حذاء رياضي (سبادري),National,14180.0
2015,حذاء رياضي (سبادري),North East,16932.0
2015,حذاء رياضي (سبادري),North West,15202.0
2015,حذاء رياضي (سبادري),South East,9250.0
2015,حذاء رياضي (سبادري),South West,11557.0
2015,حشايا (جراية),Centre East,3082.0
2015,حشايا (جراية),Centre West,5140.0
2015,حشايا (جراية),Grand Tunis,2178.0
2015,حشايا (جراية),National,3396.0
2015,حشايا (جراية),North East,2561.0
2015,حشايا (جراية),North West,3235.0
2015,حشايا (جراية),South East,4618.0
2015,حشايا (جراية),South West,6340.0
2015,حصارة ،سوتيان ،قان,Centre East,706.0
2015,حصارة ،سوتيان ،قان,Centre West,1392.0
2015,حصارة ،سوتيان ،قان,Grand Tunis,695.0
2015,حصارة ،سوتيان ،قان,National,891.0
2015,حصارة ،سوتيان ،قان,North East,1083.0
2015,حصارة ،سوتيان ،قان,North West,535.0
2015,حصارة ،سوتيان ،قان,South East,836.0
2015,حصارة ،سوتيان ،قان,South West,1687.0
2015,حلوى,Centre East,587.0
2015,حلوى,Centre West,299.0
2015,حلوى,Grand Tunis,728.0
2015,حلوى,National,615.0
2015,حلوى,North East,823.0
2015,حلوى,North West,538.0
2015,حلوى,South East,526.0
2015,حلوى,South West,739.0
2015,حلوى شامية,Centre East,3879.0
2015,حلوى شامية,Centre West,2040.0
2015,حلوى شامية,Grand Tunis,6127.0
2015,حلوى شامية,National,4054.0
2015,حلوى شامية,North East,4245.0
2015,حلوى شامية,North West,2627.0
2015,حلوى شامية,South East,3364.0
2015,حلوى شامية,South West,3559.0
2015,حلويات سوق,Centre East,27404.0
2015,حلويات سوق,Centre West,10500.0
2015,حلويات سوق,Grand Tunis,30928.0
2015,حلويات سوق,National,19959.0
2015,حلويات سوق,North East,10059.0
2015,حلويات سوق,North West,11217.0
2015,حلويات سوق,South East,13962.0
2015,حلويات سوق,South West,11158.0
2015,حليب صناعي,Centre East,58629.0
2015,حليب صناعي,Centre West,34148.0
2015,حليب صناعي,Grand Tunis,74747.0
2015,حليب صناعي,National,57199.0
2015,حليب صناعي,North East,59428.0
2015,حليب صناعي,North West,42386.0
2015,حليب صناعي,South East,58000.0
2015,حليب صناعي,South West,46427.0
2015,حليب طري,Centre East,3545.0
2015,حليب طري,Centre West,10084.0
2015,حليب طري,Grand Tunis,3542.0
2015,حليب طري,National,6569.0
2015,حليب طري,North East,8827.0
2015,حليب طري,North West,17608.0
2015,حليب طري,South East,2454.0
2015,حليب طري,South West,6332.0
2015,حليب مجفف,Centre East,1174.0
2015,حليب مجفف,Centre West,1039.0
2015,حليب مجفف,Grand Tunis,2657.0
2015,حليب مجفف,National,1862.0
2015,حليب مجفف,North East,1698.0
2015,حليب مجفف,North West,1817.0
2015,حليب مجفف,South East,3306.0
2015,حليب مجفف,South West,1234.0
2015,حليب مركّز,Centre East,265.0
2015,حليب مركّز,Centre West,157.0
2015,حليب مركّز,Grand Tunis,707.0
2015,حليب مركّز,National,362.0
2015,حليب مركّز,North East,133.0
2015,حليب مركّز,North West,388.0
2015,حليب مركّز,South East,171.0
2015,حليب مركّز,South West,538.0
2015,حمام ،دوش,Centre East,2595.0
2015,حمام ،دوش,Centre West,9402.0
2015,حمام ،دوش,Grand Tunis,8563.0
2015,حمام ،دوش,National,7743.0
2015,حمام ،دوش,North East,6337.0
2015,حمام ،دوش,North West,14701.0
2015,حمام ،دوش,South East,2528.0
2015,حمام ،دوش,South West,21645.0
2015,حمص شائح,Centre East,8556.0
2015,حمص شائح,Centre West,7363.0
2015,حمص شائح,Grand Tunis,6881.0
2015,حمص شائح,National,7435.0
2015,حمص شائح,North East,7197.0
2015,حمص شائح,North West,7305.0
2015,حمص شائح,South East,7219.0
2015,حمص شائح,South West,6408.0
2015,حمص ّ,Centre East,829.0
2015,حمص ّ,Centre West,469.0
2015,حمص ّ,Grand Tunis,1992.0
2015,حمص ّ,National,1021.0
2015,حمص ّ,North East,817.0
2015,حمص ّ,North West,483.0
2015,حمص ّ,South East,465.0
2015,حمص ّ,South West,1232.0
2015,خدمات أخرى متعلقة بالسكن,Centre East,29132.0
2015,خدمات أخرى متعلقة بالسكن,Centre West,5361.0
2015,خدمات أخرى متعلقة بالسكن,Grand Tunis,78220.0
2015,خدمات أخرى متعلقة بالسكن,National,33015.0
2015,خدمات أخرى متعلقة بالسكن,North East,32842.0
2015,خدمات أخرى متعلقة بالسكن,North West,7902.0
2015,خدمات أخرى متعلقة بالسكن,South East,6083.0
2015,خدمات أخرى متعلقة بالسكن,South West,5979.0
2015,خدمات الطهي,Centre East,2876.0
2015,خدمات الطهي,Centre West,860.0
2015,خدمات الطهي,Grand Tunis,2305.0
2015,خدمات الطهي,National,1933.0
2015,خدمات الطهي,North East,1271.0
2015,خدمات الطهي,North West,2854.0
2015,خدمات الطهي,South East,794.0
2015,خدمات الطهي,South West,521.0
2015,خرقة ،فانتوز ،أكياس الفواضل,Centre East,3646.0
2015,خرقة ،فانتوز ،أكياس الفواضل,Centre West,1516.0
2015,خرقة ،فانتوز ،أكياس الفواضل,Grand Tunis,5213.0
2015,خرقة ،فانتوز ،أكياس الفواضل,National,3461.0
2015,خرقة ،فانتوز ،أكياس الفواضل,North East,3807.0
2015,خرقة ،فانتوز ،أكياس الفواضل,North West,2241.0
2015,خرقة ،فانتوز ،أكياس الفواضل,South East,2448.0
2015,خرقة ،فانتوز ،أكياس الفواضل,South West,2485.0
2015,خضر مصبّرة,Centre East,52449.0
2015,خضر مصبّرة,Centre West,42697.0
2015,خضر مصبّرة,Grand Tunis,61857.0
2015,خضر مصبّرة,National,53550.0
2015,خضر مصبّرة,North East,56135.0
2015,خضر مصبّرة,North West,52249.0
2015,خضر مصبّرة,South East,50979.0
2015,خضر مصبّرة,South West,46881.0
2015,خميرة (للخبز و المرطبات),Centre East,1131.0
2015,خميرة (للخبز و المرطبات),Centre West,1657.0
2015,خميرة (للخبز و المرطبات),Grand Tunis,697.0
2015,خميرة (للخبز و المرطبات),National,1256.0
2015,خميرة (للخبز و المرطبات),North East,1600.0
2015,خميرة (للخبز و المرطبات),North West,2469.0
2015,خميرة (للخبز و المرطبات),South East,579.0
2015,خميرة (للخبز و المرطبات),South West,1436.0
2015,خوخ,Centre East,8497.0
2015,خوخ,Centre West,6568.0
2015,خوخ,Grand Tunis,6369.0
2015,خوخ,National,6613.0
2015,خوخ,North East,5520.0
2015,خوخ,North West,4230.0
2015,خوخ,South East,7161.0
2015,خوخ,South West,5750.0
2015,دالع,Centre East,9589.0
2015,دالع,Centre West,8341.0
2015,دالع,Grand Tunis,12005.0
2015,دالع,National,9517.0
2015,دالع,North East,8545.0
2015,دالع,North West,8453.0
2015,دالع,South East,8796.0
2015,دالع,South West,6520.0
2015,دجاج,Centre East,70598.0
2015,دجاج,Centre West,63796.0
2015,دجاج,Grand Tunis,88888.0
2015,دجاج,National,73465.0
2015,دجاج,North East,79027.0
2015,دجاج,North West,74054.0
2015,دجاج,South East,51131.0
2015,دجاج,South West,63372.0
2015,دجاجة محمولة متناولة بالبيت,Centre East,802.0
2015,دجاجة محمولة متناولة بالبيت,Centre West,316.0
2015,دجاجة محمولة متناولة بالبيت,Grand Tunis,1058.0
2015,دجاجة محمولة متناولة بالبيت,National,687.0
2015,دجاجة محمولة متناولة بالبيت,North East,535.0
2015,دجاجة محمولة متناولة بالبيت,North West,212.0
2015,دجاجة محمولة متناولة بالبيت,South East,782.0
2015,دجاجة محمولة متناولة بالبيت,South West,479.0
2015,دقلة,Centre East,2783.0
2015,دقلة,Centre West,1763.0
2015,دقلة,Grand Tunis,2391.0
2015,دقلة,National,2482.0
2015,دقلة,North East,667.0
2015,دقلة,North West,1029.0
2015,دقلة,South East,5958.0
2015,دقلة,South West,4308.0
2015,ديك رومي,Centre East,10292.0
2015,ديك رومي,Centre West,3596.0
2015,ديك رومي,Grand Tunis,19940.0
2015,ديك رومي,National,10250.0
2015,ديك رومي,North East,8616.0
2015,ديك رومي,North West,5592.0
2015,ديك رومي,South East,4057.0
2015,ديك رومي,South West,5514.0
2015,رمان,Centre East,2023.0
2015,رمان,Centre West,1838.0
2015,رمان,Grand Tunis,1499.0
2015,رمان,National,1677.0
2015,رمان,North East,1807.0
2015,رمان,North West,1804.0
2015,رمان,South East,1249.0
2015,رمان,South West,801.0
2015,روبة (أنسومبل) ،كسوة نسائية,Centre East,19029.0
2015,روبة (أنسومبل) ،كسوة نسائية,Centre West,5763.0
2015,روبة (أنسومبل) ،كسوة نسائية,Grand Tunis,14332.0
2015,روبة (أنسومبل) ،كسوة نسائية,National,13346.0
2015,روبة (أنسومبل) ،كسوة نسائية,North East,10372.0
2015,روبة (أنسومبل) ،كسوة نسائية,North West,6288.0
2015,روبة (أنسومبل) ،كسوة نسائية,South East,16070.0
2015,روبة (أنسومبل) ،كسوة نسائية,South West,16912.0
2015,زبدة حيوانية,Centre East,979.0
2015,زبدة حيوانية,Centre West,264.0
2015,زبدة حيوانية,Grand Tunis,7047.0
2015,زبدة حيوانية,National,2375.0
2015,زبدة حيوانية,North East,2275.0
2015,زبدة حيوانية,North West,233.0
2015,زبدة حيوانية,South East,115.0
2015,زبدة حيوانية,South West,640.0
2015,زبدة نباتية (جديدة ،قولدينا)...,Centre East,4083.0
2015,زبدة نباتية (جديدة ،قولدينا)...,Centre West,2805.0
2015,زبدة نباتية (جديدة ،قولدينا)...,Grand Tunis,4010.0
2015,زبدة نباتية (جديدة ،قولدينا)...,National,4255.0
2015,زبدة نباتية (جديدة ،قولدينا)...,North East,5775.0
2015,زبدة نباتية (جديدة ،قولدينا)...,North West,5403.0
2015,زبدة نباتية (جديدة ،قولدينا)...,South East,3732.0
2015,زبدة نباتية (جديدة ،قولدينا)...,South West,4453.0
2015,زربية,Centre East,5233.0
2015,زربية,Centre West,3890.0
2015,زربية,Grand Tunis,4281.0
2015,زربية,National,4209.0
2015,زربية,North East,3207.0
2015,زربية,North West,3733.0
2015,زربية,South East,4120.0
2015,زربية,South West,3642.0
2015,زعتر كليل ،حبة حالوة ،راس حانوت)...,Centre East,803.0
2015,زعتر كليل ،حبة حالوة ،راس حانوت)...,Centre West,287.0
2015,زعتر كليل ،حبة حالوة ،راس حانوت)...,Grand Tunis,382.0
2015,زعتر كليل ،حبة حالوة ،راس حانوت)...,National,536.0
2015,زعتر كليل ،حبة حالوة ،راس حانوت)...,North East,363.0
2015,زعتر كليل ،حبة حالوة ،راس حانوت)...,North West,327.0
2015,زعتر كليل ،حبة حالوة ،راس حانوت)...,South East,1038.0
2015,زعتر كليل ،حبة حالوة ،راس حانوت)...,South West,566.0
2015,زقوقو,Centre East,1724.0
2015,زقوقو,Centre West,742.0
2015,زقوقو,Grand Tunis,1974.0
2015,زقوقو,National,1476.0
2015,زقوقو,North East,1766.0
2015,زقوقو,North West,1513.0
2015,زقوقو,South East,376.0
2015,زقوقو,South West,973.0
2015,زيت الزيتون,Centre East,75335.0
2015,زيت الزيتون,Centre West,40861.0
2015,زيت الزيتون,Grand Tunis,27223.0
2015,زيت الزيتون,National,44106.0
2015,زيت الزيتون,North East,29574.0
2015,زيت الزيتون,North West,19394.0
2015,زيت الزيتون,South East,53873.0
2015,زيت الزيتون,South West,54340.0
2015,زيت عباد الشمس,Centre East,1847.0
2015,زيت عباد الشمس,Centre West,192.0
2015,زيت عباد الشمس,Grand Tunis,297.0
2015,زيت عباد الشمس,National,701.0
2015,زيت عباد الشمس,North East,1019.0
2015,زيت عباد الشمس,North West,36.0
2015,زيت عباد الشمس,South East,129.0
2015,زيت عباد الشمس,South West,117.0
2015,زيت قطانيا,Centre East,12508.0
2015,زيت قطانيا,Centre West,1311.0
2015,زيت قطانيا,Grand Tunis,19680.0
2015,زيت قطانيا,National,10670.0
2015,زيت قطانيا,North East,6968.0
2015,زيت قطانيا,North West,2081.0
2015,زيت قطانيا,South East,11114.0
2015,زيت قطانيا,South West,8149.0
2015,زيت نباتي مدعّم (لإلستهالك األسري),Centre East,11076.0
2015,زيت نباتي مدعّم (لإلستهالك األسري),Centre West,16982.0
2015,زيت نباتي مدعّم (لإلستهالك األسري),Grand Tunis,12372.0
2015,زيت نباتي مدعّم (لإلستهالك األسري),National,13654.0
2015,زيت نباتي مدعّم (لإلستهالك األسري),North East,15134.0
2015,زيت نباتي مدعّم (لإلستهالك األسري),North West,23260.0
2015,زيت نباتي مدعّم (لإلستهالك األسري),South East,7746.0
2015,زيت نباتي مدعّم (لإلستهالك األسري),South West,11819.0
2015,زيتون مملّح,Centre East,871.0
2015,زيتون مملّح,Centre West,320.0
2015,زيتون مملّح,Grand Tunis,2841.0
2015,زيتون مملّح,National,1436.0
2015,زيتون مملّح,North East,992.0
2015,زيتون مملّح,North West,1390.0
2015,زيتون مملّح,South East,1558.0
2015,زيتون مملّح,South West,1167.0
2015,"زيوت أخرى (سوجا),,,",Centre East,22.0
2015,"زيوت أخرى (سوجا),,,",Centre West,40.0
2015,"زيوت أخرى (سوجا),,,",Grand Tunis,27.0
2015,"زيوت أخرى (سوجا),,,",National,761.0
2015,"زيوت أخرى (سوجا),,,",North East,5309.0
2015,"زيوت أخرى (سوجا),,,",North West,147.0
2015,"زيوت أخرى (سوجا),,,",South East,23.0
2015,"زيوت أخرى (سوجا),,,",South West,224.0
2015,زيوت نباتية,Centre East,25520.0
2015,زيوت نباتية,Centre West,18561.0
2015,زيوت نباتية,Grand Tunis,32535.0
2015,زيوت نباتية,National,26286.0
2015,زيوت نباتية,North East,28437.0
2015,زيوت نباتية,North West,27860.0
2015,زيوت نباتية,South East,21106.0
2015,زيوت نباتية,South West,20354.0
2015,ساعة يدوية,Centre East,3633.0
2015,ساعة يدوية,Centre West,982.0
2015,ساعة يدوية,Grand Tunis,11394.0
2015,ساعة يدوية,National,4592.0
2015,ساعة يدوية,North East,2640.0
2015,ساعة يدوية,North West,1545.0
2015,ساعة يدوية,South East,2145.0
2015,ساعة يدوية,South West,1451.0
2015,سالطة (سكورية ،ليتو ،خس)...,Centre East,1318.0
2015,سالطة (سكورية ،ليتو ،خس)...,Centre West,936.0
2015,سالطة (سكورية ،ليتو ،خس)...,Grand Tunis,4125.0
2015,سالطة (سكورية ،ليتو ،خس)...,National,2338.0
2015,سالطة (سكورية ،ليتو ،خس)...,North East,2428.0
2015,سالطة (سكورية ،ليتو ،خس)...,North West,2203.0
2015,سالطة (سكورية ،ليتو ،خس)...,South East,2418.0
2015,سالطة (سكورية ،ليتو ،خس)...,South West,1945.0
2015,سبناخ,Centre East,192.0
2015,سبناخ,Centre West,96.0
2015,سبناخ,Grand Tunis,1638.0
2015,سبناخ,National,764.0
2015,سبناخ,North East,735.0
2015,سبناخ,North West,1677.0
2015,سبناخ,South East,141.0
2015,سبناخ,South West,361.0
2015,سجائر,Centre East,113017.0
2015,سجائر,Centre West,79762.0
2015,سجائر,Grand Tunis,111237.0
2015,سجائر,National,94279.0
2015,سجائر,North East,96575.0
2015,سجائر,North West,87176.0
2015,سجائر,South East,41897.0
2015,سجائر,South West,68392.0
2015,سردينة مصبّرة,Centre East,146.0
2015,سردينة مصبّرة,Centre West,223.0
2015,سردينة مصبّرة,Grand Tunis,415.0
2015,سردينة مصبّرة,National,301.0
2015,سردينة مصبّرة,North East,399.0
2015,سردينة مصبّرة,North West,176.0
2015,سردينة مصبّرة,South East,328.0
2015,سردينة مصبّرة,South West,587.0
2015,سروال دجين,Centre East,46129.0
2015,سروال دجين,Centre West,27331.0
2015,سروال دجين,Grand Tunis,47090.0
2015,سروال دجين,National,38681.0
2015,سروال دجين,North East,31556.0
2015,سروال دجين,North West,26547.0
2015,سروال دجين,South East,39879.0
2015,سروال دجين,South West,32652.0
2015,سروال عادي,Centre East,15971.0
2015,سروال عادي,Centre West,12396.0
2015,سروال عادي,Grand Tunis,29899.0
2015,سروال عادي,National,18906.0
2015,سروال عادي,North East,21999.0
2015,سروال عادي,North West,13275.0
2015,سروال عادي,South East,12570.0
2015,سروال عادي,South West,11677.0
2015,سرير ،مولة,Centre East,926.0
2015,سرير ،مولة,Centre West,348.0
2015,سرير ،مولة,Grand Tunis,734.0
2015,سرير ،مولة,National,739.0
2015,سرير ،مولة,North East,180.0
2015,سرير ،مولة,North West,624.0
2015,سرير ،مولة,South East,1478.0
2015,سرير ،مولة,South West,1136.0
2015,سفنارية (جزر),Centre East,4826.0
2015,سفنارية (جزر),Centre West,3067.0
2015,سفنارية (جزر),Grand Tunis,4514.0
2015,سفنارية (جزر),National,4481.0
2015,سفنارية (جزر),North East,5123.0
2015,سفنارية (جزر),North West,3151.0
2015,سفنارية (جزر),South East,5481.0
2015,سفنارية (جزر),South West,5204.0
2015,سلق ،خبّيزة,Centre East,3129.0
2015,سلق ،خبّيزة,Centre West,2109.0
2015,سلق ،خبّيزة,Grand Tunis,2827.0
2015,سلق ،خبّيزة,National,2782.0
2015,سلق ،خبّيزة,North East,2428.0
2015,سلق ،خبّيزة,North West,2516.0
2015,سلق ،خبّيزة,South East,2653.0
2015,سلق ،خبّيزة,South West,4114.0
2015,سميد سوق,Centre East,11195.0
2015,سميد سوق,Centre West,28442.0
2015,سميد سوق,Grand Tunis,5279.0
2015,سميد سوق,National,15381.0
2015,سميد سوق,North East,13904.0
2015,سميد سوق,North West,34705.0
2015,سميد سوق,South East,14290.0
2015,سميد سوق,South West,18424.0
2015,شالكة,Centre East,15218.0
2015,شالكة,Centre West,16092.0
2015,شالكة,Grand Tunis,18477.0
2015,شالكة,National,15903.0
2015,شالكة,North East,13824.0
2015,شالكة,North West,14577.0
2015,شالكة,South East,14447.0
2015,شالكة,South West,16979.0
2015,شاي,Centre East,2369.0
2015,شاي,Centre West,1701.0
2015,شاي,Grand Tunis,2253.0
2015,شاي,National,1794.0
2015,شاي,North East,1950.0
2015,شاي,North West,1121.0
2015,شاي,South East,251.0
2015,شاي,South West,1004.0
2015,شاي أخضر,Centre East,710.0
2015,شاي أخضر,Centre West,396.0
2015,شاي أخضر,Grand Tunis,1389.0
2015,شاي أخضر,National,1565.0
2015,شاي أخضر,North East,722.0
2015,شاي أخضر,North West,391.0
2015,شاي أخضر,South East,6900.0
2015,شاي أخضر,South West,3738.0
2015,شاي جاف أسود (حشيشة),Centre East,7869.0
2015,شاي جاف أسود (حشيشة),Centre West,15765.0
2015,شاي جاف أسود (حشيشة),Grand Tunis,3245.0
2015,شاي جاف أسود (حشيشة),National,7827.0
2015,شاي جاف أسود (حشيشة),North East,8832.0
2015,شاي جاف أسود (حشيشة),North West,10177.0
2015,شاي جاف أسود (حشيشة),South East,4874.0
2015,شاي جاف أسود (حشيشة),South West,8197.0
2015,شحن الهاتف الجوال,Centre East,78267.0
2015,شحن الهاتف الجوال,Centre West,53362.0
2015,شحن الهاتف الجوال,Grand Tunis,80824.0
2015,شحن الهاتف الجوال,National,75147.0
2015,شحن الهاتف الجوال,North East,83260.0
2015,شحن الهاتف الجوال,North West,76677.0
2015,شحن الهاتف الجوال,South East,68115.0
2015,شحن الهاتف الجوال,South West,75241.0
2015,شحن الهاتف القار,Centre East,471.0
2015,شحن الهاتف القار,Centre West,64.0
2015,شحن الهاتف القار,Grand Tunis,80.0
2015,شحن الهاتف القار,National,163.0
2015,شحن الهاتف القار,North East,19.0
2015,شحن الهاتف القار,North West,100.0
2015,شحن الهاتف القار,South East,58.0
2015,شحن الهاتف القار,South West,70.0
2015,شراء أدوات و مواد ترفيه,Centre East,17058.0
2015,شراء أدوات و مواد ترفيه,Centre West,9203.0
2015,شراء أدوات و مواد ترفيه,Grand Tunis,24433.0
2015,شراء أدوات و مواد ترفيه,National,15566.0
2015,شراء أدوات و مواد ترفيه,North East,9738.0
2015,شراء أدوات و مواد ترفيه,North West,9151.0
2015,شراء أدوات و مواد ترفيه,South East,12874.0
2015,شراء أدوات و مواد ترفيه,South West,14827.0
2015,شراء الحلي و المجوهرات,Centre East,5324.0
2015,شراء الحلي و المجوهرات,Centre West,1199.0
2015,شراء الحلي و المجوهرات,Grand Tunis,5301.0
2015,شراء الحلي و المجوهرات,National,4165.0
2015,شراء الحلي و المجوهرات,North East,2990.0
2015,شراء الحلي و المجوهرات,North West,2242.0
2015,شراء الحلي و المجوهرات,South East,7156.0
2015,شراء الحلي و المجوهرات,South West,2196.0
2015,شراء بطاقات تمويل الهاتف الجوال,Centre East,57469.0
2015,شراء بطاقات تمويل الهاتف الجوال,Centre West,44857.0
2015,شراء بطاقات تمويل الهاتف الجوال,Grand Tunis,88222.0
2015,شراء بطاقات تمويل الهاتف الجوال,National,54200.0
2015,شراء بطاقات تمويل الهاتف الجوال,North East,35640.0
2015,شراء بطاقات تمويل الهاتف الجوال,North West,11945.0
2015,شراء بطاقات تمويل الهاتف الجوال,South East,48715.0
2015,شراء بطاقات تمويل الهاتف الجوال,South West,43259.0
2015,شراء بطاقات تمويل الهاتف القار,Centre East,1030.0
2015,شراء بطاقات تمويل الهاتف القار,Centre West,108.0
2015,شراء بطاقات تمويل الهاتف القار,Grand Tunis,703.0
2015,شراء بطاقات تمويل الهاتف القار,National,462.0
2015,شراء بطاقات تمويل الهاتف القار,North East,36.0
2015,شراء بطاقات تمويل الهاتف القار,North West,49.0
2015,شراء بطاقات تمويل الهاتف القار,South East,127.0
2015,شراء بطاقات تمويل الهاتف القار,South West,113.0
2015,شراء دراجة نارية,Centre East,5198.0
2015,شراء دراجة نارية,Centre West,3330.0
2015,شراء دراجة نارية,Grand Tunis,1617.0
2015,شراء دراجة نارية,National,3919.0
2015,شراء دراجة نارية,North East,2353.0
2015,شراء دراجة نارية,North West,2559.0
2015,شراء دراجة نارية,South East,5777.0
2015,شراء دراجة نارية,South West,12697.0
2015,شراء سيارة,Centre East,154820.0
2015,شراء سيارة,Centre West,28192.0
2015,شراء سيارة,Grand Tunis,80107.0
2015,شراء سيارة,National,76603.0
2015,شراء سيارة,North East,28206.0
2015,شراء سيارة,North West,32673.0
2015,شراء سيارة,South East,48153.0
2015,شراء سيارة,South West,77769.0
2015,شراء قطع الغيار,Centre East,2960.0
2015,شراء قطع الغيار,Centre West,534.0
2015,شراء قطع الغيار,Grand Tunis,1190.0
2015,شراء قطع الغيار,National,2193.0
2015,شراء قطع الغيار,North East,4264.0
2015,شراء قطع الغيار,North West,1230.0
2015,شراء قطع الغيار,South East,3944.0
2015,شراء قطع الغيار,South West,871.0
2015,شراء و صيانة وسيلة نقل خاصة,Centre East,395006.0
2015,شراء و صيانة وسيلة نقل خاصة,Centre West,95428.0
2015,شراء و صيانة وسيلة نقل خاصة,Grand Tunis,357137.0
2015,شراء و صيانة وسيلة نقل خاصة,National,258788.0
2015,شراء و صيانة وسيلة نقل خاصة,North East,167945.0
2015,شراء و صيانة وسيلة نقل خاصة,North West,109041.0
2015,شراء و صيانة وسيلة نقل خاصة,South East,202943.0
2015,شراء و صيانة وسيلة نقل خاصة,South West,195567.0
2015,شراء وسيلة نقل خاصة,Centre East,160365.0
2015,شراء وسيلة نقل خاصة,Centre West,31782.0
2015,شراء وسيلة نقل خاصة,Grand Tunis,81865.0
2015,شراء وسيلة نقل خاصة,National,80775.0
2015,شراء وسيلة نقل خاصة,North East,30696.0
2015,شراء وسيلة نقل خاصة,North West,35406.0
2015,شراء وسيلة نقل خاصة,South East,54486.0
2015,شراء وسيلة نقل خاصة,South West,90705.0
2015,شعير ومشتقاته,Centre East,2489.0
2015,شعير ومشتقاته,Centre West,1201.0
2015,شعير ومشتقاته,Grand Tunis,1913.0
2015,شعير ومشتقاته,National,2123.0
2015,شعير ومشتقاته,North East,1740.0
2015,شعير ومشتقاته,North West,1852.0
2015,شعير ومشتقاته,South East,3951.0
2015,شعير ومشتقاته,South West,1867.0
2015,شكالطة (طوابع ،غبرة ،شوكولين)...,Centre East,4063.0
2015,شكالطة (طوابع ،غبرة ،شوكولين)...,Centre West,1522.0
2015,شكالطة (طوابع ،غبرة ،شوكولين)...,Grand Tunis,6595.0
2015,شكالطة (طوابع ،غبرة ،شوكولين)...,National,3542.0
2015,شكالطة (طوابع ،غبرة ،شوكولين)...,North East,2280.0
2015,شكالطة (طوابع ،غبرة ،شوكولين)...,North West,1411.0
2015,شكالطة (طوابع ،غبرة ،شوكولين)...,South East,2259.0
2015,شكالطة (طوابع ،غبرة ،شوكولين)...,South West,1582.0
2015,شمبوانَ ،,Centre East,12276.0
2015,شمبوانَ ،,Centre West,7251.0
2015,شمبوانَ ،,Grand Tunis,24603.0
2015,شمبوانَ ،,National,14541.0
2015,شمبوانَ ،,North East,12666.0
2015,شمبوانَ ،,North West,9087.0
2015,شمبوانَ ،,South East,13178.0
2015,شمبوانَ ،,South West,13307.0
2015,شورط (تبان),Centre East,3601.0
2015,شورط (تبان),Centre West,1254.0
2015,شورط (تبان),Grand Tunis,2970.0
2015,شورط (تبان),National,2776.0
2015,شورط (تبان),North East,2454.0
2015,شورط (تبان),North West,1738.0
2015,شورط (تبان),South East,3507.0
2015,شورط (تبان),South West,3218.0
2015,شوينقوم (شيكلي ) ،لوبان,Centre East,167.0
2015,شوينقوم (شيكلي ) ،لوبان,Centre West,111.0
2015,شوينقوم (شيكلي ) ،لوبان,Grand Tunis,195.0
2015,شوينقوم (شيكلي ) ،لوبان,National,217.0
2015,شوينقوم (شيكلي ) ،لوبان,North East,231.0
2015,شوينقوم (شيكلي ) ،لوبان,North West,461.0
2015,شوينقوم (شيكلي ) ،لوبان,South East,326.0
2015,شوينقوم (شيكلي ) ،لوبان,South West,94.0
2015,شيشة في المقهى,Centre East,5620.0
2015,شيشة في المقهى,Centre West,1882.0
2015,شيشة في المقهى,Grand Tunis,3843.0
2015,شيشة في المقهى,National,3187.0
2015,شيشة في المقهى,North East,2238.0
2015,شيشة في المقهى,North West,1556.0
2015,شيشة في المقهى,South East,783.0
2015,شيشة في المقهى,South West,2117.0
2015,صابون الغسل,Centre East,6370.0
2015,صابون الغسل,Centre West,5903.0
2015,صابون الغسل,Grand Tunis,4886.0
2015,صابون الغسل,National,5456.0
2015,صابون الغسل,North East,6076.0
2015,صابون الغسل,North West,7004.0
2015,صابون الغسل,South East,3255.0
2015,صابون الغسل,South West,2491.0
2015,صحن أو كسكروت كفتاجي,Centre East,623.0
2015,صحن أو كسكروت كفتاجي,Centre West,6349.0
2015,صحن أو كسكروت كفتاجي,Grand Tunis,6352.0
2015,صحن أو كسكروت كفتاجي,National,3203.0
2015,صحن أو كسكروت كفتاجي,North East,3202.0
2015,صحن أو كسكروت كفتاجي,North West,1797.0
2015,صحن أو كسكروت كفتاجي,South East,597.0
2015,صحن أو كسكروت كفتاجي,South West,479.0
2015,صندال,Centre East,7299.0
2015,صندال,Centre West,2220.0
2015,صندال,Grand Tunis,8061.0
2015,صندال,National,5721.0
2015,صندال,North East,4948.0
2015,صندال,North West,2948.0
2015,صندال,South East,4171.0
2015,صندال,South West,6053.0
2015,صيانة وسيلة نقل,Centre East,11692.0
2015,صيانة وسيلة نقل,Centre West,2677.0
2015,صيانة وسيلة نقل,Grand Tunis,14206.0
2015,صيانة وسيلة نقل,National,8710.0
2015,صيانة وسيلة نقل,North East,3890.0
2015,صيانة وسيلة نقل,North West,2153.0
2015,صيانة وسيلة نقل,South East,10695.0
2015,صيانة وسيلة نقل,South West,5615.0
2015,طماطم خضراء,Centre East,14610.0
2015,طماطم خضراء,Centre West,13051.0
2015,طماطم خضراء,Grand Tunis,17932.0
2015,طماطم خضراء,National,14771.0
2015,طماطم خضراء,North East,13973.0
2015,طماطم خضراء,North West,16208.0
2015,طماطم خضراء,South East,10837.0
2015,طماطم خضراء,South West,11480.0
2015,طماطم صناعية حكة أو صبة,Centre East,31536.0
2015,طماطم صناعية حكة أو صبة,Centre West,27835.0
2015,طماطم صناعية حكة أو صبة,Grand Tunis,33956.0
2015,طماطم صناعية حكة أو صبة,National,31795.0
2015,طماطم صناعية حكة أو صبة,North East,36193.0
2015,طماطم صناعية حكة أو صبة,North West,32354.0
2015,طماطم صناعية حكة أو صبة,South East,27632.0
2015,طماطم صناعية حكة أو صبة,South West,27853.0
2015,طواقم,Centre East,3265.0
2015,طواقم,Centre West,1836.0
2015,طواقم,Grand Tunis,2050.0
2015,طواقم,National,2229.0
2015,طواقم,North East,1664.0
2015,طواقم,North West,1736.0
2015,طواقم,South East,1937.0
2015,طواقم,South West,2182.0
2015,عالج و إقامة عملية جراحية,Centre East,28248.0
2015,عالج و إقامة عملية جراحية,Centre West,17759.0
2015,عالج و إقامة عملية جراحية,Grand Tunis,19239.0
2015,عالج و إقامة عملية جراحية,National,21510.0
2015,عالج و إقامة عملية جراحية,North East,21717.0
2015,عالج و إقامة عملية جراحية,North West,17045.0
2015,عالج و إقامة عملية جراحية,South East,22234.0
2015,عالج و إقامة عملية جراحية,South West,17430.0
2015,عجين غذائي (مقرونة ،شربة)...,Centre East,14381.0
2015,عجين غذائي (مقرونة ،شربة)...,Centre West,16299.0
2015,عجين غذائي (مقرونة ،شربة)...,Grand Tunis,13939.0
2015,عجين غذائي (مقرونة ،شربة)...,National,15110.0
2015,عجين غذائي (مقرونة ،شربة)...,North East,18053.0
2015,عجين غذائي (مقرونة ،شربة)...,North West,14963.0
2015,عجين غذائي (مقرونة ،شربة)...,South East,16029.0
2015,عجين غذائي (مقرونة ،شربة)...,South West,12440.0
2015,عدس شائح,Centre East,1053.0
2015,عدس شائح,Centre West,1479.0
2015,عدس شائح,Grand Tunis,2301.0
2015,عدس شائح,National,1840.0
2015,عدس شائح,North East,1238.0
2015,عدس شائح,North West,2966.0
2015,عدس شائح,South East,2855.0
2015,عدس شائح,South West,1709.0
2015,عسل النحل,Centre East,1682.0
2015,عسل النحل,Centre West,848.0
2015,عسل النحل,Grand Tunis,2180.0
2015,عسل النحل,National,1664.0
2015,عسل النحل,North East,1857.0
2015,عسل النحل,North West,2209.0
2015,عسل النحل,South East,802.0
2015,عسل النحل,South West,1163.0
2015,عسل و أغذية سكريّة,Centre East,7516.0
2015,عسل و أغذية سكريّة,Centre West,3081.0
2015,عسل و أغذية سكريّة,Grand Tunis,11063.0
2015,عسل و أغذية سكريّة,National,6752.0
2015,عسل و أغذية سكريّة,North East,5816.0
2015,عسل و أغذية سكريّة,North West,4697.0
2015,عسل و أغذية سكريّة,South East,3819.0
2015,عسل و أغذية سكريّة,South West,3817.0
2015,عصير غالل,Centre East,3789.0
2015,عصير غالل,Centre West,958.0
2015,عصير غالل,Grand Tunis,6380.0
2015,عصير غالل,National,3523.0
2015,عصير غالل,North East,2462.0
2015,عصير غالل,North West,1780.0
2015,عصير غالل,South East,3200.0
2015,عصير غالل,South West,1930.0
2015,عصير غالل (قارورة  ،باكوات)...,Centre East,13923.0
2015,عصير غالل (قارورة  ،باكوات)...,Centre West,4600.0
2015,عصير غالل (قارورة  ،باكوات)...,Grand Tunis,18386.0
2015,عصير غالل (قارورة  ،باكوات)...,National,12224.0
2015,عصير غالل (قارورة  ،باكوات)...,North East,9700.0
2015,عصير غالل (قارورة  ،باكوات)...,North West,4611.0
2015,عصير غالل (قارورة  ،باكوات)...,South East,15593.0
2015,عصير غالل (قارورة  ،باكوات)...,South West,9354.0
2015,عطورات,Centre East,57191.0
2015,عطورات,Centre West,26315.0
2015,عطورات,Grand Tunis,86541.0
2015,عطورات,National,53812.0
2015,عطورات,North East,46970.0
2015,عطورات,North West,28304.0
2015,عطورات,South East,38930.0
2015,عطورات,South West,45771.0
2015,عنب,Centre East,8679.0
2015,عنب,Centre West,7323.0
2015,عنب,Grand Tunis,9530.0
2015,عنب,National,8069.0
2015,عنب,North East,8567.0
2015,عنب,North West,7292.0
2015,عنب,South East,5223.0
2015,عنب,South West,5799.0
2015,عوينة,Centre East,1096.0
2015,عوينة,Centre West,815.0
2015,عوينة,Grand Tunis,903.0
2015,عوينة,National,916.0
2015,عوينة,North East,581.0
2015,عوينة,North West,858.0
2015,عوينة,South East,1129.0
2015,عوينة,South West,975.0
2015,غاز قارورة,Centre East,23928.0
2015,غاز قارورة,Centre West,22649.0
2015,غاز قارورة,Grand Tunis,13531.0
2015,غاز قارورة,National,22630.0
2015,غاز قارورة,North East,27125.0
2015,غاز قارورة,North West,30091.0
2015,غاز قارورة,South East,25901.0
2015,غاز قارورة,South West,26828.0
2015,غالل ّ,Centre East,9597.0
2015,غالل ّ,Centre West,10092.0
2015,غالل ّ,Grand Tunis,10422.0
2015,غالل ّ,National,9219.0
2015,غالل ّ,North East,6798.0
2015,غالل ّ,North West,8383.0
2015,غالل ّ,South East,9064.0
2015,غالل ّ,South West,7998.0
2015,غسل و تشحيم الدراجة النارية,Centre East,485.0
2015,غسل و تشحيم الدراجة النارية,Centre West,179.0
2015,غسل و تشحيم الدراجة النارية,Grand Tunis,125.0
2015,غسل و تشحيم الدراجة النارية,National,368.0
2015,غسل و تشحيم الدراجة النارية,North East,336.0
2015,غسل و تشحيم الدراجة النارية,North West,81.0
2015,غسل و تشحيم الدراجة النارية,South East,1116.0
2015,غسل و تشحيم الدراجة النارية,South West,680.0
2015,غسل و تشحيم و تبديل زيت السيارة,Centre East,5441.0
2015,غسل و تشحيم و تبديل زيت السيارة,Centre West,1628.0
2015,غسل و تشحيم و تبديل زيت السيارة,Grand Tunis,7976.0
2015,غسل و تشحيم و تبديل زيت السيارة,National,4263.0
2015,غسل و تشحيم و تبديل زيت السيارة,North East,1709.0
2015,غسل و تشحيم و تبديل زيت السيارة,North West,1347.0
2015,غسل و تشحيم و تبديل زيت السيارة,South East,3479.0
2015,غسل و تشحيم و تبديل زيت السيارة,South West,1672.0
2015,فاتورة الكهرباء و الغاز الطبيعي,Centre East,136796.0
2015,فاتورة الكهرباء و الغاز الطبيعي,Centre West,76765.0
2015,فاتورة الكهرباء و الغاز الطبيعي,Grand Tunis,176924.0
2015,فاتورة الكهرباء و الغاز الطبيعي,National,127191.0
2015,فاتورة الكهرباء و الغاز الطبيعي,North East,131481.0
2015,فاتورة الكهرباء و الغاز الطبيعي,North West,73590.0
2015,فاتورة الكهرباء و الغاز الطبيعي,South East,104125.0
2015,فاتورة الكهرباء و الغاز الطبيعي,South West,107887.0
2015,فاتورة الماء,Centre East,35308.0
2015,فاتورة الماء,Centre West,18109.0
2015,فاتورة الماء,Grand Tunis,46150.0
2015,فاتورة الماء,National,34673.0
2015,فاتورة الماء,North East,37009.0
2015,فاتورة الماء,North West,22898.0
2015,فاتورة الماء,South East,34371.0
2015,فاتورة الماء,South West,35139.0
2015,فاتورة الهاتف الجوال,Centre East,1278.0
2015,فاتورة الهاتف الجوال,Centre West,752.0
2015,فاتورة الهاتف الجوال,Grand Tunis,2997.0
2015,فاتورة الهاتف الجوال,National,1426.0
2015,فاتورة الهاتف الجوال,North East,358.0
2015,فاتورة الهاتف الجوال,North West,402.0
2015,فاتورة الهاتف الجوال,South East,1425.0
2015,فاتورة الهاتف الجوال,South West,1132.0
2015,فاتورة الهاتف القار,Centre East,5251.0
2015,فاتورة الهاتف القار,Centre West,1139.0
2015,فاتورة الهاتف القار,Grand Tunis,6846.0
2015,فاتورة الهاتف القار,National,4247.0
2015,فاتورة الهاتف القار,North East,4264.0
2015,فاتورة الهاتف القار,North West,1326.0
2015,فاتورة الهاتف القار,South East,3304.0
2015,فاتورة الهاتف القار,South West,2432.0
2015,فارينة,Centre East,2909.0
2015,فارينة,Centre West,1376.0
2015,فارينة,Grand Tunis,2507.0
2015,فارينة,National,2960.0
2015,فارينة,North East,4084.0
2015,فارينة,North West,2643.0
2015,فارينة,South East,4041.0
2015,فارينة,South West,4724.0
2015,فحم,Centre East,1695.0
2015,فحم,Centre West,1552.0
2015,فحم,Grand Tunis,1178.0
2015,فحم,National,1800.0
2015,فحم,North East,2600.0
2015,فحم,North West,1644.0
2015,فحم,South East,3111.0
2015,فحم,South West,1684.0
2015,فراولو,Centre East,4363.0
2015,فراولو,Centre West,2164.0
2015,فراولو,Grand Tunis,4850.0
2015,فراولو,National,3630.0
2015,فراولو,North East,3596.0
2015,فراولو,North West,2767.0
2015,فراولو,South East,2267.0
2015,فراولو,South West,2410.0
2015,فرن كهربائي  -ميكروأوند,Centre East,1006.0
2015,فرن كهربائي  -ميكروأوند,Centre West,352.0
2015,فرن كهربائي  -ميكروأوند,Grand Tunis,1144.0
2015,فرن كهربائي  -ميكروأوند,National,772.0
2015,فرن كهربائي  -ميكروأوند,North East,329.0
2015,فرن كهربائي  -ميكروأوند,North West,539.0
2015,فرن كهربائي  -ميكروأوند,South East,576.0
2015,فرن كهربائي  -ميكروأوند,South West,890.0
2015,فقوس,Centre East,3995.0
2015,فقوس,Centre West,2015.0
2015,فقوس,Grand Tunis,4521.0
2015,فقوس,National,3349.0
2015,فقوس,North East,2830.0
2015,فقوس,North West,2770.0
2015,فقوس,South East,2479.0
2015,فقوس,South West,2225.0
2015,فلفل أحمر شائح قرون,Centre East,1769.0
2015,فلفل أحمر شائح قرون,Centre West,971.0
2015,فلفل أحمر شائح قرون,Grand Tunis,2001.0
2015,فلفل أحمر شائح قرون,National,2128.0
2015,فلفل أحمر شائح قرون,North East,2419.0
2015,فلفل أحمر شائح قرون,North West,909.0
2015,فلفل أحمر شائح قرون,South East,5994.0
2015,فلفل أحمر شائح قرون,South West,1839.0
2015,فلفل أحمر مرحي,Centre East,12024.0
2015,فلفل أحمر مرحي,Centre West,8174.0
2015,فلفل أحمر مرحي,Grand Tunis,6878.0
2015,فلفل أحمر مرحي,National,9319.0
2015,فلفل أحمر مرحي,North East,6876.0
2015,فلفل أحمر مرحي,North West,10647.0
2015,فلفل أحمر مرحي,South East,11142.0
2015,فلفل أحمر مرحي,South West,11271.0
2015,فلفل أخضر,Centre East,22290.0
2015,فلفل أخضر,Centre West,17595.0
2015,فلفل أخضر,Grand Tunis,27078.0
2015,فلفل أخضر,National,20880.0
2015,فلفل أخضر,North East,20172.0
2015,فلفل أخضر,North West,22121.0
2015,فلفل أخضر,South East,11135.0
2015,فلفل أخضر,South West,11147.0
2015,فلفل أكحل,Centre East,2274.0
2015,فلفل أكحل,Centre West,500.0
2015,فلفل أكحل,Grand Tunis,1847.0
2015,فلفل أكحل,National,1375.0
2015,فلفل أكحل,North East,1401.0
2015,فلفل أكحل,North West,702.0
2015,فلفل أكحل,South East,157.0
2015,فلفل أكحل,South West,647.0
2015,فواتير وبطاقات تمويل الهاتف القار والجوال,Centre East,145347.0
2015,فواتير وبطاقات تمويل الهاتف القار والجوال,Centre West,100897.0
2015,فواتير وبطاقات تمويل الهاتف القار والجوال,Grand Tunis,180516.0
2015,فواتير وبطاقات تمويل الهاتف القار والجوال,National,136457.0
2015,فواتير وبطاقات تمويل الهاتف القار والجوال,North East,123700.0
2015,فواتير وبطاقات تمويل الهاتف القار والجوال,North West,90898.0
2015,فواتير وبطاقات تمويل الهاتف القار والجوال,South East,122137.0
2015,فواتير وبطاقات تمويل الهاتف القار والجوال,South West,123151.0
2015,فواكه أخرى,Centre East,12819.0
2015,فواكه أخرى,Centre West,6488.0
2015,فواكه أخرى,Grand Tunis,17346.0
2015,فواكه أخرى,National,11529.0
2015,فواكه أخرى,North East,8832.0
2015,فواكه أخرى,North West,8068.0
2015,فواكه أخرى,South East,8335.0
2015,فواكه أخرى,South West,10007.0
2015,فواكه بالحبوب,Centre East,47971.0
2015,فواكه بالحبوب,Centre West,37516.0
2015,فواكه بالحبوب,Grand Tunis,54471.0
2015,فواكه بالحبوب,National,45210.0
2015,فواكه بالحبوب,North East,44238.0
2015,فواكه بالحبوب,North West,40167.0
2015,فواكه بالحبوب,South East,37593.0
2015,فواكه بالحبوب,South West,34664.0
2015,فواكه بالنواة,Centre East,12352.0
2015,فواكه بالنواة,Centre West,10140.0
2015,فواكه بالنواة,Grand Tunis,9744.0
2015,فواكه بالنواة,National,10083.0
2015,فواكه بالنواة,North East,8540.0
2015,فواكه بالنواة,North West,8059.0
2015,فواكه بالنواة,South East,10548.0
2015,فواكه بالنواة,South West,8354.0
2015,فواكه ّ,Centre East,3898.0
2015,فواكه ّ,Centre West,1642.0
2015,فواكه ّ,Grand Tunis,5491.0
2015,فواكه ّ,National,3709.0
2015,فواكه ّ,North East,4262.0
2015,فواكه ّ,North West,2607.0
2015,فواكه ّ,South East,2325.0
2015,فواكه ّ,South West,2761.0
2015,فول أخضر,Centre East,1822.0
2015,فول أخضر,Centre West,2338.0
2015,فول أخضر,Grand Tunis,1581.0
2015,فول أخضر,National,1706.0
2015,فول أخضر,North East,1031.0
2015,فول أخضر,North West,2234.0
2015,فول أخضر,South East,638.0
2015,فول أخضر,South West,2762.0
2015,فول شائح,Centre East,2422.0
2015,فول شائح,Centre West,784.0
2015,فول شائح,Grand Tunis,852.0
2015,فول شائح,National,1474.0
2015,فول شائح,North East,1241.0
2015,فول شائح,North West,515.0
2015,فول شائح,South East,2341.0
2015,فول شائح,South West,2500.0
2015,فيستة ،بلوزون,Centre East,7749.0
2015,فيستة ،بلوزون,Centre West,4265.0
2015,فيستة ،بلوزون,Grand Tunis,6957.0
2015,فيستة ،بلوزون,National,5762.0
2015,فيستة ،بلوزون,North East,2961.0
2015,فيستة ،بلوزون,North West,4035.0
2015,فيستة ،بلوزون,South East,4982.0
2015,فيستة ،بلوزون,South West,6506.0
2015,قارص,Centre East,1583.0
2015,قارص,Centre West,879.0
2015,قارص,Grand Tunis,1793.0
2015,قارص,National,1429.0
2015,قارص,North East,1299.0
2015,قارص,North West,1168.0
2015,قارص,South East,1378.0
2015,قارص,South West,1285.0
2015,قاعة أكل,Centre East,1403.0
2015,قاعة أكل,Centre West,923.0
2015,قاعة أكل,Grand Tunis,2812.0
2015,قاعة أكل,National,1554.0
2015,قاعة أكل,North East,1172.0
2015,قاعة أكل,North West,425.0
2015,قاعة أكل,South East,1659.0
2015,قاعة أكل,South West,931.0
2015,قاعة استقبال,Centre East,15595.0
2015,قاعة استقبال,Centre West,3703.0
2015,قاعة استقبال,Grand Tunis,9925.0
2015,قاعة استقبال,National,8907.0
2015,قاعة استقبال,North East,5135.0
2015,قاعة استقبال,North West,5200.0
2015,قاعة استقبال,South East,7134.0
2015,قاعة استقبال,South West,6243.0
2015,قرع أحمر,Centre East,2417.0
2015,قرع أحمر,Centre West,2845.0
2015,قرع أحمر,Grand Tunis,2494.0
2015,قرع أحمر,National,2688.0
2015,قرع أحمر,North East,1541.0
2015,قرع أحمر,North West,1421.0
2015,قرع أحمر,South East,4619.0
2015,قرع أحمر,South West,6073.0
2015,قرع بوطزينة,Centre East,581.0
2015,قرع بوطزينة,Centre West,271.0
2015,قرع بوطزينة,Grand Tunis,1430.0
2015,قرع بوطزينة,National,787.0
2015,قرع بوطزينة,North East,604.0
2015,قرع بوطزينة,North West,1278.0
2015,قرع بوطزينة,South East,367.0
2015,قرع بوطزينة,South West,277.0
2015,قرنيط ،سوبية ،مطيق,Centre East,4932.0
2015,قرنيط ،سوبية ،مطيق,Centre West,260.0
2015,قرنيط ،سوبية ،مطيق,Grand Tunis,2229.0
2015,قرنيط ،سوبية ،مطيق,National,1967.0
2015,قرنيط ،سوبية ،مطيق,North East,501.0
2015,قرنيط ،سوبية ،مطيق,North West,38.0
2015,قرنيط ،سوبية ،مطيق,South East,1173.0
2015,قرنيط ،سوبية ،مطيق,South West,327.0
2015,قطار,Centre East,1414.0
2015,قطار,Centre West,913.0
2015,قطار,Grand Tunis,2508.0
2015,قطار,National,1258.0
2015,قطار,North East,389.0
2015,قطار,North West,642.0
2015,قطار,South East,472.0
2015,قطار,South West,436.0
2015,قفطان,Centre East,5340.0
2015,قفطان,Centre West,1786.0
2015,قفطان,Grand Tunis,3880.0
2015,قفطان,National,3403.0
2015,قفطان,North East,1443.0
2015,قفطان,North West,2100.0
2015,قفطان,South East,4354.0
2015,قفطان,South West,2123.0
2015,قلوب عبادة و قرع,Centre East,1588.0
2015,قلوب عبادة و قرع,Centre West,392.0
2015,قلوب عبادة و قرع,Grand Tunis,1243.0
2015,قلوب عبادة و قرع,National,942.0
2015,قلوب عبادة و قرع,North East,288.0
2015,قلوب عبادة و قرع,North West,971.0
2015,قلوب عبادة و قرع,South East,481.0
2015,قلوب عبادة و قرع,South West,386.0
2015,قماش التأثيث و الستائر,Centre East,6783.0
2015,قماش التأثيث و الستائر,Centre West,3883.0
2015,قماش التأثيث و الستائر,Grand Tunis,8138.0
2015,قماش التأثيث و الستائر,National,5965.0
2015,قماش التأثيث و الستائر,North East,4275.0
2015,قماش التأثيث و الستائر,North West,4108.0
2015,قماش التأثيث و الستائر,South East,6348.0
2015,قماش التأثيث و الستائر,South West,4433.0
2015,قمح صلب حب,Centre East,1077.0
2015,قمح صلب حب,Centre West,2677.0
2015,قمح صلب حب,Grand Tunis,102.0
2015,قمح صلب حب,National,813.0
2015,قمح صلب حب,North East,325.0
2015,قمح صلب حب,North West,487.0
2015,قمح صلب حب,South East,480.0
2015,قمح صلب حب,South West,946.0
2015,قمح صلب حبّ,Centre East,32713.0
2015,قمح صلب حبّ,Centre West,53621.0
2015,قمح صلب حبّ,Grand Tunis,23235.0
2015,قمح صلب حبّ,National,35631.0
2015,قمح صلب حبّ,North East,36670.0
2015,قمح صلب حبّ,North West,50975.0
2015,قمح صلب حبّ,South East,33281.0
2015,قمح صلب حبّ,South West,35645.0
2015,قمح لين ومشتقاته,Centre East,50889.0
2015,قمح لين ومشتقاته,Centre West,37967.0
2015,قمح لين ومشتقاته,Grand Tunis,78094.0
2015,قمح لين ومشتقاته,National,57369.0
2015,قمح لين ومشتقاته,North East,62759.0
2015,قمح لين ومشتقاته,North West,52554.0
2015,قمح لين ومشتقاته,South East,48964.0
2015,قمح لين ومشتقاته,South West,48158.0
2015,قميص,Centre East,20482.0
2015,قميص,Centre West,7575.0
2015,قميص,Grand Tunis,26408.0
2015,قميص,National,17905.0
2015,قميص,North East,12997.0
2015,قميص,North West,9508.0
2015,قميص,South East,23163.0
2015,قميص,South West,11156.0
2015,قنارية,Centre East,727.0
2015,قنارية,Centre West,187.0
2015,قنارية,Grand Tunis,3129.0
2015,قنارية,National,1381.0
2015,قنارية,North East,1482.0
2015,قنارية,North West,1850.0
2015,قنارية,South East,188.0
2015,قنارية,South West,157.0
2015,قهوة,Centre East,64733.0
2015,قهوة,Centre West,22609.0
2015,قهوة,Grand Tunis,76665.0
2015,قهوة,National,54722.0
2015,قهوة,North East,54334.0
2015,قهوة,North West,48038.0
2015,قهوة,South East,36240.0
2015,قهوة,South West,32386.0
2015,كالفس,Centre East,214.0
2015,كالفس,Centre West,688.0
2015,كالفس,Grand Tunis,1032.0
2015,كالفس,National,668.0
2015,كالفس,North East,766.0
2015,كالفس,North West,981.0
2015,كالفس,South East,296.0
2015,كالفس,South West,795.0
2015,كبدة,Centre East,449.0
2015,كبدة,Centre West,198.0
2015,كبدة,Grand Tunis,1728.0
2015,كبدة,National,794.0
2015,كبدة,North East,633.0
2015,كبدة,North West,683.0
2015,كبدة,South East,690.0
2015,كبدة,South West,298.0
2015,كتب بمناسبة العودة المدرسية,Centre East,5817.0
2015,كتب بمناسبة العودة المدرسية,Centre West,5572.0
2015,كتب بمناسبة العودة المدرسية,Grand Tunis,6185.0
2015,كتب بمناسبة العودة المدرسية,National,5942.0
2015,كتب بمناسبة العودة المدرسية,North East,5755.0
2015,كتب بمناسبة العودة المدرسية,North West,6446.0
2015,كتب بمناسبة العودة المدرسية,South East,5524.0
2015,كتب بمناسبة العودة المدرسية,South West,6464.0
2015,كتب غير مدرسية,Centre East,1048.0
2015,كتب غير مدرسية,Centre West,198.0
2015,كتب غير مدرسية,Grand Tunis,1575.0
2015,كتب غير مدرسية,National,805.0
2015,كتب غير مدرسية,North East,677.0
2015,كتب غير مدرسية,North West,226.0
2015,كتب غير مدرسية,South East,155.0
2015,كتب غير مدرسية,South West,219.0
2015,كرسي,Centre East,1084.0
2015,كرسي,Centre West,707.0
2015,كرسي,Grand Tunis,918.0
2015,كرسي,National,908.0
2015,كرسي,North East,422.0
2015,كرسي,North West,676.0
2015,كرسي,South East,1401.0
2015,كرسي,South West,1302.0
2015,كرشة و دوّارة,Centre East,2485.0
2015,كرشة و دوّارة,Centre West,1041.0
2015,كرشة و دوّارة,Grand Tunis,1221.0
2015,كرشة و دوّارة,National,1473.0
2015,كرشة و دوّارة,North East,1240.0
2015,كرشة و دوّارة,North West,829.0
2015,كرشة و دوّارة,South East,1599.0
2015,كرشة و دوّارة,South West,732.0
2015,كركم,Centre East,1605.0
2015,كركم,Centre West,847.0
2015,كركم,Grand Tunis,1228.0
2015,كركم,National,1332.0
2015,كركم,North East,1273.0
2015,كركم,North West,570.0
2015,كركم,South East,2167.0
2015,كركم,South West,1811.0
2015,كرمب,Centre East,1082.0
2015,كرمب,Centre West,607.0
2015,كرمب,Grand Tunis,558.0
2015,كرمب,National,760.0
2015,كرمب,North East,965.0
2015,كرمب,North West,637.0
2015,كرمب,South East,780.0
2015,كرمب,South West,322.0
2015,كرموس,Centre East,1588.0
2015,كرموس,Centre West,2462.0
2015,كرموس,Grand Tunis,2144.0
2015,كرموس,National,1828.0
2015,كرموس,North East,1313.0
2015,كرموس,North West,2255.0
2015,كرموس,South East,1343.0
2015,كرموس,South West,1352.0
2015,كروية,Centre East,642.0
2015,كروية,Centre West,378.0
2015,كروية,Grand Tunis,247.0
2015,كروية,National,392.0
2015,كروية,North East,257.0
2015,كروية,North West,70.0
2015,كروية,South East,316.0
2015,كروية,South West,1004.0
2015,كسكروت تن أو سردينة,Centre East,29120.0
2015,كسكروت تن أو سردينة,Centre West,7700.0
2015,كسكروت تن أو سردينة,Grand Tunis,12257.0
2015,كسكروت تن أو سردينة,National,16317.0
2015,كسكروت تن أو سردينة,North East,11779.0
2015,كسكروت تن أو سردينة,North West,26517.0
2015,كسكروت تن أو سردينة,South East,7745.0
2015,كسكروت تن أو سردينة,South West,5400.0
2015,كسكسي,Centre East,5447.0
2015,كسكسي,Centre West,6161.0
2015,كسكسي,Grand Tunis,3568.0
2015,كسكسي,National,4045.0
2015,كسكسي,North East,4264.0
2015,كسكسي,North West,771.0
2015,كسكسي,South East,2445.0
2015,كسكسي,South West,3527.0
2015,كسوة,Centre East,9748.0
2015,كسوة,Centre West,4156.0
2015,كسوة,Grand Tunis,9232.0
2015,كسوة,National,6584.0
2015,كسوة,North East,3858.0
2015,كسوة,North West,2452.0
2015,كسوة,South East,2864.0
2015,كسوة,South West,7154.0
2015,كليمنتين,Centre East,3010.0
2015,كليمنتين,Centre West,2842.0
2015,كليمنتين,Grand Tunis,6977.0
2015,كليمنتين,National,3725.0
2015,كليمنتين,North East,3621.0
2015,كليمنتين,North West,2913.0
2015,كليمنتين,South East,1312.0
2015,كليمنتين,South West,418.0
2015,كمّون,Centre East,768.0
2015,كمّون,Centre West,78.0
2015,كمّون,Grand Tunis,451.0
2015,كمّون,National,413.0
2015,كمّون,North East,345.0
2015,كمّون,North West,93.0
2015,كمّون,South East,294.0
2015,كمّون,South West,419.0
2015,لبن طري,Centre East,2853.0
2015,لبن طري,Centre West,1764.0
2015,لبن طري,Grand Tunis,5549.0
2015,لبن طري,National,3449.0
2015,لبن طري,North East,2094.0
2015,لبن طري,North West,1914.0
2015,لبن طري,South East,5198.0
2015,لبن طري,South West,3682.0
2015,لحم برشني,Centre East,443.0
2015,لحم برشني,Centre West,3930.0
2015,لحم برشني,Grand Tunis,423.0
2015,لحم برشني,National,6375.0
2015,لحم برشني,North East,2459.0
2015,لحم برشني,North West,8578.0
2015,لحم برشني,South East,43844.0
2015,لحم برشني,South West,5685.0
2015,لحم بقري,Centre East,40875.0
2015,لحم بقري,Centre West,7278.0
2015,لحم بقري,Grand Tunis,32083.0
2015,لحم بقري,National,32548.0
2015,لحم بقري,North East,58737.0
2015,لحم بقري,North West,20266.0
2015,لحم بقري,South East,26580.0
2015,لحم بقري,South West,25179.0
2015,لحم جمل,Centre East,264.0
2015,لحم جمل,Centre West,206.0
2015,لحم جمل,Grand Tunis,51.0
2015,لحم جمل,National,662.0
2015,لحم جمل,North East,216.0
2015,لحم جمل,North West,49.0
2015,لحم جمل,South East,3875.0
2015,لحم جمل,South West,2777.0
2015,لحم علوش,Centre East,139465.0
2015,لحم علوش,Centre West,118300.0
2015,لحم علوش,Grand Tunis,163877.0
2015,لحم علوش,National,132091.0
2015,لحم علوش,North East,107127.0
2015,لحم علوش,North West,116322.0
2015,لحم علوش,South East,112154.0
2015,لحم علوش,South West,114834.0
2015,"لحم مفروم و مرقاز و ""سالمي""",Centre East,4018.0
2015,"لحم مفروم و مرقاز و ""سالمي""",Centre West,213.0
2015,"لحم مفروم و مرقاز و ""سالمي""",Grand Tunis,11452.0
2015,"لحم مفروم و مرقاز و ""سالمي""",National,4403.0
2015,"لحم مفروم و مرقاز و ""سالمي""",North East,3112.0
2015,"لحم مفروم و مرقاز و ""سالمي""",North West,883.0
2015,"لحم مفروم و مرقاز و ""سالمي""",South East,723.0
2015,"لحم مفروم و مرقاز و ""سالمي""",South West,394.0
2015,لحوم و دواجن,Centre East,270197.0
2015,لحوم و دواجن,Centre West,199270.0
2015,لحوم و دواجن,Grand Tunis,320007.0
2015,لحوم و دواجن,National,262738.0
2015,لحوم و دواجن,North East,261860.0
2015,لحوم و دواجن,North West,227862.0
2015,لحوم و دواجن,South East,244780.0
2015,لحوم و دواجن,South West,219163.0
2015,لعب لألطفال,Centre East,1972.0
2015,لعب لألطفال,Centre West,638.0
2015,لعب لألطفال,Grand Tunis,2271.0
2015,لعب لألطفال,National,1519.0
2015,لعب لألطفال,North East,992.0
2015,لعب لألطفال,North West,704.0
2015,لعب لألطفال,South East,1415.0
2015,لعب لألطفال,South West,1200.0
2015,لفت,Centre East,1309.0
2015,لفت,Centre West,1909.0
2015,لفت,Grand Tunis,1362.0
2015,لفت,National,1699.0
2015,لفت,North East,1917.0
2015,لفت,North West,1659.0
2015,لفت,South East,2480.0
2015,لفت,South West,2585.0
2015,للبياتة) (بالنسبة   معلوم المبيت,Centre East,1008.0
2015,للبياتة) (بالنسبة   معلوم المبيت,Centre West,2052.0
2015,للبياتة) (بالنسبة   معلوم المبيت,Grand Tunis,650.0
2015,للبياتة) (بالنسبة   معلوم المبيت,National,1295.0
2015,للبياتة) (بالنسبة   معلوم المبيت,North East,952.0
2015,للبياتة) (بالنسبة   معلوم المبيت,North West,2594.0
2015,للبياتة) (بالنسبة   معلوم المبيت,South East,1517.0
2015,للبياتة) (بالنسبة   معلوم المبيت,South West,1729.0
2015,لوبية شائحة,Centre East,3009.0
2015,لوبية شائحة,Centre West,3929.0
2015,لوبية شائحة,Grand Tunis,6930.0
2015,لوبية شائحة,National,5204.0
2015,لوبية شائحة,North East,5548.0
2015,لوبية شائحة,North West,6662.0
2015,لوبية شائحة,South East,6177.0
2015,لوبية شائحة,South West,4819.0
2015,لوز مقشّر,Centre East,910.0
2015,لوز مقشّر,Centre West,169.0
2015,لوز مقشّر,Grand Tunis,1223.0
2015,لوز مقشّر,National,836.0
2015,لوز مقشّر,North East,530.0
2015,لوز مقشّر,North West,356.0
2015,لوز مقشّر,South East,1418.0
2015,لوز مقشّر,South West,953.0
2015,لوز مقلي ،أكاجو,Centre East,829.0
2015,لوز مقلي ،أكاجو,Centre West,178.0
2015,لوز مقلي ،أكاجو,Grand Tunis,1217.0
2015,لوز مقلي ،أكاجو,National,602.0
2015,لوز مقلي ،أكاجو,North East,204.0
2015,لوز مقلي ،أكاجو,North West,83.0
2015,لوز مقلي ،أكاجو,South East,356.0
2015,لوز مقلي ،أكاجو,South West,215.0
2015,مأكوالت جاهزة متناولة بالبيت,Centre East,2514.0
2015,مأكوالت جاهزة متناولة بالبيت,Centre West,644.0
2015,مأكوالت جاهزة متناولة بالبيت,Grand Tunis,2505.0
2015,مأكوالت جاهزة متناولة بالبيت,National,1627.0
2015,مأكوالت جاهزة متناولة بالبيت,North East,641.0
2015,مأكوالت جاهزة متناولة بالبيت,North West,237.0
2015,مأكوالت جاهزة متناولة بالبيت,South East,1225.0
2015,مأكوالت جاهزة متناولة بالبيت,South West,1749.0
2015,مأكوالت في مطعم,Centre East,49152.0
2015,مأكوالت في مطعم,Centre West,24586.0
2015,مأكوالت في مطعم,Grand Tunis,99607.0
2015,مأكوالت في مطعم,National,52045.0
2015,مأكوالت في مطعم,North East,34769.0
2015,مأكوالت في مطعم,North West,38238.0
2015,مأكوالت في مطعم,South East,30021.0
2015,مأكوالت في مطعم,South West,22249.0
2015,ماء جافال,Centre East,11928.0
2015,ماء جافال,Centre West,6947.0
2015,ماء جافال,Grand Tunis,13686.0
2015,ماء جافال,National,11207.0
2015,ماء جافال,North East,12962.0
2015,ماء جافال,North West,8069.0
2015,ماء جافال,South East,9720.0
2015,ماء جافال,South West,10828.0
2015,ماء معدني,Centre East,18120.0
2015,ماء معدني,Centre West,1841.0
2015,ماء معدني,Grand Tunis,33025.0
2015,ماء معدني,National,15177.0
2015,ماء معدني,North East,9538.0
2015,ماء معدني,North West,2598.0
2015,ماء معدني,South East,7378.0
2015,ماء معدني,South West,4149.0
2015,مازوط للسيارات,Centre East,14889.0
2015,مازوط للسيارات,Centre West,8062.0
2015,مازوط للسيارات,Grand Tunis,15028.0
2015,مازوط للسيارات,National,12002.0
2015,مازوط للسيارات,North East,8159.0
2015,مازوط للسيارات,North West,11990.0
2015,مازوط للسيارات,South East,10563.0
2015,مازوط للسيارات,South West,6977.0
2015,مالبس خارجية أخرى,Centre East,65150.0
2015,مالبس خارجية أخرى,Centre West,31717.0
2015,مالبس خارجية أخرى,Grand Tunis,60187.0
2015,مالبس خارجية أخرى,National,55205.0
2015,مالبس خارجية أخرى,North East,57684.0
2015,مالبس خارجية أخرى,North West,35705.0
2015,مالبس خارجية أخرى,South East,66531.0
2015,مالبس خارجية أخرى,South West,53819.0
2015,مالبس خارجية أخرى (جبة نساء)...,Centre East,11226.0
2015,مالبس خارجية أخرى (جبة نساء)...,Centre West,6355.0
2015,مالبس خارجية أخرى (جبة نساء)...,Grand Tunis,7275.0
2015,مالبس خارجية أخرى (جبة نساء)...,National,8535.0
2015,مالبس خارجية أخرى (جبة نساء)...,North East,4155.0
2015,مالبس خارجية أخرى (جبة نساء)...,North West,8266.0
2015,مالبس خارجية أخرى (جبة نساء)...,South East,14133.0
2015,مالبس خارجية أخرى (جبة نساء)...,South West,8932.0
2015,مالبس خارجية أساسية و تقليدية,Centre East,8379.0
2015,مالبس خارجية أساسية و تقليدية,Centre West,6722.0
2015,مالبس خارجية أساسية و تقليدية,Grand Tunis,9050.0
2015,مالبس خارجية أساسية و تقليدية,National,9021.0
2015,مالبس خارجية أساسية و تقليدية,North East,8500.0
2015,مالبس خارجية أساسية و تقليدية,North West,8676.0
2015,مالبس خارجية أساسية و تقليدية,South East,14328.0
2015,مالبس خارجية أساسية و تقليدية,South West,9722.0
2015,مالبس خارجية أساسية و عصرية,Centre East,129389.0
2015,مالبس خارجية أساسية و عصرية,Centre West,72134.0
2015,مالبس خارجية أساسية و عصرية,Grand Tunis,148475.0
2015,مالبس خارجية أساسية و عصرية,National,112725.0
2015,مالبس خارجية أساسية و عصرية,North East,96504.0
2015,مالبس خارجية أساسية و عصرية,North West,70885.0
2015,مالبس خارجية أساسية و عصرية,South East,97292.0
2015,مالبس خارجية أساسية و عصرية,South West,116598.0
2015,مالبس داخلية,Centre East,22231.0
2015,مالبس داخلية,Centre West,21341.0
2015,مالبس داخلية,Grand Tunis,37592.0
2015,مالبس داخلية,National,23118.0
2015,مالبس داخلية,North East,8645.0
2015,مالبس داخلية,North West,17717.0
2015,مالبس داخلية,South East,18385.0
2015,مالبس داخلية,South West,20175.0
2015,مالبس داخلية بدون تمييز,Centre East,3237.0
2015,مالبس داخلية بدون تمييز,Centre West,1412.0
2015,مالبس داخلية بدون تمييز,Grand Tunis,3902.0
2015,مالبس داخلية بدون تمييز,National,3273.0
2015,مالبس داخلية بدون تمييز,North East,3763.0
2015,مالبس داخلية بدون تمييز,North West,685.0
2015,مالبس داخلية بدون تمييز,South East,6707.0
2015,مالبس داخلية بدون تمييز,South West,2616.0
2015,مالبس عصرية أخرى أساسية,Centre East,2110.0
2015,مالبس عصرية أخرى أساسية,Centre West,847.0
2015,مالبس عصرية أخرى أساسية,Grand Tunis,9396.0
2015,مالبس عصرية أخرى أساسية,National,4365.0
2015,مالبس عصرية أخرى أساسية,North East,541.0
2015,مالبس عصرية أخرى أساسية,North West,574.0
2015,مالبس عصرية أخرى أساسية,South East,1907.0
2015,مالبس عصرية أخرى أساسية,South West,19728.0
2015,مالحف و مناشف,Centre East,3083.0
2015,مالحف و مناشف,Centre West,1589.0
2015,مالحف و مناشف,Grand Tunis,5377.0
2015,مالحف و مناشف,National,3384.0
2015,مالحف و مناشف,North East,1561.0
2015,مالحف و مناشف,North West,3149.0
2015,مالحف و مناشف,South East,4062.0
2015,مالحف و مناشف,South West,3622.0
2015,مبرّدات (قالس ،ثالجة ،جيرفاي)...,Centre East,1450.0
2015,مبرّدات (قالس ،ثالجة ،جيرفاي)...,Centre West,528.0
2015,مبرّدات (قالس ،ثالجة ،جيرفاي)...,Grand Tunis,1643.0
2015,مبرّدات (قالس ،ثالجة ،جيرفاي)...,National,1148.0
2015,مبرّدات (قالس ،ثالجة ،جيرفاي)...,North East,1223.0
2015,مبرّدات (قالس ،ثالجة ،جيرفاي)...,North West,700.0
2015,مبرّدات (قالس ،ثالجة ،جيرفاي)...,South East,487.0
2015,مبرّدات (قالس ،ثالجة ،جيرفاي)...,South West,834.0
2015,مترو -حافلة ومترو,Centre East,1046.0
2015,مترو -حافلة ومترو,Centre West,580.0
2015,مترو -حافلة ومترو,Grand Tunis,5890.0
2015,مترو -حافلة ومترو,National,2081.0
2015,مترو -حافلة ومترو,North East,1592.0
2015,مترو -حافلة ومترو,North West,394.0
2015,مترو -حافلة ومترو,South East,346.0
2015,مترو -حافلة ومترو,South West,425.0
2015,محروقات التنوير والطبخ و التدفئة,Centre East,25990.0
2015,محروقات التنوير والطبخ و التدفئة,Centre West,24523.0
2015,محروقات التنوير والطبخ و التدفئة,Grand Tunis,14842.0
2015,محروقات التنوير والطبخ و التدفئة,National,24908.0
2015,محروقات التنوير والطبخ و التدفئة,North East,31440.0
2015,محروقات التنوير والطبخ و التدفئة,North West,32353.0
2015,محروقات التنوير والطبخ و التدفئة,South East,29151.0
2015,محروقات التنوير والطبخ و التدفئة,South West,28685.0
2015,محروقات وسيلة نقل خاصّة,Centre East,135911.0
2015,محروقات وسيلة نقل خاصّة,Centre West,34553.0
2015,محروقات وسيلة نقل خاصّة,Grand Tunis,176093.0
2015,محروقات وسيلة نقل خاصّة,National,104732.0
2015,محروقات وسيلة نقل خاصّة,North East,70067.0
2015,محروقات وسيلة نقل خاصّة,North West,46808.0
2015,محروقات وسيلة نقل خاصّة,South East,72893.0
2015,محروقات وسيلة نقل خاصّة,South West,59148.0
2015,مريول خلعة,Centre East,1622.0
2015,مريول خلعة,Centre West,1368.0
2015,مريول خلعة,Grand Tunis,2402.0
2015,مريول خلعة,National,1703.0
2015,مريول خلعة,North East,1097.0
2015,مريول خلعة,North West,1580.0
2015,مريول خلعة,South East,857.0
2015,مريول خلعة,South West,2822.0
2015,مريول صوف ،جيلية صوف,Centre East,19678.0
2015,مريول صوف ،جيلية صوف,Centre West,5717.0
2015,مريول صوف ،جيلية صوف,Grand Tunis,6197.0
2015,مريول صوف ،جيلية صوف,National,12561.0
2015,مريول صوف ،جيلية صوف,North East,25026.0
2015,مريول صوف ،جيلية صوف,North West,5542.0
2015,مريول صوف ،جيلية صوف,South East,12562.0
2015,مريول صوف ،جيلية صوف,South West,8168.0
2015,مريول قطن,Centre East,11705.0
2015,مريول قطن,Centre West,13229.0
2015,مريول قطن,Grand Tunis,27348.0
2015,مريول قطن,National,13542.0
2015,مريول قطن,North East,225.0
2015,مريول قطن,North West,12665.0
2015,مريول قطن,South East,6986.0
2015,مريول قطن,South West,6483.0
2015,مستلزمات شخصية,Centre East,14170.0
2015,مستلزمات شخصية,Centre West,4670.0
2015,مستلزمات شخصية,Grand Tunis,24144.0
2015,مستلزمات شخصية,National,13131.0
2015,مستلزمات شخصية,North East,9627.0
2015,مستلزمات شخصية,North West,5328.0
2015,مستلزمات شخصية,South East,9966.0
2015,مستلزمات شخصية,South West,7517.0
2015,مستلزمات لتغطية الرأس,Centre East,7537.0
2015,مستلزمات لتغطية الرأس,Centre West,5547.0
2015,مستلزمات لتغطية الرأس,Grand Tunis,6194.0
2015,مستلزمات لتغطية الرأس,National,6690.0
2015,مستلزمات لتغطية الرأس,North East,6107.0
2015,مستلزمات لتغطية الرأس,North West,5391.0
2015,مستلزمات لتغطية الرأس,South East,9147.0
2015,مستلزمات لتغطية الرأس,South West,7393.0
2015,مستلزمات و نفقات الصيانة و التصليح,Centre East,3451.0
2015,مستلزمات و نفقات الصيانة و التصليح,Centre West,2493.0
2015,مستلزمات و نفقات الصيانة و التصليح,Grand Tunis,3272.0
2015,مستلزمات و نفقات الصيانة و التصليح,National,2941.0
2015,مستلزمات و نفقات الصيانة و التصليح,North East,3840.0
2015,مستلزمات و نفقات الصيانة و التصليح,North West,1566.0
2015,مستلزمات و نفقات الصيانة و التصليح,South East,2226.0
2015,مستلزمات و نفقات الصيانة و التصليح,South West,1875.0
2015,مشاهد,Centre East,668.0
2015,مشاهد,Centre West,9.0
2015,مشاهد,Grand Tunis,2050.0
2015,مشاهد,National,768.0
2015,مشاهد,North East,521.0
2015,مشاهد,North West,17.0
2015,مشاهد,South East,100.0
2015,مشاهد,South West,382.0
2015,مشروب غازي,Centre East,4952.0
2015,مشروب غازي,Centre West,7263.0
2015,مشروب غازي,Grand Tunis,11180.0
2015,مشروب غازي,National,6718.0
2015,مشروب غازي,North East,4995.0
2015,مشروب غازي,North West,6864.0
2015,مشروب غازي,South East,2737.0
2015,مشروب غازي,South West,4194.0
2015,مشروبات باردة,Centre East,13912.0
2015,مشروبات باردة,Centre West,10654.0
2015,مشروبات باردة,Grand Tunis,29981.0
2015,مشروبات باردة,National,16028.0
2015,مشروبات باردة,North East,10081.0
2015,مشروبات باردة,North West,9863.0
2015,مشروبات باردة,South East,10732.0
2015,مشروبات باردة,South West,10639.0
2015,مشروبات ساخنة,Centre East,67280.0
2015,مشروبات ساخنة,Centre West,24329.0
2015,مشروبات ساخنة,Grand Tunis,79155.0
2015,مشروبات ساخنة,National,56640.0
2015,مشروبات ساخنة,North East,56317.0
2015,مشروبات ساخنة,North West,49184.0
2015,مشروبات ساخنة,South East,36551.0
2015,مشروبات ساخنة,South West,33520.0
2015,مشروبات طبيعية,Centre East,21959.0
2015,مشروبات طبيعية,Centre West,22058.0
2015,مشروبات طبيعية,Grand Tunis,23804.0
2015,مشروبات طبيعية,National,22561.0
2015,مشروبات طبيعية,North East,22708.0
2015,مشروبات طبيعية,North West,21879.0
2015,مشروبات طبيعية,South East,19535.0
2015,مشروبات طبيعية,South West,26715.0
2015,مشروبات غازية,Centre East,16844.0
2015,مشروبات غازية,Centre West,24743.0
2015,مشروبات غازية,Grand Tunis,35144.0
2015,مشروبات غازية,National,24975.0
2015,مشروبات غازية,North East,24910.0
2015,مشروبات غازية,North West,26151.0
2015,مشروبات غازية,South East,21298.0
2015,مشروبات غازية,South West,20228.0
2015,مشروبات غير كحولية متناولة في البيت,Centre East,50810.0
2015,مشروبات غير كحولية متناولة في البيت,Centre West,31562.0
2015,مشروبات غير كحولية متناولة في البيت,Grand Tunis,88865.0
2015,مشروبات غير كحولية متناولة في البيت,National,54397.0
2015,مشروبات غير كحولية متناولة في البيت,North East,48820.0
2015,مشروبات غير كحولية متناولة في البيت,North West,34077.0
2015,مشروبات غير كحولية متناولة في البيت,South East,45586.0
2015,مشروبات غير كحولية متناولة في البيت,South West,35791.0
2015,مشروبات كحولية,Centre East,10877.0
2015,مشروبات كحولية,Centre West,11445.0
2015,مشروبات كحولية,Grand Tunis,2347.0
2015,مشروبات كحولية,National,6234.0
2015,مشروبات كحولية,North East,5283.0
2015,مشروبات كحولية,North West,7336.0
2015,مشروبات كحولية,South East,512.0
2015,مشروبات كحولية,South West,1676.0
2015,مشروبات كحولية ،تبغ و نفة,Centre East,124579.0
2015,مشروبات كحولية ،تبغ و نفة,Centre West,92417.0
2015,مشروبات كحولية ،تبغ و نفة,Grand Tunis,114810.0
2015,مشروبات كحولية ،تبغ و نفة,National,102410.0
2015,مشروبات كحولية ،تبغ و نفة,North East,105183.0
2015,مشروبات كحولية ،تبغ و نفة,North West,98849.0
2015,مشروبات كحولية ،تبغ و نفة,South East,45656.0
2015,مشروبات كحولية ،تبغ و نفة,South West,71509.0
2015,مشماش,Centre East,1780.0
2015,مشماش,Centre West,1723.0
2015,مشماش,Grand Tunis,1922.0
2015,مشماش,National,1633.0
2015,مشماش,North East,1387.0
2015,مشماش,North West,1510.0
2015,مشماش,South East,1382.0
2015,مشماش,South West,793.0
2015,معاليم وسيلة نقل خاصة,Centre East,42264.0
2015,معاليم وسيلة نقل خاصة,Centre West,13223.0
2015,معاليم وسيلة نقل خاصة,Grand Tunis,64174.0
2015,معاليم وسيلة نقل خاصة,National,36283.0
2015,معاليم وسيلة نقل خاصة,North East,25174.0
2015,معاليم وسيلة نقل خاصة,North West,14333.0
2015,معاليم وسيلة نقل خاصة,South East,27641.0
2015,معاليم وسيلة نقل خاصة,South West,21739.0
2015,معجون أسنان,Centre East,5759.0
2015,معجون أسنان,Centre West,3815.0
2015,معجون أسنان,Grand Tunis,7574.0
2015,معجون أسنان,National,5573.0
2015,معجون أسنان,North East,5033.0
2015,معجون أسنان,North West,3158.0
2015,معجون أسنان,South East,5538.0
2015,معجون أسنان,South West,5694.0
2015,معجون غالل,Centre East,1479.0
2015,معجون غالل,Centre West,877.0
2015,معجون غالل,Grand Tunis,3172.0
2015,معجون غالل,National,1914.0
2015,معجون غالل,North East,2643.0
2015,معجون غالل,North West,1560.0
2015,معجون غالل,South East,1291.0
2015,معجون غالل,South West,584.0
2015,معدنوس,Centre East,4756.0
2015,معدنوس,Centre West,3682.0
2015,معدنوس,Grand Tunis,4852.0
2015,معدنوس,National,4466.0
2015,معدنوس,North East,4420.0
2015,معدنوس,North West,3823.0
2015,معدنوس,South East,4525.0
2015,معدنوس,South West,4467.0
2015,معسل,Centre East,146.0
2015,معسل,Centre West,308.0
2015,معسل,Grand Tunis,783.0
2015,معسل,National,769.0
2015,معسل,North East,2340.0
2015,معسل,North West,1003.0
2015,معسل,South East,581.0
2015,معسل,South West,545.0
2015,معطف ،كاب,Centre East,17402.0
2015,معطف ،كاب,Centre West,11335.0
2015,معطف ،كاب,Grand Tunis,21902.0
2015,معطف ،كاب,National,16087.0
2015,معطف ،كاب,North East,17343.0
2015,معطف ،كاب,North West,11881.0
2015,معطف ،كاب,South East,8376.0
2015,معطف ،كاب,South West,13335.0
2015,معلوم اإليجار االفتراضي,Centre East,509283.0
2015,معلوم اإليجار االفتراضي,Centre West,291307.0
2015,معلوم اإليجار االفتراضي,Grand Tunis,714300.0
2015,معلوم اإليجار االفتراضي,National,493205.0
2015,معلوم اإليجار االفتراضي,North East,535804.0
2015,معلوم اإليجار االفتراضي,North West,317387.0
2015,معلوم اإليجار االفتراضي,South East,366337.0
2015,معلوم اإليجار االفتراضي,South West,344160.0
2015,معلوم الجوالن و األداء,Centre East,9540.0
2015,معلوم الجوالن و األداء,Centre West,3339.0
2015,معلوم الجوالن و األداء,Grand Tunis,12049.0
2015,معلوم الجوالن و األداء,National,7632.0
2015,معلوم الجوالن و األداء,North East,5785.0
2015,معلوم الجوالن و األداء,North West,3174.0
2015,معلوم الجوالن و األداء,South East,6643.0
2015,معلوم الجوالن و األداء,South West,4034.0
2015,معلوم الحضانة المدرسية,Centre East,4185.0
2015,معلوم الحضانة المدرسية,Centre West,76.0
2015,معلوم الحضانة المدرسية,Grand Tunis,7218.0
2015,معلوم الحضانة المدرسية,National,3115.0
2015,معلوم الحضانة المدرسية,North East,1619.0
2015,معلوم الحضانة المدرسية,North West,192.0
2015,معلوم الحضانة المدرسية,South East,668.0
2015,معلوم الحضانة المدرسية,South West,476.0
2015,معلوم المحضنة,Centre East,3522.0
2015,معلوم المحضنة,Centre West,355.0
2015,معلوم المحضنة,Grand Tunis,3758.0
2015,معلوم المحضنة,National,2459.0
2015,معلوم المحضنة,North East,3424.0
2015,معلوم المحضنة,North West,469.0
2015,معلوم المحضنة,South East,1046.0
2015,معلوم المحضنة,South West,651.0
2015,معلوم المراقبة الفنّية,Centre East,2331.0
2015,معلوم المراقبة الفنّية,Centre West,876.0
2015,معلوم المراقبة الفنّية,Grand Tunis,2537.0
2015,معلوم المراقبة الفنّية,National,1836.0
2015,معلوم المراقبة الفنّية,North East,1653.0
2015,معلوم المراقبة الفنّية,North West,907.0
2015,معلوم المراقبة الفنّية,South East,1780.0
2015,معلوم المراقبة الفنّية,South West,1043.0
2015,معلوم روضة أطفال,Centre East,11014.0
2015,معلوم روضة أطفال,Centre West,3080.0
2015,معلوم روضة أطفال,Grand Tunis,20334.0
2015,معلوم روضة أطفال,National,10473.0
2015,معلوم روضة أطفال,North East,9750.0
2015,معلوم روضة أطفال,North West,3541.0
2015,معلوم روضة أطفال,South East,5234.0
2015,معلوم روضة أطفال,South West,4870.0
2015,مكتبة,Centre East,1011.0
2015,مكتبة,Centre West,785.0
2015,مكتبة,Grand Tunis,385.0
2015,مكتبة,National,660.0
2015,مكتبة,North East,403.0
2015,مكتبة,North West,554.0
2015,مكتبة,South East,316.0
2015,مكتبة,South West,1438.0
2015,مكسرات وحبوب أخرى,Centre East,4637.0
2015,مكسرات وحبوب أخرى,Centre West,1166.0
2015,مكسرات وحبوب أخرى,Grand Tunis,4526.0
2015,مكسرات وحبوب أخرى,National,3058.0
2015,مكسرات وحبوب أخرى,North East,2039.0
2015,مكسرات وحبوب أخرى,North West,1689.0
2015,مكسرات وحبوب أخرى,South East,1791.0
2015,مكسرات وحبوب أخرى,South West,1203.0
2015,ملح,Centre East,365.0
2015,ملح,Centre West,464.0
2015,ملح,Grand Tunis,326.0
2015,ملح,National,421.0
2015,ملح,North East,631.0
2015,ملح,North West,583.0
2015,ملح,South East,366.0
2015,ملح,South West,285.0
2015,ملسوقة ،بريك,Centre East,3054.0
2015,ملسوقة ،بريك,Centre West,2630.0
2015,ملسوقة ،بريك,Grand Tunis,3700.0
2015,ملسوقة ،بريك,National,3199.0
2015,ملسوقة ،بريك,North East,4349.0
2015,ملسوقة ،بريك,North West,2695.0
2015,ملسوقة ،بريك,South East,2215.0
2015,ملسوقة ،بريك,South West,2731.0
2015,ملوخية مرحية,Centre East,526.0
2015,ملوخية مرحية,Centre West,231.0
2015,ملوخية مرحية,Grand Tunis,708.0
2015,ملوخية مرحية,National,627.0
2015,ملوخية مرحية,North East,584.0
2015,ملوخية مرحية,North West,813.0
2015,ملوخية مرحية,South East,372.0
2015,ملوخية مرحية,South West,1751.0
2015,منتوجات بحريّة أخرى,Centre East,1691.0
2015,منتوجات بحريّة أخرى,Centre West,104.0
2015,منتوجات بحريّة أخرى,Grand Tunis,1976.0
2015,منتوجات بحريّة أخرى,National,961.0
2015,منتوجات بحريّة أخرى,North East,227.0
2015,منتوجات بحريّة أخرى,North West,38.0
2015,منتوجات بحريّة أخرى,South East,192.0
2015,منتوجات بحريّة أخرى,South West,55.0
2015,منديلة (ميدعة),Centre East,2788.0
2015,منديلة (ميدعة),Centre West,1785.0
2015,منديلة (ميدعة),Grand Tunis,2398.0
2015,منديلة (ميدعة),National,2356.0
2015,منديلة (ميدعة),North East,2533.0
2015,منديلة (ميدعة),North West,1793.0
2015,منديلة (ميدعة),South East,2106.0
2015,منديلة (ميدعة),South West,2602.0
2015,منضدة ،مائدة,Centre East,2049.0
2015,منضدة ،مائدة,Centre West,901.0
2015,منضدة ،مائدة,Grand Tunis,2434.0
2015,منضدة ،مائدة,National,1885.0
2015,منضدة ،مائدة,North East,1030.0
2015,منضدة ،مائدة,North West,1208.0
2015,منضدة ،مائدة,South East,3206.0
2015,منضدة ،مائدة,South West,2045.0
2015,مواد أخرى مشتقة من الحبوب,Centre East,54218.0
2015,مواد أخرى مشتقة من الحبوب,Centre West,28914.0
2015,مواد أخرى مشتقة من الحبوب,Grand Tunis,65033.0
2015,مواد أخرى مشتقة من الحبوب,National,46277.0
2015,مواد أخرى مشتقة من الحبوب,North East,34127.0
2015,مواد أخرى مشتقة من الحبوب,North West,34411.0
2015,مواد أخرى مشتقة من الحبوب,South East,37375.0
2015,مواد أخرى مشتقة من الحبوب,South West,35019.0
2015,مواد أخرى مشتقة من الحليب,Centre East,5171.0
2015,مواد أخرى مشتقة من الحليب,Centre West,3218.0
2015,مواد أخرى مشتقة من الحليب,Grand Tunis,11303.0
2015,مواد أخرى مشتقة من الحليب,National,6811.0
2015,مواد أخرى مشتقة من الحليب,North East,8156.0
2015,مواد أخرى مشتقة من الحليب,North West,5714.0
2015,مواد أخرى مشتقة من الحليب,South East,4101.0
2015,مواد أخرى مشتقة من الحليب,South West,5597.0
2015,مواد التجميل و الزينة,Centre East,91630.0
2015,مواد التجميل و الزينة,Centre West,45456.0
2015,مواد التجميل و الزينة,Grand Tunis,121229.0
2015,مواد التجميل و الزينة,National,81111.0
2015,مواد التجميل و الزينة,North East,65697.0
2015,مواد التجميل و الزينة,North West,39787.0
2015,مواد التجميل و الزينة,South East,67846.0
2015,مواد التجميل و الزينة,South West,74947.0
2015,مواد التنظيف,Centre East,64988.0
2015,مواد التنظيف,Centre West,39620.0
2015,مواد التنظيف,Grand Tunis,84369.0
2015,مواد التنظيف,National,62336.0
2015,مواد التنظيف,North East,65176.0
2015,مواد التنظيف,North West,45732.0
2015,مواد التنظيف,South East,49136.0
2015,مواد التنظيف,South West,51326.0
2015,مواد تجميل,Centre East,16887.0
2015,مواد تجميل,Centre West,8258.0
2015,مواد تجميل,Grand Tunis,14439.0
2015,مواد تجميل,National,11701.0
2015,مواد تجميل,North East,7498.0
2015,مواد تجميل,North West,5183.0
2015,مواد تجميل,South East,10631.0
2015,مواد تجميل,South West,9001.0
2015,مواد تنظيف (أومو ،نظيف ،دينول)...,Centre East,36564.0
2015,مواد تنظيف (أومو ،نظيف ،دينول)...,Centre West,22800.0
2015,مواد تنظيف (أومو ،نظيف ،دينول)...,Grand Tunis,50993.0
2015,مواد تنظيف (أومو ،نظيف ،دينول)...,National,35943.0
2015,مواد تنظيف (أومو ،نظيف ،دينول)...,North East,36261.0
2015,مواد تنظيف (أومو ،نظيف ،دينول)...,North West,25054.0
2015,مواد تنظيف (أومو ،نظيف ،دينول)...,South East,28299.0
2015,مواد تنظيف (أومو ،نظيف ،دينول)...,South West,28954.0
2015,مواد سكريّة,Centre East,4741.0
2015,مواد سكريّة,Centre West,2476.0
2015,مواد سكريّة,Grand Tunis,7089.0
2015,مواد سكريّة,National,4953.0
2015,مواد سكريّة,North East,5333.0
2015,مواد سكريّة,North West,3743.0
2015,مواد سكريّة,South East,4272.0
2015,مواد سكريّة,South West,4504.0
2015,مواد صيدلية,Centre East,90752.0
2015,مواد صيدلية,Centre West,79450.0
2015,مواد صيدلية,Grand Tunis,107988.0
2015,مواد صيدلية,National,96181.0
2015,مواد صيدلية,North East,99606.0
2015,مواد صيدلية,North West,74700.0
2015,مواد صيدلية,South East,120123.0
2015,مواد صيدلية,South West,95890.0
2015,مواد صيدلية أخرى,Centre East,19212.0
2015,مواد صيدلية أخرى,Centre West,13652.0
2015,مواد صيدلية أخرى,Grand Tunis,24923.0
2015,مواد صيدلية أخرى,National,19398.0
2015,مواد صيدلية أخرى,North East,19438.0
2015,مواد صيدلية أخرى,North West,14244.0
2015,مواد صيدلية أخرى,South East,17994.0
2015,مواد صيدلية أخرى,South West,20502.0
2015,مواد غذائية و مشروبات غير كحولية,Centre East,1191289.0
2015,مواد غذائية و مشروبات غير كحولية,Centre West,822293.0
2015,مواد غذائية و مشروبات غير كحولية,Grand Tunis,1385700.0
2015,مواد غذائية و مشروبات غير كحولية,National,1117654.0
2015,مواد غذائية و مشروبات غير كحولية,North East,1072734.0
2015,مواد غذائية و مشروبات غير كحولية,North West,934302.0
2015,مواد غذائية و مشروبات غير كحولية,South East,992635.0
2015,مواد غذائية و مشروبات غير كحولية,South West,946311.0
2015,موالح,Centre East,372.0
2015,موالح,Centre West,265.0
2015,موالح,Grand Tunis,1848.0
2015,موالح,National,874.0
2015,موالح,North East,1222.0
2015,موالح,North West,797.0
2015,موالح,South East,308.0
2015,موالح,South West,405.0
2015,موز,Centre East,12210.0
2015,موز,Centre West,5923.0
2015,موز,Grand Tunis,16171.0
2015,موز,National,10809.0
2015,موز,North East,8486.0
2015,موز,North West,7360.0
2015,موز,South East,7544.0
2015,موز,South West,9646.0
2015,نظارات شمسية,Centre East,1915.0
2015,نظارات شمسية,Centre West,399.0
2015,نظارات شمسية,Grand Tunis,3033.0
2015,نظارات شمسية,National,1528.0
2015,نظارات شمسية,North East,1065.0
2015,نظارات شمسية,North West,278.0
2015,نظارات شمسية,South East,763.0
2015,نظارات شمسية,South West,501.0
2015,نعل (صباط),Centre East,36926.0
2015,نعل (صباط),Centre West,20832.0
2015,نعل (صباط),Grand Tunis,39711.0
2015,نعل (صباط),National,30621.0
2015,نعل (صباط),North East,24317.0
2015,نعل (صباط),North West,19525.0
2015,نعل (صباط),South East,30487.0
2015,نعل (صباط),South West,21481.0
2015,نفة,Centre East,293.0
2015,نفة,Centre West,866.0
2015,نفة,Grand Tunis,173.0
2015,نفة,National,835.0
2015,نفة,North East,90.0
2015,نفة,North West,3175.0
2015,نفة,South East,2480.0
2015,نفة,South West,743.0
2015,نفقات أخرى,Centre East,8243.0
2015,نفقات أخرى,Centre West,1709.0
2015,نفقات أخرى,Grand Tunis,6674.0
2015,نفقات أخرى,National,5891.0
2015,نفقات أخرى,North East,4238.0
2015,نفقات أخرى,North West,3623.0
2015,نفقات أخرى,South East,9020.0
2015,نفقات أخرى,South West,4590.0
2015,نفقات أخرى لصيانة المنزل,Centre East,738.0
2015,نفقات أخرى لصيانة المنزل,Centre West,263.0
2015,نفقات أخرى لصيانة المنزل,Grand Tunis,755.0
2015,نفقات أخرى لصيانة المنزل,National,621.0
2015,نفقات أخرى لصيانة المنزل,North East,65.0
2015,نفقات أخرى لصيانة المنزل,North West,193.0
2015,نفقات أخرى لصيانة المنزل,South East,1800.0
2015,نفقات أخرى لصيانة المنزل,South West,477.0
2015,نفقات إدارية,Centre East,1314.0
2015,نفقات إدارية,Centre West,452.0
2015,نفقات إدارية,Grand Tunis,474.0
2015,نفقات إدارية,National,809.0
2015,نفقات إدارية,North East,785.0
2015,نفقات إدارية,North West,910.0
2015,نفقات إدارية,South East,460.0
2015,نفقات إدارية,South West,1357.0
2015,نفقات األنترنات,Centre East,16925.0
2015,نفقات األنترنات,Centre West,7264.0
2015,نفقات األنترنات,Grand Tunis,29907.0
2015,نفقات األنترنات,National,17067.0
2015,نفقات األنترنات,North East,14757.0
2015,نفقات األنترنات,North West,8301.0
2015,نفقات األنترنات,South East,12613.0
2015,نفقات األنترنات,South West,12558.0
2015,نفقات استثنائية للتصوير,Centre East,5200.0
2015,نفقات استثنائية للتصوير,Centre West,4393.0
2015,نفقات استثنائية للتصوير,Grand Tunis,6137.0
2015,نفقات استثنائية للتصوير,National,5607.0
2015,نفقات استثنائية للتصوير,North East,9110.0
2015,نفقات استثنائية للتصوير,North West,3126.0
2015,نفقات استثنائية للتصوير,South East,4848.0
2015,نفقات استثنائية للتصوير,South West,5166.0
2015,نفقات الترفيه,Centre East,21369.0
2015,نفقات الترفيه,Centre West,11226.0
2015,نفقات الترفيه,Grand Tunis,31135.0
2015,نفقات الترفيه,National,19297.0
2015,نفقات الترفيه,North East,11552.0
2015,نفقات الترفيه,North West,10924.0
2015,نفقات الترفيه,South East,15706.0
2015,نفقات الترفيه,South West,16622.0
2015,نفقات الترفيه و الثقافة,Centre East,51264.0
2015,نفقات الترفيه و الثقافة,Centre West,20170.0
2015,نفقات الترفيه و الثقافة,Grand Tunis,72646.0
2015,نفقات الترفيه و الثقافة,National,44471.0
2015,نفقات الترفيه و الثقافة,North East,30774.0
2015,نفقات الترفيه و الثقافة,North West,26623.0
2015,نفقات الترفيه و الثقافة,South East,28385.0
2015,نفقات الترفيه و الثقافة,South West,38997.0
2015,نفقات التعليم المدرسي,Centre East,67235.0
2015,نفقات التعليم المدرسي,Centre West,27917.0
2015,نفقات التعليم المدرسي,Grand Tunis,107009.0
2015,نفقات التعليم المدرسي,National,61312.0
2015,نفقات التعليم المدرسي,North East,46898.0
2015,نفقات التعليم المدرسي,North West,32689.0
2015,نفقات التعليم المدرسي,South East,31443.0
2015,نفقات التعليم المدرسي,South West,48013.0
2015,نفقات التنظيف,Centre East,65411.0
2015,نفقات التنظيف,Centre West,39771.0
2015,نفقات التنظيف,Grand Tunis,85002.0
2015,نفقات التنظيف,National,62702.0
2015,نفقات التنظيف,North East,65308.0
2015,نفقات التنظيف,North West,46075.0
2015,نفقات التنظيف,South East,49389.0
2015,نفقات التنظيف,South West,51557.0
2015,نفقات الخياطة و مستلزماتها,Centre East,3162.0
2015,نفقات الخياطة و مستلزماتها,Centre West,526.0
2015,نفقات الخياطة و مستلزماتها,Grand Tunis,2325.0
2015,نفقات الخياطة و مستلزماتها,National,1782.0
2015,نفقات الخياطة و مستلزماتها,North East,515.0
2015,نفقات الخياطة و مستلزماتها,North West,241.0
2015,نفقات الخياطة و مستلزماتها,South East,1548.0
2015,نفقات الخياطة و مستلزماتها,South West,2510.0
2015,نفقات السكن,Centre East,1101198.0
2015,نفقات السكن,Centre West,592803.0
2015,نفقات السكن,Grand Tunis,1568305.0
2015,نفقات السكن,National,1030411.0
2015,نفقات السكن,North East,927812.0
2015,نفقات السكن,North West,636159.0
2015,نفقات السكن,South East,807809.0
2015,نفقات السكن,South West,699956.0
2015,نفقات الصيانة الشخصية,Centre East,65610.0
2015,نفقات الصيانة الشخصية,Centre West,40687.0
2015,نفقات الصيانة الشخصية,Grand Tunis,99364.0
2015,نفقات الصيانة الشخصية,National,67769.0
2015,نفقات الصيانة الشخصية,North East,64280.0
2015,نفقات الصيانة الشخصية,North West,47957.0
2015,نفقات الصيانة الشخصية,South East,49668.0
2015,نفقات الصيانة الشخصية,South West,74157.0
2015,نفقات الصيانة و تصليح السكن,Centre East,110352.0
2015,نفقات الصيانة و تصليح السكن,Centre West,47375.0
2015,نفقات الصيانة و تصليح السكن,Grand Tunis,132020.0
2015,نفقات الصيانة و تصليح السكن,National,92140.0
2015,نفقات الصيانة و تصليح السكن,North East,69498.0
2015,نفقات الصيانة و تصليح السكن,North West,50426.0
2015,نفقات الصيانة و تصليح السكن,South East,96865.0
2015,نفقات الصيانة و تصليح السكن,South West,62753.0
2015,نفقات الطاقة,Centre East,174272.0
2015,نفقات الطاقة,Centre West,113980.0
2015,نفقات الطاقة,Grand Tunis,223324.0
2015,نفقات الطاقة,National,167444.0
2015,نفقات الطاقة,North East,173530.0
2015,نفقات الطاقة,North West,101481.0
2015,نفقات الطاقة,South East,140724.0
2015,نفقات الطاقة,South West,163929.0
2015,نفقات الطاقة والمحروقات,Centre East,200262.0
2015,نفقات الطاقة والمحروقات,Centre West,138503.0
2015,نفقات الطاقة والمحروقات,Grand Tunis,238166.0
2015,نفقات الطاقة والمحروقات,National,192352.0
2015,نفقات الطاقة والمحروقات,North East,204970.0
2015,نفقات الطاقة والمحروقات,North West,133834.0
2015,نفقات الطاقة والمحروقات,South East,169875.0
2015,نفقات الطاقة والمحروقات,South West,192614.0
2015,نفقات العدول و نفقات القضايا و المحاكم,Centre East,1035.0
2015,نفقات العدول و نفقات القضايا و المحاكم,Centre West,0.0
2015,نفقات العدول و نفقات القضايا و المحاكم,Grand Tunis,444.0
2015,نفقات العدول و نفقات القضايا و المحاكم,National,423.0
2015,نفقات العدول و نفقات القضايا و المحاكم,North East,159.0
2015,نفقات العدول و نفقات القضايا و المحاكم,North West,26.0
2015,نفقات العدول و نفقات القضايا و المحاكم,South East,205.0
2015,نفقات العدول و نفقات القضايا و المحاكم,South West,372.0
2015,نفقات العطل في النزل,Centre East,6688.0
2015,نفقات العطل في النزل,Centre West,681.0
2015,نفقات العطل في النزل,Grand Tunis,16389.0
2015,نفقات العطل في النزل,National,6275.0
2015,نفقات العطل في النزل,North East,1286.0
2015,نفقات العطل في النزل,North West,1420.0
2015,نفقات العطل في النزل,South East,1045.0
2015,نفقات العطل في النزل,South West,2490.0
2015,نفقات العطل ما عدى النزل,Centre East,11083.0
2015,نفقات العطل ما عدى النزل,Centre West,6266.0
2015,نفقات العطل ما عدى النزل,Grand Tunis,18586.0
2015,نفقات العطل ما عدى النزل,National,10214.0
2015,نفقات العطل ما عدى النزل,North East,2287.0
2015,نفقات العطل ما عدى النزل,North West,6959.0
2015,نفقات العطل ما عدى النزل,South East,5393.0
2015,نفقات العطل ما عدى النزل,South West,11706.0
2015,نفقات النقل العمومي,Centre East,114619.0
2015,نفقات النقل العمومي,Centre West,85872.0
2015,نفقات النقل العمومي,Grand Tunis,115846.0
2015,نفقات النقل العمومي,National,100829.0
2015,نفقات النقل العمومي,North East,84199.0
2015,نفقات النقل العمومي,North West,94514.0
2015,نفقات النقل العمومي,South East,89698.0
2015,نفقات النقل العمومي,South West,80062.0
2015,نفقات الوالدة,Centre East,3645.0
2015,نفقات الوالدة,Centre West,604.0
2015,نفقات الوالدة,Grand Tunis,4128.0
2015,نفقات الوالدة,National,2669.0
2015,نفقات الوالدة,North East,3421.0
2015,نفقات الوالدة,North West,969.0
2015,نفقات الوالدة,South East,1093.0
2015,نفقات الوالدة,South West,709.0
2015,نفقات اليد العاملة,Centre East,1402.0
2015,نفقات اليد العاملة,Centre West,737.0
2015,نفقات اليد العاملة,Grand Tunis,1186.0
2015,نفقات اليد العاملة,National,965.0
2015,نفقات اليد العاملة,North East,23.0
2015,نفقات اليد العاملة,North West,254.0
2015,نفقات اليد العاملة,South East,1932.0
2015,نفقات اليد العاملة,South West,560.0
2015,نفقات بناء مسكن,Centre East,138892.0
2015,نفقات بناء مسكن,Centre West,72859.0
2015,نفقات بناء مسكن,Grand Tunis,132176.0
2015,نفقات بناء مسكن,National,103390.0
2015,نفقات بناء مسكن,North East,46633.0
2015,نفقات بناء مسكن,North West,81471.0
2015,نفقات بناء مسكن,South East,114086.0
2015,نفقات بناء مسكن,South West,52738.0
2015,نفقات تصليح غير مبوّبة,Centre East,6191.0
2015,نفقات تصليح غير مبوّبة,Centre West,1653.0
2015,نفقات تصليح غير مبوّبة,Grand Tunis,5686.0
2015,نفقات تصليح غير مبوّبة,National,6198.0
2015,نفقات تصليح غير مبوّبة,North East,12945.0
2015,نفقات تصليح غير مبوّبة,North West,1186.0
2015,نفقات تصليح غير مبوّبة,South East,10923.0
2015,نفقات تصليح غير مبوّبة,South West,3705.0
2015,نفقات تعليم أخرى,Centre East,5972.0
2015,نفقات تعليم أخرى,Centre West,2106.0
2015,نفقات تعليم أخرى,Grand Tunis,6343.0
2015,نفقات تعليم أخرى,National,3907.0
2015,نفقات تعليم أخرى,North East,1683.0
2015,نفقات تعليم أخرى,North West,311.0
2015,نفقات تعليم أخرى,South East,3222.0
2015,نفقات تعليم أخرى,South West,1512.0
2015,نفقات خدمات التنظيف,Centre East,423.0
2015,نفقات خدمات التنظيف,Centre West,151.0
2015,نفقات خدمات التنظيف,Grand Tunis,633.0
2015,نفقات خدمات التنظيف,National,366.0
2015,نفقات خدمات التنظيف,North East,133.0
2015,نفقات خدمات التنظيف,North West,344.0
2015,نفقات خدمات التنظيف,South East,254.0
2015,نفقات خدمات التنظيف,South West,230.0
2015,نفقات شراء أرض لبناء مسكن,Centre East,61925.0
2015,نفقات شراء أرض لبناء مسكن,Centre West,19174.0
2015,نفقات شراء أرض لبناء مسكن,Grand Tunis,110452.0
2015,نفقات شراء أرض لبناء مسكن,National,52213.0
2015,نفقات شراء أرض لبناء مسكن,North East,17947.0
2015,نفقات شراء أرض لبناء مسكن,North West,12354.0
2015,نفقات شراء أرض لبناء مسكن,South East,34071.0
2015,نفقات شراء أرض لبناء مسكن,South West,15930.0
2015,نفقات شراء الماء (صهريج ،قرباجي)...,Centre East,2168.0
2015,نفقات شراء الماء (صهريج ،قرباجي)...,Centre West,19107.0
2015,نفقات شراء الماء (صهريج ،قرباجي)...,Grand Tunis,250.0
2015,نفقات شراء الماء (صهريج ،قرباجي)...,National,5580.0
2015,نفقات شراء الماء (صهريج ،قرباجي)...,North East,5040.0
2015,نفقات شراء الماء (صهريج ،قرباجي)...,North West,4993.0
2015,نفقات شراء الماء (صهريج ،قرباجي)...,South East,2229.0
2015,نفقات شراء الماء (صهريج ،قرباجي)...,South West,20903.0
2015,نفقات شراء وتجهيز الهاتف القار والجوال,Centre East,24399.0
2015,نفقات شراء وتجهيز الهاتف القار والجوال,Centre West,13486.0
2015,نفقات شراء وتجهيز الهاتف القار والجوال,Grand Tunis,25163.0
2015,نفقات شراء وتجهيز الهاتف القار والجوال,National,17340.0
2015,نفقات شراء وتجهيز الهاتف القار والجوال,North East,4769.0
2015,نفقات شراء وتجهيز الهاتف القار والجوال,North West,7266.0
2015,نفقات شراء وتجهيز الهاتف القار والجوال,South East,12775.0
2015,نفقات شراء وتجهيز الهاتف القار والجوال,South West,17625.0
2015,نفقات طبية استثنائية,Centre East,67247.0
2015,نفقات طبية استثنائية,Centre West,30060.0
2015,نفقات طبية استثنائية,Grand Tunis,64594.0
2015,نفقات طبية استثنائية,National,51945.0
2015,نفقات طبية استثنائية,North East,54965.0
2015,نفقات طبية استثنائية,North West,32361.0
2015,نفقات طبية استثنائية,South East,41241.0
2015,نفقات طبية استثنائية,South West,26989.0
2015,نفقات طبية عادية,Centre East,57735.0
2015,نفقات طبية عادية,Centre West,43757.0
2015,نفقات طبية عادية,Grand Tunis,71241.0
2015,نفقات طبية عادية,National,61709.0
2015,نفقات طبية عادية,North East,70926.0
2015,نفقات طبية عادية,North West,41528.0
2015,نفقات طبية عادية,South East,85595.0
2015,نفقات طبية عادية,South West,51951.0
2015,نفقات عالج أمراض مزمنة,Centre East,25880.0
2015,نفقات عالج أمراض مزمنة,Centre West,4864.0
2015,نفقات عالج أمراض مزمنة,Grand Tunis,28218.0
2015,نفقات عالج أمراض مزمنة,National,18544.0
2015,نفقات عالج أمراض مزمنة,North East,18929.0
2015,نفقات عالج أمراض مزمنة,North West,10129.0
2015,نفقات عالج أمراض مزمنة,South East,11283.0
2015,نفقات عالج أمراض مزمنة,South West,2386.0
2015,نفقات عالج و جراحة األسنان,Centre East,6111.0
2015,نفقات عالج و جراحة األسنان,Centre West,1793.0
2015,نفقات عالج و جراحة األسنان,Grand Tunis,3823.0
2015,نفقات عالج و جراحة األسنان,National,3269.0
2015,نفقات عالج و جراحة األسنان,North East,1477.0
2015,نفقات عالج و جراحة األسنان,North West,1739.0
2015,نفقات عالج و جراحة األسنان,South East,1822.0
2015,نفقات عالج و جراحة األسنان,South West,1506.0
2015,نفقات غير دورية,Centre East,86167.0
2015,نفقات غير دورية,Centre West,79746.0
2015,نفقات غير دورية,Grand Tunis,94802.0
2015,نفقات غير دورية,National,84043.0
2015,نفقات غير دورية,North East,69744.0
2015,نفقات غير دورية,North West,88424.0
2015,نفقات غير دورية,South East,79014.0
2015,نفقات غير دورية,South West,72540.0
2015,نفقات لفحوصات األطباء,Centre East,33393.0
2015,نفقات لفحوصات األطباء,Centre West,30667.0
2015,نفقات لفحوصات األطباء,Grand Tunis,41982.0
2015,نفقات لفحوصات األطباء,National,38017.0
2015,نفقات لفحوصات األطباء,North East,47296.0
2015,نفقات لفحوصات األطباء,North West,27783.0
2015,نفقات لفحوصات األطباء,South East,49793.0
2015,نفقات لفحوصات األطباء,South West,33653.0
2015,نفقات معاليم ما قبل الدراسة,Centre East,19339.0
2015,نفقات معاليم ما قبل الدراسة,Centre West,3759.0
2015,نفقات معاليم ما قبل الدراسة,Grand Tunis,32940.0
2015,نفقات معاليم ما قبل الدراسة,National,16834.0
2015,نفقات معاليم ما قبل الدراسة,North East,15403.0
2015,نفقات معاليم ما قبل الدراسة,North West,4414.0
2015,نفقات معاليم ما قبل الدراسة,South East,7740.0
2015,نفقات معاليم ما قبل الدراسة,South West,6504.0
2015,نقل ريفي,Centre East,11340.0
2015,نقل ريفي,Centre West,41112.0
2015,نقل ريفي,Grand Tunis,14628.0
2015,نقل ريفي,National,23498.0
2015,نقل ريفي,North East,26159.0
2015,نقل ريفي,North West,54567.0
2015,نقل ريفي,South East,18324.0
2015,نقل ريفي,South West,20873.0
2015,"هريسة ""دياري"" ،فلفل معجون",Centre East,789.0
2015,"هريسة ""دياري"" ،فلفل معجون",Centre West,201.0
2015,"هريسة ""دياري"" ،فلفل معجون",Grand Tunis,6509.0
2015,"هريسة ""دياري"" ،فلفل معجون",National,2316.0
2015,"هريسة ""دياري"" ،فلفل معجون",North East,2746.0
2015,"هريسة ""دياري"" ،فلفل معجون",North West,369.0
2015,"هريسة ""دياري"" ،فلفل معجون",South East,819.0
2015,"هريسة ""دياري"" ،فلفل معجون",South West,351.0
2015,هريسة صناعيّة حكة أو صبة,Centre East,4448.0
2015,هريسة صناعيّة حكة أو صبة,Centre West,4814.0
2015,هريسة صناعيّة حكة أو صبة,Grand Tunis,6330.0
2015,هريسة صناعيّة حكة أو صبة,National,5040.0
2015,هريسة صناعيّة حكة أو صبة,North East,5370.0
2015,هريسة صناعيّة حكة أو صبة,North West,5533.0
2015,هريسة صناعيّة حكة أو صبة,South East,3321.0
2015,هريسة صناعيّة حكة أو صبة,South West,3689.0
2015,هندي,Centre East,1377.0
2015,هندي,Centre West,2828.0
2015,هندي,Grand Tunis,690.0
2015,هندي,National,1396.0
2015,هندي,North East,1806.0
2015,هندي,North West,1311.0
2015,هندي,South East,633.0
2015,هندي,South West,1801.0
2015,هواء  مكيف,Centre East,4553.0
2015,هواء  مكيف,Centre West,1067.0
2015,هواء  مكيف,Grand Tunis,4128.0
2015,هواء  مكيف,National,2824.0
2015,هواء  مكيف,North East,625.0
2015,هواء  مكيف,North West,731.0
2015,هواء  مكيف,South East,2671.0
2015,هواء  مكيف,South West,2978.0
2015,ولتصليح آلالت التسخين ولتكييف,Centre East,1053.0
2015,ولتصليح آلالت التسخين ولتكييف,Centre West,391.0
2015,ولتصليح آلالت التسخين ولتكييف,Grand Tunis,866.0
2015,ولتصليح آلالت التسخين ولتكييف,National,614.0
2015,ولتصليح آلالت التسخين ولتكييف,North East,203.0
2015,ولتصليح آلالت التسخين ولتكييف,North West,120.0
2015,ولتصليح آلالت التسخين ولتكييف,South East,238.0
2015,ولتصليح آلالت التسخين ولتكييف,South West,637.0
2015,ياغورت,Centre East,46573.0
2015,ياغورت,Centre West,32662.0
2015,ياغورت,Grand Tunis,54493.0
2015,ياغورت,National,43449.0
2015,ياغورت,North East,37255.0
2015,ياغورت,North West,27937.0
2015,ياغورت,South East,45794.0
2015,ياغورت,South West,44988.0
2021,آلات تسخين و تكييف الهواء,Centre East,3902.94689
2021,آلات تسخين و تكييف الهواء,Centre West,1696.5503600000002
2021,آلات تسخين و تكييف الهواء,Grand Tunis,7909.24819
2021,آلات تسخين و تكييف الهواء,National,4403.29255
2021,آلات تسخين و تكييف الهواء,North East,3523.9235370000006
2021,آلات تسخين و تكييف الهواء,North West,1704.61365
2021,آلات تسخين و تكييف الهواء,South East,2531.49462
2021,آلات تسخين و تكييف الهواء,South West,7682.87864
2021,أثاث الأسرة,Centre East,44982.02603999999
2021,أثاث الأسرة,Centre West,23521.693170000006
2021,أثاث الأسرة,Grand Tunis,40479.88515
2021,أثاث الأسرة,National,34723.692006000005
2021,أثاث الأسرة,North East,26070.59509200001
2021,أثاث الأسرة,North West,19601.8790224
2021,أثاث الأسرة,South East,41141.62545930002
2021,أثاث الأسرة,South West,30076.40646999999
2021,أثاث، تجهيزات كهربائية و منزلية وخدمات منزلية يومية,Centre East,213217.5859391
2021,أثاث، تجهيزات كهربائية و منزلية وخدمات منزلية يومية,Centre West,119548.7461874
2021,أثاث، تجهيزات كهربائية و منزلية وخدمات منزلية يومية,Grand Tunis,227001.2715036
2021,أثاث، تجهيزات كهربائية و منزلية وخدمات منزلية يومية,National,191367.48549300001
2021,أثاث، تجهيزات كهربائية و منزلية وخدمات منزلية يومية,North East,166253.36129200005
2021,أثاث، تجهيزات كهربائية و منزلية وخدمات منزلية يومية,North West,132255.8169194
2021,أثاث، تجهيزات كهربائية و منزلية وخدمات منزلية يومية,South East,196023.28517430002
2021,أثاث، تجهيزات كهربائية و منزلية وخدمات منزلية يومية,South West,272442.566263
2021,أدوات المطبخ,Centre East,17951.84907
2021,أدوات المطبخ,Centre West,9437.05845
2021,أدوات المطبخ,Grand Tunis,14429.331699999999
2021,أدوات المطبخ,National,14182.0013
2021,أدوات المطبخ,North East,11725.522570000001
2021,أدوات المطبخ,North West,8736.84128
2021,أدوات المطبخ,South East,18900.20463
2021,أدوات المطبخ,South West,16333.689719999998
2021,أسماك,Centre East,130443.75552
2021,أسماك,Centre West,26860.184680000002
2021,أسماك,Grand Tunis,72341.93148
2021,أسماك,National,68361.17956700001
2021,أسماك,North East,48870.645547299995
2021,أسماك,North West,25069.608551999998
2021,أسماك,South East,49804.72752999999
2021,أسماك,South West,37485.507771
2021,أسماك مصبّرة,Centre East,15032.68232
2021,أسماك مصبّرة,Centre West,4428.3913
2021,أسماك مصبّرة,Grand Tunis,19423.204257
2021,أسماك مصبّرة,National,12288.314460000001
2021,أسماك مصبّرة,North East,9167.4802893
2021,أسماك مصبّرة,North West,6904.91555
2021,أسماك مصبّرة,South East,8395.801679999999
2021,أسماك مصبّرة,South West,11396.710466999999
2021,أغطية,Centre East,3849.625893
2021,أغطية,Centre West,2588.192778
2021,أغطية,Grand Tunis,2952.3600746
2021,أغطية,National,3105.3457499999995
2021,أغطية,North East,1712.88319
2021,أغطية,North West,2907.8002859999997
2021,أغطية,South East,4022.33835
2021,أغطية,South West,4185.11487
2021,أقمشة للملبس,Centre East,1837.6744999999999
2021,أقمشة للملبس,Centre West,1781.68106
2021,أقمشة للملبس,Grand Tunis,1186.43513
2021,أقمشة للملبس,National,1328.0552420000001
2021,أقمشة للملبس,North East,1121.255221
2021,أقمشة للملبس,North West,571.58504
2021,أقمشة للملبس,South East,1389.88348
2021,أقمشة للملبس,South West,476.80172
2021,ألعاب,Centre East,2763.859993
2021,ألعاب,Centre West,867.01399
2021,ألعاب,Grand Tunis,4289.59829
2021,ألعاب,National,2654.1872399999997
2021,ألعاب,North East,2998.39977
2021,ألعاب,North West,1969.8358999999998
2021,ألعاب,South East,1046.8137199999999
2021,ألعاب,South West,2134.0311990000005
2021,"اثاث كامل اخر(بيت جلوس، جرايات و وسادات,,,)",Centre East,3564.963
2021,"اثاث كامل اخر(بيت جلوس، جرايات و وسادات,,,)",Centre West,1774.721
2021,"اثاث كامل اخر(بيت جلوس، جرايات و وسادات,,,)",Grand Tunis,1019.321
2021,"اثاث كامل اخر(بيت جلوس، جرايات و وسادات,,,)",National,1817.333
2021,"اثاث كامل اخر(بيت جلوس، جرايات و وسادات,,,)",North East,1043.955
2021,"اثاث كامل اخر(بيت جلوس، جرايات و وسادات,,,)",North West,1447.2
2021,"اثاث كامل اخر(بيت جلوس، جرايات و وسادات,,,)",South East,1547.183
2021,"اثاث كامل اخر(بيت جلوس، جرايات و وسادات,,,)",South West,947.8755
2021,اجاص,Centre East,2271.921
2021,اجاص,Centre West,887.1606
2021,اجاص,Grand Tunis,1920.819
2021,اجاص,National,1878.844
2021,اجاص,North East,1557.505
2021,اجاص,North West,2397.799
2021,اجاص,South East,2081.43
2021,اجاص,South West,1852.129
2021,"ادوات تنظيف (مكنسة، غولة، حكاكة، خرقة، فانتوز، اكياس الفواضل المنزلية,,,)",Centre East,3410.376
2021,"ادوات تنظيف (مكنسة، غولة، حكاكة، خرقة، فانتوز، اكياس الفواضل المنزلية,,,)",Centre West,2417.556
2021,"ادوات تنظيف (مكنسة، غولة، حكاكة، خرقة، فانتوز، اكياس الفواضل المنزلية,,,)",Grand Tunis,11914.87
2021,"ادوات تنظيف (مكنسة، غولة، حكاكة، خرقة، فانتوز، اكياس الفواضل المنزلية,,,)",National,5740.617
2021,"ادوات تنظيف (مكنسة، غولة، حكاكة، خرقة، فانتوز، اكياس الفواضل المنزلية,,,)",North East,4196.305
2021,"ادوات تنظيف (مكنسة، غولة، حكاكة، خرقة، فانتوز، اكياس الفواضل المنزلية,,,)",North West,3561.419
2021,"ادوات تنظيف (مكنسة، غولة، حكاكة، خرقة، فانتوز، اكياس الفواضل المنزلية,,,)",South East,5505.731
2021,"ادوات تنظيف (مكنسة، غولة، حكاكة، خرقة، فانتوز، اكياس الفواضل المنزلية,,,)",South West,4606.611
2021,ارجنتيار، بوفاي,Centre East,388.7828
2021,ارجنتيار، بوفاي,Centre West,316.7052
2021,ارجنتيار، بوفاي,Grand Tunis,82.4177
2021,ارجنتيار، بوفاي,National,250.4314
2021,ارجنتيار، بوفاي,North East,167.0246
2021,ارجنتيار، بوفاي,North West,311.1715
2021,ارجنتيار، بوفاي,South East,397.2528
2021,ارجنتيار، بوفاي,South West,97.43443
2021,ارز حبّ باكوات,Centre East,7895.012
2021,ارز حبّ باكوات,Centre West,4717.135
2021,ارز حبّ باكوات,Grand Tunis,10443.96
2021,ارز حبّ باكوات,National,7830.035
2021,ارز حبّ باكوات,North East,7411.677
2021,ارز حبّ باكوات,North West,5313.09
2021,ارز حبّ باكوات,South East,8846.221
2021,ارز حبّ باكوات,South West,7262.37
2021,اسكالوب,Centre East,16451.67
2021,اسكالوب,Centre West,2895.343
2021,اسكالوب,Grand Tunis,34101.88
2021,اسكالوب,National,17193.69
2021,اسكالوب,North East,16243.48
2021,اسكالوب,North West,5693.702
2021,اسكالوب,South East,11908.78
2021,اسكالوب,South West,11120.39
2021,اشتراكات في منظمات ثقافية  أو رياضية أو نقابية أو سياسية  أونادي ترفيهي,Centre East,7105.488509999999
2021,اشتراكات في منظمات ثقافية  أو رياضية أو نقابية أو سياسية  أونادي ترفيهي,Centre West,1823.8053462
2021,اشتراكات في منظمات ثقافية  أو رياضية أو نقابية أو سياسية  أونادي ترفيهي,Grand Tunis,10631.4105767
2021,اشتراكات في منظمات ثقافية  أو رياضية أو نقابية أو سياسية  أونادي ترفيهي,National,6291.478169999999
2021,اشتراكات في منظمات ثقافية  أو رياضية أو نقابية أو سياسية  أونادي ترفيهي,North East,6577.678769
2021,اشتراكات في منظمات ثقافية  أو رياضية أو نقابية أو سياسية  أونادي ترفيهي,North West,2451.5809152
2021,اشتراكات في منظمات ثقافية  أو رياضية أو نقابية أو سياسية  أونادي ترفيهي,South East,4828.66472
2021,اشتراكات في منظمات ثقافية  أو رياضية أو نقابية أو سياسية  أونادي ترفيهي,South West,2662.7401069999996
2021,اكلة في مطعم,Centre East,20843.83
2021,اكلة في مطعم,Centre West,3142.528
2021,اكلة في مطعم,Grand Tunis,47580.75
2021,اكلة في مطعم,National,18340.96
2021,اكلة في مطعم,North East,5532.521
2021,اكلة في مطعم,North West,889.0336
2021,اكلة في مطعم,South East,3131.741
2021,اكلة في مطعم,South West,3028.814
2021,الأحذية و أغطية القدم (جلدية، بلاستيك، قماش...),Centre East,215985.00023400004
2021,الأحذية و أغطية القدم (جلدية، بلاستيك، قماش...),Centre West,138399.68252899995
2021,الأحذية و أغطية القدم (جلدية، بلاستيك، قماش...),Grand Tunis,273214.4674419999
2021,الأحذية و أغطية القدم (جلدية، بلاستيك، قماش...),National,200098.56938970002
2021,الأحذية و أغطية القدم (جلدية، بلاستيك، قماش...),North East,176266.29718
2021,الأحذية و أغطية القدم (جلدية، بلاستيك، قماش...),North West,163815.79026300003
2021,الأحذية و أغطية القدم (جلدية، بلاستيك، قماش...),South East,129734.91657680001
2021,الأحذية و أغطية القدم (جلدية، بلاستيك، قماش...),South West,194708.6354090001
2021,الأدويــــــــة,Centre East,191391.15899999999
2021,الأدويــــــــة,Centre West,148599.0991
2021,الأدويــــــــة,Grand Tunis,160900.666
2021,الأدويــــــــة,National,173079.116
2021,الأدويــــــــة,North East,169113.7687
2021,الأدويــــــــة,North West,140098.3003
2021,الأدويــــــــة,South East,237109.56249999997
2021,الأدويــــــــة,South West,170030.87266
2021,الأقمشة و الصوف,Centre East,1840.4754329999998
2021,الأقمشة و الصوف,Centre West,1781.68106
2021,الأقمشة و الصوف,Grand Tunis,1186.43513
2021,الأقمشة و الصوف,National,1330.316495
2021,الأقمشة و الصوف,North East,1121.255221
2021,الأقمشة و الصوف,North West,571.58504
2021,الأقمشة و الصوف,South East,1407.4294499999999
2021,الأقمشة و الصوف,South West,476.80172
2021,الإيجار والاستخلاص الشهري و المعلوم البلدي,Centre East,778218.9030229001
2021,الإيجار والاستخلاص الشهري و المعلوم البلدي,Centre West,445606.6423315
2021,الإيجار والاستخلاص الشهري و المعلوم البلدي,Grand Tunis,1338017.2422979998
2021,الإيجار والاستخلاص الشهري و المعلوم البلدي,National,835353.3842518
2021,الإيجار والاستخلاص الشهري و المعلوم البلدي,North East,825509.4689143001
2021,الإيجار والاستخلاص الشهري و المعلوم البلدي,North West,593781.677
2021,الإيجار والاستخلاص الشهري و المعلوم البلدي,South East,641481.072
2021,الإيجار والاستخلاص الشهري و المعلوم البلدي,South West,553366.104
2021,الاتصالات,Centre East,279550.459201
2021,الاتصالات,Centre West,148374.73040200002
2021,الاتصالات,Grand Tunis,259169.66050300005
2021,الاتصالات,National,223873.1880069
2021,الاتصالات,North East,199580.33283
2021,الاتصالات,North West,169164.45281
2021,الاتصالات,South East,195849.531395
2021,الاتصالات,South West,210733.28453099998
2021,الاشتراكات المدرسية,Centre East,986.5363104999999
2021,الاشتراكات المدرسية,Centre West,1954.29146
2021,الاشتراكات المدرسية,Grand Tunis,468.945479
2021,الاشتراكات المدرسية,National,1324.6769000000002
2021,الاشتراكات المدرسية,North East,2257.93442
2021,الاشتراكات المدرسية,North West,1912.656348
2021,الاشتراكات المدرسية,South East,1417.823001
2021,الاشتراكات المدرسية,South West,1498.060821
2021,الاشتراكات غير المدرسية,Centre East,3037.8803589999998
2021,الاشتراكات غير المدرسية,Centre West,2390.61121
2021,الاشتراكات غير المدرسية,Grand Tunis,988.08394
2021,الاشتراكات غير المدرسية,National,2270.53937
2021,الاشتراكات غير المدرسية,North East,3945.4208
2021,الاشتراكات غير المدرسية,North West,2916.40355
2021,الاشتراكات غير المدرسية,South East,1004.751599
2021,الاشتراكات غير المدرسية,South West,946.380857
2021,البناء,Centre East,67394.137
2021,البناء,Centre West,37478.514
2021,البناء,Grand Tunis,26970.759
2021,البناء,National,43648.902
2021,البناء,North East,35785.561
2021,البناء,North West,45174.051999999996
2021,البناء,South East,41039.589
2021,البناء,South West,50533.16186
2021,"الة تسخين (بالكهرباء، بالغاز، بالمازوط او البترول,,,)",Centre East,597.9203
2021,"الة تسخين (بالكهرباء، بالغاز، بالمازوط او البترول,,,)",Centre West,434.9599
2021,"الة تسخين (بالكهرباء، بالغاز، بالمازوط او البترول,,,)",Grand Tunis,1281.458
2021,"الة تسخين (بالكهرباء، بالغاز، بالمازوط او البترول,,,)",National,790.2886
2021,"الة تسخين (بالكهرباء، بالغاز، بالمازوط او البترول,,,)",North East,939.7097
2021,"الة تسخين (بالكهرباء، بالغاز، بالمازوط او البترول,,,)",North West,626.1531
2021,"الة تسخين (بالكهرباء، بالغاز، بالمازوط او البترول,,,)",South East,441.8064
2021,"الة تسخين (بالكهرباء، بالغاز، بالمازوط او البترول,,,)",South West,774.5585
2021,الة غسل الملابس,Centre East,4233.207
2021,الة غسل الملابس,Centre West,1974.742
2021,الة غسل الملابس,Grand Tunis,2322.88
2021,الة غسل الملابس,National,2811.831
2021,الة غسل الملابس,North East,3465.206
2021,الة غسل الملابس,North West,1777.108
2021,الة غسل الملابس,South East,2232.339
2021,الة غسل الملابس,South West,1932.96
2021,التجهيز الصحي,Centre East,9312.6403
2021,التجهيز الصحي,Centre West,3378.7060800000004
2021,التجهيز الصحي,Grand Tunis,6604.7825
2021,التجهيز الصحي,National,6444.1216
2021,التجهيز الصحي,North East,5248.094999999999
2021,التجهيز الصحي,North West,4569.8985
2021,التجهيز الصحي,South East,5502.711290000001
2021,التجهيز الصحي,South West,8513.274
2021,التجهيز و التركيب الكهربائي,Centre East,3276.8376999999996
2021,التجهيز و التركيب الكهربائي,Centre West,1351.44346
2021,التجهيز و التركيب الكهربائي,Grand Tunis,2327.05209
2021,التجهيز و التركيب الكهربائي,National,2431.8121
2021,التجهيز و التركيب الكهربائي,North East,2207.9833
2021,التجهيز و التركيب الكهربائي,North West,2192.11095
2021,التجهيز و التركيب الكهربائي,South East,1311.1122500000001
2021,التجهيز و التركيب الكهربائي,South West,4635.3223696
2021,التعليم,Centre East,81496.066656
2021,التعليم,Centre West,32906.0400929
2021,التعليم,Grand Tunis,137996.183705
2021,التعليم,National,81201.103732
2021,التعليم,North East,70995.89520000001
2021,التعليم,North West,47504.0407124
2021,التعليم,South East,52988.851074
2021,التعليم,South West,75570.5267753
2021,التنظيف بالشائح و الصبيغة,Centre East,313.3351
2021,التنظيف بالشائح و الصبيغة,Centre West,32.43165
2021,التنظيف بالشائح و الصبيغة,Grand Tunis,406.2467
2021,التنظيف بالشائح و الصبيغة,National,216.1626
2021,التنظيف بالشائح و الصبيغة,North East,51.1044
2021,التنظيف بالشائح و الصبيغة,North West,89.34995
2021,التنظيف بالشائح و الصبيغة,South East,144.0617
2021,التنظيف بالشائح و الصبيغة,South West,154.2031
2021,الحبوب,Centre East,205748.92402439998
2021,الحبوب,Centre West,153190.15097910003
2021,الحبوب,Grand Tunis,225980.02530200005
2021,الحبوب,National,196087.63163999998
2021,الحبوب,North East,181636.39508499997
2021,الحبوب,North West,218365.11357699998
2021,الحبوب,South East,164420.497454
2021,الحبوب,South West,170358.230699
2021,الحليب و مشتقاته و البيض,Centre East,271581.513398
2021,الحليب و مشتقاته و البيض,Centre West,163929.9654374
2021,الحليب و مشتقاته و البيض,Grand Tunis,270179.619297
2021,الحليب و مشتقاته و البيض,National,240657.01502899997
2021,الحليب و مشتقاته و البيض,North East,212352.58648290002
2021,الحليب و مشتقاته و البيض,North West,211345.4748538
2021,الحليب و مشتقاته و البيض,South East,209165.15031159995
2021,الحليب و مشتقاته و البيض,South West,334167.723147
2021,الخضر الطازجة,Centre East,224595.23319100004
2021,الخضر الطازجة,Centre West,102895.50963360003
2021,الخضر الطازجة,Grand Tunis,165998.633086
2021,الخضر الطازجة,National,164911.26872
2021,الخضر الطازجة,North East,130301.25925740003
2021,الخضر الطازجة,North West,162817.579106
2021,الخضر الطازجة,South East,171320.135629
2021,الخضر الطازجة,South West,127673.83191499999
2021,الدهن و التبييض و صيانة الأسطح,Centre East,29356.7631
2021,الدهن و التبييض و صيانة الأسطح,Centre West,12703.098259999999
2021,الدهن و التبييض و صيانة الأسطح,Grand Tunis,27947.2128
2021,الدهن و التبييض و صيانة الأسطح,National,24494.292400000002
2021,الدهن و التبييض و صيانة الأسطح,North East,35478.20222
2021,الدهن و التبييض و صيانة الأسطح,North West,11465.081900000001
2021,الدهن و التبييض و صيانة الأسطح,South East,18206.6285
2021,الدهن و التبييض و صيانة الأسطح,South West,21798.9272
2021,الرحلات,Centre East,136.4013
2021,الرحلات,Centre West,13.45651
2021,الرحلات,Grand Tunis,822.0532
2021,الرحلات,National,308.7935
2021,الرحلات,North East,316.9866
2021,الرحلات,North West,32.95235
2021,الرحلات,South East,168.0988
2021,الرحلات,South West,189.7832
2021,الرعاية الشخصية,Centre East,122323.94080000001
2021,الرعاية الشخصية,Centre West,68617.98930000002
2021,الرعاية الشخصية,Grand Tunis,153841.0656
2021,الرعاية الشخصية,National,110993.82859999998
2021,الرعاية الشخصية,North East,87028.0859
2021,الرعاية الشخصية,North West,73112.6386
2021,الرعاية الشخصية,South East,109646.02160000001
2021,الرعاية الشخصية,South West,103947.793
2021,الرعاية الصحية و الشخصية,Centre East,672152.5600200001
2021,الرعاية الصحية و الشخصية,Centre West,479585.313548
2021,الرعاية الصحية و الشخصية,Grand Tunis,665801.88432
2021,الرعاية الصحية و الشخصية,National,609007.450085
2021,الرعاية الصحية و الشخصية,North East,615923.4071849999
2021,الرعاية الصحية و الشخصية,North West,480329.332124
2021,الرعاية الصحية و الشخصية,South East,626995.248283
2021,الرعاية الصحية و الشخصية,South West,574282.579472
2021,الزيوت,Centre East,112360.88744999998
2021,الزيوت,Centre West,68428.710211
2021,الزيوت,Grand Tunis,99459.47785
2021,الزيوت,National,92483.18995999999
2021,الزيوت,North East,86153.161981
2021,الزيوت,North West,69409.555429
2021,الزيوت,South East,91953.3108319
2021,الزيوت,South West,90850.97177
2021,السكر,Centre East,14359.76557
2021,السكر,Centre West,18119.288470000003
2021,السكر,Grand Tunis,17036.685410000002
2021,السكر,National,19388.64304
2021,السكر,North East,19457.96444
2021,السكر,North West,40495.06826000001
2021,السكر,South East,18065.708037999997
2021,السكر,South West,18060.33621
2021,السكر و المواد السكريّة,Centre East,46324.937760999994
2021,السكر و المواد السكريّة,Centre West,34665.722117
2021,السكر و المواد السكريّة,Grand Tunis,67606.35189
2021,السكر و المواد السكريّة,National,51343.32669999999
2021,السكر و المواد السكريّة,North East,45386.50866
2021,السكر و المواد السكريّة,North West,62900.7847247
2021,السكر و المواد السكريّة,South East,43578.376078
2021,السكر و المواد السكريّة,South West,47051.294641700006
2021,السمك الطازج,Centre East,103079.544
2021,السمك الطازج,Centre West,21796.8107
2021,السمك الطازج,Grand Tunis,46184.398909999996
2021,السمك الطازج,National,50510.008700000006
2021,السمك الطازج,North East,37990.176999999996
2021,السمك الطازج,North West,17857.241799999996
2021,السمك الطازج,South East,35796.7772
2021,السمك الطازج,South West,24239.83863
2021,الطيور و قنص الصيد,Centre East,166284.54340999998
2021,الطيور و قنص الصيد,Centre West,109937.2352
2021,الطيور و قنص الصيد,Grand Tunis,176841.87886
2021,الطيور و قنص الصيد,National,148209.55220999997
2021,الطيور و قنص الصيد,North East,143607.565706
2021,الطيور و قنص الصيد,North West,137517.78495
2021,الطيور و قنص الصيد,South East,101349.2998949
2021,الطيور و قنص الصيد,South West,140894.9941
2021,القوارص,Centre East,11233.9366
2021,القوارص,Centre West,11440.34488
2021,القوارص,Grand Tunis,17593.59205
2021,القوارص,National,14277.125100000001
2021,القوارص,North East,16817.487289999997
2021,القوارص,North West,17122.38758
2021,القوارص,South East,12839.9215
2021,القوارص,South West,10093.1268
2021,الكتب والصحف والرحلات,Centre East,7883.9502489999995
2021,الكتب والصحف والرحلات,Centre West,2384.9774962
2021,الكتب والصحف والرحلات,Grand Tunis,12914.6693767
2021,الكتب والصحف والرحلات,National,7298.156389999999
2021,الكتب والصحف والرحلات,North East,7036.960215
2021,الكتب والصحف والرحلات,North West,2708.9804096000003
2021,الكتب والصحف والرحلات,South East,5563.80407
2021,الكتب والصحف والرحلات,South West,3259.4912419999996
2021,المجموع,Centre East,6129935.6475623
2021,المجموع,Centre West,3614070.3249948006
2021,المجموع,Grand Tunis,6874400.581513
2021,المجموع,National,5468349.587886399
2021,المجموع,North East,5056571.284979801
2021,المجموع,North West,4493435.7519322
2021,المجموع,South East,4675169.8952913005
2021,المجموع,South West,4846729.8999715
2021,المسكن الثانوي,Centre East,0.0020229
2021,المسكن الثانوي,Centre West,0.0823315
2021,المسكن الثانوي,Grand Tunis,3.6022980000000002
2021,المسكن الثانوي,National,0.8942518
2021,المسكن الثانوي,North East,0.0219143
2021,المسكن الثانوي,North West,0.0
2021,المسكن الثانوي,South East,0.0
2021,المسكن الثانوي,South West,0.0
2021,المسكن الرئيسي,Centre East,778218.9010000001
2021,المسكن الرئيسي,Centre West,445606.56
2021,المسكن الرئيسي,Grand Tunis,1338013.64
2021,المسكن الرئيسي,National,835352.49
2021,المسكن الرئيسي,North East,825509.447
2021,المسكن الرئيسي,North West,593781.677
2021,المسكن الرئيسي,South East,641481.072
2021,المسكن الرئيسي,South West,553366.104
2021,المشروبات غير الكحولية والأطعمة الجاهزة بالبيت,Centre East,157332.06093000004
2021,المشروبات غير الكحولية والأطعمة الجاهزة بالبيت,Centre West,65718.69562400001
2021,المشروبات غير الكحولية والأطعمة الجاهزة بالبيت,Grand Tunis,188038.94405029996
2021,المشروبات غير الكحولية والأطعمة الجاهزة بالبيت,National,137292.58036
2021,المشروبات غير الكحولية والأطعمة الجاهزة بالبيت,North East,101505.325911
2021,المشروبات غير الكحولية والأطعمة الجاهزة بالبيت,North West,171304.2965238
2021,المشروبات غير الكحولية والأطعمة الجاهزة بالبيت,South East,91338.24394300001
2021,المشروبات غير الكحولية والأطعمة الجاهزة بالبيت,South West,97790.01947599999
2021,المعلوم البلدي السنوي,Centre East,5858.501
2021,المعلوم البلدي السنوي,Centre West,2802.51
2021,المعلوم البلدي السنوي,Grand Tunis,12339.74
2021,المعلوم البلدي السنوي,National,6375.49
2021,المعلوم البلدي السنوي,North East,6277.167
2021,المعلوم البلدي السنوي,North West,2513.177
2021,المعلوم البلدي السنوي,South East,3156.902
2021,المعلوم البلدي السنوي,South West,3145.814
2021,الملابس و الأحذية  والمستلزمات الشخصية,Centre East,732699.9708555001
2021,الملابس و الأحذية  والمستلزمات الشخصية,Centre West,428916.0445657998
2021,الملابس و الأحذية  والمستلزمات الشخصية,Grand Tunis,788358.9531451999
2021,الملابس و الأحذية  والمستلزمات الشخصية,National,634873.9804415001
2021,الملابس و الأحذية  والمستلزمات الشخصية,North East,519858.8751536999
2021,الملابس و الأحذية  والمستلزمات الشخصية,North West,489034.2528404999
2021,الملابس و الأحذية  والمستلزمات الشخصية,South East,537969.1142183001
2021,الملابس و الأحذية  والمستلزمات الشخصية,South West,733769.9128717001
2021,الملاحف و الأغطية و الستائر,Centre East,18275.45539
2021,الملاحف و الأغطية و الستائر,Centre West,9729.20605
2021,الملاحف و الأغطية و الستائر,Grand Tunis,19305.9262246
2021,الملاحف و الأغطية و الستائر,National,15573.33045
2021,الملاحف و الأغطية و الستائر,North East,10936.919903999998
2021,الملاحف و الأغطية و الستائر,North West,9611.24827
2021,الملاحف و الأغطية و الستائر,South East,19753.687579999998
2021,الملاحف و الأغطية و الستائر,South West,16889.18067
2021,المنحة السياحية للسفر إلى الخارج,Centre East,1940.5555000000002
2021,المنحة السياحية للسفر إلى الخارج,Centre West,713.1320901
2021,المنحة السياحية للسفر إلى الخارج,Grand Tunis,2931.1161
2021,المنحة السياحية للسفر إلى الخارج,National,2109.5532000000003
2021,المنحة السياحية للسفر إلى الخارج,North East,2803.6769999999997
2021,المنحة السياحية للسفر إلى الخارج,North West,199.56927349999998
2021,المنحة السياحية للسفر إلى الخارج,South East,3442.609
2021,المنحة السياحية للسفر إلى الخارج,South West,2004.6390999999999
2021,النجارة و البلور و المواد الحديدية,Centre East,8650.55284
2021,النجارة و البلور و المواد الحديدية,Centre West,3379.9364557000004
2021,النجارة و البلور و المواد الحديدية,Grand Tunis,5718.95518
2021,النجارة و البلور و المواد الحديدية,National,6203.3009
2021,النجارة و البلور و المواد الحديدية,North East,8188.944709999999
2021,النجارة و البلور و المواد الحديدية,North West,4910.238099
2021,النجارة و البلور و المواد الحديدية,South East,3118.31212
2021,النجارة و البلور و المواد الحديدية,South West,6711.021958000001
2021,النفقات الكبرى للاقتناء وبناء مسكن,Centre East,154103.96000000002
2021,النفقات الكبرى للاقتناء وبناء مسكن,Centre West,34622.576
2021,النفقات الكبرى للاقتناء وبناء مسكن,Grand Tunis,36916.872674
2021,النفقات الكبرى للاقتناء وبناء مسكن,National,82933.888
2021,النفقات الكبرى للاقتناء وبناء مسكن,North East,100264.7
2021,النفقات الكبرى للاقتناء وبناء مسكن,North West,29025.960307
2021,النفقات الكبرى للاقتناء وبناء مسكن,South East,157477.16999999998
2021,النفقات الكبرى للاقتناء وبناء مسكن,South West,22071.585
2021,النقل و المواصلات,Centre East,469558.74962849997
2021,النقل و المواصلات,Centre West,196564.46727700002
2021,النقل و المواصلات,Grand Tunis,465828.51041300007
2021,النقل و المواصلات,National,375384.3745634
2021,النقل و المواصلات,North East,382478.64793800004
2021,النقل و المواصلات,North West,234033.7276434
2021,النقل و المواصلات,South East,320008.543222
2021,النقل و المواصلات,South West,315742.57910810004
2021,امالح,Centre East,659.1796
2021,امالح,Centre West,261.4384
2021,امالح,Grand Tunis,1764.062
2021,امالح,National,1037.316
2021,امالح,North East,1020.312
2021,امالح,North West,2304.143
2021,امالح,South East,298.6462
2021,امالح,South West,215.873
2021,"انواع اخرى من الخبز (المبسس، خبز طابونة، فنكوش، رقاق،بريوش,,,)",Centre East,11178.28
2021,"انواع اخرى من الخبز (المبسس، خبز طابونة، فنكوش، رقاق،بريوش,,,)",Centre West,2845.331
2021,"انواع اخرى من الخبز (المبسس، خبز طابونة، فنكوش، رقاق،بريوش,,,)",Grand Tunis,20162.79
2021,"انواع اخرى من الخبز (المبسس، خبز طابونة، فنكوش، رقاق،بريوش,,,)",National,11582.54
2021,"انواع اخرى من الخبز (المبسس، خبز طابونة، فنكوش، رقاق،بريوش,,,)",North East,12393.14
2021,"انواع اخرى من الخبز (المبسس، خبز طابونة، فنكوش، رقاق،بريوش,,,)",North West,10175.77
2021,"انواع اخرى من الخبز (المبسس، خبز طابونة، فنكوش، رقاق،بريوش,,,)",South East,6051.523
2021,"انواع اخرى من الخبز (المبسس، خبز طابونة، فنكوش، رقاق،بريوش,,,)",South West,5355.228
2021,اوراق رند,Centre East,98.64504
2021,اوراق رند,Centre West,75.66285
2021,اوراق رند,Grand Tunis,513.9496
2021,اوراق رند,National,218.5578
2021,اوراق رند,North East,141.5556
2021,اوراق رند,North West,122.9016
2021,اوراق رند,South East,157.7473
2021,اوراق رند,South West,237.6591
2021,اوراق معدنية و ماشابهها لحفظ المواد الغذائية,Centre East,2852.141
2021,اوراق معدنية و ماشابهها لحفظ المواد الغذائية,Centre West,1097.956
2021,اوراق معدنية و ماشابهها لحفظ المواد الغذائية,Grand Tunis,7588.226
2021,اوراق معدنية و ماشابهها لحفظ المواد الغذائية,National,3974.652
2021,اوراق معدنية و ماشابهها لحفظ المواد الغذائية,North East,3094.875
2021,اوراق معدنية و ماشابهها لحفظ المواد الغذائية,North West,2475.148
2021,اوراق معدنية و ماشابهها لحفظ المواد الغذائية,South East,3961.197
2021,اوراق معدنية و ماشابهها لحفظ المواد الغذائية,South West,4607.125
2021,بترول ازرق (قاز),Centre East,174.3832
2021,بترول ازرق (قاز),Centre West,0.669398
2021,بترول ازرق (قاز),Grand Tunis,108.8382
2021,بترول ازرق (قاز),National,90.89046
2021,بترول ازرق (قاز),North East,1.13287
2021,بترول ازرق (قاز),North West,148.4026
2021,بترول ازرق (قاز),South East,46.93125
2021,بترول ازرق (قاز),South West,56.52212
2021,برتقال,Centre East,8278.916
2021,برتقال,Centre West,8844.221
2021,برتقال,Grand Tunis,8222.782
2021,برتقال,National,8523.08
2021,برتقال,North East,8074.451
2021,برتقال,North West,8198.615
2021,برتقال,South East,10780.43
2021,برتقال,South West,8184.998
2021,برغل,Centre East,631.2416
2021,برغل,Centre West,97.58953
2021,برغل,Grand Tunis,753.4496
2021,برغل,National,457.5227
2021,برغل,North East,428.2927
2021,برغل,North West,138.8559
2021,برغل,South East,127.1117
2021,برغل,South West,436.1961
2021,برنس,Centre East,269.39708
2021,برنس,Centre West,246.193455
2021,برنس,Grand Tunis,153.2759878
2021,برنس,National,240.81269780000002
2021,برنس,North East,161.6798
2021,برنس,North West,42.0001756
2021,برنس,South East,766.8324691999999
2021,برنس,South West,191.97140000000002
2021,بروكلو,Centre East,215.0151
2021,بروكلو,Centre West,243.3818
2021,بروكلو,Grand Tunis,577.8758
2021,بروكلو,National,437.5477
2021,بروكلو,North East,481.046
2021,بروكلو,North West,767.1871
2021,بروكلو,South East,441.993
2021,بروكلو,South West,518.4242
2021,بريك,Centre East,91.89536
2021,بريك,Centre West,98.47958
2021,بريك,Grand Tunis,347.3637
2021,بريك,National,145.1516
2021,بريك,North East,51.701
2021,بريك,North West,15.26424
2021,بريك,South East,169.4566
2021,بريك,South West,24.89793
2021,بسباس,Centre East,1004.015
2021,بسباس,Centre West,1285.804
2021,بسباس,Grand Tunis,2473.517
2021,بسباس,National,1576.456
2021,بسباس,North East,2067.273
2021,بسباس,North West,1775.832
2021,بسباس,South East,610.3831
2021,بسباس,South West,732.2067
2021,"بسكويت، بسكويت محشي (قوفرات,,,)",Centre East,14350.74
2021,"بسكويت، بسكويت محشي (قوفرات,,,)",Centre West,8280.767
2021,"بسكويت، بسكويت محشي (قوفرات,,,)",Grand Tunis,11163.58
2021,"بسكويت، بسكويت محشي (قوفرات,,,)",National,12222.32
2021,"بسكويت، بسكويت محشي (قوفرات,,,)",North East,9590.467
2021,"بسكويت، بسكويت محشي (قوفرات,,,)",North West,17212.29
2021,"بسكويت، بسكويت محشي (قوفرات,,,)",South East,11157.6
2021,"بسكويت، بسكويت محشي (قوفرات,,,)",South West,16317.09
2021,بسيسة,Centre East,3249.415
2021,بسيسة,Centre West,1231.445
2021,بسيسة,Grand Tunis,2527.156
2021,بسيسة,National,2373.282
2021,بسيسة,North East,1146.369
2021,بسيسة,North West,912.2892
2021,بسيسة,South East,5304.857
2021,بسيسة,South West,1540.475
2021,بشكير لتغطية الرأس (شاش),Centre East,181.782302
2021,بشكير لتغطية الرأس (شاش),Centre West,51.677828
2021,بشكير لتغطية الرأس (شاش),Grand Tunis,180.88966959999996
2021,بشكير لتغطية الرأس (شاش),National,103.14223039999999
2021,بشكير لتغطية الرأس (شاش),North East,10.812017
2021,بشكير لتغطية الرأس (شاش),North West,5.6925342
2021,بشكير لتغطية الرأس (شاش),South East,36.7952649
2021,بشكير لتغطية الرأس (شاش),South West,60.32172
2021,بصل اخضر,Centre East,18557.69
2021,بصل اخضر,Centre West,8629.011
2021,بصل اخضر,Grand Tunis,8133.935
2021,بصل اخضر,National,10641.98
2021,بصل اخضر,North East,9823.799
2021,بصل اخضر,North West,6635.898
2021,بصل اخضر,South East,7741.52
2021,بصل اخضر,South West,6222.225
2021,بصل شائح,Centre East,8736.402
2021,بصل شائح,Centre West,3725.861
2021,بصل شائح,Grand Tunis,7439.821
2021,بصل شائح,National,10905.43
2021,بصل شائح,North East,5794.902
2021,بصل شائح,North West,7783.906
2021,بصل شائح,South East,48164.44
2021,بصل شائح,South West,10031.0
2021,بطاطا,Centre East,52095.37
2021,بطاطا,Centre West,18668.24
2021,بطاطا,Grand Tunis,24925.88
2021,بطاطا,National,30746.28
2021,بطاطا,North East,26510.54
2021,بطاطا,North West,26122.67
2021,بطاطا,South East,21793.6
2021,بطاطا,South West,26071.98
2021,بطيخ,Centre East,9051.983
2021,بطيخ,Centre West,3480.605
2021,بطيخ,Grand Tunis,8091.293
2021,بطيخ,National,6945.443
2021,بطيخ,North East,5684.1
2021,بطيخ,North West,5190.461
2021,بطيخ,South East,7278.188
2021,بطيخ,South West,6727.892
2021,بقول خضراء,Centre East,6078.602281
2021,بقول خضراء,Centre West,4217.395025000001
2021,بقول خضراء,Grand Tunis,9398.155077
2021,بقول خضراء,National,8587.752813000001
2021,بقول خضراء,North East,5307.55403
2021,بقول خضراء,North West,28538.821661
2021,بقول خضراء,South East,3796.513419
2021,بقول خضراء,South West,5934.163852000001
2021,بقول شائحة,Centre East,23634.5402426
2021,بقول شائحة,Centre West,19462.16335
2021,بقول شائحة,Grand Tunis,23243.09756
2021,بقول شائحة,National,22002.16864
2021,بقول شائحة,North East,15321.05034
2021,بقول شائحة,North West,23831.94904
2021,بقول شائحة,South East,23287.580329999997
2021,بقول شائحة,South West,27036.269551999998
2021,بقول مصبّرة,Centre East,50.797889399999995
2021,بقول مصبّرة,Centre West,23.434730000000002
2021,بقول مصبّرة,Grand Tunis,647.51433
2021,بقول مصبّرة,National,208.78713700000003
2021,بقول مصبّرة,North East,144.254413
2021,بقول مصبّرة,North West,49.566124
2021,بقول مصبّرة,South East,57.78061420000001
2021,بقول مصبّرة,South West,88.97784409999998
2021,بقول منفّخة,Centre East,1242.5511999999999
2021,بقول منفّخة,Centre West,503.385735
2021,بقول منفّخة,Grand Tunis,5177.341251899999
2021,بقول منفّخة,National,2153.112985
2021,بقول منفّخة,North East,2350.5022870000003
2021,بقول منفّخة,North West,457.16846300000003
2021,بقول منفّخة,South East,615.04892
2021,بقول منفّخة,South West,1698.869827
2021,بقول و توابل,Centre East,46826.658238
2021,بقول و توابل,Centre West,35407.442375
2021,بقول و توابل,Grand Tunis,58268.992030899986
2021,بقول و توابل,National,48478.301405
2021,بقول و توابل,North East,37682.118901
2021,بقول و توابل,North West,64788.216339
2021,بقول و توابل,South East,40374.2214331
2021,بقول و توابل,South West,54112.37033410001
2021,بلاكار,Centre East,1226.872
2021,بلاكار,Centre West,714.9491
2021,بلاكار,Grand Tunis,2179.883
2021,بلاكار,National,1611.502
2021,بلاكار,North East,3266.836
2021,بلاكار,North West,571.915
2021,بلاكار,South East,512.8102
2021,بلاكار,South West,2352.856
2021,بلغة، ببوش، كنترة,Centre East,1506.6555190000001
2021,بلغة، ببوش، كنترة,Centre West,890.838919
2021,بلغة، ببوش، كنترة,Grand Tunis,635.46041
2021,بلغة، ببوش، كنترة,National,1709.2029097
2021,بلغة، ببوش، كنترة,North East,1105.213214
2021,بلغة، ببوش، كنترة,North West,220.144948
2021,بلغة، ببوش، كنترة,South East,4870.9435228
2021,بلغة، ببوش، كنترة,South West,8401.939524
2021,بن صافية (كعب او مدشّشة او مرحيّة),Centre East,6056.171
2021,بن صافية (كعب او مدشّشة او مرحيّة),Centre West,6037.967
2021,بن صافية (كعب او مدشّشة او مرحيّة),Grand Tunis,10551.4
2021,بن صافية (كعب او مدشّشة او مرحيّة),National,8247.358
2021,بن صافية (كعب او مدشّشة او مرحيّة),North East,7553.276
2021,بن صافية (كعب او مدشّشة او مرحيّة),North West,8699.776
2021,بن صافية (كعب او مدشّشة او مرحيّة),South East,6749.463
2021,بن صافية (كعب او مدشّشة او مرحيّة),South West,16234.47
2021,بن مخلطة (مدشّشة او مرحيّة),Centre East,6092.691
2021,بن مخلطة (مدشّشة او مرحيّة),Centre West,2291.079
2021,بن مخلطة (مدشّشة او مرحيّة),Grand Tunis,2943.934
2021,بن مخلطة (مدشّشة او مرحيّة),National,4068.128
2021,بن مخلطة (مدشّشة او مرحيّة),North East,4388.824
2021,بن مخلطة (مدشّشة او مرحيّة),North West,6054.252
2021,بن مخلطة (مدشّشة او مرحيّة),South East,3403.205
2021,بن مخلطة (مدشّشة او مرحيّة),South West,1038.832
2021,بن مستحضرة سريعة الذوبان (نسكافي، ماكسوال),Centre East,8855.529
2021,بن مستحضرة سريعة الذوبان (نسكافي، ماكسوال),Centre West,2725.446
2021,بن مستحضرة سريعة الذوبان (نسكافي، ماكسوال),Grand Tunis,19152.45
2021,بن مستحضرة سريعة الذوبان (نسكافي، ماكسوال),National,9810.499
2021,بن مستحضرة سريعة الذوبان (نسكافي، ماكسوال),North East,10119.29
2021,بن مستحضرة سريعة الذوبان (نسكافي، ماكسوال),North West,5033.749
2021,بن مستحضرة سريعة الذوبان (نسكافي، ماكسوال),South East,6046.872
2021,بن مستحضرة سريعة الذوبان (نسكافي، ماكسوال),South West,3252.669
2021,بنتوفل,Centre East,320.118602
2021,بنتوفل,Centre West,344.213298
2021,بنتوفل,Grand Tunis,452.029444
2021,بنتوفل,National,382.257535
2021,بنتوفل,North East,629.947773
2021,بنتوفل,North West,267.26942
2021,بنتوفل,South East,87.703567
2021,بنتوفل,South West,495.10380000000004
2021,بندق، فزدق، بوفريوة، جوزة، فواكه جافة مخلطة,Centre East,3443.867
2021,بندق، فزدق، بوفريوة، جوزة، فواكه جافة مخلطة,Centre West,1016.941
2021,بندق، فزدق، بوفريوة، جوزة، فواكه جافة مخلطة,Grand Tunis,5637.255
2021,بندق، فزدق، بوفريوة، جوزة، فواكه جافة مخلطة,National,3312.476
2021,بندق، فزدق، بوفريوة، جوزة، فواكه جافة مخلطة,North East,2582.455
2021,بندق، فزدق، بوفريوة، جوزة، فواكه جافة مخلطة,North West,2508.096
2021,بندق، فزدق، بوفريوة، جوزة، فواكه جافة مخلطة,South East,2231.796
2021,بندق، فزدق، بوفريوة، جوزة، فواكه جافة مخلطة,South West,2935.634
2021,بنزين للسيارات,Centre East,79305.2
2021,بنزين للسيارات,Centre West,26510.29
2021,بنزين للسيارات,Grand Tunis,177698.2
2021,بنزين للسيارات,National,89250.0
2021,بنزين للسيارات,North East,71808.31
2021,بنزين للسيارات,North West,32869.37
2021,بنزين للسيارات,South East,70414.7
2021,بنزين للسيارات,South West,66086.2
2021,بنزين مخلط للدراجات النارية,Centre East,22879.87
2021,بنزين مخلط للدراجات النارية,Centre West,12704.85
2021,بنزين مخلط للدراجات النارية,Grand Tunis,3816.355
2021,بنزين مخلط للدراجات النارية,National,14946.74
2021,بنزين مخلط للدراجات النارية,North East,19992.88
2021,بنزين مخلط للدراجات النارية,North West,5594.267
2021,بنزين مخلط للدراجات النارية,South East,24580.2
2021,بنزين مخلط للدراجات النارية,South West,23508.81
2021,بنك,Centre East,954.6544
2021,بنك,Centre West,380.4954
2021,بنك,Grand Tunis,623.7659
2021,بنك,National,533.7363
2021,بنك,North East,248.5887
2021,بنك,North West,453.7038
2021,بنك,South East,153.7876
2021,بنك,South West,161.2725
2021,بوط,Centre East,826.5896150000001
2021,بوط,Centre West,407.11471800000004
2021,بوط,Grand Tunis,1061.5022929999998
2021,بوط,National,742.1065269999999
2021,بوط,North East,375.532368
2021,بوط,North West,1025.2294800000002
2021,بوط,South East,563.7971749999999
2021,بوط,South West,455.456381
2021,بيت نوم,Centre East,8764.629
2021,بيت نوم,Centre West,3608.218
2021,بيت نوم,Grand Tunis,6535.159
2021,بيت نوم,National,5556.92
2021,بيت نوم,North East,2491.219
2021,بيت نوم,North West,2690.702
2021,بيت نوم,South East,6908.595
2021,بيت نوم,South West,2676.625
2021,بيتزا متناولة بالبيت,Centre East,30.67045
2021,بيتزا متناولة بالبيت,Centre West,180.0034
2021,بيتزا متناولة بالبيت,Grand Tunis,21.91469
2021,بيتزا متناولة بالبيت,National,81.20566
2021,بيتزا متناولة بالبيت,North East,45.8376
2021,بيتزا متناولة بالبيت,North West,4.092639
2021,بيتزا متناولة بالبيت,South East,2.433723
2021,بيتزا متناولة بالبيت,South West,698.6646
2021,بيتزا، مطبقة,Centre East,18738.9
2021,بيتزا، مطبقة,Centre West,2706.766
2021,بيتزا، مطبقة,Grand Tunis,33668.77
2021,بيتزا، مطبقة,National,16019.25
2021,بيتزا، مطبقة,North East,10226.84
2021,بيتزا، مطبقة,North West,3325.035
2021,بيتزا، مطبقة,South East,7060.923
2021,بيتزا، مطبقة,South West,9898.091
2021,بيجاما,Centre East,10409.271739999998
2021,بيجاما,Centre West,6136.918217
2021,بيجاما,Grand Tunis,8720.054110000001
2021,بيجاما,National,7082.236320000001
2021,بيجاما,North East,5427.1540700000005
2021,بيجاما,North West,3578.67519
2021,بيجاما,South East,2527.718265
2021,بيجاما,South West,5691.926699000001
2021,بيض,Centre East,46515.3773
2021,بيض,Centre West,31508.56555
2021,بيض,Grand Tunis,48922.587999999996
2021,بيض,National,45801.3779
2021,بيض,North East,46952.2766
2021,بيض,North West,55990.116400000006
2021,بيض,South East,40500.3075
2021,بيض,South West,49615.3223
2021,تأمين الدراجة النارية,Centre East,1494.985
2021,تأمين الدراجة النارية,Centre West,343.8734
2021,تأمين الدراجة النارية,Grand Tunis,1547.41
2021,تأمين الدراجة النارية,National,1261.956
2021,تأمين الدراجة النارية,North East,1612.544
2021,تأمين الدراجة النارية,North West,1614.41
2021,تأمين الدراجة النارية,South East,657.9951
2021,تأمين الدراجة النارية,South West,585.9982
2021,تأمين السيارة,Centre East,33913.28
2021,تأمين السيارة,Centre West,11024.18
2021,تأمين السيارة,Grand Tunis,57461.06
2021,تأمين السيارة,National,31968.88
2021,تأمين السيارة,North East,27633.21
2021,تأمين السيارة,North West,13622.12
2021,تأمين السيارة,South East,23431.35
2021,تأمين السيارة,South West,18214.09
2021,تابل,Centre East,1241.701
2021,تابل,Centre West,644.7261
2021,تابل,Grand Tunis,4314.362
2021,تابل,National,2196.8
2021,تابل,North East,2994.821
2021,تابل,North West,2107.48
2021,تابل,South East,926.708
2021,تابل,South West,804.4714
2021,تابل و كروية,Centre East,2110.714
2021,تابل و كروية,Centre West,4284.926
2021,تابل و كروية,Grand Tunis,2884.964
2021,تابل و كروية,National,2653.057
2021,تابل و كروية,North East,784.6398
2021,تابل و كروية,North West,2348.744
2021,تابل و كروية,South East,3480.389
2021,تابل و كروية,South West,4135.587
2021,تاكسي,Centre East,31062.03
2021,تاكسي,Centre West,10584.08
2021,تاكسي,Grand Tunis,58914.52
2021,تاكسي,National,34717.13
2021,تاكسي,North East,30901.23
2021,تاكسي,North West,18209.19
2021,تاكسي,South East,42103.72
2021,تاكسي,South West,27712.48
2021,تبغ و نفة و معسل,Centre East,210649.5772192
2021,تبغ و نفة و معسل,Centre West,122394.45133400001
2021,تبغ و نفة و معسل,Grand Tunis,208169.39010000002
2021,تبغ و نفة و معسل,National,176107.261
2021,تبغ و نفة و معسل,North East,206492.59860000003
2021,تبغ و نفة و معسل,North West,201497.15645500002
2021,تبغ و نفة و معسل,South East,57229.3911
2021,تبغ و نفة و معسل,South West,80486.1231
2021,تجهيزات المطبخ,Centre East,5150.894556
2021,تجهيزات المطبخ,Centre West,2413.6438200000002
2021,تجهيزات المطبخ,Grand Tunis,3211.21963
2021,تجهيزات المطبخ,National,3453.89571
2021,تجهيزات المطبخ,North East,2302.9120399999997
2021,تجهيزات المطبخ,North West,2139.31205
2021,تجهيزات المطبخ,South East,5768.870989999999
2021,تجهيزات المطبخ,South West,1110.250298
2021,تجهيزات كهربائية للمنزل,Centre East,28952.2533
2021,تجهيزات كهربائية للمنزل,Centre West,12623.201869999999
2021,تجهيزات كهربائية للمنزل,Grand Tunis,19246.4231
2021,تجهيزات كهربائية للمنزل,National,19958.1123
2021,تجهيزات كهربائية للمنزل,North East,19483.16486
2021,تجهيزات كهربائية للمنزل,North West,13814.13859
2021,تجهيزات كهربائية للمنزل,South East,17668.34147
2021,تجهيزات كهربائية للمنزل,South West,17429.14064
2021,تجهيزات كهربائية و منزلية,Centre East,38723.054956
2021,تجهيزات كهربائية و منزلية,Centre West,17835.015187
2021,تجهيزات كهربائية و منزلية,Grand Tunis,30673.650884
2021,تجهيزات كهربائية و منزلية,National,28514.697455000005
2021,تجهيزات كهربائية و منزلية,North East,27029.283517000003
2021,تجهيزات كهربائية و منزلية,North West,18092.961276
2021,تجهيزات كهربائية و منزلية,South East,26216.82398
2021,تجهيزات كهربائية و منزلية,South West,26254.015207
2021,تحويلا مالية  داخل الوطن,Centre East,952.4658299999999
2021,تحويلا مالية  داخل الوطن,Centre West,192.1864237
2021,تحويلا مالية  داخل الوطن,Grand Tunis,1880.1848
2021,تحويلا مالية  داخل الوطن,National,883.9058529999999
2021,تحويلا مالية  داخل الوطن,North East,540.8543
2021,تحويلا مالية  داخل الوطن,North West,211.20763599999998
2021,تحويلا مالية  داخل الوطن,South East,540.4599900000001
2021,تحويلا مالية  داخل الوطن,South West,460.6967985
2021,تصليح  وسيلة نقل,Centre East,33007.6795
2021,تصليح  وسيلة نقل,Centre West,10055.22446
2021,تصليح  وسيلة نقل,Grand Tunis,19465.9794
2021,تصليح  وسيلة نقل,National,21543.6751
2021,تصليح  وسيلة نقل,North East,22234.679
2021,تصليح  وسيلة نقل,North West,9884.395100000002
2021,تصليح  وسيلة نقل,South East,26604.832300000002
2021,تصليح  وسيلة نقل,South West,19099.7674
2021,تعليم السياقة,Centre East,3671.607
2021,تعليم السياقة,Centre West,1196.623
2021,تعليم السياقة,Grand Tunis,2748.017
2021,تعليم السياقة,National,2518.296
2021,تعليم السياقة,North East,1961.096
2021,تعليم السياقة,North West,1250.026
2021,تعليم السياقة,South East,2851.298
2021,تعليم السياقة,South West,2787.786
2021,تفاح,Centre East,12237.63
2021,تفاح,Centre West,7574.142
2021,تفاح,Grand Tunis,12530.97
2021,تفاح,National,10721.33
2021,تفاح,North East,8939.36
2021,تفاح,North West,10622.49
2021,تفاح,South East,10552.0
2021,تفاح,South West,8490.259
2021,"تكاليف الطحن(حبوب، توابل، حمص، زقوقو، لوز,,,)",Centre East,334.1369
2021,"تكاليف الطحن(حبوب، توابل، حمص، زقوقو، لوز,,,)",Centre West,430.3727
2021,"تكاليف الطحن(حبوب، توابل، حمص، زقوقو، لوز,,,)",Grand Tunis,372.3498
2021,"تكاليف الطحن(حبوب، توابل، حمص، زقوقو، لوز,,,)",National,396.4983
2021,"تكاليف الطحن(حبوب، توابل، حمص، زقوقو، لوز,,,)",North East,163.7138
2021,"تكاليف الطحن(حبوب، توابل، حمص، زقوقو، لوز,,,)",North West,775.4383
2021,"تكاليف الطحن(حبوب، توابل، حمص، زقوقو، لوز,,,)",South East,241.4637
2021,"تكاليف الطحن(حبوب، توابل، حمص، زقوقو، لوز,,,)",South West,856.8726
2021,"تكاليف ذبح (رحي السكاكينتشويط الراس,,,)",Centre East,1776.641
2021,"تكاليف ذبح (رحي السكاكينتشويط الراس,,,)",Centre West,286.6066
2021,"تكاليف ذبح (رحي السكاكينتشويط الراس,,,)",Grand Tunis,2557.413
2021,"تكاليف ذبح (رحي السكاكينتشويط الراس,,,)",National,1542.831
2021,"تكاليف ذبح (رحي السكاكينتشويط الراس,,,)",North East,1626.599
2021,"تكاليف ذبح (رحي السكاكينتشويط الراس,,,)",North West,948.1291
2021,"تكاليف ذبح (رحي السكاكينتشويط الراس,,,)",South East,773.0396
2021,"تكاليف ذبح (رحي السكاكينتشويط الراس,,,)",South West,1113.554
2021,تكاليف طهي المرطبات,Centre East,101.7783
2021,تكاليف طهي المرطبات,Centre West,22.44444
2021,تكاليف طهي المرطبات,Grand Tunis,28.72219
2021,تكاليف طهي المرطبات,National,88.17216
2021,تكاليف طهي المرطبات,North East,163.8627
2021,تكاليف طهي المرطبات,North West,280.2617
2021,تكاليف طهي المرطبات,South East,3.503141
2021,تكاليف طهي المرطبات,South West,41.16547
2021,تلفاز,Centre East,7084.495
2021,تلفاز,Centre West,3129.844
2021,تلفاز,Grand Tunis,7831.752
2021,تلفاز,National,5611.853
2021,تلفاز,North East,4719.844
2021,تلفاز,North West,3414.017
2021,تلفاز,South East,4013.158
2021,تلفاز,South West,4110.058
2021,تماق,Centre East,1087.2548789999998
2021,تماق,Centre West,17.44309
2021,تماق,Grand Tunis,2324.7229919999995
2021,تماق,National,1457.70212
2021,تماق,North East,4130.885161
2021,تماق,North West,56.95652
2021,تماق,South East,0.0
2021,تماق,South West,725.0264399999999
2021,تمر,Centre East,4111.304
2021,تمر,Centre West,7764.117
2021,تمر,Grand Tunis,6345.055
2021,تمر,National,10559.4
2021,تمر,North East,3037.261
2021,تمر,North West,61742.64
2021,تمر,South East,1869.589
2021,تمر,South West,3728.3
2021,تن مصبّر,Centre East,14610.9
2021,تن مصبّر,Centre West,3972.583
2021,تن مصبّر,Grand Tunis,18140.2
2021,تن مصبّر,National,11672.26
2021,تن مصبّر,North East,8809.341
2021,تن مصبّر,North West,6683.926
2021,تن مصبّر,South East,8188.635
2021,تن مصبّر,South West,10459.64
2021,"توابل اخرى (قرفة، زعفران ، شوش ورد، زعتر كليل، حبة حلاوة، راس حانوت,,,)",Centre East,1093.943
2021,"توابل اخرى (قرفة، زعفران ، شوش ورد، زعتر كليل، حبة حلاوة، راس حانوت,,,)",Centre West,449.9555
2021,"توابل اخرى (قرفة، زعفران ، شوش ورد، زعتر كليل، حبة حلاوة، راس حانوت,,,)",Grand Tunis,946.7335
2021,"توابل اخرى (قرفة، زعفران ، شوش ورد، زعتر كليل، حبة حلاوة، راس حانوت,,,)",National,927.6454
2021,"توابل اخرى (قرفة، زعفران ، شوش ورد، زعتر كليل، حبة حلاوة، راس حانوت,,,)",North East,776.7931
2021,"توابل اخرى (قرفة، زعفران ، شوش ورد، زعتر كليل، حبة حلاوة، راس حانوت,,,)",North West,891.9715
2021,"توابل اخرى (قرفة، زعفران ، شوش ورد، زعتر كليل، حبة حلاوة، راس حانوت,,,)",South East,1236.723
2021,"توابل اخرى (قرفة، زعفران ، شوش ورد، زعتر كليل، حبة حلاوة، راس حانوت,,,)",South West,1186.848
2021,توابل بدون تمييز او مخلّط,Centre East,43.16876
2021,توابل بدون تمييز او مخلّط,Centre West,6.068071
2021,توابل بدون تمييز او مخلّط,Grand Tunis,34.88467
2021,توابل بدون تمييز او مخلّط,National,53.2909
2021,توابل بدون تمييز او مخلّط,North East,31.10669
2021,توابل بدون تمييز او مخلّط,North West,3.492845
2021,توابل بدون تمييز او مخلّط,South East,0.6077899
2021,توابل بدون تمييز او مخلّط,South West,528.8078
2021,توابل جافّة,Centre East,14288.36506
2021,توابل جافّة,Centre West,9397.789546000002
2021,توابل جافّة,Grand Tunis,17028.819
2021,توابل جافّة,National,13525.37219
2021,توابل جافّة,North East,13058.359
2021,توابل جافّة,North West,10120.33615
2021,توابل جافّة,South East,11004.143970000001
2021,توابل جافّة,South West,15958.507379
2021,توابل طازجة (خضراء),Centre East,662.350565
2021,توابل طازجة (خضراء),Centre West,288.958989
2021,توابل طازجة (خضراء),Grand Tunis,1681.186812
2021,توابل طازجة (خضراء),National,928.58364
2021,توابل طازجة (خضراء),North East,492.73283100000003
2021,توابل طازجة (خضراء),North West,474.95490100000006
2021,توابل طازجة (خضراء),South East,937.1825799
2021,توابل طازجة (خضراء),South West,2192.72688
2021,ثلاجة او مجمّد,Centre East,7598.745
2021,ثلاجة او مجمّد,Centre West,5423.825
2021,ثلاجة او مجمّد,Grand Tunis,5561.959
2021,ثلاجة او مجمّد,National,6073.123
2021,ثلاجة او مجمّد,North East,6749.765
2021,ثلاجة او مجمّد,North West,5971.103
2021,ثلاجة او مجمّد,South East,4947.423
2021,ثلاجة او مجمّد,South West,3516.294
2021,ثوم اخضر,Centre East,2885.51
2021,ثوم اخضر,Centre West,2469.647
2021,ثوم اخضر,Grand Tunis,2012.788
2021,ثوم اخضر,National,1998.908
2021,ثوم اخضر,North East,1135.674
2021,ثوم اخضر,North West,691.9527
2021,ثوم اخضر,South East,2402.91
2021,ثوم اخضر,South West,898.2033
2021,ثوم شائح,Centre East,7235.01
2021,ثوم شائح,Centre West,5611.944
2021,ثوم شائح,Grand Tunis,10776.16
2021,ثوم شائح,National,7981.267
2021,ثوم شائح,North East,8051.524
2021,ثوم شائح,North West,6130.771
2021,ثوم شائح,South East,7364.714
2021,ثوم شائح,South West,8621.743
2021,جال دوش، كريم مرطب,Centre East,5253.515
2021,جال دوش، كريم مرطب,Centre West,2032.14
2021,جال دوش، كريم مرطب,Grand Tunis,13541.14
2021,جال دوش، كريم مرطب,National,6882.396
2021,جال دوش، كريم مرطب,North East,4756.324
2021,جال دوش، كريم مرطب,North West,2169.885
2021,جال دوش، كريم مرطب,South East,8964.697
2021,جال دوش، كريم مرطب,South West,6451.214
2021,جبة,Centre East,5177.1105959999995
2021,جبة,Centre West,3393.366188
2021,جبة,Grand Tunis,6304.033596
2021,جبة,National,5273.170624000001
2021,جبة,North East,6370.7999930000005
2021,جبة,North West,3789.3895340000004
2021,جبة,South East,5822.1633163999995
2021,جبة,South West,4531.530405
2021,جبن,Centre East,15107.22136
2021,جبن,Centre West,7440.74378
2021,جبن,Grand Tunis,41181.404899999994
2021,جبن,National,22573.51129
2021,جبن,North East,20374.87436
2021,جبن,North West,15936.209141999998
2021,جبن,South East,24020.419309
2021,جبن,South West,23450.135830000003
2021,جلبانة خضراء,Centre East,4164.801
2021,جلبانة خضراء,Centre West,2701.358
2021,جلبانة خضراء,Grand Tunis,6957.588
2021,جلبانة خضراء,National,4674.07
2021,جلبانة خضراء,North East,4224.208
2021,جلبانة خضراء,North West,5376.644
2021,جلبانة خضراء,South East,3278.819
2021,جلبانة خضراء,South West,3546.261
2021,جوارب، جوارب شفافة (كولون),Centre East,7796.517679999999
2021,جوارب، جوارب شفافة (كولون),Centre West,6207.626770000002
2021,جوارب، جوارب شفافة (كولون),Grand Tunis,8098.895009999999
2021,جوارب، جوارب شفافة (كولون),National,8626.109919999999
2021,جوارب، جوارب شفافة (كولون),North East,5794.64766
2021,جوارب، جوارب شفافة (كولون),North West,10176.217099999998
2021,جوارب، جوارب شفافة (كولون),South East,15457.99835
2021,جوارب، جوارب شفافة (كولون),South West,13461.887999999997
2021,جوزة، بوفريوة، فسدق، بندق، فواكه جافة مخلطة,Centre East,1090.849
2021,جوزة، بوفريوة، فسدق، بندق، فواكه جافة مخلطة,Centre West,267.8854
2021,جوزة، بوفريوة، فسدق، بندق، فواكه جافة مخلطة,Grand Tunis,395.1689
2021,جوزة، بوفريوة، فسدق، بندق، فواكه جافة مخلطة,National,544.8494
2021,جوزة، بوفريوة، فسدق، بندق، فواكه جافة مخلطة,North East,770.6569
2021,جوزة، بوفريوة، فسدق، بندق، فواكه جافة مخلطة,North West,138.0205
2021,جوزة، بوفريوة، فسدق، بندق، فواكه جافة مخلطة,South East,291.8609
2021,جوزة، بوفريوة، فسدق، بندق، فواكه جافة مخلطة,South West,63.46204
2021,جوكينغ، بدلة رياضية,Centre East,38435.20867
2021,جوكينغ، بدلة رياضية,Centre West,41565.327560000005
2021,جوكينغ، بدلة رياضية,Grand Tunis,36678.077999999994
2021,جوكينغ، بدلة رياضية,National,40152.0025
2021,جوكينغ، بدلة رياضية,North East,25870.704107
2021,جوكينغ، بدلة رياضية,North West,37042.630300000004
2021,جوكينغ، بدلة رياضية,South East,33787.8091
2021,جوكينغ، بدلة رياضية,South West,113061.36180000001
2021,جيب، جيب شورط,Centre East,7750.567149000001
2021,جيب، جيب شورط,Centre West,3244.7537038999994
2021,جيب، جيب شورط,Grand Tunis,4731.258424000001
2021,جيب، جيب شورط,National,5394.169054
2021,جيب، جيب شورط,North East,5499.204725000001
2021,جيب، جيب شورط,North West,2103.60244
2021,جيب، جيب شورط,South East,7468.436070000001
2021,جيب، جيب شورط,South West,5473.29495
2021,حاسوب,Centre East,3097.825
2021,حاسوب,Centre West,359.6844
2021,حاسوب,Grand Tunis,5078.738
2021,حاسوب,National,2748.362
2021,حاسوب,North East,2933.995
2021,حاسوب,North West,995.9698
2021,حاسوب,South East,1460.474
2021,حاسوب,South West,1340.877
2021,حافلة (وسط المدن)، قطاع خاص (TUT، TUS، TCV),Centre East,494.6955
2021,حافلة (وسط المدن)، قطاع خاص (TUT، TUS، TCV),Centre West,394.6423
2021,حافلة (وسط المدن)، قطاع خاص (TUT، TUS، TCV),Grand Tunis,2504.53
2021,حافلة (وسط المدن)، قطاع خاص (TUT، TUS، TCV),National,1131.116
2021,حافلة (وسط المدن)، قطاع خاص (TUT، TUS، TCV),North East,876.0029
2021,حافلة (وسط المدن)، قطاع خاص (TUT، TUS، TCV),North West,81.31225
2021,حافلة (وسط المدن)، قطاع خاص (TUT، TUS، TCV),South East,1630.907
2021,حافلة (وسط المدن)، قطاع خاص (TUT، TUS، TCV),South West,1288.641
2021,حافلة (وسط المدن)، قطاع عام (TRANSTU او SNT سابقا),Centre East,3598.467
2021,حافلة (وسط المدن)، قطاع عام (TRANSTU او SNT سابقا),Centre West,839.1902
2021,حافلة (وسط المدن)، قطاع عام (TRANSTU او SNT سابقا),Grand Tunis,13600.57
2021,حافلة (وسط المدن)، قطاع عام (TRANSTU او SNT سابقا),National,6248.229
2021,حافلة (وسط المدن)، قطاع عام (TRANSTU او SNT سابقا),North East,8505.863
2021,حافلة (وسط المدن)، قطاع عام (TRANSTU او SNT سابقا),North West,1164.984
2021,حافلة (وسط المدن)، قطاع عام (TRANSTU او SNT سابقا),South East,4893.891
2021,حافلة (وسط المدن)، قطاع عام (TRANSTU او SNT سابقا),South West,3596.379
2021,حبوب أخرى,Centre East,9333.559014400002
2021,حبوب أخرى,Centre West,5866.508040100001
2021,حبوب أخرى,Grand Tunis,13638.60787
2021,حبوب أخرى,National,9672.81451
2021,حبوب أخرى,North East,9167.868919999999
2021,حبوب أخرى,North West,6047.497289999999
2021,حبوب أخرى,South East,10265.298399000001
2021,حبوب أخرى,South West,9444.920629999997
2021,حبوب اخرى مشتقات,Centre East,100.4181
2021,حبوب اخرى مشتقات,Centre West,0.5377601
2021,حبوب اخرى مشتقات,Grand Tunis,31.75984
2021,حبوب اخرى مشتقات,National,51.91271
2021,حبوب اخرى مشتقات,North East,38.65224
2021,حبوب اخرى مشتقات,North West,93.21114
2021,حبوب اخرى مشتقات,South East,7.469719
2021,حبوب اخرى مشتقات,South West,82.86673
2021,حذاء رياضي (سبادري),Centre East,96719.4286
2021,حذاء رياضي (سبادري),Centre West,60788.61825999999
2021,حذاء رياضي (سبادري),Grand Tunis,145344.57229999997
2021,حذاء رياضي (سبادري),National,96961.96730000002
2021,حذاء رياضي (سبادري),North East,91164.17563999999
2021,حذاء رياضي (سبادري),North West,84421.331
2021,حذاء رياضي (سبادري),South East,49839.5759
2021,حذاء رياضي (سبادري),South West,83588.87539999999
2021,حشايا (جراية),Centre East,2157.163
2021,حشايا (جراية),Centre West,1608.025
2021,حشايا (جراية),Grand Tunis,1045.212
2021,حشايا (جراية),National,1460.137
2021,حشايا (جراية),North East,382.6831
2021,حشايا (جراية),North West,1126.798
2021,حشايا (جراية),South East,1655.415
2021,حشايا (جراية),South West,2979.354
2021,حصارة، سوتيان، قان,Centre East,4881.3591664000005
2021,حصارة، سوتيان، قان,Centre West,2144.443388
2021,حصارة، سوتيان، قان,Grand Tunis,5247.6807100000005
2021,حصارة، سوتيان، قان,National,3551.4851949999997
2021,حصارة، سوتيان، قان,North East,408.301489
2021,حصارة، سوتيان، قان,North West,2673.505051000001
2021,حصارة، سوتيان، قان,South East,729.173719
2021,حصارة، سوتيان، قان,South West,7878.344518
2021,حقيبة يدوية، حافظة أوراق أو حافظة نقود,Centre East,7198.850425500001
2021,حقيبة يدوية، حافظة أوراق أو حافظة نقود,Centre West,886.2923480000002
2021,حقيبة يدوية، حافظة أوراق أو حافظة نقود,Grand Tunis,6665.856780000001
2021,حقيبة يدوية، حافظة أوراق أو حافظة نقود,National,4171.997105
2021,حقيبة يدوية، حافظة أوراق أو حافظة نقود,North East,2187.941021
2021,حقيبة يدوية، حافظة أوراق أو حافظة نقود,North West,1186.5295220000003
2021,حقيبة يدوية، حافظة أوراق أو حافظة نقود,South East,1691.1502299999997
2021,حقيبة يدوية، حافظة أوراق أو حافظة نقود,South West,2265.177401000001
2021,حلاقة,Centre East,29770.68
2021,حلاقة,Centre West,13603.68
2021,حلاقة,Grand Tunis,31718.2
2021,حلاقة,National,23367.71
2021,حلاقة,North East,20682.79
2021,حلاقة,North West,14737.18
2021,حلاقة,South East,17273.46
2021,حلاقة,South West,14015.64
2021,حلوى,Centre East,1175.687
2021,حلوى,Centre West,782.0506
2021,حلوى,Grand Tunis,932.4461
2021,حلوى,National,990.8846
2021,حلوى,North East,906.6741
2021,حلوى,North West,1138.663
2021,حلوى,South East,799.4346
2021,حلوى,South West,1199.125
2021,حلوى شامية,Centre East,8594.389
2021,حلوى شامية,Centre West,5517.454
2021,حلوى شامية,Grand Tunis,17301.99
2021,حلوى شامية,National,10380.96
2021,حلوى شامية,North East,7968.09
2021,حلوى شامية,North West,8225.657
2021,حلوى شامية,South East,9027.751
2021,حلوى شامية,South West,11225.63
2021,"حلويات سوق (مرطبات،salé,,,)",Centre East,36820.55
2021,"حلويات سوق (مرطبات،salé,,,)",Centre West,15439.7
2021,"حلويات سوق (مرطبات،salé,,,)",Grand Tunis,42327.23
2021,"حلويات سوق (مرطبات،salé,,,)",National,29448.16
2021,"حلويات سوق (مرطبات،salé,,,)",North East,22567.29
2021,"حلويات سوق (مرطبات،salé,,,)",North West,21539.85
2021,"حلويات سوق (مرطبات،salé,,,)",South East,20497.44
2021,"حلويات سوق (مرطبات،salé,,,)",South West,19873.61
2021,"حلي للزينة باستثناء الفضة و الذهب  (مصوغ مزيف,,,)",Centre East,1027.9378159999999
2021,"حلي للزينة باستثناء الفضة و الذهب  (مصوغ مزيف,,,)",Centre West,4744.0573970000005
2021,"حلي للزينة باستثناء الفضة و الذهب  (مصوغ مزيف,,,)",Grand Tunis,1163.296481
2021,"حلي للزينة باستثناء الفضة و الذهب  (مصوغ مزيف,,,)",National,1438.8259959999996
2021,"حلي للزينة باستثناء الفضة و الذهب  (مصوغ مزيف,,,)",North East,1163.037423
2021,"حلي للزينة باستثناء الفضة و الذهب  (مصوغ مزيف,,,)",North West,296.8322809
2021,"حلي للزينة باستثناء الفضة و الذهب  (مصوغ مزيف,,,)",South East,391.38324499999993
2021,"حلي للزينة باستثناء الفضة و الذهب  (مصوغ مزيف,,,)",South West,1197.572314
2021,حليب صناعي,Centre East,81979.99908999998
2021,حليب صناعي,Centre West,69186.490401
2021,حليب صناعي,Grand Tunis,85224.81990100001
2021,حليب صناعي,National,77918.733565
2021,حليب صناعي,North East,75348.813469
2021,حليب صناعي,North West,63224.833010999995
2021,حليب صناعي,South East,80102.61283399997
2021,حليب صناعي,South West,78220.26453
2021,حليب طري,Centre East,1660.175871
2021,حليب طري,Centre West,4045.37973
2021,حليب طري,Grand Tunis,737.77892
2021,حليب طري,National,3060.644375
2021,حليب طري,North East,4323.02127
2021,حليب طري,North West,9593.211716000002
2021,حليب طري,South East,895.4433310000001
2021,حليب طري,South West,5551.7896
2021,حليب مجفف,Centre East,2976.572547
2021,حليب مجفف,Centre West,6194.967
2021,حليب مجفف,Grand Tunis,4948.483714999999
2021,حليب مجفف,National,4542.64249
2021,حليب مجفف,North East,6361.51762
2021,حليب مجفف,North West,2790.342404
2021,حليب مجفف,South East,5011.631227600001
2021,حليب مجفف,South West,3442.6417
2021,حليب مركّز,Centre East,306.986653
2021,حليب مركّز,Centre West,58.982839
2021,حليب مركّز,Grand Tunis,597.92958
2021,حليب مركّز,National,353.88896900000003
2021,حليب مركّز,North East,275.5913959
2021,حليب مركّز,North West,244.05203999999998
2021,حليب مركّز,South East,280.23301
2021,حليب مركّز,South West,693.751
2021,حمام، دوش,Centre East,640.3235
2021,حمام، دوش,Centre West,3796.338
2021,حمام، دوش,Grand Tunis,5959.313
2021,حمام، دوش,National,3734.092
2021,حمام، دوش,North East,2325.117
2021,حمام، دوش,North West,5728.79
2021,حمام، دوش,South East,2237.023
2021,حمام، دوش,South West,9645.79
2021,حمص شائح,Centre East,7532.416
2021,حمص شائح,Centre West,9643.674
2021,حمص شائح,Grand Tunis,5611.047
2021,حمص شائح,National,7410.977
2021,حمص شائح,North East,6648.41
2021,حمص شائح,North West,8100.144
2021,حمص شائح,South East,7785.083
2021,حمص شائح,South West,9716.115
2021,حمص منفّخ,Centre East,945.1686
2021,حمص منفّخ,Centre West,430.6136
2021,حمص منفّخ,Grand Tunis,3589.34
2021,حمص منفّخ,National,1525.551
2021,حمص منفّخ,North East,1354.649
2021,حمص منفّخ,North West,317.9051
2021,حمص منفّخ,South East,580.8954
2021,حمص منفّخ,South West,1669.708
2021,حوالي للأطفال من القماش,Centre East,33.147386000000004
2021,حوالي للأطفال من القماش,Centre West,102.97873200000001
2021,حوالي للأطفال من القماش,Grand Tunis,232.18543599999995
2021,حوالي للأطفال من القماش,National,94.0094195
2021,حوالي للأطفال من القماش,North East,37.489523000000005
2021,حوالي للأطفال من القماش,North West,51.341777
2021,حوالي للأطفال من القماش,South East,21.969974999999998
2021,حوالي للأطفال من القماش,South West,65.59112999999999
2021,خبز سوق صغير (220 غ) (باقات),Centre East,38404.35
2021,خبز سوق صغير (220 غ) (باقات),Centre West,32064.19
2021,خبز سوق صغير (220 غ) (باقات),Grand Tunis,60333.11
2021,خبز سوق صغير (220 غ) (باقات),National,42875.09
2021,خبز سوق صغير (220 غ) (باقات),North East,45797.28
2021,خبز سوق صغير (220 غ) (باقات),North West,57193.15
2021,خبز سوق صغير (220 غ) (باقات),South East,15045.58
2021,خبز سوق صغير (220 غ) (باقات),South West,22231.75
2021,خبز سوق كبير (400 غ),Centre East,20892.78
2021,خبز سوق كبير (400 غ),Centre West,5576.167
2021,خبز سوق كبير (400 غ),Grand Tunis,298.5561
2021,خبز سوق كبير (400 غ),National,12649.64
2021,خبز سوق كبير (400 غ),North East,12035.89
2021,خبز سوق كبير (400 غ),North West,11294.19
2021,خبز سوق كبير (400 غ),South East,29907.59
2021,خبز سوق كبير (400 غ),South West,23955.57
2021,خدمات أخرى متعلقة بالسكن,Centre East,26350.396402799997
2021,خدمات أخرى متعلقة بالسكن,Centre West,10715.876858
2021,خدمات أخرى متعلقة بالسكن,Grand Tunis,93479.314
2021,خدمات أخرى متعلقة بالسكن,National,35054.2355
2021,خدمات أخرى متعلقة بالسكن,North East,8015.790976800001
2021,خدمات أخرى متعلقة بالسكن,North West,5013.6427146999995
2021,خدمات أخرى متعلقة بالسكن,South East,26757.492256499998
2021,خدمات أخرى متعلقة بالسكن,South West,8431.927599999999
2021,"خدمات اخرى تخص المواد الغذائية تكاليف خاصة بالعولة او لصنع مرطبات العيد، والمناسبات,,,",Centre East,536.0374
2021,"خدمات اخرى تخص المواد الغذائية تكاليف خاصة بالعولة او لصنع مرطبات العيد، والمناسبات,,,",Centre West,223.1698
2021,"خدمات اخرى تخص المواد الغذائية تكاليف خاصة بالعولة او لصنع مرطبات العيد، والمناسبات,,,",Grand Tunis,943.4055
2021,"خدمات اخرى تخص المواد الغذائية تكاليف خاصة بالعولة او لصنع مرطبات العيد، والمناسبات,,,",National,702.7542
2021,"خدمات اخرى تخص المواد الغذائية تكاليف خاصة بالعولة او لصنع مرطبات العيد، والمناسبات,,,",North East,1126.796
2021,"خدمات اخرى تخص المواد الغذائية تكاليف خاصة بالعولة او لصنع مرطبات العيد، والمناسبات,,,",North West,1422.472
2021,"خدمات اخرى تخص المواد الغذائية تكاليف خاصة بالعولة او لصنع مرطبات العيد، والمناسبات,,,",South East,139.185
2021,"خدمات اخرى تخص المواد الغذائية تكاليف خاصة بالعولة او لصنع مرطبات العيد، والمناسبات,,,",South West,7.569639
2021,خدمات تخصّ المواد الغذائية,Centre East,2813.7054100000005
2021,خدمات تخصّ المواد الغذائية,Centre West,1003.5735840000001
2021,خدمات تخصّ المواد الغذائية,Grand Tunis,3945.441105
2021,خدمات تخصّ المواد الغذائية,National,2767.86545
2021,خدمات تخصّ المواد الغذائية,North East,3083.636876
2021,خدمات تخصّ المواد الغذائية,North West,3445.555975
2021,خدمات تخصّ المواد الغذائية,South East,1192.0313548999998
2021,خدمات تخصّ المواد الغذائية,South West,2030.1373990000002
2021,خدمات شبه طبية (صور بالأشعة و تحاليل طبية وتمريض),Centre East,77273.09526
2021,خدمات شبه طبية (صور بالأشعة و تحاليل طبية وتمريض),Centre West,58341.9885
2021,خدمات شبه طبية (صور بالأشعة و تحاليل طبية وتمريض),Grand Tunis,66706.64360000001
2021,خدمات شبه طبية (صور بالأشعة و تحاليل طبية وتمريض),National,67145.7041
2021,خدمات شبه طبية (صور بالأشعة و تحاليل طبية وتمريض),North East,70789.7776
2021,خدمات شبه طبية (صور بالأشعة و تحاليل طبية وتمريض),North West,38935.905000000006
2021,خدمات شبه طبية (صور بالأشعة و تحاليل طبية وتمريض),South East,68425.094
2021,خدمات شبه طبية (صور بالأشعة و تحاليل طبية وتمريض),South West,86077.15145000002
2021,خضر,Centre East,308404.248121
2021,خضر,Centre West,274178.3007836
2021,خضر,Grand Tunis,262429.99762599997
2021,خضر,National,274134.10265
2021,خضر,North East,215334.27780740004
2021,خضر,North West,368586.411031
2021,خضر,South East,249127.217839
2021,خضر,South West,194948.36968499998
2021,خضر  مصبّرة,Centre East,83809.01493
2021,خضر  مصبّرة,Centre West,171282.79115
2021,خضر  مصبّرة,Grand Tunis,96431.36454
2021,خضر  مصبّرة,National,109222.83393000001
2021,خضر  مصبّرة,North East,85033.01855
2021,خضر  مصبّرة,North West,205768.83192500003
2021,خضر  مصبّرة,South East,77807.08221000001
2021,خضر  مصبّرة,South West,67274.53777
2021,خلّ,Centre East,110.3715
2021,خلّ,Centre West,39.97083
2021,خلّ,Grand Tunis,384.476
2021,خلّ,National,163.3044
2021,خلّ,North East,105.1764
2021,خلّ,North West,59.13926
2021,خلّ,South East,84.67184
2021,خلّ,South West,170.8837
2021,خميرة (الخبز و المرطبات),Centre East,1724.673
2021,خميرة (الخبز و المرطبات),Centre West,2172.82
2021,خميرة (الخبز و المرطبات),Grand Tunis,1518.934
2021,خميرة (الخبز و المرطبات),National,2131.576
2021,خميرة (الخبز و المرطبات),North East,2678.855
2021,خميرة (الخبز و المرطبات),North West,4157.304
2021,خميرة (الخبز و المرطبات),South East,1658.311
2021,خميرة (الخبز و المرطبات),South West,2196.872
2021,خوخ,Centre East,9714.63
2021,خوخ,Centre West,3898.706
2021,خوخ,Grand Tunis,8014.828
2021,خوخ,National,7164.927
2021,خوخ,North East,5830.919
2021,خوخ,North West,5213.614
2021,خوخ,South East,7240.681
2021,خوخ,South West,6832.877
2021,دجاج مريّش,Centre East,75461.71
2021,دجاج مريّش,Centre West,48218.4
2021,دجاج مريّش,Grand Tunis,27551.38
2021,دجاج مريّش,National,55885.5
2021,دجاج مريّش,North East,90493.37
2021,دجاج مريّش,North West,55440.59
2021,دجاج مريّش,South East,55228.75
2021,دجاج مريّش,South West,27574.97
2021,دجاجة محمولة,Centre East,3830.912
2021,دجاجة محمولة,Centre West,695.6299
2021,دجاجة محمولة,Grand Tunis,1613.617
2021,دجاجة محمولة,National,1880.228
2021,دجاجة محمولة,North East,995.3275
2021,دجاجة محمولة,North West,958.5931
2021,دجاجة محمولة,South East,1189.966
2021,دجاجة محمولة,South West,2452.258
2021,دقلة,Centre East,5475.46
2021,دقلة,Centre West,2929.521
2021,دقلة,Grand Tunis,3881.272
2021,دقلة,National,3686.76
2021,دقلة,North East,2786.95
2021,دقلة,North West,1296.557
2021,دقلة,South East,3555.155
2021,دقلة,South West,3713.33
2021,دلاع,Centre East,17142.94
2021,دلاع,Centre West,8619.797
2021,دلاع,Grand Tunis,11020.26
2021,دلاع,National,12068.58
2021,دلاع,North East,9472.46
2021,دلاع,North West,10361.25
2021,دلاع,South East,13000.58
2021,دلاع,South West,10970.59
2021,ديك رومي,Centre East,232.8042
2021,ديك رومي,Centre West,345.4723
2021,ديك رومي,Grand Tunis,64.96096
2021,ديك رومي,National,247.6319
2021,ديك رومي,North East,69.11044
2021,ديك رومي,North West,584.7456
2021,ديك رومي,South East,519.0638
2021,ديك رومي,South West,286.1276
2021,رمان,Centre East,2363.896
2021,رمان,Centre West,1631.681
2021,رمان,Grand Tunis,2962.097
2021,رمان,National,2521.245
2021,رمان,North East,3326.591
2021,رمان,North West,2999.382
2021,رمان,South East,1949.56
2021,رمان,South West,1336.133
2021,روبة (انسومبل)كسوة نسائية,Centre East,13022.304010999998
2021,روبة (انسومبل)كسوة نسائية,Centre West,3796.1096949999996
2021,روبة (انسومبل)كسوة نسائية,Grand Tunis,9627.21084
2021,روبة (انسومبل)كسوة نسائية,National,9656.8293
2021,روبة (انسومبل)كسوة نسائية,North East,9892.819149699997
2021,روبة (انسومبل)كسوة نسائية,North West,5759.609550000001
2021,روبة (انسومبل)كسوة نسائية,South East,12688.367433
2021,روبة (انسومبل)كسوة نسائية,South West,10464.257117
2021,زبدة حيوانية,Centre East,3087.688
2021,زبدة حيوانية,Centre West,826.112
2021,زبدة حيوانية,Grand Tunis,8720.757
2021,زبدة حيوانية,National,3913.126
2021,زبدة حيوانية,North East,4020.741
2021,زبدة حيوانية,North West,701.2493
2021,زبدة حيوانية,South East,737.5692
2021,زبدة حيوانية,South West,4259.44
2021,"زبدة نباتية (جديدة، قولدينا,,,)",Centre East,5131.936
2021,"زبدة نباتية (جديدة، قولدينا,,,)",Centre West,4484.604
2021,"زبدة نباتية (جديدة، قولدينا,,,)",Grand Tunis,10305.67
2021,"زبدة نباتية (جديدة، قولدينا,,,)",National,7145.755
2021,"زبدة نباتية (جديدة، قولدينا,,,)",North East,7791.938
2021,"زبدة نباتية (جديدة، قولدينا,,,)",North West,9301.346
2021,"زبدة نباتية (جديدة، قولدينا,,,)",South East,4621.597
2021,"زبدة نباتية (جديدة، قولدينا,,,)",South West,6695.271
2021,زربية,Centre East,4881.293
2021,زربية,Centre West,3655.221
2021,زربية,Grand Tunis,4258.258
2021,زربية,National,4095.203
2021,زربية,North East,3508.239
2021,زربية,North West,1747.927
2021,زربية,South East,5787.015
2021,زربية,South West,3995.749
2021,زقوقو,Centre East,1787.725
2021,زقوقو,Centre West,1227.04
2021,زقوقو,Grand Tunis,2445.554
2021,زقوقو,National,1792.775
2021,زقوقو,North East,2262.15
2021,زقوقو,North West,1459.418
2021,زقوقو,South East,482.5835
2021,زقوقو,South West,1814.255
2021,زكاة الفطر,Centre East,2762.269
2021,زكاة الفطر,Centre West,3116.153
2021,زكاة الفطر,Grand Tunis,4803.774
2021,زكاة الفطر,National,3030.888
2021,زكاة الفطر,North East,2086.783
2021,زكاة الفطر,North West,2004.274
2021,زكاة الفطر,South East,1952.803
2021,زكاة الفطر,South West,2193.272
2021,زيت الزيتون,Centre East,75916.24029999999
2021,زيت الزيتون,Centre West,41210.89307
2021,زيت الزيتون,Grand Tunis,35048.305
2021,زيت الزيتون,National,46882.456699999995
2021,زيت الزيتون,North East,30074.127
2021,زيت الزيتون,North West,27415.131
2021,زيت الزيتون,South East,52760.3844
2021,زيت الزيتون,South West,55423.3967
2021,زيت عباد الشمس,Centre East,2277.92
2021,زيت عباد الشمس,Centre West,478.1137
2021,زيت عباد الشمس,Grand Tunis,1697.956
2021,زيت عباد الشمس,National,1525.083
2021,زيت عباد الشمس,North East,2843.708
2021,زيت عباد الشمس,North West,507.8307
2021,زيت عباد الشمس,South East,164.7624
2021,زيت عباد الشمس,South West,663.2612
2021,زيت قطانيا,Centre East,21199.45
2021,زيت قطانيا,Centre West,8166.024
2021,زيت قطانيا,Grand Tunis,39809.7
2021,زيت قطانيا,National,27009.51
2021,زيت قطانيا,North East,39977.78
2021,زيت قطانيا,North West,21269.66
2021,زيت قطانيا,South East,24937.58
2021,زيت قطانيا,South West,20458.24
2021,زيت نباتي مدعّم (للاستهلاك الاسري),Centre East,12438.89
2021,زيت نباتي مدعّم (للاستهلاك الاسري),Centre West,13609.55
2021,زيت نباتي مدعّم (للاستهلاك الاسري),Grand Tunis,12287.05
2021,زيت نباتي مدعّم (للاستهلاك الاسري),National,13470.88
2021,زيت نباتي مدعّم (للاستهلاك الاسري),North East,12763.56
2021,زيت نباتي مدعّم (للاستهلاك الاسري),North West,19624.85
2021,زيت نباتي مدعّم (للاستهلاك الاسري),South East,13383.34
2021,زيت نباتي مدعّم (للاستهلاك الاسري),South West,13583.13
2021,زيتون مملّح,Centre East,643.2629
2021,زيتون مملّح,Centre West,473.0823
2021,زيتون مملّح,Grand Tunis,3855.219
2021,زيتون مملّح,National,1607.814
2021,زيتون مملّح,North East,1159.174
2021,زيتون مملّح,North West,1082.953
2021,زيتون مملّح,South East,1260.539
2021,زيتون مملّح,South West,1174.811
2021,"زيوت أخرى (سوجا، زيت جوز الهند، ,,,)",Centre East,281.0195
2021,"زيوت أخرى (سوجا، زيت جوز الهند، ,,,)",Centre West,1263.028
2021,"زيوت أخرى (سوجا، زيت جوز الهند، ,,,)",Grand Tunis,1907.42
2021,"زيوت أخرى (سوجا، زيت جوز الهند، ,,,)",National,728.6678
2021,"زيوت أخرى (سوجا، زيت جوز الهند، ,,,)",North East,34.35755
2021,"زيوت أخرى (سوجا، زيت جوز الهند، ,,,)",North West,5.330549
2021,"زيوت أخرى (سوجا، زيت جوز الهند، ,,,)",South East,0.4862319
2021,"زيوت أخرى (سوجا، زيت جوز الهند، ,,,)",South West,486.0452
2021,زيوت نباتية,Centre East,36444.64715
2021,زيوت نباتية,Centre West,27217.817141
2021,زيوت نباتية,Grand Tunis,64411.172849999995
2021,زيوت نباتية,National,45600.73326
2021,زيوت نباتية,North East,56079.034981
2021,زيوت نباتية,North West,41994.424429
2021,زيوت نباتية,South East,39192.9264319
2021,زيوت نباتية,South West,35427.57507
2021,ساعة يدوية,Centre East,4448.3339407
2021,ساعة يدوية,Centre West,1485.5697600000003
2021,ساعة يدوية,Grand Tunis,6686.572592999999
2021,ساعة يدوية,National,3646.9321791
2021,ساعة يدوية,North East,2108.5643889999997
2021,ساعة يدوية,North West,1622.0953319999999
2021,ساعة يدوية,South East,2248.8939669999995
2021,ساعة يدوية,South West,1676.85386
2021,سبتة، حزام,Centre East,803.303216
2021,سبتة، حزام,Centre West,207.26495
2021,سبتة، حزام,Grand Tunis,682.2340410000002
2021,سبتة، حزام,National,544.04677
2021,سبتة، حزام,North East,529.0027431
2021,سبتة، حزام,North West,223.62013199999998
2021,سبتة، حزام,South East,347.24799540000004
2021,سبتة، حزام,South West,543.2376595
2021,سبناخ,Centre East,164.4994
2021,سبناخ,Centre West,354.497
2021,سبناخ,Grand Tunis,3077.961
2021,سبناخ,National,1249.378
2021,سبناخ,North East,1209.898
2021,سبناخ,North West,2107.955
2021,سبناخ,South East,118.8314
2021,سبناخ,South West,342.0767
2021,سجائر (بالتفصيل),Centre East,3901.774
2021,سجائر (بالتفصيل),Centre West,2791.953
2021,سجائر (بالتفصيل),Grand Tunis,8440.414
2021,سجائر (بالتفصيل),National,5302.559
2021,سجائر (بالتفصيل),North East,5390.727
2021,سجائر (بالتفصيل),North West,7355.086
2021,سجائر (بالتفصيل),South East,4440.632
2021,سجائر (بالتفصيل),South West,772.3157
2021,سردينة مصبّرة,Centre East,380.4653
2021,سردينة مصبّرة,Centre West,455.8083
2021,سردينة مصبّرة,Grand Tunis,695.5866
2021,سردينة مصبّرة,National,456.7203
2021,سردينة مصبّرة,North East,357.5086
2021,سردينة مصبّرة,North West,210.5848
2021,سردينة مصبّرة,South East,156.9852
2021,سردينة مصبّرة,South West,932.5137
2021,سروال تقليدي,Centre East,20.7208845
2021,سروال تقليدي,Centre West,17.655395
2021,سروال تقليدي,Grand Tunis,15.578328
2021,سروال تقليدي,National,14.0663733
2021,سروال تقليدي,North East,7.00958
2021,سروال تقليدي,North West,4.727073
2021,سروال تقليدي,South East,13.679839000000001
2021,سروال تقليدي,South West,5.671772
2021,سروال دجين,Centre East,115825.48590000001
2021,سروال دجين,Centre West,65746.290916
2021,سروال دجين,Grand Tunis,143349.60749999998
2021,سروال دجين,National,101937.44559999999
2021,سروال دجين,North East,83024.369108
2021,سروال دجين,North West,58566.751000000004
2021,سروال دجين,South East,73804.45756
2021,سروال دجين,South West,117005.69103000002
2021,سروال عادي,Centre East,31492.283630000005
2021,سروال عادي,Centre West,24469.282199999998
2021,سروال عادي,Grand Tunis,31094.2237
2021,سروال عادي,National,29988.852899999998
2021,سروال عادي,North East,34631.686718000004
2021,سروال عادي,North West,33682.2264
2021,سروال عادي,South East,17012.8655
2021,سروال عادي,South West,34282.92032999999
2021,سروال نسائي (كلسون),Centre East,4730.35459
2021,سروال نسائي (كلسون),Centre West,1361.6767490000002
2021,سروال نسائي (كلسون),Grand Tunis,4089.6339709999997
2021,سروال نسائي (كلسون),National,3705.2082540000006
2021,سروال نسائي (كلسون),North East,1748.9789019999998
2021,سروال نسائي (كلسون),North West,2764.6760480000003
2021,سروال نسائي (كلسون),South East,5700.770949999999
2021,سروال نسائي (كلسون),South West,6512.340090000001
2021,سرير، مولة,Centre East,2499.521
2021,سرير، مولة,Centre West,275.3345
2021,سرير، مولة,Grand Tunis,1377.803
2021,سرير، مولة,National,1400.358
2021,سرير، مولة,North East,2298.516
2021,سرير، مولة,North West,171.6495
2021,سرير، مولة,South East,673.3352
2021,سرير، مولة,South West,501.9812
2021,سفساري حايك حرام,Centre East,861.294537
2021,سفساري حايك حرام,Centre West,189.2051
2021,سفساري حايك حرام,Grand Tunis,71.68717
2021,سفساري حايك حرام,National,367.7082264
2021,سفساري حايك حرام,North East,47.01289
2021,سفساري حايك حرام,North West,46.3666171
2021,سفساري حايك حرام,South East,350.64444499999996
2021,سفساري حايك حرام,South West,1398.935789
2021,سفنارية (جزر),Centre East,3897.803
2021,سفنارية (جزر),Centre West,3875.553
2021,سفنارية (جزر),Grand Tunis,5838.026
2021,سفنارية (جزر),National,4753.419
2021,سفنارية (جزر),North East,4879.319
2021,سفنارية (جزر),North West,4395.039
2021,سفنارية (جزر),South East,5766.228
2021,سفنارية (جزر),South West,4389.497
2021,"سلاطة (سكورية، ليتو، سكالور,,,)",Centre East,1478.823
2021,"سلاطة (سكورية، ليتو، سكالور,,,)",Centre West,1412.724
2021,"سلاطة (سكورية، ليتو، سكالور,,,)",Grand Tunis,5291.242
2021,"سلاطة (سكورية، ليتو، سكالور,,,)",National,2855.495
2021,"سلاطة (سكورية، ليتو، سكالور,,,)",North East,2811.086
2021,"سلاطة (سكورية، ليتو، سكالور,,,)",North West,3387.746
2021,"سلاطة (سكورية، ليتو، سكالور,,,)",South East,1626.476
2021,"سلاطة (سكورية، ليتو، سكالور,,,)",South West,2588.742
2021,سلق، خبّيزة,Centre East,2949.478
2021,سلق، خبّيزة,Centre West,2337.196
2021,سلق، خبّيزة,Grand Tunis,3323.74
2021,سلق، خبّيزة,National,3282.22
2021,سلق، خبّيزة,North East,2313.32
2021,سلق، خبّيزة,North West,5508.97
2021,سلق، خبّيزة,South East,3090.087
2021,سلق، خبّيزة,South West,5507.507
2021,سمك مجفف,Centre East,1674.786
2021,سمك مجفف,Centre West,15.05071
2021,سمك مجفف,Grand Tunis,72.781519
2021,سمك مجفف,National,532.12902
2021,سمك مجفف,North East,11.56264
2021,سمك مجفف,North West,0.0
2021,سمك مجفف,South East,380.4572
2021,سمك مجفف,South West,1376.919934
2021,سميد سوق,Centre East,10527.3
2021,سميد سوق,Centre West,30434.12
2021,سميد سوق,Grand Tunis,3488.624
2021,سميد سوق,National,13703.17
2021,سميد سوق,North East,11295.46
2021,سميد سوق,North West,30694.6
2021,سميد سوق,South East,9682.61
2021,سميد سوق,South West,15225.36
2021,سيارة اجرة (لواج) وحافلة بين المدن,Centre East,27868.13
2021,سيارة اجرة (لواج) وحافلة بين المدن,Centre West,12270.18
2021,سيارة اجرة (لواج) وحافلة بين المدن,Grand Tunis,4277.893
2021,سيارة اجرة (لواج) وحافلة بين المدن,National,15806.96
2021,سيارة اجرة (لواج) وحافلة بين المدن,North East,19671.67
2021,سيارة اجرة (لواج) وحافلة بين المدن,North West,19697.72
2021,سيارة اجرة (لواج) وحافلة بين المدن,South East,9318.286
2021,سيارة اجرة (لواج) وحافلة بين المدن,South West,16487.4
2021,"شاشية (طربوش، كلباك,,,)",Centre East,181.6134652
2021,"شاشية (طربوش، كلباك,,,)",Centre West,286.01379199999997
2021,"شاشية (طربوش، كلباك,,,)",Grand Tunis,406.9220790000001
2021,"شاشية (طربوش، كلباك,,,)",National,297.20579
2021,"شاشية (طربوش، كلباك,,,)",North East,454.13617500000004
2021,"شاشية (طربوش، كلباك,,,)",North West,380.680334
2021,"شاشية (طربوش، كلباك,,,)",South East,97.273016
2021,"شاشية (طربوش، كلباك,,,)",South West,112.913261
2021,شاي,Centre East,1064.101
2021,شاي,Centre West,624.8848
2021,شاي,Grand Tunis,1093.868
2021,شاي,National,829.9773
2021,شاي,North East,660.7972
2021,شاي,North West,806.7797
2021,شاي,South East,333.355
2021,شاي,South West,411.619
2021,شاي اخضر,Centre East,1191.243
2021,شاي اخضر,Centre West,1034.097
2021,شاي اخضر,Grand Tunis,2035.795
2021,شاي اخضر,National,2866.525
2021,شاي اخضر,North East,2046.936
2021,شاي اخضر,North West,1083.477
2021,شاي اخضر,South East,14107.16
2021,شاي اخضر,South West,5020.334
2021,شاي جاف اسود (حشيشة),Centre East,10812.87
2021,شاي جاف اسود (حشيشة),Centre West,20547.06
2021,شاي جاف اسود (حشيشة),Grand Tunis,2922.661
2021,شاي جاف اسود (حشيشة),National,9456.113
2021,شاي جاف اسود (حشيشة),North East,9936.064
2021,شاي جاف اسود (حشيشة),North West,11223.74
2021,شاي جاف اسود (حشيشة),South East,5420.284
2021,شاي جاف اسود (حشيشة),South West,8651.208
2021,شحن الهاتف الجوال,Centre East,72809.83
2021,شحن الهاتف الجوال,Centre West,51031.41
2021,شحن الهاتف الجوال,Grand Tunis,64749.19
2021,شحن الهاتف الجوال,National,64026.35
2021,شحن الهاتف الجوال,North East,57197.0
2021,شحن الهاتف الجوال,North West,80660.14
2021,شحن الهاتف الجوال,South East,57314.45
2021,شحن الهاتف الجوال,South West,51122.36
2021,شراء أدوات و مواد ترفيه,Centre East,14496.589859000002
2021,شراء أدوات و مواد ترفيه,Centre West,4935.507500999999
2021,شراء أدوات و مواد ترفيه,Grand Tunis,18701.4554875
2021,شراء أدوات و مواد ترفيه,National,12134.830365
2021,شراء أدوات و مواد ترفيه,North East,10633.370792000002
2021,شراء أدوات و مواد ترفيه,North West,6380.681665
2021,شراء أدوات و مواد ترفيه,South East,8767.138277999999
2021,شراء أدوات و مواد ترفيه,South West,9533.038959999998
2021,شراء الحلي و المجوهرات,Centre East,11329.205000000002
2021,شراء الحلي و المجوهرات,Centre West,6218.032
2021,شراء الحلي و المجوهرات,Grand Tunis,3228.43532
2021,شراء الحلي و المجوهرات,National,5907.0190999999995
2021,شراء الحلي و المجوهرات,North East,4701.9648
2021,شراء الحلي و المجوهرات,North West,2370.5001500000003
2021,شراء الحلي و المجوهرات,South East,4569.8376
2021,شراء الحلي و المجوهرات,South West,5220.1281
2021,شراء بطاقات تمويل الهاتف الجوال,Centre East,112847.8
2021,شراء بطاقات تمويل الهاتف الجوال,Centre West,54021.29
2021,شراء بطاقات تمويل الهاتف الجوال,Grand Tunis,80924.69
2021,شراء بطاقات تمويل الهاتف الجوال,National,77782.29
2021,شراء بطاقات تمويل الهاتف الجوال,North East,71276.13
2021,شراء بطاقات تمويل الهاتف الجوال,North West,39393.79
2021,شراء بطاقات تمويل الهاتف الجوال,South East,61797.49
2021,شراء بطاقات تمويل الهاتف الجوال,South West,80347.13
2021,شراء بطاقات تمويل الهاتف القار,Centre East,437.678
2021,شراء بطاقات تمويل الهاتف القار,Centre West,69.15009
2021,شراء بطاقات تمويل الهاتف القار,Grand Tunis,155.6267
2021,شراء بطاقات تمويل الهاتف القار,National,201.9724
2021,شراء بطاقات تمويل الهاتف القار,North East,85.30768
2021,شراء بطاقات تمويل الهاتف القار,North West,168.896
2021,شراء بطاقات تمويل الهاتف القار,South East,204.9663
2021,شراء بطاقات تمويل الهاتف القار,South West,47.00126
2021,شراء دراجة نارية,Centre East,10280.07
2021,شراء دراجة نارية,Centre West,4283.036
2021,شراء دراجة نارية,Grand Tunis,1560.298
2021,شراء دراجة نارية,National,5734.926
2021,شراء دراجة نارية,North East,5133.952
2021,شراء دراجة نارية,North West,5460.926
2021,شراء دراجة نارية,South East,6143.628
2021,شراء دراجة نارية,South West,9294.623
2021,شراء سيارة,Centre East,121836.2
2021,شراء سيارة,Centre West,15349.93
2021,شراء سيارة,Grand Tunis,52365.13
2021,شراء سيارة,National,64477.16
2021,شراء سيارة,North East,88518.06
2021,شراء سيارة,North West,21191.57
2021,شراء سيارة,South East,27528.04
2021,شراء سيارة,South West,62650.61
2021,شراء قطع الغيار,Centre East,658.4409
2021,شراء قطع الغيار,Centre West,668.8157
2021,شراء قطع الغيار,Grand Tunis,1084.055
2021,شراء قطع الغيار,National,685.084
2021,شراء قطع الغيار,North East,202.1457
2021,شراء قطع الغيار,North West,76.0855
2021,شراء قطع الغيار,South East,1121.065
2021,شراء قطع الغيار,South West,700.9108
2021,شراء و صيانة وسيلة  نقل خاصة,Centre East,375550.877819
2021,شراء و صيانة وسيلة  نقل خاصة,Centre West,122021.01106
2021,شراء و صيانة وسيلة  نقل خاصة,Grand Tunis,358982.5362360001
2021,شراء و صيانة وسيلة  نقل خاصة,National,279717.0814634
2021,شراء و صيانة وسيلة  نقل خاصة,North East,284571.732818
2021,شراء و صيانة وسيلة  نقل خاصة,North West,122326.9680954
2021,شراء و صيانة وسيلة  نقل خاصة,South East,229517.91772199998
2021,شراء و صيانة وسيلة  نقل خاصة,South West,239533.67562710002
2021,شراء وسيلة نقل خاصة,Centre East,132473.92159999997
2021,شراء وسيلة نقل خاصة,Centre West,20495.3261
2021,شراء وسيلة نقل خاصة,Grand Tunis,54025.82684
2021,شراء وسيلة نقل خاصة,National,70535.0623
2021,شراء وسيلة نقل خاصة,North East,93828.86663
2021,شراء وسيلة نقل خاصة,North West,26850.83323
2021,شراء وسيلة نقل خاصة,South East,34139.91903
2021,شراء وسيلة نقل خاصة,South West,72199.27228
2021,شعير ومشتقاته,Centre East,3017.8781
2021,شعير ومشتقاته,Centre West,2368.010185
2021,شعير ومشتقاته,Grand Tunis,3069.2393519999996
2021,شعير ومشتقاته,National,3050.5318899999997
2021,شعير ومشتقاته,North East,3599.9408999999996
2021,شعير ومشتقاته,North West,3072.41665
2021,شعير ومشتقاته,South East,3903.0182
2021,شعير ومشتقاته,South West,1854.1864
2021,"شكلاطة (طوابع، غبرة، شوكولين,,,)",Centre East,7614.481
2021,"شكلاطة (طوابع، غبرة، شوكولين,,,)",Centre West,2549.04
2021,"شكلاطة (طوابع، غبرة، شوكولين,,,)",Grand Tunis,10898.42
2021,"شكلاطة (طوابع، غبرة، شوكولين,,,)",National,6565.538
2021,"شكلاطة (طوابع، غبرة، شوكولين,,,)",North East,5009.511
2021,"شكلاطة (طوابع، غبرة، شوكولين,,,)",North West,3068.85
2021,"شكلاطة (طوابع، غبرة، شوكولين,,,)",South East,5223.167
2021,"شكلاطة (طوابع، غبرة، شوكولين,,,)",South West,4788.475
2021,شلاكة,Centre East,58984.87348999999
2021,شلاكة,Centre West,49391.75786
2021,شلاكة,Grand Tunis,71736.15990000001
2021,شلاكة,National,55989.11540000001
2021,شلاكة,North East,39539.41236000001
2021,شلاكة,North West,48809.7322
2021,شلاكة,South East,41007.2989
2021,شلاكة,South West,68581.46277999999
2021,شمبوان، طفَل,Centre East,17969.31
2021,شمبوان، طفَل,Centre West,12530.68
2021,شمبوان، طفَل,Grand Tunis,22688.71
2021,شمبوان، طفَل,National,18444.5
2021,شمبوان، طفَل,North East,17966.13
2021,شمبوان، طفَل,North West,15283.19
2021,شمبوان، طفَل,South East,23802.31
2021,شمبوان، طفَل,South West,13724.11
2021,شملة، كشطة، لحفة,Centre East,134.406641
2021,شملة، كشطة، لحفة,Centre West,369.2439249
2021,شملة، كشطة، لحفة,Grand Tunis,95.623
2021,شملة، كشطة، لحفة,National,227.4873097
2021,شملة، كشطة، لحفة,North East,186.8517121
2021,شملة، كشطة، لحفة,North West,396.862426
2021,شملة، كشطة، لحفة,South East,511.8521859
2021,شملة، كشطة، لحفة,South West,210.1343604
2021,شورط (تبان),Centre East,16654.38302
2021,شورط (تبان),Centre West,4847.040008000001
2021,شورط (تبان),Grand Tunis,10742.61004
2021,شورط (تبان),National,10341.12817
2021,شورط (تبان),North East,8248.96689
2021,شورط (تبان),North West,5289.333046000001
2021,شورط (تبان),South East,8127.302159000001
2021,شورط (تبان),South West,12262.913169999998
2021,شوينقوم (شيكلي )، لوبان,Centre East,292.6982
2021,شوينقوم (شيكلي )، لوبان,Centre West,428.1865
2021,شوينقوم (شيكلي )، لوبان,Grand Tunis,429.8161
2021,شوينقوم (شيكلي )، لوبان,National,380.3334
2021,شوينقوم (شيكلي )، لوبان,North East,577.5518
2021,شوينقوم (شيكلي )، لوبان,North West,371.5091
2021,شوينقوم (شيكلي )، لوبان,South East,289.3995
2021,شوينقوم (شيكلي )، لوبان,South West,88.30129
2021,"شيبس، بطاطا مقلية,,,",Centre East,1233.447
2021,"شيبس، بطاطا مقلية,,,",Centre West,348.0097
2021,"شيبس، بطاطا مقلية,,,",Grand Tunis,2308.3
2021,"شيبس، بطاطا مقلية,,,",National,1267.549
2021,"شيبس، بطاطا مقلية,,,",North East,748.0499
2021,"شيبس، بطاطا مقلية,,,",North West,806.5486
2021,"شيبس، بطاطا مقلية,,,",South East,869.3835
2021,"شيبس، بطاطا مقلية,,,",South West,1791.681
2021,شيشة في المقهى,Centre East,376.4532
2021,شيشة في المقهى,Centre West,238.111
2021,شيشة في المقهى,Grand Tunis,1719.172
2021,شيشة في المقهى,National,1051.383
2021,شيشة في المقهى,North East,664.8903
2021,شيشة في المقهى,North West,2971.822
2021,شيشة في المقهى,South East,385.5819
2021,شيشة في المقهى,South West,1511.464
2021,صابون الصيانة الشخصية,Centre East,2795.816
2021,صابون الصيانة الشخصية,Centre West,1158.66
2021,صابون الصيانة الشخصية,Grand Tunis,3289.769
2021,صابون الصيانة الشخصية,National,2400.924
2021,صابون الصيانة الشخصية,North East,2087.573
2021,صابون الصيانة الشخصية,North West,1729.001
2021,صابون الصيانة الشخصية,South East,2208.323
2021,صابون الصيانة الشخصية,South West,2003.171
2021,صابون الغسل,Centre East,15499.06
2021,صابون الغسل,Centre West,8442.423
2021,صابون الغسل,Grand Tunis,8334.037
2021,صابون الغسل,National,9816.031
2021,صابون الغسل,North East,8609.475
2021,صابون الغسل,North West,7819.473
2021,صابون الغسل,South East,6699.953
2021,صابون الغسل,South West,6738.104
2021,صحن او كسكروت كفتاجي,Centre East,2459.806
2021,صحن او كسكروت كفتاجي,Centre West,3278.467
2021,صحن او كسكروت كفتاجي,Grand Tunis,6677.947
2021,صحن او كسكروت كفتاجي,National,4271.416
2021,صحن او كسكروت كفتاجي,North East,9718.841
2021,صحن او كسكروت كفتاجي,North West,1990.442
2021,صحن او كسكروت كفتاجي,South East,473.2023
2021,صحن او كسكروت كفتاجي,South West,263.759
2021,صحن تونسي,Centre East,352.5456
2021,صحن تونسي,Centre West,107.1585
2021,صحن تونسي,Grand Tunis,1049.544
2021,صحن تونسي,National,451.4338
2021,صحن تونسي,North East,396.3077
2021,صحن تونسي,North West,248.5813
2021,صحن تونسي,South East,56.84591
2021,صحن تونسي,South West,196.3866
2021,صندال,Centre East,12209.555953999998
2021,صندال,Centre West,4746.14668
2021,صندال,Grand Tunis,11734.369376999995
2021,صندال,National,9590.771990000001
2021,صندال,North East,8503.34026
2021,صندال,North West,5604.565740000001
2021,صندال,South East,10149.270129999999
2021,صندال,South West,9224.730548000001
2021,صيانة وسيلة نقل,Centre East,8426.578659
2021,صيانة وسيلة نقل,Centre West,3690.93928
2021,صيانة وسيلة نقل,Grand Tunis,14202.637823
2021,صيانة وسيلة نقل,National,9268.591663399999
2021,صيانة وسيلة نقل,North East,3899.20514
2021,صيانة وسيلة نقل,North West,4371.178373
2021,صيانة وسيلة نقل,South East,17339.90085
2021,صيانة وسيلة نقل,South West,13594.24926
2021,طماطم خضراء,Centre East,73476.84
2021,طماطم خضراء,Centre West,18665.09
2021,طماطم خضراء,Grand Tunis,33510.09
2021,طماطم خضراء,National,36745.81
2021,طماطم خضراء,North East,21751.19
2021,طماطم خضراء,North West,27832.86
2021,طماطم خضراء,South East,17246.89
2021,طماطم خضراء,South West,20420.44
2021,طماطم صناعية حكة او صبة,Centre East,53163.01
2021,طماطم صناعية حكة او صبة,Centre West,149495.2
2021,طماطم صناعية حكة او صبة,Grand Tunis,52463.35
2021,طماطم صناعية حكة او صبة,National,77608.69
2021,طماطم صناعية حكة او صبة,North East,56121.08
2021,طماطم صناعية حكة او صبة,North West,174943.4
2021,طماطم صناعية حكة او صبة,South East,51901.84
2021,طماطم صناعية حكة او صبة,South West,45502.27
2021,طواقم,Centre East,3949.3457999999996
2021,طواقم,Centre West,2476.70255
2021,طواقم,Grand Tunis,2525.3685
2021,طواقم,National,2799.8161
2021,طواقم,North East,2589.26149
2021,طواقم,North West,658.23985
2021,طواقم,South East,3118.24566
2021,طواقم,South West,3716.5937
2021,عدس شائح,Centre East,9280.146
2021,عدس شائح,Centre West,3812.935
2021,عدس شائح,Grand Tunis,9321.859
2021,عدس شائح,National,6581.076
2021,عدس شائح,North East,2354.696
2021,عدس شائح,North West,5803.78
2021,عدس شائح,South East,3787.812
2021,عدس شائح,South West,6010.622
2021,عسل النحل,Centre East,4960.464
2021,عسل النحل,Centre West,2960.739
2021,عسل النحل,Grand Tunis,7069.784
2021,عسل النحل,National,4531.046
2021,عسل النحل,North East,3273.779
2021,عسل النحل,North West,3753.782
2021,عسل النحل,South East,1984.466
2021,عسل النحل,South West,3914.023
2021,عسل و أغذية سكريّة,Centre East,18343.96522
2021,عسل و أغذية سكريّة,Centre West,7894.172796000001
2021,عسل و أغذية سكريّة,Grand Tunis,25279.40644
2021,عسل و أغذية سكريّة,National,16069.802749999999
2021,عسل و أغذية سكريّة,North East,12232.9302
2021,عسل و أغذية سكريّة,North West,9259.215000999999
2021,عسل و أغذية سكريّة,South East,11957.034730000001
2021,عسل و أغذية سكريّة,South West,13550.83471
2021,عصير غلال,Centre East,7715.842
2021,عصير غلال,Centre West,1859.06
2021,عصير غلال,Grand Tunis,6532.512
2021,عصير غلال,National,5116.164
2021,عصير غلال,North East,2938.506
2021,عصير غلال,North West,3200.339
2021,عصير غلال,South East,5922.625
2021,عصير غلال,South West,2905.401
2021,"عصير غلال (قارورة ، باكوات,,,)",Centre East,13731.19
2021,"عصير غلال (قارورة ، باكوات,,,)",Centre West,6551.875
2021,"عصير غلال (قارورة ، باكوات,,,)",Grand Tunis,13742.45
2021,"عصير غلال (قارورة ، باكوات,,,)",National,11738.33
2021,"عصير غلال (قارورة ، باكوات,,,)",North East,7931.237
2021,"عصير غلال (قارورة ، باكوات,,,)",North West,10703.36
2021,"عصير غلال (قارورة ، باكوات,,,)",South East,14369.12
2021,"عصير غلال (قارورة ، باكوات,,,)",South West,13684.42
2021,عطورات,Centre East,36324.71
2021,عطورات,Centre West,18995.91
2021,عطورات,Grand Tunis,35204.88
2021,عطورات,National,28028.43
2021,عطورات,North East,21990.24
2021,عطورات,North West,18903.13
2021,عطورات,South East,18858.23
2021,عطورات,South West,28564.81
2021,علاج و إقامة عملية جراحية,Centre East,45028.832
2021,علاج و إقامة عملية جراحية,Centre West,29465.7976
2021,علاج و إقامة عملية جراحية,Grand Tunis,27606.583000000002
2021,علاج و إقامة عملية جراحية,National,33944.966
2021,علاج و إقامة عملية جراحية,North East,45511.993
2021,علاج و إقامة عملية جراحية,North West,18685.4413
2021,علاج و إقامة عملية جراحية,South East,33139.741
2021,علاج و إقامة عملية جراحية,South West,23941.14718
2021,علبة سجائر,Centre East,202048.3
2021,علبة سجائر,Centre West,118342.6
2021,علبة سجائر,Grand Tunis,195244.5
2021,علبة سجائر,National,166883.9
2021,علبة سجائر,North East,194206.1
2021,علبة سجائر,North West,191248.1
2021,علبة سجائر,South East,50874.57
2021,علبة سجائر,South West,77874.54
2021,عنب,Centre East,9111.786
2021,عنب,Centre West,5445.122
2021,عنب,Grand Tunis,7451.388
2021,عنب,National,7163.11
2021,عنب,North East,6872.322
2021,عنب,North West,6919.928
2021,عنب,South East,4371.482
2021,عنب,South West,7229.319
2021,عوينة,Centre East,1382.984
2021,عوينة,Centre West,514.4055
2021,عوينة,Grand Tunis,1324.655
2021,عوينة,National,1007.709
2021,عوينة,North East,667.0391
2021,عوينة,North West,648.5638
2021,عوينة,South East,853.6063
2021,عوينة,South West,909.5184
2021,غاز قارورة,Centre East,22505.23
2021,غاز قارورة,Centre West,21915.5
2021,غاز قارورة,Grand Tunis,10102.4
2021,غاز قارورة,National,21406.33
2021,غاز قارورة,North East,26357.78
2021,غاز قارورة,North West,34937.12
2021,غاز قارورة,South East,22210.22
2021,غاز قارورة,South West,26890.2
2021,غسل و تشحيم و تبديل زيت السيارة,Centre East,906.0662
2021,غسل و تشحيم و تبديل زيت السيارة,Centre West,245.1214
2021,غسل و تشحيم و تبديل زيت السيارة,Grand Tunis,4192.816
2021,غسل و تشحيم و تبديل زيت السيارة,National,1835.546
2021,غسل و تشحيم و تبديل زيت السيارة,North East,939.7355
2021,غسل و تشحيم و تبديل زيت السيارة,North West,1424.768
2021,غسل و تشحيم و تبديل زيت السيارة,South East,2423.047
2021,غسل و تشحيم و تبديل زيت السيارة,South West,1228.237
2021,غلال,Centre East,170788.61259699997
2021,غلال,Centre West,83497.5375294
2021,غلال,Grand Tunis,128004.79292590001
2021,غلال,National,124493.73665
2021,غلال,North East,91047.5451491
2021,غلال,North West,150006.13292099998
2021,غلال,South East,93017.39646
2021,غلال,South West,94297.803121
2021,"غلال اخرى (سفرجل،  توت ,,,)",Centre East,550.7979
2021,"غلال اخرى (سفرجل،  توت ,,,)",Centre West,39.89922
2021,"غلال اخرى (سفرجل،  توت ,,,)",Grand Tunis,1354.597
2021,"غلال اخرى (سفرجل،  توت ,,,)",National,631.8668
2021,"غلال اخرى (سفرجل،  توت ,,,)",North East,369.0504
2021,"غلال اخرى (سفرجل،  توت ,,,)",North West,803.6636
2021,"غلال اخرى (سفرجل،  توت ,,,)",South East,123.5731
2021,"غلال اخرى (سفرجل،  توت ,,,)",South West,361.4212
2021,غلال جافّة,Centre East,13335.669916999997
2021,غلال جافّة,Centre West,12573.264416400001
2021,غلال جافّة,Grand Tunis,14699.983717999998
2021,غلال جافّة,National,17637.01715
2021,غلال جافّة,North East,8295.701528000001
2021,غلال جافّة,North West,65294.580872
2021,غلال جافّة,South East,9648.690079999998
2021,غلال جافّة,South West,11082.0900424
2021,فاتورة الكهرباء و الغاز الطبيعي,Centre East,150847.8
2021,فاتورة الكهرباء و الغاز الطبيعي,Centre West,141259.9
2021,فاتورة الكهرباء و الغاز الطبيعي,Grand Tunis,273339.3
2021,فاتورة الكهرباء و الغاز الطبيعي,National,176309.9
2021,فاتورة الكهرباء و الغاز الطبيعي,North East,159320.4
2021,فاتورة الكهرباء و الغاز الطبيعي,North West,94366.34
2021,فاتورة الكهرباء و الغاز الطبيعي,South East,148977.4
2021,فاتورة الكهرباء و الغاز الطبيعي,South West,177313.8
2021,فاتورة الماء,Centre East,50391.48
2021,فاتورة الماء,Centre West,37369.95
2021,فاتورة الماء,Grand Tunis,82112.9
2021,فاتورة الماء,National,56412.41
2021,فاتورة الماء,North East,53433.03
2021,فاتورة الماء,North West,32459.61
2021,فاتورة الماء,South East,58189.59
2021,فاتورة الماء,South West,61892.78
2021,فاتورة الهاتف الجوال,Centre East,490.5648
2021,فاتورة الهاتف الجوال,Centre West,360.8103
2021,فاتورة الهاتف الجوال,Grand Tunis,774.5916
2021,فاتورة الهاتف الجوال,National,446.8668
2021,فاتورة الهاتف الجوال,North East,230.3949
2021,فاتورة الهاتف الجوال,North West,110.1915
2021,فاتورة الهاتف الجوال,South East,430.9057
2021,فاتورة الهاتف الجوال,South West,198.6366
2021,فاتورة الهاتف القار,Centre East,2368.636
2021,فاتورة الهاتف القار,Centre West,321.8608
2021,فاتورة الهاتف القار,Grand Tunis,3221.716
2021,فاتورة الهاتف القار,National,1869.125
2021,فاتورة الهاتف القار,North East,1809.302
2021,فاتورة الهاتف القار,North West,644.3309
2021,فاتورة الهاتف القار,South East,1353.911
2021,فاتورة الهاتف القار,South West,561.3181
2021,فارينة سوق باكوات,Centre East,4950.986
2021,فارينة سوق باكوات,Centre West,2749.741
2021,فارينة سوق باكوات,Grand Tunis,4799.923
2021,فارينة سوق باكوات,National,4888.025
2021,فارينة سوق باكوات,North East,5110.344
2021,فارينة سوق باكوات,North West,4095.658
2021,فارينة سوق باكوات,South East,7439.193
2021,فارينة سوق باكوات,South West,6728.104
2021,فحم,Centre East,3013.882
2021,فحم,Centre West,3658.659
2021,فحم,Grand Tunis,1875.688
2021,فحم,National,2924.709
2021,فحم,North East,2103.812
2021,فحم,North West,2197.645
2021,فحم,South East,6982.664
2021,فحم,South West,2209.592
2021,فراولو,Centre East,4778.373
2021,فراولو,Centre West,2009.277
2021,فراولو,Grand Tunis,4939.452
2021,فراولو,National,3864.601
2021,فراولو,North East,3076.415
2021,فراولو,North West,3854.497
2021,فراولو,South East,2825.299
2021,فراولو,South West,3220.621
2021,فرملة، بدعية، سدرية,Centre East,248.4667796
2021,فرملة، بدعية، سدرية,Centre West,117.644069
2021,فرملة، بدعية، سدرية,Grand Tunis,61.0608373
2021,فرملة، بدعية، سدرية,National,147.04725700000003
2021,فرملة، بدعية، سدرية,North East,63.15769300000001
2021,فرملة، بدعية، سدرية,North West,71.255651
2021,فرملة، بدعية، سدرية,South East,181.86888
2021,فرملة، بدعية، سدرية,South West,455.139359
2021,فرن كهربائي - ميكرواوند,Centre East,1711.132
2021,فرن كهربائي - ميكرواوند,Centre West,1059.188
2021,فرن كهربائي - ميكرواوند,Grand Tunis,1760.188
2021,فرن كهربائي - ميكرواوند,National,1294.449
2021,فرن كهربائي - ميكرواوند,North East,539.1149
2021,فرن كهربائي - ميكرواوند,North West,890.025
2021,فرن كهربائي - ميكرواوند,South East,924.6224
2021,فرن كهربائي - ميكرواوند,South West,1248.623
2021,فريكاسي، باتي,Centre East,3691.776
2021,فريكاسي، باتي,Centre West,1579.969
2021,فريكاسي، باتي,Grand Tunis,1586.47
2021,فريكاسي، باتي,National,2484.728
2021,فريكاسي، باتي,North East,1656.004
2021,فريكاسي، باتي,North West,1437.438
2021,فريكاسي، باتي,South East,4663.803
2021,فريكاسي، باتي,South West,3806.038
2021,فطاير,Centre East,23.59858
2021,فطاير,Centre West,9.928637
2021,فطاير,Grand Tunis,246.0213
2021,فطاير,National,101.1501
2021,فطاير,North East,127.8752
2021,فطاير,North West,13.2634
2021,فطاير,South East,83.26584
2021,فطاير,South West,132.2704
2021,فقوس,Centre East,7052.111
2021,فقوس,Centre West,2311.823
2021,فقوس,Grand Tunis,7014.686
2021,فقوس,National,5438.901
2021,فقوس,North East,4062.893
2021,فقوس,North West,4048.173
2021,فقوس,South East,5663.34
2021,فقوس,South West,4464.53
2021,فلفل احمر شائح قرون,Centre East,3451.664
2021,فلفل احمر شائح قرون,Centre West,1166.391
2021,فلفل احمر شائح قرون,Grand Tunis,3291.223
2021,فلفل احمر شائح قرون,National,2830.921
2021,فلفل احمر شائح قرون,North East,1899.35
2021,فلفل احمر شائح قرون,North West,2249.289
2021,فلفل احمر شائح قرون,South East,4891.397
2021,فلفل احمر شائح قرون,South West,2048.235
2021,فلفل احمر مرحي,Centre East,15670.95
2021,فلفل احمر مرحي,Centre West,9438.52
2021,فلفل احمر مرحي,Grand Tunis,9100.285
2021,فلفل احمر مرحي,National,11415.67
2021,فلفل احمر مرحي,North East,10149.88
2021,فلفل احمر مرحي,North West,12447.76
2021,فلفل احمر مرحي,South East,10938.1
2021,فلفل احمر مرحي,South West,9946.66
2021,فلفل اخضر,Centre East,27139.89
2021,فلفل اخضر,Centre West,21969.03
2021,فلفل اخضر,Grand Tunis,28426.29
2021,فلفل اخضر,National,27176.73
2021,فلفل اخضر,North East,25924.03
2021,فلفل اخضر,North West,49170.64
2021,فلفل اخضر,South East,14841.29
2021,فلفل اخضر,South West,17217.7
2021,فلفل اكحل,Centre East,3218.398
2021,فلفل اكحل,Centre West,695.1415
2021,فلفل اكحل,Grand Tunis,3132.693
2021,فلفل اكحل,National,2323.587
2021,فلفل اكحل,North East,3264.433
2021,فلفل اكحل,North West,1029.578
2021,فلفل اكحل,South East,364.7194
2021,فلفل اكحل,South West,1849.274
2021,فواتير وبطاقات تمويل الهاتف القار والجوال,Centre East,195809.89892
2021,فواتير وبطاقات تمويل الهاتف القار والجوال,Centre West,108881.17741
2021,فواتير وبطاقات تمويل الهاتف القار والجوال,Grand Tunis,155297.75978200004
2021,فواتير وبطاقات تمويل الهاتف القار والجوال,National,149775.3007309
2021,فواتير وبطاقات تمويل الهاتف القار والجوال,North East,136924.18658
2021,فواتير وبطاقات تمويل الهاتف القار والجوال,North West,124653.74576
2021,فواتير وبطاقات تمويل الهاتف القار والجوال,South East,126501.36000999999
2021,فواتير وبطاقات تمويل الهاتف القار والجوال,South West,138160.01696
2021,فواكه أخرى,Centre East,64571.85606
2021,فواكه أخرى,Centre West,19653.557892999997
2021,فواكه أخرى,Grand Tunis,18442.13512
2021,فواكه أخرى,National,26599.669899999997
2021,فواكه أخرى,North East,10076.908575
2021,فواكه أخرى,North West,7711.949839999999
2021,فواكه أخرى,South East,12085.55689
2021,فواكه أخرى,South West,14532.8972196
2021,"فواكه اخرى (حب ملوك,,,)",Centre East,40.24834
2021,"فواكه اخرى (حب ملوك,,,)",Centre West,17.09497
2021,"فواكه اخرى (حب ملوك,,,)",Grand Tunis,357.9197
2021,"فواكه اخرى (حب ملوك,,,)",National,118.4571
2021,"فواكه اخرى (حب ملوك,,,)",North East,14.55511
2021,"فواكه اخرى (حب ملوك,,,)",North West,131.6822
2021,"فواكه اخرى (حب ملوك,,,)",South East,41.3659
2021,"فواكه اخرى (حب ملوك,,,)",South West,1.882909
2021,فواكه بالحبوب,Centre East,60434.8519
2021,فواكه بالحبوب,Centre West,30908.761619999997
2021,فواكه بالحبوب,Grand Tunis,53031.8836
2021,فواكه بالحبوب,National,47870.391
2021,فواكه بالحبوب,North East,40333.016500000005
2021,فواكه بالحبوب,North West,44903.754100000006
2021,فواكه بالحبوب,South East,43544.9092
2021,فواكه بالحبوب,South West,41949.322199999995
2021,فواكه بالنواة,Centre East,14380.76514
2021,فواكه بالنواة,Centre West,6059.132700000001
2021,فواكه بالنواة,Grand Tunis,14150.6007979
2021,فواكه بالنواة,National,11393.11608
2021,فواكه بالنواة,North East,9188.823288099997
2021,فواكه بالنواة,North West,9727.058149999999
2021,فواكه بالنواة,South East,10038.89111
2021,فواكه بالنواة,South West,9597.025193000001
2021,فواكه جافّة,Centre East,6831.532980000001
2021,فواكه جافّة,Centre West,2862.47602
2021,فواكه جافّة,Grand Tunis,10026.80482
2021,فواكه جافّة,National,6697.64842
2021,فواكه جافّة,North East,6330.751660000001
2021,فواكه جافّة,North West,5240.0138099999995
2021,فواكه جافّة,South East,4831.20493
2021,فواكه جافّة,South West,7038.27833
2021,فوطة,Centre East,9.079498
2021,فوطة,Centre West,7.413965
2021,فوطة,Grand Tunis,0.8871307
2021,فوطة,National,21.090361700000003
2021,فوطة,North East,0.0
2021,فوطة,North West,0.0
2021,فوطة,South East,186.122295
2021,فوطة,South West,15.93358
2021,فوطة وبلوزة,Centre East,1076.6491829999998
2021,فوطة وبلوزة,Centre West,758.5308094000001
2021,فوطة وبلوزة,Grand Tunis,195.4440003
2021,فوطة وبلوزة,National,524.5104148999999
2021,فوطة وبلوزة,North East,224.34498
2021,فوطة وبلوزة,North West,67.494513
2021,فوطة وبلوزة,South East,194.56605
2021,فوطة وبلوزة,South West,1185.5586130000002
2021,فول اخضر,Centre East,1828.617
2021,فول اخضر,Centre West,1451.505
2021,فول اخضر,Grand Tunis,1063.553
2021,فول اخضر,National,1292.057
2021,فول اخضر,North East,754.4152
2021,فول اخضر,North West,1414.658
2021,فول اخضر,South East,357.3944
2021,فول اخضر,South West,2295.599
2021,فول شائح,Centre East,1392.306
2021,فول شائح,Centre West,732.8776
2021,فول شائح,Grand Tunis,318.5129
2021,فول شائح,National,1071.547
2021,فول شائح,North East,923.9008
2021,فول شائح,North West,985.4661
2021,فول شائح,South East,1841.693
2021,فول شائح,South West,3098.744
2021,فيستة بلوزون,Centre East,6599.852020000001
2021,فيستة بلوزون,Centre West,1959.0807230000003
2021,فيستة بلوزون,Grand Tunis,5444.757689999999
2021,فيستة بلوزون,National,4462.016520000001
2021,فيستة بلوزون,North East,3734.3844340000005
2021,فيستة بلوزون,North West,2668.7417500000006
2021,فيستة بلوزون,South East,2857.2225980000007
2021,فيستة بلوزون,South West,4467.74829
2021,قارص,Centre East,1382.103
2021,قارص,Centre West,1323.121
2021,قارص,Grand Tunis,2493.248
2021,قارص,National,1954.097
2021,قارص,North East,2691.194
2021,قارص,North West,2202.624
2021,قارص,South East,1656.171
2021,قارص,South West,1681.062
2021,قاعة استقبال,Centre East,8677.363
2021,قاعة استقبال,Centre West,4870.155
2021,قاعة استقبال,Grand Tunis,12894.04
2021,قاعة استقبال,National,8469.372
2021,قاعة استقبال,North East,5740.858
2021,قاعة استقبال,North West,3891.657
2021,قاعة استقبال,South East,11099.9
2021,قاعة استقبال,South West,7405.791
2021,قاعة اكل,Centre East,3495.445
2021,قاعة اكل,Centre West,1725.198
2021,قاعة اكل,Grand Tunis,3314.03
2021,قاعة اكل,National,2536.065
2021,قاعة اكل,North East,1300.161
2021,قاعة اكل,North West,3515.773
2021,قاعة اكل,South East,750.5485
2021,قاعة اكل,South West,1112.124
2021,قبقاب (صابو),Centre East,4098.8966439999995
2021,قبقاب (صابو),Centre West,163.4493
2021,قبقاب (صابو),Grand Tunis,1050.00343
2021,قبقاب (صابو),National,1742.5445640000003
2021,قبقاب (صابو),North East,1579.128
2021,قبقاب (صابو),North West,58.3112
2021,قبقاب (صابو),South East,968.7461020000001
2021,قبقاب (صابو),South West,3060.5539470000003
2021,قرع احمر,Centre East,3246.081
2021,قرع احمر,Centre West,3190.864
2021,قرع احمر,Grand Tunis,4026.918
2021,قرع احمر,National,3785.64
2021,قرع احمر,North East,1937.333
2021,قرع احمر,North West,2228.007
2021,قرع احمر,South East,7330.293
2021,قرع احمر,South West,8242.364
2021,قرع بوطزينة,Centre East,851.0453
2021,قرع بوطزينة,Centre West,199.3091
2021,قرع بوطزينة,Grand Tunis,2236.318
2021,قرع بوطزينة,National,1130.773
2021,قرع بوطزينة,North East,1104.463
2021,قرع بوطزينة,North West,1251.264
2021,قرع بوطزينة,South East,593.8253
2021,قرع بوطزينة,South West,355.4642
2021,قرنيط، سوبية، مطيق,Centre East,7212.1717
2021,قرنيط، سوبية، مطيق,Centre West,212.0885
2021,قرنيط، سوبية، مطيق,Grand Tunis,2607.6827999999996
2021,قرنيط، سوبية، مطيق,National,2628.6027000000004
2021,قرنيط، سوبية، مطيق,North East,788.48907
2021,قرنيط، سوبية، مطيق,North West,42.725792
2021,قرنيط، سوبية، مطيق,South East,1079.0178
2021,قرنيط، سوبية، مطيق,South West,429.84646
2021,قشابيةكدرون صوف,Centre East,191.753327
2021,قشابيةكدرون صوف,Centre West,176.827463
2021,قشابيةكدرون صوف,Grand Tunis,127.4403326
2021,قشابيةكدرون صوف,National,199.6900251
2021,قشابيةكدرون صوف,North East,49.676688999999996
2021,قشابيةكدرون صوف,North West,548.7931518
2021,قشابيةكدرون صوف,South East,370.45843
2021,قشابيةكدرون صوف,South West,71.31996999999998
2021,قطار,Centre East,633.108
2021,قطار,Centre West,9.586267
2021,قطار,Grand Tunis,1790.878
2021,قطار,National,734.0904
2021,قطار,North East,613.6535
2021,قطار,North West,41.13795
2021,قطار,South East,386.0465
2021,قطار,South West,332.3931
2021,قفطان,Centre East,2444.950662
2021,قفطان,Centre West,1920.1430970000001
2021,قفطان,Grand Tunis,1247.5897058000003
2021,قفطان,National,2016.246316
2021,قفطان,North East,2385.498227
2021,قفطان,North West,894.816861
2021,قفطان,South East,4103.67713
2021,قفطان,South West,1453.2614899999999
2021,قلوب عبادة و قرع,Centre East,959.853
2021,قلوب عبادة و قرع,Centre West,529.5058
2021,قلوب عبادة و قرع,Grand Tunis,998.2538
2021,قلوب عبادة و قرع,National,759.0894
2021,قلوب عبادة و قرع,North East,425.716
2021,قلوب عبادة و قرع,North West,693.1817
2021,قلوب عبادة و قرع,South East,449.1243
2021,قلوب عبادة و قرع,South West,848.5311
2021,قماش التأثيث و الستائر,Centre East,10573.567
2021,قماش التأثيث و الستائر,Centre West,5125.6673900000005
2021,قماش التأثيث و الستائر,Grand Tunis,9468.827930000001
2021,قماش التأثيث و الستائر,National,8152.5927
2021,قماش التأثيث و الستائر,North East,7175.93467
2021,قماش التأثيث و الستائر,North West,3249.04322
2021,قماش التأثيث و الستائر,South East,9087.3068
2021,قماش التأثيث و الستائر,South West,8830.8922
2021,قمح صلب حب,Centre East,969.8443
2021,قمح صلب حب,Centre West,1962.718
2021,قمح صلب حب,Grand Tunis,191.8016
2021,قمح صلب حب,National,731.7938
2021,قمح صلب حب,North East,282.0715
2021,قمح صلب حب,North West,632.1707
2021,قمح صلب حب,South East,576.7905
2021,قمح صلب حب,South West,787.4564
2021,قمح صلب حبّ,Centre East,44152.79524
2021,قمح صلب حبّ,Centre West,62246.20472
2021,قمح صلب حبّ,Grand Tunis,36318.96427
2021,قمح صلب حبّ,National,43966.97803
2021,قمح صلب حبّ,North East,39746.685419999994
2021,قمح صلب حبّ,North West,51459.227139999995
2021,قمح صلب حبّ,South East,37474.52691
2021,قمح صلب حبّ,South West,41890.181889
2021,قمح لين ومشتقاته,Centre East,75956.56267
2021,قمح لين ومشتقاته,Centre West,43360.285434
2021,قمح لين ومشتقاته,Grand Tunis,85928.59311000002
2021,قمح لين ومشتقاته,National,72495.57551
2021,قمح لين ومشتقاته,North East,75986.45234999999
2021,قمح لين ومشتقاته,North West,83445.559277
2021,قمح لين ومشتقاته,South East,59072.3819
2021,قمح لين ومشتقاته,South West,59330.343550000005
2021,قميص,Centre East,39180.02637
2021,قميص,Centre West,11901.781250000002
2021,قميص,Grand Tunis,32793.34476
2021,قميص,National,27428.34914
2021,قميص,North East,24259.942579999995
2021,قميص,North West,14458.8998
2021,قميص,South East,21910.55816
2021,قميص,South West,29929.257550000002
2021,قميص نوم، قميص نسوة,Centre East,663.001851
2021,قميص نوم، قميص نسوة,Centre West,284.132276
2021,قميص نوم، قميص نسوة,Grand Tunis,821.739002
2021,قميص نوم، قميص نسوة,National,611.5207674000001
2021,قميص نوم، قميص نسوة,North East,425.66279099999997
2021,قميص نوم، قميص نسوة,North West,877.7774330000001
2021,قميص نوم، قميص نسوة,South East,523.56936
2021,قميص نوم، قميص نسوة,South West,355.09279000000004
2021,قنارية,Centre East,551.1992
2021,قنارية,Centre West,124.4462
2021,قنارية,Grand Tunis,2033.358
2021,قنارية,National,905.9132
2021,قنارية,North East,754.4264
2021,قنارية,North West,1325.5
2021,قنارية,South East,204.5489
2021,قنارية,South West,50.08219
2021,قهوة,Centre East,60512.87
2021,قهوة,Centre West,20228.67
2021,قهوة,Grand Tunis,76833.91
2021,قهوة,National,58127.13
2021,قهوة,North East,66552.12
2021,قهوة,North West,65711.39
2021,قهوة,South East,52803.89
2021,قهوة,South West,26875.73
2021,كبدة,Centre East,1125.536861
2021,كبدة,Centre West,313.00766000000004
2021,كبدة,Grand Tunis,2546.5005200000005
2021,كبدة,National,1176.223922
2021,كبدة,North East,1015.52381
2021,كبدة,North West,499.90709699999996
2021,كبدة,South East,433.75513
2021,كبدة,South West,207.59096999999997
2021,كتب بمناسبة العودة المدرسية,Centre East,463.0098
2021,كتب بمناسبة العودة المدرسية,Centre West,366.5884
2021,كتب بمناسبة العودة المدرسية,Grand Tunis,1446.721
2021,كتب بمناسبة العودة المدرسية,National,610.4937
2021,كتب بمناسبة العودة المدرسية,North East,236.1102
2021,كتب بمناسبة العودة المدرسية,North West,320.7328
2021,كتب بمناسبة العودة المدرسية,South East,174.5821
2021,كتب بمناسبة العودة المدرسية,South West,317.7823
2021,كتب غير مدرسية,Centre East,139.8705
2021,كتب غير مدرسية,Centre West,355.4476
2021,كتب غير مدرسية,Grand Tunis,619.7198
2021,كتب غير مدرسية,National,240.5254
2021,كتب غير مدرسية,North East,4.280523
2021,كتب غير مدرسية,North West,5.330549
2021,كتب غير مدرسية,South East,63.21015
2021,كتب غير مدرسية,South West,50.63074
2021,كراب، ملاوي,Centre East,8091.023
2021,كراب، ملاوي,Centre West,3741.558
2021,كراب، ملاوي,Grand Tunis,12380.32
2021,كراب، ملاوي,National,8441.081
2021,كراب، ملاوي,North East,10677.91
2021,كراب، ملاوي,North West,3571.637
2021,كراب، ملاوي,South East,9011.125
2021,كراب، ملاوي,South West,5754.885
2021,كراسات و أدوات أخرى بمناسبة العودة المدرسية,Centre East,1487.765
2021,كراسات و أدوات أخرى بمناسبة العودة المدرسية,Centre West,975.2392
2021,كراسات و أدوات أخرى بمناسبة العودة المدرسية,Grand Tunis,2243.962
2021,كراسات و أدوات أخرى بمناسبة العودة المدرسية,National,1387.091
2021,كراسات و أدوات أخرى بمناسبة العودة المدرسية,North East,954.7368
2021,كراسات و أدوات أخرى بمناسبة العودة المدرسية,North West,782.3684
2021,كراسات و أدوات أخرى بمناسبة العودة المدرسية,South East,717.0931
2021,كراسات و أدوات أخرى بمناسبة العودة المدرسية,South West,1430.801
2021,كرافات، كشكول,Centre East,391.03308699999997
2021,كرافات، كشكول,Centre West,225.156243
2021,كرافات، كشكول,Grand Tunis,850.4443370000001
2021,كرافات، كشكول,National,410.7080945999999
2021,كرافات، كشكول,North East,276.803563
2021,كرافات، كشكول,North West,79.41118639999999
2021,كرافات، كشكول,South East,300.9340199
2021,كرافات، كشكول,South West,107.92022130000001
2021,كرسي,Centre East,827.6143
2021,كرسي,Centre West,889.0707
2021,كرسي,Grand Tunis,596.1277
2021,كرسي,National,906.6971
2021,كرسي,North East,1127.24
2021,كرسي,North West,1057.05
2021,كرسي,South East,1149.434
2021,كرسي,South West,1436.069
2021,كرشة و دوّارة,Centre East,3531.5301433
2021,كرشة و دوّارة,Centre West,1993.361688
2021,كرشة و دوّارة,Grand Tunis,1721.0340816000003
2021,كرشة و دوّارة,National,2086.1374149999997
2021,كرشة و دوّارة,North East,1339.4057699999998
2021,كرشة و دوّارة,North West,1379.149428
2021,كرشة و دوّارة,South East,2068.48535
2021,كرشة و دوّارة,South West,857.8254450000001
2021,كركم,Centre East,2887.19
2021,كركم,Centre West,2601.012
2021,كركم,Grand Tunis,2854.368
2021,كركم,National,2837.359
2021,كركم,North East,3062.563
2021,كركم,North West,1669.045
2021,كركم,South East,3914.563
2021,كركم,South West,2889.037
2021,كرمب,Centre East,612.9059
2021,كرمب,Centre West,194.3427
2021,كرمب,Grand Tunis,622.5522
2021,كرمب,National,503.4181
2021,كرمب,North East,519.6664
2021,كرمب,North West,729.0257
2021,كرمب,South East,281.3239
2021,كرمب,South West,132.9253
2021,كرموس,Centre East,1638.217
2021,كرموس,Centre West,404.2546
2021,كرموس,Grand Tunis,2145.42
2021,كرموس,National,1327.542
2021,كرموس,North East,632.2702
2021,كرموس,North West,1209.221
2021,كرموس,South East,1049.814
2021,كرموس,South West,965.9932
2021,كروية,Centre East,1479.297
2021,كروية,Centre West,208.1731
2021,كروية,Grand Tunis,215.0366
2021,كروية,National,620.6274
2021,كروية,North East,485.9183
2021,كروية,North West,294.1504
2021,كروية,South East,155.0429
2021,كروية,South West,1369.103
2021,كسكروت تن او سردينة او شباتي,Centre East,19474.84
2021,كسكروت تن او سردينة او شباتي,Centre West,9576.213
2021,كسكروت تن او سردينة او شباتي,Grand Tunis,20094.83
2021,كسكروت تن او سردينة او شباتي,National,15818.61
2021,كسكروت تن او سردينة او شباتي,North East,11660.41
2021,كسكروت تن او سردينة او شباتي,North West,18751.31
2021,كسكروت تن او سردينة او شباتي,South East,13350.36
2021,كسكروت تن او سردينة او شباتي,South West,4847.142
2021,كسكروت لحم او دجاج او ديك رومي او سلامي,Centre East,17018.18
2021,كسكروت لحم او دجاج او ديك رومي او سلامي,Centre West,5759.644
2021,كسكروت لحم او دجاج او ديك رومي او سلامي,Grand Tunis,34846.31
2021,كسكروت لحم او دجاج او ديك رومي او سلامي,National,17282.38
2021,كسكروت لحم او دجاج او ديك رومي او سلامي,North East,11337.04
2021,كسكروت لحم او دجاج او ديك رومي او سلامي,North West,4990.782
2021,كسكروت لحم او دجاج او ديك رومي او سلامي,South East,9105.825
2021,كسكروت لحم او دجاج او ديك رومي او سلامي,South West,18750.91
2021,كسكسى سوق باكوات,Centre East,6230.104
2021,كسكسى سوق باكوات,Centre West,8684.647
2021,كسكسى سوق باكوات,Grand Tunis,3118.635
2021,كسكسى سوق باكوات,National,4852.098
2021,كسكسى سوق باكوات,North East,2965.072
2021,كسكسى سوق باكوات,North West,575.8137
2021,كسكسى سوق باكوات,South East,5802.357
2021,كسكسى سوق باكوات,South West,8661.148
2021,كسوة,Centre East,4910.735167000001
2021,كسوة,Centre West,2049.9559658999997
2021,كسوة,Grand Tunis,4305.460346
2021,كسوة,National,3503.9045873000014
2021,كسوة,North East,3750.836995
2021,كسوة,North West,1123.2486099999999
2021,كسوة,South East,2118.7894829999996
2021,كسوة,South West,3245.91621
2021,كلافس,Centre East,1148.657
2021,كلافس,Centre West,722.3216
2021,كلافس,Grand Tunis,1866.634
2021,كلافس,National,1215.374
2021,كلافس,North East,1130.551
2021,كلافس,North West,1348.713
2021,كلافس,South East,468.3969
2021,كلافس,South West,975.3719
2021,كليمنتين,Centre East,1071.947
2021,كليمنتين,Centre West,1270.127
2021,كليمنتين,Grand Tunis,6860.021
2021,كليمنتين,National,3659.05
2021,كليمنتين,North East,6040.957
2021,كليمنتين,North West,6709.63
2021,كليمنتين,South East,253.8033
2021,كليمنتين,South West,227.0668
2021,كمّون,Centre East,1438.418
2021,كمّون,Centre West,192.697
2021,كمّون,Grand Tunis,1047.606
2021,كمّون,National,872.3937
2021,كمّون,North East,776.554
2021,كمّون,North West,193.0656
2021,كمّون,South East,494.8932
2021,كمّون,South West,1343.663
2021,لبن طري,Centre East,5982.374629000001
2021,لبن طري,Centre West,3422.1298020000004
2021,لبن طري,Grand Tunis,12890.457831
2021,لبن طري,National,7143.28086
2021,لبن طري,North East,4275.335770000001
2021,لبن طري,North West,4744.03507
2021,لبن طري,South East,6121.65487
2021,لبن طري,South West,8861.87671
2021,لحم برشني,Centre East,1047.36023
2021,لحم برشني,Centre West,5988.36781
2021,لحم برشني,Grand Tunis,1363.54239
2021,لحم برشني,National,8030.21799
2021,لحم برشني,North East,1979.683
2021,لحم برشني,North West,8481.442500000001
2021,لحم برشني,South East,51909.090200000006
2021,لحم برشني,South West,15268.88495
2021,لحم بقري,Centre East,35827.42940000001
2021,لحم بقري,Centre West,3696.41264
2021,لحم بقري,Grand Tunis,20661.400895000002
2021,لحم بقري,National,26916.996
2021,لحم بقري,North East,60374.89893
2021,لحم بقري,North West,25423.4412
2021,لحم بقري,South East,9908.372879999999
2021,لحم بقري,South West,15529.071761000001
2021,لحم جمل,Centre East,207.3928513
2021,لحم جمل,Centre West,455.05675
2021,لحم جمل,Grand Tunis,51.61873
2021,لحم جمل,National,701.6353
2021,لحم جمل,North East,39.1509643
2021,لحم جمل,North West,59.723710200000006
2021,لحم جمل,South East,3277.7878
2021,لحم جمل,South West,4981.705370000001
2021,لحم دجاج، كبدة دجاج,Centre East,12763.55
2021,لحم دجاج، كبدة دجاج,Centre West,30388.47
2021,لحم دجاج، كبدة دجاج,Grand Tunis,109860.0
2021,لحم دجاج، كبدة دجاج,National,48850.8
2021,لحم دجاج، كبدة دجاج,North East,18764.29
2021,لحم دجاج، كبدة دجاج,North West,45984.16
2021,لحم دجاج، كبدة دجاج,South East,28018.1
2021,لحم دجاج، كبدة دجاج,South West,95454.64
2021,لحم علوش,Centre East,202177.06924999997
2021,لحم علوش,Centre West,159387.6171
2021,لحم علوش,Grand Tunis,207203.88276
2021,لحم علوش,National,181589.30952999997
2021,لحم علوش,North East,148735.04887
2021,لحم علوش,North West,170676.72066
2021,لحم علوش,South East,166791.73403999998
2021,لحم علوش,South West,158715.03100000002
2021,"لحم مفروم و مرقاز و ""سلامي""",Centre East,7321.5174
2021,"لحم مفروم و مرقاز و ""سلامي""",Centre West,953.4106
2021,"لحم مفروم و مرقاز و ""سلامي""",Grand Tunis,20968.775999999998
2021,"لحم مفروم و مرقاز و ""سلامي""",National,7996.9623
2021,"لحم مفروم و مرقاز و ""سلامي""",North East,4281.0205000000005
2021,"لحم مفروم و مرقاز و ""سلامي""",North West,2483.8001
2021,"لحم مفروم و مرقاز و ""سلامي""",South East,835.9209000000001
2021,"لحم مفروم و مرقاز و ""سلامي""",South West,1253.744
2021,لحوم  و دواجن,Centre East,417603.3194716
2021,لحوم  و دواجن,Centre West,282727.011587
2021,لحوم  و دواجن,Grand Tunis,431406.6127396
2021,لحوم  و دواجن,National,376760.6493509999
2021,لحوم  و دواجن,North East,361440.6035183
2021,لحوم  و دواجن,North West,346587.1310602
2021,لحوم  و دواجن,South East,336587.13753189996
2021,لحوم  و دواجن,South West,337797.6079191001
2021,لعب للاطفال,Centre East,2977.398
2021,لعب للاطفال,Centre West,1263.118
2021,لعب للاطفال,Grand Tunis,3151.279
2021,لعب للاطفال,National,2325.913
2021,لعب للاطفال,North East,1448.348
2021,لعب للاطفال,North West,1346.996
2021,لعب للاطفال,South East,2018.718
2021,لعب للاطفال,South West,2873.755
2021,لفت,Centre East,911.1395
2021,لفت,Centre West,1530.993
2021,لفت,Grand Tunis,1203.188
2021,لفت,National,1384.21
2021,لفت,North East,1371.123
2021,لفت,North West,1803.403
2021,لفت,South East,2257.969
2021,لفت,South West,1731.722
2021,لوبية شائحة,Centre East,4535.294
2021,لوبية شائحة,Centre West,3945.858
2021,لوبية شائحة,Grand Tunis,6855.424
2021,لوبية شائحة,National,5900.787
2021,لوبية شائحة,North East,4540.065
2021,لوبية شائحة,North West,8361.057
2021,لوبية شائحة,South East,8771.537
2021,لوبية شائحة,South West,6458.915
2021,لوز مقلي، اكاجو,Centre East,403.2273
2021,لوز مقلي، اكاجو,Centre West,398.7635
2021,لوز مقلي، اكاجو,Grand Tunis,324.429
2021,لوز مقلي، اكاجو,National,344.6455
2021,لوز مقلي، اكاجو,North East,465.2202
2021,لوز مقلي، اكاجو,North West,352.8103
2021,لوز مقلي، اكاجو,South East,54.72868
2021,لوز مقلي، اكاجو,South West,204.9569
2021,لوزشائح  مقشر,Centre East,1303.291
2021,لوزشائح  مقشر,Centre West,485.7633
2021,لوزشائح  مقشر,Grand Tunis,2060.861
2021,لوزشائح  مقشر,National,1638.711
2021,لوزشائح  مقشر,North East,1611.049
2021,لوزشائح  مقشر,North West,874.5353
2021,لوزشائح  مقشر,South East,3487.61
2021,لوزشائح  مقشر,South West,2366.136
2021,مأكولات جاهزة متناولة بالبيت,Centre East,5427.990449999999
2021,مأكولات جاهزة متناولة بالبيت,Centre West,1405.8546999999999
2021,مأكولات جاهزة متناولة بالبيت,Grand Tunis,5396.75869
2021,مأكولات جاهزة متناولة بالبيت,National,3396.11866
2021,مأكولات جاهزة متناولة بالبيت,North East,1059.70168
2021,مأكولات جاهزة متناولة بالبيت,North West,978.677349
2021,مأكولات جاهزة متناولة بالبيت,South East,1237.142263
2021,مأكولات جاهزة متناولة بالبيت,South West,4319.1846
2021,مأكولات في مطعم,Centre East,67553.8385
2021,مأكولات في مطعم,Centre West,23299.7719
2021,مأكولات في مطعم,Grand Tunis,114907.5455
2021,مأكولات في مطعم,National,60573.287099999994
2021,مأكولات في مطعم,North East,41623.37704
2021,مأكولات في مطعم,North West,34589.5791
2021,مأكولات في مطعم,South East,27115.811420000005
2021,مأكولات في مطعم,South West,27520.595947999995
2021,ماء جافال، كلور للمسبح,Centre East,20824.7
2021,ماء جافال، كلور للمسبح,Centre West,13601.66
2021,ماء جافال، كلور للمسبح,Grand Tunis,22818.88
2021,ماء جافال، كلور للمسبح,National,25931.48
2021,ماء جافال، كلور للمسبح,North East,22850.94
2021,ماء جافال، كلور للمسبح,North West,20424.81
2021,ماء جافال، كلور للمسبح,South East,22160.11
2021,ماء جافال، كلور للمسبح,South West,115903.4
2021,ماء معدني,Centre East,53061.29
2021,ماء معدني,Centre West,6062.082
2021,ماء معدني,Grand Tunis,94262.58
2021,ماء معدني,National,45055.42
2021,ماء معدني,North East,29233.59
2021,ماء معدني,North West,15900.78
2021,ماء معدني,South East,19481.4
2021,ماء معدني,South West,19219.34
2021,مازوط للسيارات,Centre East,22524.35
2021,مازوط للسيارات,Centre West,14630.13
2021,مازوط للسيارات,Grand Tunis,12297.52
2021,مازوط للسيارات,National,14722.76
2021,مازوط للسيارات,North East,12971.02
2021,مازوط للسيارات,North West,10711.81
2021,مازوط للسيارات,South East,9944.968
2021,مازوط للسيارات,South West,11416.28
2021,مبردات و مثلجات,Centre East,4246.819
2021,مبردات و مثلجات,Centre West,1020.229
2021,مبردات و مثلجات,Grand Tunis,3226.804
2021,مبردات و مثلجات,National,2356.259
2021,مبردات و مثلجات,North East,1168.569
2021,مبردات و مثلجات,North West,1379.496
2021,مبردات و مثلجات,South East,230.2102
2021,مبردات و مثلجات,South West,1728.501
2021,"مبرّدات (قلاس، ثالجة، جيرفاي,,,)",Centre East,4778.804
2021,"مبرّدات (قلاس، ثالجة، جيرفاي,,,)",Centre West,1692.847
2021,"مبرّدات (قلاس، ثالجة، جيرفاي,,,)",Grand Tunis,6091.708
2021,"مبرّدات (قلاس، ثالجة، جيرفاي,,,)",National,4037.056
2021,"مبرّدات (قلاس، ثالجة، جيرفاي,,,)",North East,3368.634
2021,"مبرّدات (قلاس، ثالجة، جيرفاي,,,)",North West,1174.593
2021,"مبرّدات (قلاس، ثالجة، جيرفاي,,,)",South East,4295.854
2021,"مبرّدات (قلاس، ثالجة، جيرفاي,,,)",South West,3720.942
2021,مترو- حافلة ومترو,Centre East,1254.819
2021,مترو- حافلة ومترو,Centre West,403.8749
2021,مترو- حافلة ومترو,Grand Tunis,7046.14
2021,مترو- حافلة ومترو,National,2239.326
2021,مترو- حافلة ومترو,North East,332.6021
2021,مترو- حافلة ومترو,North West,474.2244
2021,مترو- حافلة ومترو,South East,773.8933
2021,مترو- حافلة ومترو,South West,7.364853
2021,"محارم رأس، فولارة، تقريطة، شاربة,,,",Centre East,13124.331126000003
2021,"محارم رأس، فولارة، تقريطة، شاربة,,,",Centre West,10216.038518999998
2021,"محارم رأس، فولارة، تقريطة، شاربة,,,",Grand Tunis,11732.5844099
2021,"محارم رأس، فولارة، تقريطة، شاربة,,,",National,13106.214455
2021,"محارم رأس، فولارة، تقريطة، شاربة,,,",North East,11463.754914000001
2021,"محارم رأس، فولارة، تقريطة، شاربة,,,",North West,12639.378202999998
2021,"محارم رأس، فولارة، تقريطة، شاربة,,,",South East,20826.375272999998
2021,"محارم رأس، فولارة، تقريطة، شاربة,,,",South West,18307.731113
2021,محروقات التنوير والطبخ و التدفئة,Centre East,26008.695399199998
2021,محروقات التنوير والطبخ و التدفئة,Centre West,27374.895525
2021,محروقات التنوير والطبخ و التدفئة,Grand Tunis,12283.487641899997
2021,محروقات التنوير والطبخ و التدفئة,National,24902.859577999996
2021,محروقات التنوير والطبخ و التدفئة,North East,28781.548877999998
2021,محروقات التنوير والطبخ و التدفئة,North West,37618.8983599
2021,محروقات التنوير والطبخ و التدفئة,South East,29616.682640000006
2021,محروقات التنوير والطبخ و التدفئة,South West,29368.870081000005
2021,محروقات وسيلة نقل خاصّة,Centre East,152186.4091
2021,محروقات وسيلة نقل خاصّة,Centre West,66877.54866
2021,محروقات وسيلة نقل خاصّة,Grand Tunis,194304.93497
2021,محروقات وسيلة نقل خاصّة,National,132039.062
2021,محروقات وسيلة نقل خاصّة,North East,122873.95359000002
2021,محروقات وسيلة نقل خاصّة,North West,58105.46591
2021,محروقات وسيلة نقل خاصّة,South East,115539.53985999999
2021,محروقات وسيلة نقل خاصّة,South West,106904.59358999999
2021,محفظة بمناسبة العودة المدرسية,Centre East,652.7469
2021,محفظة بمناسبة العودة المدرسية,Centre West,389.1416
2021,محفظة بمناسبة العودة المدرسية,Grand Tunis,1578.878
2021,محفظة بمناسبة العودة المدرسية,National,775.3715
2021,محفظة بمناسبة العودة المدرسية,North East,608.4052
2021,محفظة بمناسبة العودة المدرسية,North West,311.7964
2021,محفظة بمناسبة العودة المدرسية,South East,376.2473
2021,محفظة بمناسبة العودة المدرسية,South West,581.9355
2021,مرطبات,Centre East,2651.293
2021,مرطبات,Centre West,202.3094
2021,مرطبات,Grand Tunis,1646.452
2021,مرطبات,National,1482.301
2021,مرطبات,North East,467.1307
2021,مرطبات,North West,178.7101
2021,مرطبات,South East,926.5016
2021,مرطبات,South West,4601.267
2021,مريول خلعة,Centre East,10967.190150000002
2021,مريول خلعة,Centre West,2870.3949099999995
2021,مريول خلعة,Grand Tunis,9036.35297
2021,مريول خلعة,National,7339.583389999999
2021,مريول خلعة,North East,2649.7661400000006
2021,مريول خلعة,North West,6313.562969999999
2021,مريول خلعة,South East,4794.983490000001
2021,مريول خلعة,South West,12643.497204999998
2021,مريول صوف، جيلية صوف,Centre East,51842.658260000004
2021,مريول صوف، جيلية صوف,Centre West,12154.175799999999
2021,مريول صوف، جيلية صوف,Grand Tunis,23771.168400000002
2021,مريول صوف، جيلية صوف,National,30415.102000000003
2021,مريول صوف، جيلية صوف,North East,33723.956249999996
2021,مريول صوف، جيلية صوف,North West,10887.31822
2021,مريول صوف، جيلية صوف,South East,14134.942307999998
2021,مريول صوف، جيلية صوف,South West,63956.52575000001
2021,مريول قطن,Centre East,47209.91692000001
2021,مريول قطن,Centre West,27934.234698200005
2021,مريول قطن,Grand Tunis,64550.56835
2021,مريول قطن,National,41601.154539999996
2021,مريول قطن,North East,23632.626944000003
2021,مريول قطن,North West,29798.3205
2021,مريول قطن,South East,39817.903000000006
2021,مريول قطن,South West,17774.837639999998
2021,مريول و سروال داخلي من القطن (للرجال),Centre East,1089.847274
2021,مريول و سروال داخلي من القطن (للرجال),Centre West,470.560754
2021,مريول و سروال داخلي من القطن (للرجال),Grand Tunis,1413.7731760000001
2021,مريول و سروال داخلي من القطن (للرجال),National,1536.0947619999997
2021,مريول و سروال داخلي من القطن (للرجال),North East,480.973726
2021,مريول و سروال داخلي من القطن (للرجال),North West,7199.363171000001
2021,مريول و سروال داخلي من القطن (للرجال),South East,372.6850969
2021,مريول و سروال داخلي من القطن (للرجال),South West,771.176216
2021,مستلزمات  و صيانة و تصليح أدوات الترفيه,Centre East,847.9494613
2021,مستلزمات  و صيانة و تصليح أدوات الترفيه,Centre West,434.92543
2021,مستلزمات  و صيانة و تصليح أدوات الترفيه,Grand Tunis,1027.9844429999998
2021,مستلزمات  و صيانة و تصليح أدوات الترفيه,National,934.1132538999999
2021,مستلزمات  و صيانة و تصليح أدوات الترفيه,North East,1259.628073
2021,مستلزمات  و صيانة و تصليح أدوات الترفيه,North West,1081.592742
2021,مستلزمات  و صيانة و تصليح أدوات الترفيه,South East,604.10389
2021,مستلزمات  و صيانة و تصليح أدوات الترفيه,South West,1511.6264499999997
2021,"مستلزمات أخرى (قفاز، محارم يد من قماش أو من ورق,,,)",Centre East,23.1429821
2021,"مستلزمات أخرى (قفاز، محارم يد من قماش أو من ورق,,,)",Centre West,26.9680512
2021,"مستلزمات أخرى (قفاز، محارم يد من قماش أو من ورق,,,)",Grand Tunis,38.063855100000005
2021,"مستلزمات أخرى (قفاز، محارم يد من قماش أو من ورق,,,)",National,61.65984920000001
2021,"مستلزمات أخرى (قفاز، محارم يد من قماش أو من ورق,,,)",North East,29.775406
2021,"مستلزمات أخرى (قفاز، محارم يد من قماش أو من ورق,,,)",North West,77.010575
2021,"مستلزمات أخرى (قفاز، محارم يد من قماش أو من ورق,,,)",South East,273.70872139999994
2021,"مستلزمات أخرى (قفاز، محارم يد من قماش أو من ورق,,,)",South West,120.37322300000001
2021,"مستلزمات أخرى لتغطية الرأس (مظلة، عراقية، كاسكات,,,)",Centre East,1677.0249500999998
2021,"مستلزمات أخرى لتغطية الرأس (مظلة، عراقية، كاسكات,,,)",Centre West,1866.8817792
2021,"مستلزمات أخرى لتغطية الرأس (مظلة، عراقية، كاسكات,,,)",Grand Tunis,3510.8346599999995
2021,"مستلزمات أخرى لتغطية الرأس (مظلة، عراقية، كاسكات,,,)",National,2222.156446
2021,"مستلزمات أخرى لتغطية الرأس (مظلة، عراقية، كاسكات,,,)",North East,1271.9649938
2021,"مستلزمات أخرى لتغطية الرأس (مظلة، عراقية، كاسكات,,,)",North West,1973.0906099999997
2021,"مستلزمات أخرى لتغطية الرأس (مظلة، عراقية، كاسكات,,,)",South East,2687.9538209999996
2021,"مستلزمات أخرى لتغطية الرأس (مظلة، عراقية، كاسكات,,,)",South West,1826.7251627999997
2021,"مستلزمات الخياطة (خيط، فلس,,,)",Centre East,91.806323
2021,"مستلزمات الخياطة (خيط، فلس,,,)",Centre West,58.60287399999999
2021,"مستلزمات الخياطة (خيط، فلس,,,)",Grand Tunis,215.90188999999998
2021,"مستلزمات الخياطة (خيط، فلس,,,)",National,138.4063183
2021,"مستلزمات الخياطة (خيط، فلس,,,)",North East,220.340785
2021,"مستلزمات الخياطة (خيط، فلس,,,)",North West,8.182496
2021,"مستلزمات الخياطة (خيط، فلس,,,)",South East,60.59567
2021,"مستلزمات الخياطة (خيط، فلس,,,)",South West,343.41943999999995
2021,مستلزمات شخصية,Centre East,26699.130077699996
2021,مستلزمات شخصية,Centre West,14443.163930800003
2021,مستلزمات شخصية,Grand Tunis,31657.947162899993
2021,مستلزمات شخصية,National,22552.0489428
2021,مستلزمات شخصية,North East,12761.390515099998
2021,مستلزمات شخصية,North West,15468.512767299995
2021,مستلزمات شخصية,South East,23061.039643499993
2021,مستلزمات شخصية,South West,20311.7327888
2021,مستلزمات لتغطية الرأس,Centre East,15299.158484300002
2021,مستلزمات لتغطية الرأس,Centre West,12789.855843099998
2021,مستلزمات لتغطية الرأس,Grand Tunis,15926.853818500003
2021,مستلزمات لتغطية الرأس,National,15956.2062311
2021,مستلزمات لتغطية الرأس,North East,13387.5198119
2021,مستلزمات لتغطية الرأس,North West,15395.704107199997
2021,مستلزمات لتغطية الرأس,South East,24160.249560800003
2021,مستلزمات لتغطية الرأس,South West,20517.825617200004
2021,مستلزمات و نفقات الصيانة و التصليح للالات الكهرومنزلية,Centre East,11617.23
2021,مستلزمات و نفقات الصيانة و التصليح للالات الكهرومنزلية,Centre West,3238.988
2021,مستلزمات و نفقات الصيانة و التصليح للالات الكهرومنزلية,Grand Tunis,6504.844
2021,مستلزمات و نفقات الصيانة و التصليح للالات الكهرومنزلية,National,7421.793
2021,مستلزمات و نفقات الصيانة و التصليح للالات الكهرومنزلية,North East,7306.899
2021,مستلزمات و نفقات الصيانة و التصليح للالات الكهرومنزلية,North West,4402.411
2021,مستلزمات و نفقات الصيانة و التصليح للالات الكهرومنزلية,South East,7691.611
2021,مستلزمات و نفقات الصيانة و التصليح للالات الكهرومنزلية,South West,8452.114
2021,مستلزمات ونفقات التركيب والصيانة والتصليح آلات التسخين وتكييف الهواء,Centre East,1026.982
2021,مستلزمات ونفقات التركيب والصيانة والتصليح آلات التسخين وتكييف الهواء,Centre West,421.0077
2021,مستلزمات ونفقات التركيب والصيانة والتصليح آلات التسخين وتكييف الهواء,Grand Tunis,1838.345
2021,مستلزمات ونفقات التركيب والصيانة والتصليح آلات التسخين وتكييف الهواء,National,1048.949
2021,مستلزمات ونفقات التركيب والصيانة والتصليح آلات التسخين وتكييف الهواء,North East,382.0648
2021,مستلزمات ونفقات التركيب والصيانة والتصليح آلات التسخين وتكييف الهواء,North West,309.3711
2021,مستلزمات ونفقات التركيب والصيانة والتصليح آلات التسخين وتكييف الهواء,South East,766.5875
2021,مستلزمات ونفقات التركيب والصيانة والتصليح آلات التسخين وتكييف الهواء,South West,2655.906
2021,مشاهد,Centre East,176.39142
2021,مشاهد,Centre West,104.15812
2021,مشاهد,Grand Tunis,604.0730599999999
2021,مشاهد,National,276.82026
2021,مشاهد,North East,175.56735
2021,مشاهد,North West,103.2194966
2021,مشاهد,South East,254.8721
2021,مشاهد,South West,280.2681
2021,مشروب غازي,Centre East,6166.097
2021,مشروب غازي,Centre West,1880.232
2021,مشروب غازي,Grand Tunis,11569.61
2021,مشروب غازي,National,6537.861
2021,مشروب غازي,North East,6550.637
2021,مشروب غازي,North West,5875.375
2021,مشروب غازي,South East,2491.783
2021,مشروب غازي,South West,4598.752
2021,مشروبات التقطير(ماء ورد، ماء الزهر، عطرشية(مقطرة او اوراق),Centre East,880.1478
2021,مشروبات التقطير(ماء ورد، ماء الزهر، عطرشية(مقطرة او اوراق),Centre West,116.0879
2021,مشروبات التقطير(ماء ورد، ماء الزهر، عطرشية(مقطرة او اوراق),Grand Tunis,3269.752
2021,مشروبات التقطير(ماء ورد، ماء الزهر، عطرشية(مقطرة او اوراق),National,1828.832
2021,مشروبات التقطير(ماء ورد، ماء الزهر، عطرشية(مقطرة او اوراق),North East,4654.765
2021,مشروبات التقطير(ماء ورد، ماء الزهر، عطرشية(مقطرة او اوراق),North West,834.2307
2021,مشروبات التقطير(ماء ورد، ماء الزهر، عطرشية(مقطرة او اوراق),South East,426.1739
2021,مشروبات التقطير(ماء ورد، ماء الزهر، عطرشية(مقطرة او اوراق),South West,475.8109
2021,مشروبات باردة,Centre East,21756.44356
2021,مشروبات باردة,Centre West,8243.0303
2021,مشروبات باردة,Grand Tunis,36810.797660000004
2021,مشروبات باردة,National,21622.9405
2021,مشروبات باردة,North East,17576.788198000002
2021,مشروبات باردة,North West,16385.598049999997
2021,مشروبات باردة,South East,17158.2422
2021,مشروبات باردة,South West,12298.258950000001
2021,مشروبات ساخنة,Centre East,61606.03049900001
2021,مشروبات ساخنة,Centre West,20912.450602
2021,مشروبات ساخنة,Grand Tunis,81174.17633900001
2021,مشروبات ساخنة,National,59818.660260000004
2021,مشروبات ساخنة,North East,67220.724523
2021,مشروبات ساخنة,North West,66914.83926
2021,مشروبات ساخنة,South East,53262.853271
2021,مشروبات ساخنة,South West,27313.902548
2021,مشروبات طبيعية,Centre East,33332.49856
2021,مشروبات طبيعية,Centre West,32672.546339000004
2021,مشروبات طبيعية,Grand Tunis,38165.67388
2021,مشروبات طبيعية,National,34740.70765
2021,مشروبات طبيعية,North East,34295.17532
2021,مشروبات طبيعية,North West,32298.792655000005
2021,مشروبات طبيعية,South East,35864.88884000001
2021,مشروبات طبيعية,South West,34283.441699
2021,مشروبات غازية,Centre East,47112.18
2021,مشروبات غازية,Centre West,17420.0
2021,مشروبات غازية,Grand Tunis,30775.01
2021,مشروبات غازية,National,38037.34
2021,مشروبات غازية,North East,22268.6
2021,مشروبات غازية,North West,109161.4
2021,مشروبات غازية,South East,17257.14
2021,مشروبات غازية,South West,23535.61
2021,مشروبات غير كحولية متناولة في البيت,Centre East,115691.08745000002
2021,مشروبات غير كحولية متناولة في البيت,Centre West,30256.970895000002
2021,مشروبات غير كحولية متناولة في البيت,Grand Tunis,142314.64733029998
2021,مشروبات غير كحولية متناولة في البيت,National,97164.77721
2021,مشروبات غير كحولية متناولة في البيت,North East,64102.92854100001
2021,مشروبات غير كحولية متناولة في البيت,North West,136701.4818728
2021,مشروبات غير كحولية متناولة في البيت,South East,53152.471231
2021,مشروبات غير كحولية متناولة في البيت,South West,57835.251019999996
2021,مشروبات كحولية,Centre East,12385.222018
2021,مشروبات كحولية,Centre West,3177.12476
2021,مشروبات كحولية,Grand Tunis,7141.573689999999
2021,مشروبات كحولية,National,6960.168493
2021,مشروبات كحولية,North East,6032.841933
2021,مشروبات كحولية,North West,7170.268444100001
2021,مشروبات كحولية,South East,806.1334079999999
2021,مشروبات كحولية,South West,3533.6279324
2021,مشروبات كحولية متناولة بالبيت,Centre East,1535.67846
2021,مشروبات كحولية متناولة بالبيت,Centre West,30.50566
2021,مشروبات كحولية متناولة بالبيت,Grand Tunis,738.05369
2021,مشروبات كحولية متناولة بالبيت,National,637.169653
2021,مشروبات كحولية متناولة بالبيت,North East,132.617033
2021,مشروبات كحولية متناولة بالبيت,North West,548.481563
2021,مشروبات كحولية متناولة بالبيت,South East,88.220708
2021,مشروبات كحولية متناولة بالبيت,South West,57.962032400000005
2021,مشروبات كحولية متناولة خارج البيت أو بالحانة,Centre East,10849.543558000001
2021,مشروبات كحولية متناولة خارج البيت أو بالحانة,Centre West,3146.6191000000003
2021,مشروبات كحولية متناولة خارج البيت أو بالحانة,Grand Tunis,6403.5199999999995
2021,مشروبات كحولية متناولة خارج البيت أو بالحانة,National,6322.99884
2021,مشروبات كحولية متناولة خارج البيت أو بالحانة,North East,5900.2249
2021,مشروبات كحولية متناولة خارج البيت أو بالحانة,North West,6621.786881100001
2021,مشروبات كحولية متناولة خارج البيت أو بالحانة,South East,717.9127
2021,مشروبات كحولية متناولة خارج البيت أو بالحانة,South West,3475.6659
2021,مشروبات كحولية، تبغ و نفة,Centre East,223034.7992372
2021,مشروبات كحولية، تبغ و نفة,Centre West,125571.57609400002
2021,مشروبات كحولية، تبغ و نفة,Grand Tunis,215310.96379
2021,مشروبات كحولية، تبغ و نفة,National,183067.429493
2021,مشروبات كحولية، تبغ و نفة,North East,212525.44053300002
2021,مشروبات كحولية، تبغ و نفة,North West,208667.4248991
2021,مشروبات كحولية، تبغ و نفة,South East,58035.524508
2021,مشروبات كحولية، تبغ و نفة,South West,84019.7510324
2021,مشماش,Centre East,2338.082
2021,مشماش,Centre West,1455.57
2021,مشماش,Grand Tunis,3338.208
2021,مشماش,National,2284.098
2021,مشماش,North East,2041.308
2021,مشماش,North West,2410.271
2021,مشماش,South East,1370.59
2021,مشماش,South West,1203.857
2021,"مصاريف ثقافية اخرى (مفكرة جيب، يومية ، اعلان في جريدة، نسخة، البوم,,,)",Centre East,356.1516
2021,"مصاريف ثقافية اخرى (مفكرة جيب، يومية ، اعلان في جريدة، نسخة، البوم,,,)",Centre West,108.8565
2021,"مصاريف ثقافية اخرى (مفكرة جيب، يومية ، اعلان في جريدة، نسخة، البوم,,,)",Grand Tunis,751.911
2021,"مصاريف ثقافية اخرى (مفكرة جيب، يومية ، اعلان في جريدة، نسخة، البوم,,,)",National,361.5189
2021,"مصاريف ثقافية اخرى (مفكرة جيب، يومية ، اعلان في جريدة، نسخة، البوم,,,)",North East,46.32788
2021,"مصاريف ثقافية اخرى (مفكرة جيب، يومية ، اعلان في جريدة، نسخة، البوم,,,)",North West,201.1406
2021,"مصاريف ثقافية اخرى (مفكرة جيب، يومية ، اعلان في جريدة، نسخة، البوم,,,)",South East,371.303
2021,"مصاريف ثقافية اخرى (مفكرة جيب، يومية ، اعلان في جريدة، نسخة، البوم,,,)",South West,329.8024
2021,مطرية (سحابة),Centre East,1888.32321
2021,مطرية (سحابة),Centre West,443.273466
2021,مطرية (سحابة),Grand Tunis,1567.6031759999998
2021,مطرية (سحابة),National,1115.3221990000002
2021,مطرية (سحابة),North East,98.94482
2021,مطرية (سحابة),North West,479.68211600000006
2021,مطرية (سحابة),South East,1450.4209429999999
2021,مطرية (سحابة),South West,531.1376
2021,"معاليم مدرسية أخرى (التسجيل، التأمين المدرسي والجامعي,,,,)",Centre East,1098.483
2021,"معاليم مدرسية أخرى (التسجيل، التأمين المدرسي والجامعي,,,,)",Centre West,533.3881
2021,"معاليم مدرسية أخرى (التسجيل، التأمين المدرسي والجامعي,,,,)",Grand Tunis,2676.534
2021,"معاليم مدرسية أخرى (التسجيل، التأمين المدرسي والجامعي,,,,)",National,1418.349
2021,"معاليم مدرسية أخرى (التسجيل، التأمين المدرسي والجامعي,,,,)",North East,1452.917
2021,"معاليم مدرسية أخرى (التسجيل، التأمين المدرسي والجامعي,,,,)",North West,482.1564
2021,"معاليم مدرسية أخرى (التسجيل، التأمين المدرسي والجامعي,,,,)",South East,1221.002
2021,"معاليم مدرسية أخرى (التسجيل، التأمين المدرسي والجامعي,,,,)",South West,1254.932
2021,معاليم وسيلة نقل خاصة,Centre East,47220.33499999999
2021,معاليم وسيلة نقل خاصة,Centre West,16862.900400000002
2021,معاليم وسيلة نقل خاصة,Grand Tunis,74139.857
2021,معاليم وسيلة نقل خاصة,National,43294.541
2021,معاليم وسيلة نقل خاصة,North East,37229.201
2021,معاليم وسيلة نقل خاصة,North West,20044.34
2021,معاليم وسيلة نقل خاصة,South East,33625.4771
2021,معاليم وسيلة نقل خاصة,South West,25283.8092
2021,معجون اسنان,Centre East,4289.885
2021,معجون اسنان,Centre West,2521.093
2021,معجون اسنان,Grand Tunis,5557.557
2021,معجون اسنان,National,4042.719
2021,معجون اسنان,North East,3249.93
2021,معجون اسنان,North West,3474.678
2021,معجون اسنان,South East,3959.935
2021,معجون اسنان,South West,3016.65
2021,معجون غلال,Centre East,3436.726
2021,معجون غلال,Centre West,1889.456
2021,معجون غلال,Grand Tunis,6446.707
2021,معجون غلال,National,4027.566
2021,معجون غلال,North East,4204.082
2021,معجون غلال,North West,3339.352
2021,معجون غلال,South East,3325.722
2021,معجون غلال,South West,2841.673
2021,معدنوس,Centre East,8127.797
2021,معدنوس,Centre West,4323.556
2021,معدنوس,Grand Tunis,5859.065
2021,معدنوس,National,7369.496
2021,معدنوس,North East,4833.039
2021,معدنوس,North West,5661.732
2021,معدنوس,South East,20755.92
2021,معدنوس,South West,5489.822
2021,معسل، جيراك، شيشة,Centre East,2380.844
2021,معسل، جيراك، شيشة,Centre West,255.8719
2021,معسل، جيراك، شيشة,Grand Tunis,1279.196
2021,معسل، جيراك، شيشة,National,1369.304
2021,معسل، جيراك، شيشة,North East,1594.348
2021,معسل، جيراك، شيشة,North West,1097.665
2021,معسل، جيراك، شيشة,South East,913.718
2021,معسل، جيراك، شيشة,South West,650.272
2021,معطف كاب,Centre East,19758.961723
2021,معطف كاب,Centre West,12811.798800000002
2021,معطف كاب,Grand Tunis,19457.4575
2021,معطف كاب,National,16800.11865
2021,معطف كاب,North East,12254.924470000002
2021,معطف كاب,North West,17918.411299999996
2021,معطف كاب,South East,16523.3647
2021,معطف كاب,South West,11500.209561999998
2021,معلوم الايجار التقريبي,Centre East,662111.9
2021,معلوم الايجار التقريبي,Centre West,403676.0
2021,معلوم الايجار التقريبي,Grand Tunis,998756.6
2021,معلوم الايجار التقريبي,National,692071.1
2021,معلوم الايجار التقريبي,North East,735583.3
2021,معلوم الايجار التقريبي,North West,535209.4
2021,معلوم الايجار التقريبي,South East,570162.9
2021,معلوم الايجار التقريبي,South West,514214.9
2021,معلوم الايجار الفعلي,Centre East,110248.5
2021,معلوم الايجار الفعلي,Centre West,39128.05
2021,معلوم الايجار الفعلي,Grand Tunis,326917.3
2021,معلوم الايجار الفعلي,National,136905.9
2021,معلوم الايجار الفعلي,North East,83648.98
2021,معلوم الايجار الفعلي,North West,56059.1
2021,معلوم الايجار الفعلي,South East,68161.27
2021,معلوم الايجار الفعلي,South West,36005.39
2021,معلوم الجولان والأداء,Centre East,9015.264
2021,معلوم الجولان والأداء,Centre West,3761.665
2021,معلوم الجولان والأداء,Grand Tunis,11251.33
2021,معلوم الجولان والأداء,National,7411.554
2021,معلوم الجولان والأداء,North East,5791.836
2021,معلوم الجولان والأداء,North West,3504.465
2021,معلوم الجولان والأداء,South East,6625.589
2021,معلوم الجولان والأداء,South West,4535.269
2021,معلوم الحضانة المدرسية,Centre East,3112.931
2021,معلوم الحضانة المدرسية,Centre West,476.4703
2021,معلوم الحضانة المدرسية,Grand Tunis,7624.144
2021,معلوم الحضانة المدرسية,National,3207.266
2021,معلوم الحضانة المدرسية,North East,1977.886
2021,معلوم الحضانة المدرسية,North West,645.9614
2021,معلوم الحضانة المدرسية,South East,1391.54
2021,معلوم الحضانة المدرسية,South West,1240.171
2021,معلوم الدراسة (للمدارس الحرة والجامعات الخاصة),Centre East,14545.18
2021,معلوم الدراسة (للمدارس الحرة والجامعات الخاصة),Centre West,4723.29
2021,معلوم الدراسة (للمدارس الحرة والجامعات الخاصة),Grand Tunis,36663.75
2021,معلوم الدراسة (للمدارس الحرة والجامعات الخاصة),National,16044.76
2021,معلوم الدراسة (للمدارس الحرة والجامعات الخاصة),North East,11843.44
2021,معلوم الدراسة (للمدارس الحرة والجامعات الخاصة),North West,4964.2
2021,معلوم الدراسة (للمدارس الحرة والجامعات الخاصة),South East,3063.381
2021,معلوم الدراسة (للمدارس الحرة والجامعات الخاصة),South West,10025.48
2021,معلوم المبيت (بالنسبة للبياتة),Centre East,1041.942
2021,معلوم المبيت (بالنسبة للبياتة),Centre West,779.4436
2021,معلوم المبيت (بالنسبة للبياتة),Grand Tunis,1275.296
2021,معلوم المبيت (بالنسبة للبياتة),National,1198.014
2021,معلوم المبيت (بالنسبة للبياتة),North East,1438.374
2021,معلوم المبيت (بالنسبة للبياتة),North West,1445.459
2021,معلوم المبيت (بالنسبة للبياتة),South East,835.6141
2021,معلوم المبيت (بالنسبة للبياتة),South West,2054.541
2021,معلوم المحضنة,Centre East,4277.5
2021,معلوم المحضنة,Centre West,1001.349
2021,معلوم المحضنة,Grand Tunis,4321.304
2021,معلوم المحضنة,National,2927.494
2021,معلوم المحضنة,North East,3383.844
2021,معلوم المحضنة,North West,617.3
2021,معلوم المحضنة,South East,1511.33
2021,معلوم المحضنة,South West,768.1985
2021,معلوم المراقبة الفنية,Centre East,2796.806
2021,معلوم المراقبة الفنية,Centre West,1733.182
2021,معلوم المراقبة الفنية,Grand Tunis,3880.057
2021,معلوم المراقبة الفنية,National,2652.151
2021,معلوم المراقبة الفنية,North East,2191.611
2021,معلوم المراقبة الفنية,North West,1303.345
2021,معلوم المراقبة الفنية,South East,2910.543
2021,معلوم المراقبة الفنية,South West,1948.452
2021,معلوم دروس خصوصية و ساعات التدارك,Centre East,34249.98
2021,معلوم دروس خصوصية و ساعات التدارك,Centre West,15160.85
2021,معلوم دروس خصوصية و ساعات التدارك,Grand Tunis,47576.79
2021,معلوم دروس خصوصية و ساعات التدارك,National,33213.99
2021,معلوم دروس خصوصية و ساعات التدارك,North East,26714.11
2021,معلوم دروس خصوصية و ساعات التدارك,North West,27360.05
2021,معلوم دروس خصوصية و ساعات التدارك,South East,28528.57
2021,معلوم دروس خصوصية و ساعات التدارك,South West,42542.05
2021,معلوم روضة أطفال أو حضانة مدرسية,Centre East,10182.02
2021,معلوم روضة أطفال أو حضانة مدرسية,Centre West,3698.39
2021,معلوم روضة أطفال أو حضانة مدرسية,Grand Tunis,15598.09
2021,معلوم روضة أطفال أو حضانة مدرسية,National,9754.069
2021,معلوم روضة أطفال أو حضانة مدرسية,North East,12056.54
2021,معلوم روضة أطفال أو حضانة مدرسية,North West,5045.462
2021,معلوم روضة أطفال أو حضانة مدرسية,South East,4998.961
2021,معلوم روضة أطفال أو حضانة مدرسية,South West,6720.212
2021,معلوم كراء الصالة,Centre East,2722.418
2021,معلوم كراء الصالة,Centre West,273.4265
2021,معلوم كراء الصالة,Grand Tunis,1595.036
2021,معلوم كراء الصالة,National,1599.501
2021,معلوم كراء الصالة,North East,3032.777
2021,معلوم كراء الصالة,North West,266.6763
2021,معلوم كراء الصالة,South East,256.0887
2021,معلوم كراء الصالة,South West,827.5323
2021,"معلوم كراء الفرقة (وترية، شعرية، سلامية،,,,)",Centre East,7175.474
2021,"معلوم كراء الفرقة (وترية، شعرية، سلامية،,,,)",Centre West,1065.651
2021,"معلوم كراء الفرقة (وترية، شعرية، سلامية،,,,)",Grand Tunis,752.2124
2021,"معلوم كراء الفرقة (وترية، شعرية، سلامية،,,,)",National,2969.437
2021,"معلوم كراء الفرقة (وترية، شعرية، سلامية،,,,)",North East,4294.413
2021,"معلوم كراء الفرقة (وترية، شعرية، سلامية،,,,)",North West,1455.062
2021,"معلوم كراء الفرقة (وترية، شعرية، سلامية،,,,)",South East,926.7247
2021,"معلوم كراء الفرقة (وترية، شعرية، سلامية،,,,)",South West,1716.661
2021,"معلوم كراء لوازم الأفراح (كراسي، منصة,,,)",Centre East,2514.609
2021,"معلوم كراء لوازم الأفراح (كراسي، منصة,,,)",Centre West,2305.809
2021,"معلوم كراء لوازم الأفراح (كراسي، منصة,,,)",Grand Tunis,1926.979
2021,"معلوم كراء لوازم الأفراح (كراسي، منصة,,,)",National,2370.806
2021,"معلوم كراء لوازم الأفراح (كراسي، منصة,,,)",North East,4035.208
2021,"معلوم كراء لوازم الأفراح (كراسي، منصة,,,)",North West,1858.857
2021,"معلوم كراء لوازم الأفراح (كراسي، منصة,,,)",South East,1773.814
2021,"معلوم كراء لوازم الأفراح (كراسي، منصة,,,)",South West,1521.46
2021,مكتبة,Centre East,362.4133
2021,مكتبة,Centre West,775.775
2021,مكتبة,Grand Tunis,192.4554
2021,مكتبة,National,302.402
2021,مكتبة,North East,12.33259
2021,مكتبة,North West,171.0049
2021,مكتبة,South East,506.5271
2021,مكتبة,South West,60.8057
2021,مكسرات وحبوب أخرى,Centre East,2858.46533
2021,مكسرات وحبوب أخرى,Centre West,1363.72095
2021,مكسرات وحبوب أخرى,Grand Tunis,2134.6383399999995
2021,مكسرات وحبوب أخرى,National,1976.23155
2021,مكسرات وحبوب أخرى,North East,2047.52037
2021,مكسرات وحبوب أخرى,North West,1325.3446470000001
2021,مكسرات وحبوب أخرى,South East,1082.2143800000001
2021,مكسرات وحبوب أخرى,South West,1349.486561
2021,مكيف هواء,Centre East,1948.975
2021,مكيف هواء,Centre West,671.9757
2021,مكيف هواء,Grand Tunis,3109.129
2021,مكيف هواء,National,1855.004
2021,مكيف هواء,North East,1343.592
2021,مكيف هواء,North West,454.1387
2021,مكيف هواء,South East,1109.093
2021,مكيف هواء,South West,3778.217
2021,"ملابس أساسية وتقليدية أخرى(بلوزة,,,)",Centre East,180.83253
2021,"ملابس أساسية وتقليدية أخرى(بلوزة,,,)",Centre West,74.916033
2021,"ملابس أساسية وتقليدية أخرى(بلوزة,,,)",Grand Tunis,166.64021300000002
2021,"ملابس أساسية وتقليدية أخرى(بلوزة,,,)",National,191.32077470000002
2021,"ملابس أساسية وتقليدية أخرى(بلوزة,,,)",North East,50.627299
2021,"ملابس أساسية وتقليدية أخرى(بلوزة,,,)",North West,317.81089999999995
2021,"ملابس أساسية وتقليدية أخرى(بلوزة,,,)",South East,411.36765199999996
2021,"ملابس أساسية وتقليدية أخرى(بلوزة,,,)",South West,388.03562999999997
2021,ملابس خارجية أخرى,Centre East,154532.8952736
2021,ملابس خارجية أخرى,Centre West,89970.15436099998
2021,ملابس خارجية أخرى,Grand Tunis,116595.25175330004
2021,ملابس خارجية أخرى,National,123618.19831299999
2021,ملابس خارجية أخرى,North East,98741.749222
2021,ملابس خارجية أخرى,North West,93430.672832
2021,ملابس خارجية أخرى,South East,118006.92875499997
2021,ملابس خارجية أخرى,South West,228405.89325699996
2021,"ملابس خارجية أخرى (جبة نسائية عادية، هركة رجالية,,,)",Centre East,8859.253787
2021,"ملابس خارجية أخرى (جبة نسائية عادية، هركة رجالية,,,)",Centre West,16211.418209999998
2021,"ملابس خارجية أخرى (جبة نسائية عادية، هركة رجالية,,,)",Grand Tunis,9821.1911
2021,"ملابس خارجية أخرى (جبة نسائية عادية، هركة رجالية,,,)",National,13838.760139999999
2021,"ملابس خارجية أخرى (جبة نسائية عادية، هركة رجالية,,,)",North East,6621.820379999999
2021,"ملابس خارجية أخرى (جبة نسائية عادية، هركة رجالية,,,)",North West,23645.302730000003
2021,"ملابس خارجية أخرى (جبة نسائية عادية، هركة رجالية,,,)",South East,38525.104674
2021,"ملابس خارجية أخرى (جبة نسائية عادية، هركة رجالية,,,)",South West,7576.069729999999
2021,ملابس خارجية أساسية و تقليدية,Centre East,10256.365368500003
2021,ملابس خارجية أساسية و تقليدية,Centre West,7060.002689399999
2021,ملابس خارجية أساسية و تقليدية,Grand Tunis,8286.750798200002
2021,ملابس خارجية أساسية و تقليدية,National,9066.5373884
2021,ملابس خارجية أساسية و تقليدية,North East,9302.136430999997
2021,ملابس خارجية أساسية و تقليدية,North West,5741.4015555
2021,ملابس خارجية أساسية و تقليدية,South East,14104.079627599998
2021,ملابس خارجية أساسية و تقليدية,South West,9255.427919000003
2021,ملابس خارجية أساسية و عصرية,Centre East,216578.8019929999
2021,ملابس خارجية أساسية و عصرية,Centre West,119283.81488719999
2021,ملابس خارجية أساسية و عصرية,Grand Tunis,229923.44337430006
2021,ملابس خارجية أساسية و عصرية,National,182771.94479930005
2021,ملابس خارجية أساسية و عصرية,North East,161701.89759769998
2021,ملابس خارجية أساسية و عصرية,North West,127456.60986799997
2021,ملابس خارجية أساسية و عصرية,South East,141051.82044769995
2021,ملابس خارجية أساسية و عصرية,South West,199629.50152000002
2021,ملابس خارجية للرضع,Centre East,827.655077
2021,ملابس خارجية للرضع,Centre West,521.212506
2021,ملابس خارجية للرضع,Grand Tunis,660.720575
2021,ملابس خارجية للرضع,National,849.492702
2021,ملابس خارجية للرضع,North East,1026.03524
2021,ملابس خارجية للرضع,North West,981.9148929999999
2021,ملابس خارجية للرضع,South East,1238.156418
2021,ملابس خارجية للرضع,South West,1223.272279
2021,ملابس داخلية,Centre East,88992.04738740005
2021,ملابس داخلية,Centre West,43694.30194030001
2021,ملابس داخلية,Grand Tunis,107598.91518399998
2021,ملابس داخلية,National,76863.17663389997
2021,ملابس داخلية,North East,43827.259333
2021,ملابس داخلية,North West,65462.84177499999
2021,ملابس داخلية,South East,84566.4241109
2021,ملابس داخلية,South West,58194.381609000004
2021,ملابس داخلية بدون تمييز,Centre East,12840.66312
2021,ملابس داخلية بدون تمييز,Centre West,2374.0582430000004
2021,ملابس داخلية بدون تمييز,Grand Tunis,18326.5497
2021,ملابس داخلية بدون تمييز,National,12652.768170000001
2021,ملابس داخلية بدون تمييز,North East,12905.006679999999
2021,ملابس داخلية بدون تمييز,North West,1300.2561730000002
2021,ملابس داخلية بدون تمييز,South East,30193.182969999998
2021,ملابس داخلية بدون تمييز,South West,1971.25343
2021,ملابس داخلية سفلى و ملابس داخلية للاستحمام,Centre East,11306.92152
2021,ملابس داخلية سفلى و ملابس داخلية للاستحمام,Centre West,7513.498939099999
2021,ملابس داخلية سفلى و ملابس داخلية للاستحمام,Grand Tunis,7970.065839999999
2021,ملابس داخلية سفلى و ملابس داخلية للاستحمام,National,9476.56039
2021,ملابس داخلية سفلى و ملابس داخلية للاستحمام,North East,3287.43204
2021,ملابس داخلية سفلى و ملابس داخلية للاستحمام,North West,17248.7147
2021,ملابس داخلية سفلى و ملابس داخلية للاستحمام,South East,8112.956500000001
2021,ملابس داخلية سفلى و ملابس داخلية للاستحمام,South West,16734.58868
2021,ملابس عصرية أخرى أساسية,Centre East,110.60383
2021,ملابس عصرية أخرى أساسية,Centre West,47.50686370000001
2021,ملابس عصرية أخرى أساسية,Grand Tunis,372.5150938
2021,ملابس عصرية أخرى أساسية,National,198.96301700000004
2021,ملابس عصرية أخرى أساسية,North East,162.816389
2021,ملابس عصرية أخرى أساسية,North West,129.30684
2021,ملابس عصرية أخرى أساسية,South East,125.5644609
2021,ملابس عصرية أخرى أساسية,South West,512.800761
2021,ملاحف و مناشف,Centre East,3852.2624970000006
2021,ملاحف و مناشف,Centre West,2015.3458819999998
2021,ملاحف و مناشف,Grand Tunis,6884.73822
2021,ملاحف و مناشف,National,4315.392
2021,ملاحف و مناشف,North East,2048.1020439999998
2021,ملاحف و مناشف,North West,3454.404764
2021,ملاحف و مناشف,South East,6644.04243
2021,ملاحف و مناشف,South West,3873.1736
2021,ملح,Centre East,869.451
2021,ملح,Centre West,1514.315
2021,ملح,Grand Tunis,1092.878
2021,ملح,National,1072.524
2021,ملح,North East,1007.666
2021,ملح,North West,1315.42
2021,ملح,South East,675.9716
2021,ملح,South West,1202.855
2021,ملسوقة، بريك,Centre East,4127.809
2021,ملسوقة، بريك,Centre West,2878.07
2021,ملسوقة، بريك,Grand Tunis,6150.659
2021,ملسوقة، بريك,National,4368.791
2021,ملسوقة، بريك,North East,4740.797
2021,ملسوقة، بريك,North West,3783.165
2021,ملسوقة، بريك,South East,2067.436
2021,ملسوقة، بريك,South West,4927.936
2021,ملوخية مرحية,Centre East,787.9529
2021,ملوخية مرحية,Centre West,312.3786
2021,ملوخية مرحية,Grand Tunis,1481.209
2021,ملوخية مرحية,National,1015.606
2021,ملوخية مرحية,North East,727.0411
2021,ملوخية مرحية,North West,1542.51
2021,ملوخية مرحية,South East,408.392
2021,ملوخية مرحية,South West,2378.875
2021,ملوخية ورق,Centre East,5.518635
2021,ملوخية ورق,Centre West,8.169178
2021,ملوخية ورق,Grand Tunis,5.705612
2021,ملوخية ورق,National,13.12709
2021,ملوخية ورق,North East,8.820641
2021,ملوخية ورق,North West,25.28946
2021,ملوخية ورق,South East,11.03205
2021,ملوخية ورق,South West,83.65248
2021,ملية,Centre East,24.577071
2021,ملية,Centre West,275.751184
2021,ملية,Grand Tunis,4.174334
2021,ملية,National,217.92157450000002
2021,ملية,North East,5.486973
2021,ملية,North West,30.00273
2021,ملية,South East,1884.5680009999999
2021,ملية,South West,13.20927
2021,منتوجات بحريّة أخرى,Centre East,3444.5715
2021,منتوجات بحريّة أخرى,Centre West,407.84347
2021,منتوجات بحريّة أخرى,Grand Tunis,4053.863994
2021,منتوجات بحريّة أخرى,National,2402.1246870000004
2021,منتوجات بحريّة أخرى,North East,912.936548
2021,منتوجات بحريّة أخرى,North West,264.72541
2021,منتوجات بحريّة أخرى,South East,4152.67365
2021,منتوجات بحريّة أخرى,South West,42.19228
2021,منديلة (ميدعة),Centre East,453.625543
2021,منديلة (ميدعة),Centre West,311.99601170000005
2021,منديلة (ميدعة),Grand Tunis,798.3422405
2021,منديلة (ميدعة),National,488.517001
2021,منديلة (ميدعة),North East,501.888719
2021,منديلة (ميدعة),North West,215.378932
2021,منديلة (ميدعة),South East,325.4504838
2021,منديلة (ميدعة),South West,413.7501
2021,منشفة تنظيف، بشكير حمام,Centre East,524.6594130000001
2021,منشفة تنظيف، بشكير حمام,Centre West,129.46667699999998
2021,منشفة تنظيف، بشكير حمام,Grand Tunis,524.562059
2021,منشفة تنظيف، بشكير حمام,National,428.4194490000001
2021,منشفة تنظيف، بشكير حمام,North East,309.90354700000006
2021,منشفة تنظيف، بشكير حمام,North West,640.4897990000002
2021,منشفة تنظيف، بشكير حمام,South East,397.219793
2021,منشفة تنظيف، بشكير حمام,South West,250.741761
2021,منضدة،مائدة، طاولة,Centre East,1560.561
2021,منضدة،مائدة، طاولة,Centre West,872.2832
2021,منضدة،مائدة، طاولة,Grand Tunis,1971.44
2021,منضدة،مائدة، طاولة,National,1564.88
2021,منضدة،مائدة، طاولة,North East,1748.901
2021,منضدة،مائدة، طاولة,North West,766.8234
2021,منضدة،مائدة، طاولة,South East,2047.616
2021,منضدة،مائدة، طاولة,South West,1602.482
2021,مواد أخرى,Centre East,1015.8465630000002
2021,مواد أخرى,Centre West,256.41673499999996
2021,مواد أخرى,Grand Tunis,766.386038
2021,مواد أخرى,National,680.359017
2021,مواد أخرى,North East,503.75751900000006
2021,مواد أخرى,North West,746.8944215000001
2021,مواد أخرى,South East,522.3491449999999
2021,مواد أخرى,South West,423.394811
2021,مواد أخرى مشتقة من الحبوب,Centre East,73288.12899999999
2021,مواد أخرى مشتقة من الحبوب,Centre West,39349.14260000001
2021,مواد أخرى مشتقة من الحبوب,Grand Tunis,87024.62070000001
2021,مواد أخرى مشتقة من الحبوب,National,66901.7317
2021,مواد أخرى مشتقة من الحبوب,North East,53135.447495
2021,مواد أخرى مشتقة من الحبوب,North West,74340.41321999999
2021,مواد أخرى مشتقة من الحبوب,South East,53705.272045000005
2021,مواد أخرى مشتقة من الحبوب,South West,57838.598229999996
2021,مواد أخرى مشتقة من الحليب,Centre East,8556.884798000001
2021,مواد أخرى مشتقة من الحليب,Centre West,5395.6546954000005
2021,مواد أخرى مشتقة من الحليب,Grand Tunis,20550.42356
2021,مواد أخرى مشتقة من الحليب,National,11661.54397
2021,مواد أخرى مشتقة من الحليب,North East,12116.693648
2021,مواد أخرى مشتقة من الحليب,North West,10203.307270799998
2021,مواد أخرى مشتقة من الحليب,South East,5831.6687999999995
2021,مواد أخرى مشتقة من الحليب,South West,11554.350846999998
2021,مواد أخرى و نفقات لباس بدون تمييز,Centre East,491.18715
2021,مواد أخرى و نفقات لباس بدون تمييز,Centre West,126.950058
2021,مواد أخرى و نفقات لباس بدون تمييز,Grand Tunis,241.823979
2021,مواد أخرى و نفقات لباس بدون تمييز,National,251.93956799999998
2021,مواد أخرى و نفقات لباس بدون تمييز,North East,193.853972
2021,مواد أخرى و نفقات لباس بدون تمييز,North West,106.40462249999999
2021,مواد أخرى و نفقات لباس بدون تمييز,South East,125.129352
2021,مواد أخرى و نفقات لباس بدون تمييز,South West,172.65304999999998
2021,"مواد اخرى مشتقة من القمح الصلب (شربة، حلالم، نواصر، رشتة,,,)",Centre East,7085.58
2021,"مواد اخرى مشتقة من القمح الصلب (شربة، حلالم، نواصر، رشتة,,,)",Centre West,1647.053
2021,"مواد اخرى مشتقة من القمح الصلب (شربة، حلالم، نواصر، رشتة,,,)",Grand Tunis,8521.712
2021,"مواد اخرى مشتقة من القمح الصلب (شربة، حلالم، نواصر، رشتة,,,)",National,5311.908
2021,"مواد اخرى مشتقة من القمح الصلب (شربة، حلالم، نواصر، رشتة,,,)",North East,4058.248
2021,"مواد اخرى مشتقة من القمح الصلب (شربة، حلالم، نواصر، رشتة,,,)",North West,3665.569
2021,"مواد اخرى مشتقة من القمح الصلب (شربة، حلالم، نواصر، رشتة,,,)",South East,2491.784
2021,"مواد اخرى مشتقة من القمح الصلب (شربة، حلالم، نواصر، رشتة,,,)",South West,2806.265
2021,مواد التجميل و الزينة,Centre East,56245.2863
2021,مواد التجميل و الزينة,Centre West,30057.993300000002
2021,مواد التجميل و الزينة,Grand Tunis,60272.5623
2021,مواد التجميل و الزينة,National,46163.1185
2021,مواد التجميل و الزينة,North East,31480.256500000003
2021,مواد التجميل و الزينة,North West,26720.3502
2021,مواد التجميل و الزينة,South East,46413.325
2021,مواد التجميل و الزينة,South West,50303.64170000001
2021,مواد التنظيف,Centre East,91543.72700000001
2021,مواد التنظيف,Centre West,58056.54899999999
2021,مواد التنظيف,Grand Tunis,120442.533
2021,مواد التنظيف,National,97100.128
2021,مواد التنظيف,North East,89896.142
2021,مواد التنظيف,North West,75555.68879999999
2021,مواد التنظيف,South East,88779.8689
2021,مواد التنظيف,South West,181761.127
2021,مواد تجميل,Centre East,7866.882
2021,مواد تجميل,Centre West,3638.677
2021,مواد تجميل,Grand Tunis,8609.869
2021,مواد تجميل,National,5991.971
2021,مواد تجميل,North East,3483.964
2021,مواد تجميل,North West,3199.106
2021,مواد تجميل,South East,3011.665
2021,مواد تجميل,South West,8201.662
2021,"مواد تجميل اخرى (صبغة شعر، حنّة، عفص، مردومة، سواك، باروق، جال شعر,,,)",Centre East,11767.4
2021,"مواد تجميل اخرى (صبغة شعر، حنّة، عفص، مردومة، سواك، باروق، جال شعر,,,)",Centre West,6951.075
2021,"مواد تجميل اخرى (صبغة شعر، حنّة، عفص، مردومة، سواك، باروق، جال شعر,,,)",Grand Tunis,16161.3
2021,"مواد تجميل اخرى (صبغة شعر، حنّة، عفص، مردومة، سواك، باروق، جال شعر,,,)",National,11457.53
2021,"مواد تجميل اخرى (صبغة شعر، حنّة، عفص، مردومة، سواك، باروق، جال شعر,,,)",North East,5811.861
2021,"مواد تجميل اخرى (صبغة شعر، حنّة، عفص، مردومة، سواك، باروق، جال شعر,,,)",North West,4509.711
2021,"مواد تجميل اخرى (صبغة شعر، حنّة، عفص، مردومة، سواك، باروق، جال شعر,,,)",South East,19757.98
2021,"مواد تجميل اخرى (صبغة شعر، حنّة، عفص، مردومة، سواك، باروق، جال شعر,,,)",South West,13334.95
2021,"مواد تنظيف (اومو، نظيف، دينول,,,)",Centre East,41495.34
2021,"مواد تنظيف (اومو، نظيف، دينول,,,)",Centre West,28489.62
2021,"مواد تنظيف (اومو، نظيف، دينول,,,)",Grand Tunis,58322.18
2021,"مواد تنظيف (اومو، نظيف، دينول,,,)",National,43558.88
2021,"مواد تنظيف (اومو، نظيف، دينول,,,)",North East,44024.22
2021,"مواد تنظيف (اومو، نظيف، دينول,,,)",North West,35854.65
2021,"مواد تنظيف (اومو، نظيف، دينول,,,)",South East,41374.38
2021,"مواد تنظيف (اومو، نظيف، دينول,,,)",South West,38906.92
2021,مواد سكريّة,Centre East,10184.480970999999
2021,مواد سكريّة,Centre West,6762.804850999999
2021,مواد سكريّة,Grand Tunis,18843.553040000003
2021,مواد سكريّة,National,11857.31491
2021,مواد سكريّة,North East,9491.532019999999
2021,مواد سكريّة,North West,9807.1494637
2021,مواد سكريّة,South East,10229.91131
2021,مواد سكريّة,South West,12598.4507217
2021,مواد صيدلية,Centre East,227189.9361
2021,مواد صيدلية,Centre West,179130.9014
2021,مواد صيدلية,Grand Tunis,196832.92799999999
2021,مواد صيدلية,National,205962.7471
2021,مواد صيدلية,North East,195975.34079999998
2021,مواد صيدلية,North West,171898.7689
2021,مواد صيدلية,South East,269854.00179999997
2021,مواد صيدلية,South West,199820.97216
2021,مواد صيدلية أخرى,Centre East,35798.7771
2021,مواد صيدلية أخرى,Centre West,30531.8023
2021,مواد صيدلية أخرى,Grand Tunis,35932.261999999995
2021,مواد صيدلية أخرى,National,32883.6311
2021,مواد صيدلية أخرى,North East,26861.5721
2021,مواد صيدلية أخرى,North West,31800.4686
2021,مواد صيدلية أخرى,South East,32744.439300000002
2021,مواد صيدلية أخرى,South West,29790.099500000004
2021,مواد غذائية أخرى,Centre East,38853.17743
2021,مواد غذائية أخرى,Centre West,9719.960007
2021,مواد غذائية أخرى,Grand Tunis,55488.647809999995
2021,مواد غذائية أخرى,National,32342.691420000003
2021,مواد غذائية أخرى,North East,25124.0798
2021,مواد غذائية أخرى,North West,10728.92245
2021,مواد غذائية أخرى,South East,23014.66874
2021,مواد غذائية أخرى,South West,27812.9477
2021,مواد غذائية و مشروبات غير كحولية,Centre East,2060374.56611
2021,مواد غذائية و مشروبات غير كحولية,Centre West,1252020.6187165002
2021,مواد غذائية و مشروبات غير كحولية,Grand Tunis,2097762.5256056995
2021,مواد غذائية و مشروبات غير كحولية,National,1788268.5410419996
2021,مواد غذائية و مشروبات غير كحولية,North East,1536702.6657800002
2021,مواد غذائية و مشروبات غير كحولية,North West,1823399.0418464998
2021,مواد غذائية و مشروبات غير كحولية,South East,1491495.4682984
2021,مواد غذائية و مشروبات غير كحولية,South West,1557347.2051088999
2021,موز,Centre East,63477.46
2021,موز,Centre West,19457.89
2021,موز,Grand Tunis,17235.12
2021,موز,National,25755.69
2021,موز,North East,9723.043
2021,موز,North West,7306.557
2021,موز,South East,10412.46
2021,موز,South West,14178.59
2021,نظارات شمسية,Centre East,3074.6295090000003
2021,نظارات شمسية,Centre West,216.062415
2021,نظارات شمسية,Grand Tunis,5895.6559998
2021,نظارات شمسية,National,2515.4047229
2021,نظارات شمسية,North East,539.63738
2021,نظارات شمسية,North West,1327.114523
2021,نظارات شمسية,South East,882.0349659000001
2021,نظارات شمسية,South West,386.33270999999996
2021,نعل (صباط),Centre East,40103.2989
2021,نعل (صباط),Centre West,21551.7332
2021,نعل (صباط),Grand Tunis,38766.492099999996
2021,نعل (صباط),National,31429.420500000004
2021,نعل (صباط),North East,29197.665240000002
2021,نعل (صباط),North West,23304.80132
2021,نعل (صباط),South East,22192.6224
2021,نعل (صباط),South West,20032.311578999994
2021,نعناع اخضر,Centre East,354.294
2021,نعناع اخضر,Centre West,138.8276
2021,نعناع اخضر,Grand Tunis,728.7734
2021,نعناع اخضر,National,425.1295
2021,نعناع اخضر,North East,206.0735
2021,نعناع اخضر,North West,262.4863
2021,نعناع اخضر,South East,484.7
2021,نعناع اخضر,South West,822.2867
2021,نفة,Centre East,328.3897
2021,نفة,Centre West,647.4352
2021,نفة,Grand Tunis,165.5419
2021,نفة,National,482.1357
2021,نفة,North East,296.9986
2021,نفة,North West,1622.483
2021,نفة,South East,636.4581
2021,نفة,South West,298.8947
2021,نفقات أخرى,Centre East,13076.495587000001
2021,نفقات أخرى,Centre West,7493.8643737
2021,نفقات أخرى,Grand Tunis,5446.0259031000005
2021,نفقات أخرى,National,7581.3443929000005
2021,نفقات أخرى,North East,5737.882409999999
2021,نفقات أخرى,North West,4379.591298700001
2021,نفقات أخرى,South East,6282.3239229
2021,نفقات أخرى,South West,6053.4091495
2021,"نفقات أخرى (تريكو، طريزة,,,)",Centre East,6.587861
2021,"نفقات أخرى (تريكو، طريزة,,,)",Centre West,0.0
2021,"نفقات أخرى (تريكو، طريزة,,,)",Grand Tunis,8.851855
2021,"نفقات أخرى (تريكو، طريزة,,,)",National,5.6939876
2021,"نفقات أخرى (تريكو، طريزة,,,)",North East,0.0
2021,"نفقات أخرى (تريكو، طريزة,,,)",North West,5.603454
2021,"نفقات أخرى (تريكو، طريزة,,,)",South East,15.32589
2021,"نفقات أخرى (تريكو، طريزة,,,)",South West,0.0
2021,"نفقات أخرى (حلاقة، حنانة، كسوة العروسة، استئجار لباس لمناسبة، طباخ ،كنستروا كامل,,,)",Centre East,4691.3
2021,"نفقات أخرى (حلاقة، حنانة، كسوة العروسة، استئجار لباس لمناسبة، طباخ ،كنستروا كامل,,,)",Centre West,2813.231
2021,"نفقات أخرى (حلاقة، حنانة، كسوة العروسة، استئجار لباس لمناسبة، طباخ ،كنستروا كامل,,,)",Grand Tunis,1735.381
2021,"نفقات أخرى (حلاقة، حنانة، كسوة العروسة، استئجار لباس لمناسبة، طباخ ،كنستروا كامل,,,)",National,3923.716
2021,"نفقات أخرى (حلاقة، حنانة، كسوة العروسة، استئجار لباس لمناسبة، طباخ ،كنستروا كامل,,,)",North East,9897.94
2021,"نفقات أخرى (حلاقة، حنانة، كسوة العروسة، استئجار لباس لمناسبة، طباخ ،كنستروا كامل,,,)",North West,2615.295
2021,"نفقات أخرى (حلاقة، حنانة، كسوة العروسة، استئجار لباس لمناسبة، طباخ ،كنستروا كامل,,,)",South East,2551.278
2021,"نفقات أخرى (حلاقة، حنانة، كسوة العروسة، استئجار لباس لمناسبة، طباخ ،كنستروا كامل,,,)",South West,2260.052
2021,نفقات أخرى لصيانة المنزل,Centre East,2170.68055
2021,نفقات أخرى لصيانة المنزل,Centre West,424.59506
2021,نفقات أخرى لصيانة المنزل,Grand Tunis,1734.53086
2021,نفقات أخرى لصيانة المنزل,National,1321.94551
2021,نفقات أخرى لصيانة المنزل,North East,880.281139
2021,نفقات أخرى لصيانة المنزل,North West,815.170658
2021,نفقات أخرى لصيانة المنزل,South East,836.73005
2021,نفقات أخرى لصيانة المنزل,South West,758.6723999999999
2021,نفقات إدارية,Centre East,443.07093199999997
2021,نفقات إدارية,Centre West,536.44425
2021,نفقات إدارية,Grand Tunis,242.61207610000002
2021,نفقات إدارية,National,516.9388908
2021,نفقات إدارية,North East,317.47401
2021,نفقات إدارية,North West,1574.8970645
2021,نفقات إدارية,South East,690.0209
2021,نفقات إدارية,South West,297.4879054
2021,نفقات إصلاح المستلزمات الشخصية,Centre East,47.0582114
2021,نفقات إصلاح المستلزمات الشخصية,Centre West,0.8925306
2021,نفقات إصلاح المستلزمات الشخصية,Grand Tunis,9.32489
2021,نفقات إصلاح المستلزمات الشخصية,National,21.042107
2021,نفقات إصلاح المستلزمات الشخصية,North East,33.03611
2021,نفقات إصلاح المستلزمات الشخصية,North West,0.0
2021,نفقات إصلاح المستلزمات الشخصية,South East,17.2672059
2021,نفقات إصلاح المستلزمات الشخصية,South West,21.2398
2021,"نفقات اخرى تتعلق بالتبغ (مصفاة، بيبة، ولاعة، شيشة تقتوقة ,,,)",Centre East,1536.0
2021,"نفقات اخرى تتعلق بالتبغ (مصفاة، بيبة، ولاعة، شيشة تقتوقة ,,,)",Centre West,352.7687
2021,"نفقات اخرى تتعلق بالتبغ (مصفاة، بيبة، ولاعة، شيشة تقتوقة ,,,)",Grand Tunis,1177.87
2021,"نفقات اخرى تتعلق بالتبغ (مصفاة، بيبة، ولاعة، شيشة تقتوقة ,,,)",National,1139.123
2021,"نفقات اخرى تتعلق بالتبغ (مصفاة، بيبة، ولاعة، شيشة تقتوقة ,,,)",North East,2459.075
2021,"نفقات اخرى تتعلق بالتبغ (مصفاة، بيبة، ولاعة، شيشة تقتوقة ,,,)",North West,165.7154
2021,"نفقات اخرى تتعلق بالتبغ (مصفاة، بيبة، ولاعة، شيشة تقتوقة ,,,)",South East,364.013
2021,"نفقات اخرى تتعلق بالتبغ (مصفاة، بيبة، ولاعة، شيشة تقتوقة ,,,)",South West,765.8188
2021,نفقات اخرى لصيانة المنزل,Centre East,1825.61
2021,نفقات اخرى لصيانة المنزل,Centre West,73.48022
2021,نفقات اخرى لصيانة المنزل,Grand Tunis,388.0072
2021,نفقات اخرى لصيانة المنزل,National,673.3397
2021,نفقات اخرى لصيانة المنزل,North East,233.7617
2021,نفقات اخرى لصيانة المنزل,North West,49.16417
2021,نفقات اخرى لصيانة المنزل,South East,664.655
2021,نفقات اخرى لصيانة المنزل,South West,616.5446
2021,نفقات استثنائية لجراحة و تركيب الأسنان,Centre East,4398.84462
2021,نفقات استثنائية لجراحة و تركيب الأسنان,Centre West,1708.57689
2021,نفقات استثنائية لجراحة و تركيب الأسنان,Grand Tunis,4399.65827
2021,نفقات استثنائية لجراحة و تركيب الأسنان,National,3084.8062200000004
2021,نفقات استثنائية لجراحة و تركيب الأسنان,North East,1066.0544
2021,نفقات استثنائية لجراحة و تركيب الأسنان,North West,3127.2675
2021,نفقات استثنائية لجراحة و تركيب الأسنان,South East,1191.9389
2021,نفقات استثنائية لجراحة و تركيب الأسنان,South West,2970.16596
2021,نفقات استثنائية للتصوير,Centre East,15428.8133
2021,نفقات استثنائية للتصوير,Centre West,6076.2384999999995
2021,نفقات استثنائية للتصوير,Grand Tunis,6932.3270999999995
2021,نفقات استثنائية للتصوير,National,8868.79
2021,نفقات استثنائية للتصوير,North East,8474.1977
2021,نفقات استثنائية للتصوير,North West,5382.2742
2021,نفقات استثنائية للتصوير,South East,6713.9153
2021,نفقات استثنائية للتصوير,South West,6398.84987
2021,نفقات الأنترنات,Centre East,42346.973809999996
2021,نفقات الأنترنات,Centre West,16120.1102
2021,نفقات الأنترنات,Grand Tunis,66322.4022
2021,نفقات الأنترنات,National,41782.6166
2021,نفقات الأنترنات,North East,38850.04462
2021,نفقات الأنترنات,North West,19173.302209999998
2021,نفقات الأنترنات,South East,47302.32651
2021,نفقات الأنترنات,South West,30434.5758
2021,نفقات الترفيه,Centre East,15344.539320300002
2021,نفقات الترفيه,Centre West,5370.432930999999
2021,نفقات الترفيه,Grand Tunis,19729.4399305
2021,نفقات الترفيه,National,13068.943618899999
2021,نفقات الترفيه,North East,11892.998865000001
2021,نفقات الترفيه,North West,7462.274407
2021,نفقات الترفيه,South East,9371.242167999999
2021,نفقات الترفيه,South West,11044.665409999998
2021,نفقات الترفيه و الثقافة,Centre East,53995.5623201
2021,نفقات الترفيه و الثقافة,Centre West,29772.1501471
2021,نفقات الترفيه و الثقافة,Grand Tunis,54034.790012499994
2021,نفقات الترفيه و الثقافة,National,46112.2178167
2021,نفقات الترفيه و الثقافة,North East,67304.5099
2021,نفقات الترفيه و الثقافة,North West,26054.6162254
2021,نفقات الترفيه و الثقافة,South East,28816.9795417
2021,نفقات الترفيه و الثقافة,South West,25843.161090999994
2021,نفقات التعليم المدرسي,Centre East,56811.543256000004
2021,نفقات التعليم المدرسي,Centre West,24623.641200000002
2021,نفقات التعليم المدرسي,Grand Tunis,97069.147315
2021,نفقات التعليم المدرسي,National,57268.96346200001
2021,نفقات التعليم المدرسي,North East,44863.16620000001
2021,نفقات التعليم المدرسي,North West,37223.579
2021,نفقات التعليم المدرسي,South East,37230.917484
2021,نفقات التعليم المدرسي,South West,60816.131713099996
2021,نفقات التكوين المهني,Centre East,1648.6624
2021,نفقات التكوين المهني,Centre West,1712.6781
2021,نفقات التكوين المهني,Grand Tunis,6211.7883999999995
2021,نفقات التكوين المهني,National,3218.6396
2021,نفقات التكوين المهني,North East,4663.0975
2021,نفقات التكوين المهني,North West,2028.4721
2021,نفقات التكوين المهني,South East,1610.0761
2021,نفقات التكوين المهني,South West,1421.8422
2021,نفقات التنظيف,Centre East,92029.65585000001
2021,نفقات التنظيف,Centre West,58129.77711739999
2021,نفقات التنظيف,Grand Tunis,121595.45629999999
2021,نفقات التنظيف,National,97686.69009999999
2021,نفقات التنظيف,North East,90236.61596000001
2021,نفقات التنظيف,North West,75905.26792999999
2021,نفقات التنظيف,South East,89393.15122
2021,نفقات التنظيف,South West,182499.42380000002
2021,نفقات الثقافة,Centre East,9942.510032999999
2021,نفقات الثقافة,Centre West,11699.623319999999
2021,نفقات الثقافة,Grand Tunis,8983.82755
2021,نفقات الثقافة,National,10688.146499999999
2021,نفقات الثقافة,North East,23576.074420000004
2021,نفقات الثقافة,North West,5655.7918876
2021,نفقات الثقافة,South East,6023.940519999999
2021,نفقات الثقافة,South West,2965.0710190000004
2021,نفقات الخياطة,Centre East,911.190038
2021,نفقات الخياطة,Centre West,675.96642
2021,نفقات الخياطة,Grand Tunis,1942.259354
2021,نفقات الخياطة,National,1122.567292
2021,نفقات الخياطة,North East,1234.950988
2021,نفقات الخياطة,North West,537.0004160000001
2021,نفقات الخياطة,South East,806.032725
2021,نفقات الخياطة,South West,756.4003047000001
2021,نفقات الخياطة و مستلزماتها,Centre East,1500.250041
2021,نفقات الخياطة و مستلزماتها,Centre West,1236.97059
2021,نفقات الخياطة و مستلزماتها,Grand Tunis,3202.502444
2021,نفقات الخياطة و مستلزماتها,National,1936.6232313000007
2021,نفقات الخياطة و مستلزماتها,North East,2245.612323
2021,نفقات الخياطة و مستلزماتها,North West,944.2402110000002
2021,نفقات الخياطة و مستلزماتها,South East,1353.876901
2021,نفقات الخياطة و مستلزماتها,South West,1846.3182207000004
2021,نفقات الخياطة ومستلزماتها بدون تمييز,Centre East,85.01469
2021,نفقات الخياطة ومستلزماتها بدون تمييز,Centre West,119.50787
2021,نفقات الخياطة ومستلزماتها بدون تمييز,Grand Tunis,408.877015
2021,نفقات الخياطة ومستلزماتها بدون تمييز,National,253.9050213
2021,نفقات الخياطة ومستلزماتها بدون تمييز,North East,460.76647299999996
2021,نفقات الخياطة ومستلزماتها بدون تمييز,North West,297.57380499999994
2021,نفقات الخياطة ومستلزماتها بدون تمييز,South East,110.644987
2021,نفقات الخياطة ومستلزماتها بدون تمييز,South West,243.597636
2021,نفقات السكن,Centre East,1311785.9855079001
2021,نفقات السكن,Centre West,785342.3035002999
2021,نفقات السكن,Grand Tunis,1914480.6265118998
2021,نفقات السكن,National,1306994.06162
2021,نفقات السكن,North East,1272363.4307581002
2021,نفقات السكن,North West,869549.1363393
2021,نفقات السكن,South East,1142911.4376537001
2021,نفقات السكن,South West,972759.3064685999
2021,نفقات الصيانة الشخصية,Centre East,66078.6545
2021,نفقات الصيانة الشخصية,Centre West,38559.99600000001
2021,نفقات الصيانة الشخصية,Grand Tunis,93568.5033
2021,نفقات الصيانة الشخصية,National,64830.71009999999
2021,نفقات الصيانة الشخصية,North East,55547.829399999995
2021,نفقات الصيانة الشخصية,North West,46392.2884
2021,نفقات الصيانة الشخصية,South East,63232.6966
2021,نفقات الصيانة الشخصية,South West,53644.1513
2021,نفقات الصيانة و تصليح السكن,Centre East,146512.0078928
2021,نفقات الصيانة و تصليح السكن,Centre West,69432.17017370001
2021,نفقات الصيانة و تصليح السكن,Grand Tunis,164782.60642999999
2021,نفقات الصيانة و تصليح السكن,National,119598.61001000002
2021,نفقات الصيانة و تصليح السكن,North East,95804.85834579999
2021,نفقات الصيانة و تصليح السكن,North West,74140.1948217
2021,نفقات الصيانة و تصليح السكن,South East,96772.5754665
2021,نفقات الصيانة و تصليح السكن,South West,101382.3073876
2021,نفقات الطاقة للمسكن,Centre East,206925.518
2021,نفقات الطاقة للمسكن,Centre West,208198.16999999998
2021,نفقات الطاقة للمسكن,Grand Tunis,362427.07399999996
2021,نفقات الطاقة للمسكن,National,244174.02
2021,نفقات الطاقة للمسكن,North East,222002.546
2021,نفقات الطاقة للمسكن,North West,134982.384
2021,نفقات الطاقة للمسكن,South East,217561.53
2021,نفقات الطاقة للمسكن,South West,266570.44
2021,نفقات الطاقة و المحروقات,Centre East,232951.1145922
2021,نفقات الطاقة و المحروقات,Centre West,235680.91499509997
2021,نفقات الطاقة و المحروقات,Grand Tunis,374763.9051099
2021,نفقات الطاقة و المحروقات,National,269108.1793582
2021,نفقات الطاقة و المحروقات,North East,250784.403498
2021,نفقات الطاقة و المحروقات,North West,172601.30421059998
2021,نفقات الطاقة و المحروقات,South East,247180.62018720002
2021,نفقات الطاقة و المحروقات,South West,295939.31008100003
2021,نفقات العدول و نفقات القضايا و المحاكم,Centre East,351.753825
2021,نفقات العدول و نفقات القضايا و المحاكم,Centre West,547.2017
2021,نفقات العدول و نفقات القضايا و المحاكم,Grand Tunis,94.79370700000001
2021,نفقات العدول و نفقات القضايا و المحاكم,National,273.44027900000003
2021,نفقات العدول و نفقات القضايا و المحاكم,North East,177.5893
2021,نفقات العدول و نفقات القضايا و المحاكم,North West,222.586657
2021,نفقات العدول و نفقات القضايا و المحاكم,South East,482.00543289999996
2021,نفقات العدول و نفقات القضايا و المحاكم,South West,75.09634559999999
2021,نفقات العطل في النزل,Centre East,6678.603
2021,نفقات العطل في النزل,Centre West,1773.198
2021,نفقات العطل في النزل,Grand Tunis,11142.99
2021,نفقات العطل في النزل,National,5406.801
2021,نفقات العطل في النزل,North East,1518.779
2021,نفقات العطل في النزل,North West,3108.145
2021,نفقات العطل في النزل,South East,2220.418
2021,نفقات العطل في النزل,South West,2331.446
2021,نفقات العطل ما عدى النزل,Centre East,10373.688
2021,نفقات العطل ما عدى النزل,Centre West,5488.139999999999
2021,نفقات العطل ما عدى النزل,Grand Tunis,29135.08
2021,نفقات العطل ما عدى النزل,National,13102.057
2021,نفقات العطل ما عدى النزل,North East,2524.38
2021,نفقات العطل ما عدى النزل,North West,5756.604
2021,نفقات العطل ما عدى النزل,South East,12130.561
2021,نفقات العطل ما عدى النزل,South West,13829.533
2021,نفقات العطل، السياحة،  النزل، المطاعم والمقاهي,Centre East,18992.8465
2021,نفقات العطل، السياحة،  النزل، المطاعم والمقاهي,Centre West,7974.4700901
2021,نفقات العطل، السياحة،  النزل، المطاعم والمقاهي,Grand Tunis,43209.1861
2021,نفقات العطل، السياحة،  النزل، المطاعم والمقاهي,National,20618.411200000002
2021,نفقات العطل، السياحة،  النزل، المطاعم والمقاهي,North East,6846.835999999999
2021,نفقات العطل، السياحة،  النزل، المطاعم والمقاهي,North West,9064.3182735
2021,نفقات العطل، السياحة،  النزل، المطاعم والمقاهي,South East,17793.588
2021,نفقات العطل، السياحة،  النزل، المطاعم والمقاهي,South West,18165.6181
2021,"نفقات المأتم (كفن، مقبرة,,,)",Centre East,884.1927
2021,"نفقات المأتم (كفن، مقبرة,,,)",Centre West,514.3466
2021,"نفقات المأتم (كفن، مقبرة,,,)",Grand Tunis,1519.077
2021,"نفقات المأتم (كفن، مقبرة,,,)",National,1038.447
2021,"نفقات المأتم (كفن، مقبرة,,,)",North East,1097.952
2021,"نفقات المأتم (كفن، مقبرة,,,)",North West,2014.13
2021,"نفقات المأتم (كفن، مقبرة,,,)",South East,334.1786
2021,"نفقات المأتم (كفن، مقبرة,,,)",South West,21.85649
2021,"نفقات المراسلات (بطاقة بريدية، بطاقة تهاني، ظرف,,,)",Centre East,4.222249
2021,"نفقات المراسلات (بطاقة بريدية، بطاقة تهاني، ظرف,,,)",Centre West,42.99392
2021,"نفقات المراسلات (بطاقة بريدية، بطاقة تهاني، ظرف,,,)",Grand Tunis,4.204381
2021,"نفقات المراسلات (بطاقة بريدية، بطاقة تهاني، ظرف,,,)",National,11.79581
2021,"نفقات المراسلات (بطاقة بريدية، بطاقة تهاني، ظرف,,,)",North East,5.478613
2021,"نفقات المراسلات (بطاقة بريدية، بطاقة تهاني، ظرف,,,)",North West,17.97576
2021,"نفقات المراسلات (بطاقة بريدية، بطاقة تهاني، ظرف,,,)",South East,16.93506
2021,"نفقات المراسلات (بطاقة بريدية، بطاقة تهاني، ظرف,,,)",South West,1.403175
2021,نفقات المناسبات العائلية,Centre East,20824.5627178
2021,نفقات المناسبات العائلية,Centre West,10317.1163999
2021,نفقات المناسبات العائلية,Grand Tunis,12406.853155300001
2021,نفقات المناسبات العائلية,National,15056.971307800002
2021,نفقات المناسبات العائلية,North East,24798.4764
2021,نفقات المناسبات العائلية,North West,10227.5695212
2021,نفقات المناسبات العائلية,South East,7857.9927837
2021,نفقات المناسبات العائلية,South West,8573.93342
2021,نفقات النقل العمومي,Centre East,94007.87180950001
2021,نفقات النقل العمومي,Centre West,74543.456217
2021,نفقات النقل العمومي,Grand Tunis,106845.974177
2021,نفقات النقل العمومي,National,95667.29310000001
2021,نفقات النقل العمومي,North East,97906.91512
2021,نفقات النقل العمومي,North West,111706.75954799999
2021,نفقات النقل العمومي,South East,90490.6255
2021,نفقات النقل العمومي,South West,76208.903481
2021,نفقات الولادة,Centre East,3838.6791999999996
2021,نفقات الولادة,Centre West,2892.8567279999997
2021,نفقات الولادة,Grand Tunis,4703.33724
2021,نفقات الولادة,National,3434.3903999999998
2021,نفقات الولادة,North East,3031.22196
2021,نفقات الولادة,North West,3944.21734
2021,نفقات الولادة,South East,915.64951
2021,نفقات الولادة,South West,1546.1893
2021,نفقات بناء مسكن,Centre East,111136.3
2021,نفقات بناء مسكن,Centre West,22001.41
2021,نفقات بناء مسكن,Grand Tunis,15223.77
2021,نفقات بناء مسكن,National,51587.36
2021,نفقات بناء مسكن,North East,85583.45
2021,نفقات بناء مسكن,North West,21512.65
2021,نفقات بناء مسكن,South East,37633.24
2021,نفقات بناء مسكن,South West,14103.34
2021,نفقات تخص العبادة والشعائر الدينية,Centre East,2836.5690178
2021,نفقات تخص العبادة والشعائر الدينية,Centre West,3344.6522999
2021,نفقات تخص العبادة والشعائر الدينية,Grand Tunis,4878.167755300001
2021,نفقات تخص العبادة والشعائر الدينية,National,3155.0643078000003
2021,نفقات تخص العبادة والشعائر الدينية,North East,2440.1864
2021,نفقات تخص العبادة والشعائر الدينية,North West,2017.5492212
2021,نفقات تخص العبادة والشعائر الدينية,South East,2015.9087837000002
2021,نفقات تخص العبادة والشعائر الدينية,South West,2226.37163
2021,"نفقات تخص العبادة والشعائر الدينية (سجادة، سبحة,,,)",Centre East,74.29678
2021,"نفقات تخص العبادة والشعائر الدينية (سجادة، سبحة,,,)",Centre West,32.9326
2021,"نفقات تخص العبادة والشعائر الدينية (سجادة، سبحة,,,)",Grand Tunis,71.73094
2021,"نفقات تخص العبادة والشعائر الدينية (سجادة، سبحة,,,)",National,51.68843
2021,"نفقات تخص العبادة والشعائر الدينية (سجادة، سبحة,,,)",North East,23.0423
2021,"نفقات تخص العبادة والشعائر الدينية (سجادة، سبحة,,,)",North West,13.26486
2021,"نفقات تخص العبادة والشعائر الدينية (سجادة، سبحة,,,)",South East,63.104
2021,"نفقات تخص العبادة والشعائر الدينية (سجادة، سبحة,,,)",South West,33.09963
2021,نفقات تصليح غير مبوّبة,Centre East,865.851
2021,نفقات تصليح غير مبوّبة,Centre West,607.5872
2021,نفقات تصليح غير مبوّبة,Grand Tunis,1122.005
2021,نفقات تصليح غير مبوّبة,National,836.4685
2021,نفقات تصليح غير مبوّبة,North East,467.5533
2021,نفقات تصليح غير مبوّبة,North West,506.8416
2021,نفقات تصليح غير مبوّبة,South East,1465.452
2021,نفقات تصليح غير مبوّبة,South West,487.8166
2021,نفقات تصليح و تلميع الأحذية,Centre East,128.32803099999998
2021,نفقات تصليح و تلميع الأحذية,Centre West,98.367204
2021,نفقات تصليح و تلميع الأحذية,Grand Tunis,109.155196
2021,نفقات تصليح و تلميع الأحذية,National,93.480544
2021,نفقات تصليح و تلميع الأحذية,North East,40.997164
2021,نفقات تصليح و تلميع الأحذية,North West,47.448434999999996
2021,نفقات تصليح و تلميع الأحذية,South East,54.95888
2021,نفقات تصليح و تلميع الأحذية,South West,143.17501000000001
2021,نفقات تعليم أخرى,Centre East,4503.422659999999
2021,نفقات تعليم أخرى,Centre West,1220.3005019000002
2021,نفقات تعليم أخرى,Grand Tunis,5105.79839
2021,نفقات تعليم أخرى,National,3701.3515599999996
2021,نفقات تعليم أخرى,North East,3060.8058
2021,نفقات تعليم أخرى,North West,1347.5440124000002
2021,نفقات تعليم أخرى,South East,4950.308139999999
2021,نفقات تعليم أخرى,South West,3700.3035621999998
2021,"نفقات تعليم أخرى (موسقى، رقص، تعليم بالمراسلة,,,)",Centre East,604.5232
2021,"نفقات تعليم أخرى (موسقى، رقص، تعليم بالمراسلة,,,)",Centre West,0.1122611
2021,"نفقات تعليم أخرى (موسقى، رقص، تعليم بالمراسلة,,,)",Grand Tunis,2230.24
2021,"نفقات تعليم أخرى (موسقى، رقص، تعليم بالمراسلة,,,)",National,1022.034
2021,"نفقات تعليم أخرى (موسقى، رقص، تعليم بالمراسلة,,,)",North East,853.4407
2021,"نفقات تعليم أخرى (موسقى، رقص، تعليم بالمراسلة,,,)",North West,17.51917
2021,"نفقات تعليم أخرى (موسقى، رقص، تعليم بالمراسلة,,,)",South East,1947.763
2021,"نفقات تعليم أخرى (موسقى، رقص، تعليم بالمراسلة,,,)",South West,620.7665
2021,نفقات ثقافية أخرى,Centre East,405.607709
2021,نفقات ثقافية أخرى,Centre West,151.85041999999999
2021,نفقات ثقافية أخرى,Grand Tunis,757.5347899999999
2021,نفقات ثقافية أخرى,National,387.97409
2021,نفقات ثقافية أخرى,North East,51.806493
2021,نفقات ثقافية أخرى,North West,219.11636000000001
2021,نفقات ثقافية أخرى,South East,422.45271
2021,نفقات ثقافية أخرى,South West,338.110125
2021,نفقات خدمات التنظيف,Centre East,485.92885
2021,نفقات خدمات التنظيف,Centre West,73.2281174
2021,نفقات خدمات التنظيف,Grand Tunis,1152.9233
2021,نفقات خدمات التنظيف,National,586.5621
2021,نفقات خدمات التنظيف,North East,340.47396
2021,نفقات خدمات التنظيف,North West,349.57913
2021,نفقات خدمات التنظيف,South East,613.28232
2021,نفقات خدمات التنظيف,South West,738.2968000000001
2021,نفقات شراء ارض لبناء مسكن,Centre East,42967.66
2021,نفقات شراء ارض لبناء مسكن,Centre West,8113.545
2021,نفقات شراء ارض لبناء مسكن,Grand Tunis,21688.35
2021,نفقات شراء ارض لبناء مسكن,National,28673.9
2021,نفقات شراء ارض لبناء مسكن,North East,14681.25
2021,نفقات شراء ارض لبناء مسكن,North West,7512.251
2021,نفقات شراء ارض لبناء مسكن,South East,97553.01
2021,نفقات شراء ارض لبناء مسكن,South West,6728.967
2021,نفقات شراء الصوف للمغزل,Centre East,2.800933
2021,نفقات شراء الصوف للمغزل,Centre West,0.0
2021,نفقات شراء الصوف للمغزل,Grand Tunis,0.0
2021,نفقات شراء الصوف للمغزل,National,2.261253
2021,نفقات شراء الصوف للمغزل,North East,0.0
2021,نفقات شراء الصوف للمغزل,North West,0.0
2021,نفقات شراء الصوف للمغزل,South East,17.54597
2021,نفقات شراء الصوف للمغزل,South West,0.0
2021,نفقات شراء الماء (صهريج، قرباجي...),Centre East,5686.238
2021,نفقات شراء الماء (صهريج، قرباجي...),Centre West,29568.32
2021,نفقات شراء الماء (صهريج، قرباجي...),Grand Tunis,6974.874
2021,نفقات شراء الماء (صهريج، قرباجي...),National,11451.71
2021,نفقات شراء الماء (صهريج، قرباجي...),North East,9249.116
2021,نفقات شراء الماء (صهريج، قرباجي...),North West,8156.434
2021,نفقات شراء الماء (صهريج، قرباجي...),South East,10394.54
2021,نفقات شراء الماء (صهريج، قرباجي...),South West,27363.86
2021,نفقات شراء وتجهيز الهاتف القار والجوال,Centre East,41126.30487
2021,نفقات شراء وتجهيز الهاتف القار والجوال,Centre West,23098.83415
2021,نفقات شراء وتجهيز الهاتف القار والجوال,Grand Tunis,37338.71648
2021,نفقات شراء وتجهيز الهاتف القار والجوال,National,32095.05565
2021,نفقات شراء وتجهيز الهاتف القار والجوال,North East,23584.415770000003
2021,نفقات شراء وتجهيز الهاتف القار والجوال,North West,25222.3917
2021,نفقات شراء وتجهيز الهاتف القار والجوال,South East,21912.68618
2021,نفقات شراء وتجهيز الهاتف القار والجوال,South West,41876.831790000004
2021,نفقات طبية استثنائية,Centre East,136427.938866
2021,نفقات طبية استثنائية,Centre West,97360.798718
2021,نفقات طبية استثنائية,Grand Tunis,141839.47058999998
2021,نفقات طبية استثنائية,National,124326.430684
2021,نفقات طبية استثنائية,North East,156553.17806
2021,نفقات طبية استثنائية,North West,114455.04633999999
2021,نفقات طبية استثنائية,South East,65758.40571
2021,نفقات طبية استثنائية,South West,89076.04279
2021,نفقات طبية عادية,Centre East,174992.974694
2021,نفقات طبية عادية,Centre West,132123.89880000002
2021,نفقات طبية عادية,Grand Tunis,167273.90339999998
2021,نفقات طبية عادية,National,160630.524411
2021,نفقات طبية عادية,North East,170251.785625
2021,نفقات طبية عادية,North West,111033.723884
2021,نفقات طبية عادية,South East,176015.186
2021,نفقات طبية عادية,South West,176610.42727000001
2021,نفقات علاج أمراض مزمنة,Centre East,67647.76299999999
2021,نفقات علاج أمراض مزمنة,Centre West,57217.329
2021,نفقات علاج أمراض مزمنة,Grand Tunis,98179.74799999999
2021,نفقات علاج أمراض مزمنة,National,74967.398
2021,نفقات علاج أمراض مزمنة,North East,98469.711
2021,نفقات علاج أمراض مزمنة,North West,83315.84599999999
2021,نفقات علاج أمراض مزمنة,South East,23797.161
2021,نفقات علاج أمراض مزمنة,South West,54194.654
2021,نفقات علاج و جراحة الأسنان,Centre East,11677.21397
2021,نفقات علاج و جراحة الأسنان,Centre West,1153.4382
2021,نفقات علاج و جراحة الأسنان,Grand Tunis,13987.9976
2021,نفقات علاج و جراحة الأسنان,National,10135.7814
2021,نفقات علاج و جراحة الأسنان,North East,12548.528330000001
2021,نفقات علاج و جراحة الأسنان,North West,11909.2027
2021,نفقات علاج و جراحة الأسنان,South East,1725.5116
2021,نفقات علاج و جراحة الأسنان,South West,11893.35462
2021,نفقات غير دورية,Centre East,85302.49284
2021,نفقات غير دورية,Centre West,68657.368267
2021,نفقات غير دورية,Grand Tunis,95857.053758
2021,نفقات غير دورية,National,86964.52500000001
2021,نفقات غير دورية,North East,90049.0065
2021,نفقات غير دورية,North West,104504.82805
2021,نفقات غير دورية,South East,80562.4499
2021,نفقات غير دورية,South West,68157.429953
2021,نفقات كراء ملابس,Centre East,405.65112899999997
2021,نفقات كراء ملابس,Centre West,382.89342600000003
2021,نفقات كراء ملابس,Grand Tunis,626.61233
2021,نفقات كراء ملابس,National,416.0506120999999
2021,نفقات كراء ملابس,North East,329.554077
2021,نفقات كراء ملابس,North West,95.88004
2021,نفقات كراء ملابس,South East,361.277629
2021,نفقات كراء ملابس,South West,502.90084
2021,نفقات لفحوصات الأطباء,Centre East,85832.431
2021,نفقات لفحوصات الأطباء,Centre West,72242.84590000001
2021,نفقات لفحوصات الأطباء,Grand Tunis,86296.82299999999
2021,نفقات لفحوصات الأطباء,National,83076.14
2021,نفقات لفحوصات الأطباء,North East,86882.86200000001
2021,نفقات لفحوصات الأطباء,North West,60164.16500000001
2021,نفقات لفحوصات الأطباء,South East,105460.963
2021,نفقات لفحوصات الأطباء,South West,77535.15720000002
2021,نفقات معاليم ما قبل الدراسة,Centre East,18532.43834
2021,نفقات معاليم ما قبل الدراسة,Centre West,5349.420290999999
2021,نفقات معاليم ما قبل الدراسة,Grand Tunis,29609.4496
2021,نفقات معاليم ما قبل الدراسة,National,17012.149110000002
2021,نفقات معاليم ما قبل الدراسة,North East,18408.8257
2021,نفقات معاليم ما قبل الدراسة,North West,6904.445600000001
2021,نفقات معاليم ما قبل الدراسة,South East,9197.54935
2021,نفقات معاليم ما قبل الدراسة,South West,9632.2493
2021,نفقات مناسبات الأفراح,Centre East,17103.801
2021,نفقات مناسبات الأفراح,Centre West,6458.1175
2021,نفقات مناسبات الأفراح,Grand Tunis,6009.6084
2021,نفقات مناسبات الأفراح,National,10863.460000000001
2021,نفقات مناسبات الأفراح,North East,21260.338
2021,نفقات مناسبات الأفراح,North West,6195.8903
2021,نفقات مناسبات الأفراح,South East,5507.9054
2021,نفقات مناسبات الأفراح,South West,6325.7053
2021,نفقات و مستلزمات الحيوانات الاهلية,Centre East,184.6781
2021,نفقات و مستلزمات الحيوانات الاهلية,Centre West,331.0329
2021,نفقات و مستلزمات الحيوانات الاهلية,Grand Tunis,988.6162
2021,نفقات و مستلزمات الحيوانات الاهلية,National,509.9395
2021,نفقات و مستلزمات الحيوانات الاهلية,North East,611.6658
2021,نفقات و مستلزمات الحيوانات الاهلية,North West,757.2428
2021,نفقات و مستلزمات الحيوانات الاهلية,South East,123.2817
2021,نفقات و مستلزمات الحيوانات الاهلية,South West,142.1278
2021,نقل ريفي,Centre East,19594.75
2021,نقل ريفي,Centre West,37106.04
2021,نقل ريفي,Grand Tunis,7004.097
2021,نقل ريفي,National,23911.33
2021,نقل ريفي,North East,27869.12
2021,نقل ريفي,North West,63394.61
2021,نقل ريفي,South East,16840.33
2021,نقل ريفي,South West,15908.22
2021,"هريسة ""دياري""، فلفل معجون",Centre East,1074.3
2021,"هريسة ""دياري""، فلفل معجون",Centre West,390.2594
2021,"هريسة ""دياري""، فلفل معجون",Grand Tunis,13042.09
2021,"هريسة ""دياري""، فلفل معجون",National,4512.556
2021,"هريسة ""دياري""، فلفل معجون",North East,4397.435
2021,"هريسة ""دياري""، فلفل معجون",North West,1813.958
2021,"هريسة ""دياري""، فلفل معجون",South East,1883.991
2021,"هريسة ""دياري""، فلفل معجون",South West,839.0168
2021,هريسة صناعيّة حكة او صبة,Centre East,8525.052
2021,هريسة صناعيّة حكة او صبة,Centre West,9883.319
2021,هريسة صناعيّة حكة او صبة,Grand Tunis,10180.85
2021,هريسة صناعيّة حكة او صبة,National,9193.732
2021,هريسة صناعيّة حكة او صبة,North East,9760.469
2021,هريسة صناعيّة حكة او صبة,North West,10653.26
2021,هريسة صناعيّة حكة او صبة,South East,6113.826
2021,هريسة صناعيّة حكة او صبة,South West,7033.276
2021,هندي,Centre East,1287.308
2021,هندي,Centre West,816.8232
2021,هندي,Grand Tunis,615.5876
2021,هندي,National,747.8292
2021,هندي,North East,402.9429
2021,هندي,North West,545.0625
2021,هندي,South East,312.9831
2021,هندي,South West,794.9648
2021,ياغورت,Centre East,108495.92115
2021,ياغورت,Centre West,36677.051640000005
2021,ياغورت,Grand Tunis,55125.73289
2021,ياغورت,National,67601.39160999999
2021,ياغورت,North East,42324.462349999994
2021,ياغورت,North West,48619.3678
2021,ياغورت,South East,46401.17942999999
2021,ياغورت,South West,152777.59063
