indicator,basis,geography,year,governorates,complete,period,mean,theil_weighted,cv_weighted,cv_unweighted,tail_ratio
bank_branches,per_head,as_printed,2005,23,False,pre,0.080458,,,,
bank_branches,per_head,as_printed,2006,23,False,pre,0.093503,,,,
bank_branches,per_head,as_printed,2007,23,False,pre,0.097999,,,,
bank_branches,per_head,as_printed,2008,23,False,pre,0.099195,,,,
bank_branches,per_head,as_printed,2010,24,True,pre,0.104895,0.169095,0.608712,0.591671,5.549967
bank_branches,per_head,as_printed,2011,24,True,post,0.106777,0.16916,0.606997,0.595877,5.508677
bank_branches,per_head,as_printed,2012,24,True,post,0.112527,0.157689,0.581237,0.557757,6.174908
bank_branches,per_head,as_printed,2013,24,True,post,0.116858,0.152345,0.567587,0.545194,6.118445
bank_branches,per_head,as_printed,2014,24,True,post,0.120545,0.169327,0.614354,0.592756,5.752978
bank_branches,per_head,as_printed,2015,24,True,post,0.127951,0.16416,0.600734,0.581851,5.802513
bank_branches,per_head,as_printed,2016,24,True,post,0.131942,0.159883,0.590985,0.577387,5.728742
bank_branches,per_head,as_printed,2017,24,True,post,0.136676,0.160697,0.592591,0.580047,5.853027
bank_branches,per_head,as_printed,2018,24,True,post,0.137686,0.155999,0.58622,0.572318,5.487073
bank_branches,per_head,constant,2005,23,True,pre,0.080458,0.148412,0.574232,0.540089,4.78238
bank_branches,per_head,constant,2006,23,True,pre,0.093503,0.183453,0.647051,0.618391,5.721209
bank_branches,per_head,constant,2007,23,True,pre,0.097999,0.18028,0.637008,0.616476,5.54538
bank_branches,per_head,constant,2008,23,True,pre,0.099195,0.174979,0.616424,0.601742,5.830056
bank_branches,per_head,constant,2010,23,True,pre,0.104151,0.162051,0.596759,0.588733,5.339934
bank_branches,per_head,constant,2011,23,True,post,0.105954,0.160844,0.592612,0.589622,5.26065
bank_branches,per_head,constant,2012,23,True,post,0.11117,0.153758,0.573498,0.561824,5.927473
bank_branches,per_head,constant,2013,23,True,post,0.115421,0.14814,0.558981,0.547753,5.829836
bank_branches,per_head,constant,2014,23,True,post,0.119736,0.165261,0.607622,0.59836,5.651408
bank_branches,per_head,constant,2015,23,True,post,0.126994,0.158889,0.591516,0.583904,5.666755
bank_branches,per_head,constant,2016,23,True,post,0.131118,0.154083,0.580884,0.577849,5.622067
bank_branches,per_head,constant,2017,23,True,post,0.135816,0.154034,0.580926,0.578513,5.707796
bank_branches,per_head,constant,2018,23,True,post,0.137053,0.149093,0.574362,0.569874,5.366177
bank_branches,share_of_national,as_printed,1995,23,False,pre,0.043478,,,,
bank_branches,share_of_national,as_printed,1996,23,False,pre,0.043478,,,,
bank_branches,share_of_national,as_printed,1997,23,False,pre,0.043478,,,,
bank_branches,share_of_national,as_printed,1998,23,False,pre,0.043478,,,,
bank_branches,share_of_national,as_printed,1999,23,False,pre,0.043478,,,,
bank_branches,share_of_national,as_printed,2000,23,False,pre,0.043478,,,,
bank_branches,share_of_national,as_printed,2001,23,False,pre,0.043478,,,,
bank_branches,share_of_national,as_printed,2002,23,False,pre,0.043478,,,,
bank_branches,share_of_national,as_printed,2003,23,False,pre,0.043478,,,,
bank_branches,share_of_national,as_printed,2004,23,False,pre,0.043478,,,,
bank_branches,share_of_national,as_printed,2005,23,False,pre,0.043478,,,,
bank_branches,share_of_national,as_printed,2006,23,False,pre,0.043478,,,,
bank_branches,share_of_national,as_printed,2007,23,False,pre,0.043478,,,,
bank_branches,share_of_national,as_printed,2008,23,False,pre,0.043478,,,,
bank_branches,share_of_national,as_printed,2010,24,True,pre,0.041667,0.434188,1.037037,1.212401,18.34375
bank_branches,share_of_national,as_printed,2011,24,True,post,0.041667,0.431003,1.025563,1.210053,18.393939
bank_branches,share_of_national,as_printed,2012,24,True,post,0.041667,0.412135,1.006969,1.167377,19.0625
bank_branches,share_of_national,as_printed,2013,24,True,post,0.041667,0.400601,0.984856,1.146819,17.942857
bank_branches,share_of_national,as_printed,2014,24,True,post,0.041667,0.431751,1.035388,1.224938,18.25641
bank_branches,share_of_national,as_printed,2015,24,True,post,0.041667,0.417232,1.008573,1.198123,17.348837
bank_branches,share_of_national,as_printed,2016,24,True,post,0.041667,0.406833,0.989204,1.182122,17.545455
bank_branches,share_of_national,as_printed,2017,24,True,post,0.041667,0.404065,0.983934,1.179243,17.911111
bank_branches,share_of_national,as_printed,2018,24,True,post,0.041667,0.396942,0.974846,1.1705,17.717391
bank_branches,share_of_national,constant,1995,23,True,pre,0.043478,,,1.090148,13.0
bank_branches,share_of_national,constant,1996,23,True,pre,0.043478,,,1.093868,12.92
bank_branches,share_of_national,constant,1997,23,True,pre,0.043478,,,1.095339,13.04
bank_branches,share_of_national,constant,1998,23,True,pre,0.043478,,,1.100783,12.769231
bank_branches,share_of_national,constant,1999,23,True,pre,0.043478,,,1.093844,12.807692
bank_branches,share_of_national,constant,2000,23,True,pre,0.043478,,,1.089988,12.884615
bank_branches,share_of_national,constant,2001,23,True,pre,0.043478,,,1.110576,13.269231
bank_branches,share_of_national,constant,2002,23,True,pre,0.043478,,,1.121204,13.653846
bank_branches,share_of_national,constant,2003,23,True,pre,0.043478,,,1.12178,13.846154
bank_branches,share_of_national,constant,2004,23,True,pre,0.043478,,,1.119321,14.076923
bank_branches,share_of_national,constant,2005,23,True,pre,0.043478,0.410581,1.025469,1.157869,15.0
bank_branches,share_of_national,constant,2006,23,True,pre,0.043478,0.458512,1.097674,1.253891,16.827586
bank_branches,share_of_national,constant,2007,23,True,pre,0.043478,0.445521,1.070526,1.233358,17.724138
bank_branches,share_of_national,constant,2008,23,True,pre,0.043478,0.430641,1.029866,1.204382,18.310345
bank_branches,share_of_national,constant,2010,23,True,pre,0.043478,0.406734,0.982545,1.19764,18.625
bank_branches,share_of_national,constant,2011,23,True,post,0.043478,0.403622,0.97095,1.196028,18.757576
bank_branches,share_of_national,constant,2012,23,True,post,0.043478,0.391376,0.954872,1.165371,19.90625
bank_branches,share_of_national,constant,2013,23,True,post,0.043478,0.381439,0.934449,1.1475,18.885714
bank_branches,share_of_national,constant,2014,23,True,post,0.043478,0.405687,0.979889,1.213657,18.487179
bank_branches,share_of_national,constant,2015,23,True,post,0.043478,0.39275,0.954179,1.189577,17.767442
bank_branches,share_of_national,constant,2016,23,True,post,0.043478,0.382248,0.935371,1.172901,18.0
bank_branches,share_of_national,constant,2017,23,True,post,0.043478,0.379738,0.930048,1.170647,18.511111
bank_branches,share_of_national,constant,2018,23,True,post,0.043478,0.37205,0.920767,1.160548,18.282609
camping_centres,per_head,as_printed,2014,24,True,post,0.00255,,0.988116,0.902863,
camping_centres,per_head,as_printed,2015,24,True,post,0.002524,,0.991627,0.90574,
camping_centres,per_head,as_printed,2016,23,False,post,0.00242,,,,
camping_centres,per_head,as_printed,2017,24,True,post,0.002484,,0.999054,0.911429,
camping_centres,per_head,as_printed,2018,22,False,post,0.002512,,,,
camping_centres,per_head,as_printed,2019,23,False,post,0.002938,,,,
camping_centres,per_head,as_printed,2020,23,False,post,0.003004,,,,
camping_centres,per_head,as_printed,2021,23,False,post,0.002991,,,,
camping_centres,per_head,as_printed,2022,23,False,post,0.002983,,,,
camping_centres,per_head,as_printed,2023,24,True,post,0.002908,,0.961438,0.856937,
camping_centres,per_head,constant,2014,23,True,post,0.002593,,0.971294,0.891958,
camping_centres,per_head,constant,2015,23,True,post,0.002566,,0.974894,0.894953,
camping_centres,per_head,constant,2016,22,False,post,0.00246,,,,
camping_centres,per_head,constant,2017,23,True,post,0.002526,,0.982554,0.900785,
camping_centres,per_head,constant,2018,22,False,post,0.002512,,,,
camping_centres,per_head,constant,2019,22,False,post,0.003005,,,,
camping_centres,per_head,constant,2020,22,False,post,0.003075,,,,
camping_centres,per_head,constant,2021,22,False,post,0.003062,,,,
camping_centres,per_head,constant,2022,22,False,post,0.003053,,,,
camping_centres,per_head,constant,2023,23,True,post,0.002972,,0.948267,0.842371,
camping_centres,share_of_national,as_printed,2014,24,True,post,0.041667,,0.893916,0.877141,
camping_centres,share_of_national,as_printed,2015,24,True,post,0.041667,,0.893688,0.877141,
camping_centres,share_of_national,as_printed,2016,23,False,post,0.043478,,,,
camping_centres,share_of_national,as_printed,2017,24,True,post,0.041667,,0.893342,0.877141,
camping_centres,share_of_national,as_printed,2018,22,False,post,0.045455,,,,
camping_centres,share_of_national,as_printed,2019,23,False,post,0.043478,,,,
camping_centres,share_of_national,as_printed,2020,23,False,post,0.043478,,,,
camping_centres,share_of_national,as_printed,2021,23,False,post,0.043478,,,,
camping_centres,share_of_national,as_printed,2022,23,False,post,0.043478,,,,
camping_centres,share_of_national,as_printed,2023,24,True,post,0.041667,,0.827297,0.795698,
camping_centres,share_of_national,constant,2014,23,True,post,0.043478,,0.817777,0.834058,
camping_centres,share_of_national,constant,2015,23,True,post,0.043478,,0.816419,0.834058,
camping_centres,share_of_national,constant,2016,22,False,post,0.045455,,,,
camping_centres,share_of_national,constant,2017,23,True,post,0.043478,,0.813868,0.834058,
camping_centres,share_of_national,constant,2018,22,False,post,0.045455,,,,
camping_centres,share_of_national,constant,2019,22,False,post,0.045455,,,,
camping_centres,share_of_national,constant,2020,22,False,post,0.045455,,,,
camping_centres,share_of_national,constant,2021,22,False,post,0.045455,,,,
camping_centres,share_of_national,constant,2022,22,False,post,0.045455,,,,
camping_centres,share_of_national,constant,2023,23,True,post,0.043478,,0.750871,0.751724,
cinema_screens,per_head,as_printed,2005,24,True,pre,0.002267,,1.260751,1.487984,
cinema_screens,per_head,as_printed,2006,24,True,pre,0.001821,,1.115846,1.408388,
cinema_screens,per_head,as_printed,2007,24,True,pre,0.001802,,1.118589,1.413023,
cinema_screens,per_head,as_printed,2008,24,True,pre,0.00105,,1.699856,2.105393,
cinema_screens,per_head,as_printed,2009,24,True,pre,0.000945,,1.866962,2.472851,
cinema_screens,per_head,as_printed,2010,24,True,pre,0.000934,,1.667897,2.234816,
cinema_screens,per_head,as_printed,2011,24,True,post,0.001136,,1.472542,1.927391,
cinema_screens,per_head,as_printed,2012,24,True,post,0.001162,,1.529368,2.004127,
cinema_screens,per_head,as_printed,2013,24,True,post,0.001141,,1.624802,2.245107,
cinema_screens,per_head,as_printed,2014,24,True,post,0.000974,,1.735698,2.442868,
cinema_screens,per_head,as_printed,2015,24,True,post,0.001069,,1.86718,2.581951,
cinema_screens,per_head,as_printed,2016,24,True,post,0.001034,,1.683381,2.326547,
cinema_screens,per_head,as_printed,2017,24,True,post,0.001025,,1.691717,2.337422,
cinema_screens,per_head,as_printed,2018,24,True,post,0.001587,,1.580552,2.228273,
cinema_screens,per_head,as_printed,2019,24,True,post,0.001827,,1.499442,2.08636,
cinema_screens,per_head,as_printed,2020,20,False,post,0.001844,,,,
cinema_screens,per_head,as_printed,2021,24,True,post,0.002113,,1.303878,1.833465,
cinema_screens,per_head,as_printed,2022,24,True,post,0.002183,,1.257419,1.754532,
cinema_screens,per_head,constant,2005,23,True,pre,0.002365,,1.260751,1.442282,
cinema_screens,per_head,constant,2006,23,True,pre,0.001858,,1.110177,1.395876,
cinema_screens,per_head,constant,2007,23,True,pre,0.001839,,1.11308,1.399993,
cinema_screens,per_head,constant,2008,23,True,pre,0.001056,,1.691299,2.118042,
cinema_screens,per_head,constant,2009,23,True,pre,0.000947,,1.859292,2.499053,
cinema_screens,per_head,constant,2010,23,True,pre,0.00094,,1.659981,2.24922,
cinema_screens,per_head,constant,2011,23,True,post,0.001152,,1.466155,1.926201,
cinema_screens,per_head,constant,2012,23,True,post,0.00118,,1.523934,2.001706,
cinema_screens,per_head,constant,2013,23,True,post,0.001159,,1.620261,2.24447,
cinema_screens,per_head,constant,2014,23,True,post,0.000987,,1.730765,2.44985,
cinema_screens,per_head,constant,2015,23,True,post,0.001087,,1.863436,2.583718,
cinema_screens,per_head,constant,2016,23,True,post,0.001051,,1.678932,2.325877,
cinema_screens,per_head,constant,2017,23,True,post,0.001043,,1.687366,2.335876,
cinema_screens,per_head,constant,2018,23,True,post,0.001419,,1.381196,2.0307,
cinema_screens,per_head,constant,2019,23,True,post,0.001674,,1.338378,1.95321,
cinema_screens,per_head,constant,2020,19,False,post,0.001663,,,,
cinema_screens,per_head,constant,2021,23,True,post,0.001978,,1.163315,1.712458,
cinema_screens,per_head,constant,2022,23,True,post,0.002052,,1.119004,1.63026,
cinema_screens,share_of_national,as_printed,2002,24,True,pre,0.041667,,,1.458324,
cinema_screens,share_of_national,as_printed,2003,24,True,pre,0.041667,,,1.458324,
cinema_screens,share_of_national,as_printed,2004,24,True,pre,0.041667,,,1.941657,
cinema_screens,share_of_national,as_printed,2005,24,True,pre,0.041667,,1.60096,2.003331,
cinema_screens,share_of_national,as_printed,2006,24,True,pre,0.041667,,1.431591,1.829464,
cinema_screens,share_of_national,as_printed,2007,24,True,pre,0.041667,,1.429268,1.829464,
cinema_screens,share_of_national,as_printed,2008,24,True,pre,0.041667,,2.033918,2.701166,
cinema_screens,share_of_national,as_printed,2009,24,True,pre,0.041667,,2.142159,2.962731,
cinema_screens,share_of_national,as_printed,2010,24,True,pre,0.041667,,1.953444,2.701166,
cinema_screens,share_of_national,as_printed,2011,24,True,post,0.041667,,1.755726,2.408884,
cinema_screens,share_of_national,as_printed,2012,24,True,post,0.041667,,1.811871,2.497933,
cinema_screens,share_of_national,as_printed,2013,24,True,post,0.041667,,1.856827,2.617016,
cinema_screens,share_of_national,as_printed,2014,24,True,post,0.041667,,1.954525,2.824817,
cinema_screens,share_of_national,as_printed,2015,24,True,post,0.041667,,2.090811,2.989269,
cinema_screens,share_of_national,as_printed,2016,24,True,post,0.041667,,1.908934,2.707504,
cinema_screens,share_of_national,as_printed,2017,24,True,post,0.041667,,1.911363,2.707504,
cinema_screens,share_of_national,as_printed,2018,24,True,post,0.041667,,1.637028,2.295315,
cinema_screens,share_of_national,as_printed,2019,24,True,post,0.041667,,1.55431,2.150083,
cinema_screens,share_of_national,as_printed,2020,20,False,post,0.05,,,,
cinema_screens,share_of_national,as_printed,2021,24,True,post,0.041667,,1.338632,1.870829,
cinema_screens,share_of_national,as_printed,2022,24,True,post,0.041667,,1.307438,1.815886,
cinema_screens,share_of_national,constant,2002,23,True,pre,0.043478,,,1.412951,
cinema_screens,share_of_national,constant,2003,23,True,pre,0.043478,,,1.412951,
cinema_screens,share_of_national,constant,2004,23,True,pre,0.043478,,,1.889783,
cinema_screens,share_of_national,constant,2005,23,True,pre,0.043478,,1.60096,1.950499,
cinema_screens,share_of_national,constant,2006,23,True,pre,0.043478,,1.398692,1.779274,
cinema_screens,share_of_national,constant,2007,23,True,pre,0.043478,,1.396124,1.779274,
cinema_screens,share_of_national,constant,2008,23,True,pre,0.043478,,1.97769,2.636402,
cinema_screens,share_of_national,constant,2009,23,True,pre,0.043478,,2.085774,2.893159,
cinema_screens,share_of_national,constant,2010,23,True,pre,0.043478,,1.901307,2.636402,
cinema_screens,share_of_national,constant,2011,23,True,post,0.043478,,1.712457,2.349314,
cinema_screens,share_of_national,constant,2012,23,True,post,0.043478,,1.769849,2.436805,
cinema_screens,share_of_national,constant,2013,23,True,post,0.043478,,1.816444,2.55377,
cinema_screens,share_of_national,constant,2014,23,True,post,0.043478,,1.910462,2.757797,
cinema_screens,share_of_national,constant,2015,23,True,post,0.043478,,2.047863,2.919202,
cinema_screens,share_of_national,constant,2016,23,True,post,0.043478,,1.865713,2.642626,
cinema_screens,share_of_national,constant,2017,23,True,post,0.043478,,1.867618,2.642626,
cinema_screens,share_of_national,constant,2018,23,True,post,0.043478,,1.501864,2.237696,
cinema_screens,share_of_national,constant,2019,23,True,post,0.043478,,1.429968,2.094892,
cinema_screens,share_of_national,constant,2020,19,False,post,0.052632,,,,
cinema_screens,share_of_national,constant,2021,23,True,post,0.043478,,1.241913,1.820027,
cinema_screens,share_of_national,constant,2022,23,True,post,0.043478,,1.214253,1.765894,
fixed_line_subscribers,per_head,as_printed,2005,24,True,pre,112.724212,0.099922,0.438227,0.436319,4.172545
fixed_line_subscribers,per_head,as_printed,2006,24,True,pre,113.159498,0.098807,0.435539,0.435328,4.186241
fixed_line_subscribers,per_head,as_printed,2007,24,True,pre,111.990227,0.10467,0.448694,0.450577,4.508553
fixed_line_subscribers,per_head,as_printed,2008,24,True,pre,107.294173,0.111819,0.465181,0.46399,4.485334
fixed_line_subscribers,per_head,as_printed,2009,24,True,pre,108.766952,0.119958,0.488123,0.483524,4.825692
fixed_line_subscribers,per_head,as_printed,2010,24,True,pre,106.899389,0.123409,0.489331,0.49004,5.25983
fixed_line_subscribers,per_head,as_printed,2011,24,True,post,96.989742,0.117215,0.469333,0.477864,5.184677
fixed_line_subscribers,per_head,as_printed,2012,24,True,post,84.654973,0.118539,0.47428,0.481644,5.209106
fixed_line_subscribers,per_head,as_printed,2013,24,True,post,76.723146,0.120271,0.481729,0.487625,5.192543
fixed_line_subscribers,per_head,as_printed,2014,24,True,post,68.491051,0.135973,0.515082,0.526286,5.783481
fixed_line_subscribers,per_head,as_printed,2015,24,True,post,65.255069,0.135342,0.511104,0.531509,5.917469
fixed_line_subscribers,per_head,as_printed,2016,24,True,post,63.619585,0.139543,0.523827,0.541112,5.872071
fixed_line_subscribers,per_head,as_printed,2017,24,True,post,67.642905,0.120681,0.483914,0.497346,5.232192
fixed_line_subscribers,per_head,as_printed,2018,24,True,post,76.360154,0.088702,0.403734,0.417528,4.363154
fixed_line_subscribers,per_head,as_printed,2019,24,True,post,82.376794,0.092206,0.414646,0.423494,4.408656
fixed_line_subscribers,per_head,as_printed,2020,24,True,post,90.889289,0.080238,0.385887,0.390422,4.040517
fixed_line_subscribers,per_head,as_printed,2021,24,True,post,96.786581,0.077586,0.376047,0.382433,4.114351
fixed_line_subscribers,per_head,as_printed,2022,24,True,post,103.221211,0.073986,0.365185,0.373604,4.052967
fixed_line_subscribers,per_head,as_printed,2023,24,True,post,104.264488,0.069488,0.352982,0.364317,3.8471
fixed_line_subscribers,per_head,constant,2005,23,True,pre,109.800874,0.099474,0.436737,0.436407,4.071359
fixed_line_subscribers,per_head,constant,2006,23,True,pre,110.390439,0.097682,0.431801,0.433668,4.029858
fixed_line_subscribers,per_head,constant,2007,23,True,pre,109.293311,0.102312,0.441066,0.445177,4.274015
fixed_line_subscribers,per_head,constant,2008,23,True,pre,104.689485,0.11014,0.459981,0.462906,4.291238
fixed_line_subscribers,per_head,constant,2009,23,True,pre,105.906227,0.117384,0.480295,0.478471,4.576031
fixed_line_subscribers,per_head,constant,2010,23,True,pre,104.112692,0.12087,0.481648,0.486163,4.998922
fixed_line_subscribers,per_head,constant,2011,23,True,post,94.559246,0.116178,0.466165,0.480277,5.017273
fixed_line_subscribers,per_head,constant,2012,23,True,post,82.697586,0.116417,0.467999,0.481524,4.977806
fixed_line_subscribers,per_head,constant,2013,23,True,post,75.087451,0.116718,0.47151,0.483767,4.904859
fixed_line_subscribers,per_head,constant,2014,23,True,post,66.95297,0.131085,0.501741,0.520032,5.422793
fixed_line_subscribers,per_head,constant,2015,23,True,post,63.769171,0.129947,0.496198,0.523637,5.531678
fixed_line_subscribers,per_head,constant,2016,23,True,post,62.249159,0.134183,0.509769,0.535366,5.503538
fixed_line_subscribers,per_head,constant,2017,23,True,post,66.103992,0.116956,0.47308,0.49295,4.946963
fixed_line_subscribers,per_head,constant,2018,23,True,post,74.832196,0.087794,0.400696,0.41993,4.236322
fixed_line_subscribers,per_head,constant,2019,23,True,post,80.706093,0.0908,0.410037,0.424131,4.252917
fixed_line_subscribers,per_head,constant,2020,23,True,post,88.936043,0.079586,0.383539,0.390327,3.939864
fixed_line_subscribers,per_head,constant,2021,23,True,post,94.647868,0.07737,0.375247,0.382905,4.054282
fixed_line_subscribers,per_head,constant,2022,23,True,post,100.9914,0.073937,0.365001,0.374557,4.024654
fixed_line_subscribers,per_head,constant,2023,23,True,post,102.118204,0.069487,0.352976,0.365752,3.842624
fixed_line_subscribers,share_of_national,as_printed,2003,24,True,pre,0.041667,,,0.985212,14.91062
fixed_line_subscribers,share_of_national,as_printed,2004,24,True,pre,0.041667,,,0.938553,13.05627
fixed_line_subscribers,share_of_national,as_printed,2005,24,True,pre,0.041667,0.300226,0.818923,0.923028,12.33881
fixed_line_subscribers,share_of_national,as_printed,2006,24,True,pre,0.041667,0.291276,0.800574,0.908,11.762515
fixed_line_subscribers,share_of_national,as_printed,2007,24,True,pre,0.041667,0.297307,0.806601,0.922205,12.188786
fixed_line_subscribers,share_of_national,as_printed,2008,24,True,pre,0.041667,0.311999,0.831737,0.951,12.795079
fixed_line_subscribers,share_of_national,as_printed,2009,24,True,pre,0.041667,0.323497,0.856307,0.978123,13.241416
fixed_line_subscribers,share_of_national,as_printed,2010,24,True,pre,0.041667,0.328594,0.856208,0.988505,14.374653
fixed_line_subscribers,share_of_national,as_printed,2011,24,True,post,0.041667,0.316275,0.827524,0.96689,15.006063
fixed_line_subscribers,share_of_national,as_printed,2012,24,True,post,0.041667,0.322672,0.835941,0.984745,16.116044
fixed_line_subscribers,share_of_national,as_printed,2013,24,True,post,0.041667,0.326647,0.84561,0.997759,16.932455
fixed_line_subscribers,share_of_national,as_printed,2014,24,True,post,0.041667,0.345574,0.871397,1.038786,19.365361
fixed_line_subscribers,share_of_national,as_printed,2015,24,True,post,0.041667,0.337763,0.849825,1.029392,19.664913
fixed_line_subscribers,share_of_national,as_printed,2016,24,True,post,0.041667,0.347544,0.868566,1.054407,19.452499
fixed_line_subscribers,share_of_national,as_printed,2017,24,True,post,0.041667,0.317768,0.821445,0.999372,16.963427
fixed_line_subscribers,share_of_national,as_printed,2018,24,True,post,0.041667,0.26496,0.732101,0.89336,13.435821
fixed_line_subscribers,share_of_national,as_printed,2019,24,True,post,0.041667,0.270628,0.740927,0.908787,12.831867
fixed_line_subscribers,share_of_national,as_printed,2020,24,True,post,0.041667,0.24789,0.705128,0.863125,11.153655
fixed_line_subscribers,share_of_national,as_printed,2021,24,True,post,0.041667,0.239196,0.687337,0.843878,10.813297
fixed_line_subscribers,share_of_national,as_printed,2022,24,True,post,0.041667,0.231284,0.671127,0.828358,10.707033
fixed_line_subscribers,share_of_national,as_printed,2023,24,True,post,0.041667,0.222976,0.654756,0.813659,10.746573
fixed_line_subscribers,share_of_national,constant,2003,23,True,pre,0.043478,,,1.01351,16.432007
fixed_line_subscribers,share_of_national,constant,2004,23,True,pre,0.043478,,,0.973114,14.604743
fixed_line_subscribers,share_of_national,constant,2005,23,True,pre,0.043478,0.300405,0.795932,0.957669,13.784174
fixed_line_subscribers,share_of_national,constant,2006,23,True,pre,0.043478,0.29235,0.780156,0.943118,13.077486
fixed_line_subscribers,share_of_national,constant,2007,23,True,pre,0.043478,0.298022,0.785941,0.956345,13.502068
fixed_line_subscribers,share_of_national,constant,2008,23,True,pre,0.043478,0.311843,0.80805,0.984657,14.195973
fixed_line_subscribers,share_of_national,constant,2009,23,True,pre,0.043478,0.324391,0.832608,1.01393,14.643912
fixed_line_subscribers,share_of_national,constant,2010,23,True,pre,0.043478,0.3297,0.83341,1.025358,15.862441
fixed_line_subscribers,share_of_national,constant,2011,23,True,post,0.043478,0.317831,0.80662,1.004883,16.700296
fixed_line_subscribers,share_of_national,constant,2012,23,True,post,0.043478,0.321795,0.811824,1.017642,17.728404
fixed_line_subscribers,share_of_national,constant,2013,23,True,post,0.043478,0.324233,0.81928,1.026859,18.458738
fixed_line_subscribers,share_of_national,constant,2014,23,True,post,0.043478,0.342289,0.84324,1.066926,20.99019
fixed_line_subscribers,share_of_national,constant,2015,23,True,post,0.043478,0.335861,0.825407,1.059403,21.323062
fixed_line_subscribers,share_of_national,constant,2016,23,True,post,0.043478,0.343236,0.839514,1.080421,21.038945
fixed_line_subscribers,share_of_national,constant,2017,23,True,post,0.043478,0.320261,0.803763,1.036602,18.570282
fixed_line_subscribers,share_of_national,constant,2018,23,True,post,0.043478,0.273113,0.72729,0.939598,15.038453
fixed_line_subscribers,share_of_national,constant,2019,23,True,post,0.043478,0.278993,0.736308,0.955057,14.313147
fixed_line_subscribers,share_of_national,constant,2020,23,True,post,0.043478,0.262668,0.713611,0.920539,12.631837
fixed_line_subscribers,share_of_national,constant,2021,23,True,post,0.043478,0.256076,0.700834,0.905446,12.338066
fixed_line_subscribers,share_of_national,constant,2022,23,True,post,0.043478,0.248252,0.685925,0.890054,12.048893
fixed_line_subscribers,share_of_national,constant,2023,23,True,post,0.043478,0.239243,0.669376,0.873796,11.92394
grass_pitches,per_head,as_printed,2007,24,True,pre,0.015279,0.129106,0.504008,0.496467,6.38382
grass_pitches,per_head,as_printed,2008,24,True,pre,0.015502,0.129496,0.505056,0.495827,6.657078
grass_pitches,per_head,as_printed,2009,23,False,pre,0.01602,,,,
grass_pitches,per_head,as_printed,2010,23,False,pre,0.016463,,,,
grass_pitches,per_head,as_printed,2011,24,True,post,0.017329,0.102542,0.436675,0.445775,6.001726
grass_pitches,per_head,as_printed,2012,24,True,post,0.017575,0.101477,0.432894,0.438895,6.131927
grass_pitches,per_head,as_printed,2013,24,True,post,0.01795,0.085022,0.401567,0.390622,4.48192
grass_pitches,per_head,as_printed,2014,24,True,post,0.018723,0.08567,0.396735,0.383226,4.489154
grass_pitches,per_head,as_printed,2015,24,True,post,0.02069,0.06766,0.349382,0.348265,3.796844
grass_pitches,per_head,as_printed,2016,23,False,post,0.023169,,,,
grass_pitches,per_head,as_printed,2017,23,False,post,0.024953,,,,
grass_pitches,per_head,as_printed,2018,22,False,post,0.026847,,,,
grass_pitches,per_head,as_printed,2019,17,False,post,0.028223,,,,
grass_pitches,per_head,as_printed,2020,18,False,post,0.029457,,,,
grass_pitches,per_head,as_printed,2021,20,False,post,0.033638,,,,
grass_pitches,per_head,as_printed,2022,20,False,post,0.035092,,,,
grass_pitches,per_head,as_printed,2023,24,True,post,0.035188,0.066503,0.363601,0.407711,4.026679
grass_pitches,per_head,constant,2007,23,True,pre,0.015791,0.128728,0.503844,0.463991,4.97978
grass_pitches,per_head,constant,2008,23,True,pre,0.016028,0.129154,0.504915,0.462589,5.167191
grass_pitches,per_head,constant,2009,22,False,pre,0.016596,,,,
grass_pitches,per_head,constant,2010,22,False,pre,0.017027,,,,
grass_pitches,per_head,constant,2011,23,True,post,0.017911,0.101374,0.436049,0.410066,4.425166
grass_pitches,per_head,constant,2012,23,True,post,0.018172,0.100389,0.432326,0.401958,4.490777
grass_pitches,per_head,constant,2013,23,True,post,0.018498,0.085022,0.401567,0.358904,3.433539
grass_pitches,per_head,constant,2014,23,True,post,0.019311,0.08567,0.396734,0.349128,3.426509
grass_pitches,per_head,constant,2015,23,True,post,0.021165,0.063922,0.345025,0.325654,3.380967
grass_pitches,per_head,constant,2016,22,False,post,0.023785,,,,
grass_pitches,per_head,constant,2017,22,False,post,0.02552,,,,
grass_pitches,per_head,constant,2018,21,False,post,0.027471,,,,
grass_pitches,per_head,constant,2019,17,False,post,0.028223,,,,
grass_pitches,per_head,constant,2020,18,False,post,0.029457,,,,
grass_pitches,per_head,constant,2021,20,False,post,0.033638,,,,
grass_pitches,per_head,constant,2022,20,False,post,0.035092,,,,
grass_pitches,per_head,constant,2023,23,True,post,0.035921,0.062802,0.358455,0.392111,3.642774
grass_pitches,share_of_national,as_printed,2007,24,True,pre,0.041667,0.279539,0.784217,0.886405,15.5
grass_pitches,share_of_national,as_printed,2008,24,True,pre,0.041667,0.291531,0.804167,0.910806,16.25
grass_pitches,share_of_national,as_printed,2009,23,False,pre,0.043478,,,,
grass_pitches,share_of_national,as_printed,2010,23,False,pre,0.043478,,,,
grass_pitches,share_of_national,as_printed,2011,24,True,post,0.041667,0.243023,0.723935,0.810093,16.25
grass_pitches,share_of_national,as_printed,2012,24,True,post,0.041667,0.23874,0.714252,0.802692,16.5
grass_pitches,share_of_national,as_printed,2013,24,True,post,0.041667,0.225012,0.697589,0.778203,11.0
grass_pitches,share_of_national,as_printed,2014,24,True,post,0.041667,0.220047,0.67785,0.766119,9.714286
grass_pitches,share_of_national,as_printed,2015,24,True,post,0.041667,0.194771,0.6335,0.712789,9.0
grass_pitches,share_of_national,as_printed,2016,23,False,post,0.043478,,,,
grass_pitches,share_of_national,as_printed,2017,23,False,post,0.043478,,,,
grass_pitches,share_of_national,as_printed,2018,22,False,post,0.045455,,,,
grass_pitches,share_of_national,as_printed,2019,17,False,post,0.058824,,,,
grass_pitches,share_of_national,as_printed,2020,18,False,post,0.055556,,,,
grass_pitches,share_of_national,as_printed,2021,20,False,post,0.05,,,,
grass_pitches,share_of_national,as_printed,2022,20,False,post,0.05,,,,
grass_pitches,share_of_national,as_printed,2023,24,True,post,0.041667,0.133568,0.537299,0.562978,5.722222
grass_pitches,share_of_national,constant,2007,23,True,pre,0.043478,0.258302,0.763,0.845322,12.4
grass_pitches,share_of_national,constant,2008,23,True,pre,0.043478,0.270402,0.783638,0.869698,13.0
grass_pitches,share_of_national,constant,2009,22,False,pre,0.045455,,,,
grass_pitches,share_of_national,constant,2010,22,False,pre,0.045455,,,,
grass_pitches,share_of_national,constant,2011,23,True,post,0.043478,0.219943,0.699178,0.768754,10.833333
grass_pitches,share_of_national,constant,2012,23,True,post,0.043478,0.215732,0.689614,0.761179,11.0
grass_pitches,share_of_national,constant,2013,23,True,post,0.043478,0.200479,0.667025,0.738647,9.428571
grass_pitches,share_of_national,constant,2014,23,True,post,0.043478,0.195609,0.647746,0.725999,8.5
grass_pitches,share_of_national,constant,2015,23,True,post,0.043478,0.165563,0.589809,0.676877,8.0
grass_pitches,share_of_national,constant,2016,22,False,post,0.045455,,,,
grass_pitches,share_of_national,constant,2017,22,False,post,0.045455,,,,
grass_pitches,share_of_national,constant,2018,21,False,post,0.047619,,,,
grass_pitches,share_of_national,constant,2019,17,False,post,0.058824,,,,
grass_pitches,share_of_national,constant,2020,18,False,post,0.055556,,,,
grass_pitches,share_of_national,constant,2021,20,False,post,0.05,,,,
grass_pitches,share_of_national,constant,2022,20,False,post,0.05,,,,
grass_pitches,share_of_national,constant,2023,23,True,post,0.043478,0.108334,0.485958,0.533598,5.15
job_offers,per_head,as_printed,2005,24,True,pre,13.028059,0.119089,0.502289,0.537839,5.442229
job_offers,per_head,as_printed,2006,24,True,pre,12.657777,0.131042,0.514186,0.555521,5.560231
job_offers,per_head,as_printed,2007,24,True,pre,12.972338,0.129669,0.512744,0.564997,5.258163
job_offers,per_head,as_printed,2008,24,True,pre,13.418585,0.118625,0.492346,0.52058,4.984708
job_offers,per_head,as_printed,2009,24,True,pre,14.498548,0.097092,0.43392,0.493244,5.237617
job_offers,per_head,as_printed,2010,24,True,pre,16.08551,0.080968,0.392176,0.433028,4.953915
job_offers,per_head,as_printed,2011,24,True,post,9.399233,0.153346,0.538302,0.610464,10.354296
job_offers,per_head,as_printed,2012,24,True,post,9.434652,0.144103,0.522355,0.553245,7.626364
job_offers,per_head,as_printed,2013,24,True,post,8.443319,0.095587,0.443201,0.514361,4.909652
job_offers,per_head,as_printed,2014,24,True,post,8.928932,0.093072,0.437679,0.494876,4.452639
job_offers,per_head,as_printed,2015,24,True,post,7.040031,0.125666,0.515757,0.631877,7.075544
job_offers,per_head,as_printed,2016,24,True,post,7.181441,0.136125,0.530155,0.653645,7.885225
job_offers,per_head,as_printed,2017,24,True,post,7.387135,0.136357,0.5199,0.619512,6.747097
job_offers,per_head,as_printed,2018,24,True,post,8.501178,0.1642,0.597897,0.648202,7.775722
job_offers,per_head,as_printed,2019,24,True,post,7.2494,0.175512,0.604225,0.665889,7.855914
job_offers,per_head,as_printed,2020,24,True,post,2.244067,0.349006,0.887048,1.071448,42.29055
job_offers,per_head,as_printed,2021,24,True,post,1.869834,0.332704,0.81707,1.005218,26.259124
job_offers,per_head,as_printed,2022,24,True,post,3.262192,0.33399,0.883067,1.034859,23.832406
job_offers,per_head,as_printed,2023,24,True,post,3.329738,0.288429,0.792813,0.963891,17.756575
job_offers,per_head,constant,2005,23,True,pre,13.218965,0.119083,0.502282,0.536821,5.442229
job_offers,per_head,constant,2006,23,True,pre,12.851195,0.130986,0.514121,0.553969,5.560231
job_offers,per_head,constant,2007,23,True,pre,13.166566,0.129552,0.512602,0.563867,5.258163
job_offers,per_head,constant,2008,23,True,pre,13.610871,0.118614,0.492331,0.519659,4.984708
job_offers,per_head,constant,2009,23,True,pre,14.616964,0.096208,0.432308,0.496539,5.237617
job_offers,per_head,constant,2010,23,True,pre,16.195378,0.079874,0.389817,0.43573,4.953915
job_offers,per_head,constant,2011,23,True,post,9.466377,0.151698,0.535619,0.615806,10.354296
job_offers,per_head,constant,2012,23,True,post,9.473875,0.143301,0.520976,0.561019,7.626364
job_offers,per_head,constant,2013,23,True,post,8.542467,0.094785,0.44185,0.515015,4.909652
job_offers,per_head,constant,2014,23,True,post,9.062033,0.091521,0.435262,0.490701,4.452639
job_offers,per_head,constant,2015,23,True,post,7.138691,0.125618,0.515694,0.632886,7.075544
job_offers,per_head,constant,2016,23,True,post,7.260915,0.135762,0.529629,0.657811,7.885225
job_offers,per_head,constant,2017,23,True,post,7.498422,0.136203,0.519707,0.619032,6.747097
job_offers,per_head,constant,2018,23,True,post,8.645038,0.163896,0.597585,0.64572,7.775722
job_offers,per_head,constant,2019,23,True,post,7.379969,0.173932,0.602651,0.661116,7.855914
job_offers,per_head,constant,2020,23,True,post,2.2862,0.348865,0.886963,1.070446,42.29055
job_offers,per_head,constant,2021,23,True,post,1.885499,0.332677,0.817047,1.01747,26.259124
job_offers,per_head,constant,2022,23,True,post,3.341291,0.332195,0.882174,1.024741,23.832406
job_offers,per_head,constant,2023,23,True,post,3.39578,0.286828,0.791743,0.959799,17.756575
job_offers,share_of_national,as_printed,1995,23,False,pre,0.043478,,,,
job_offers,share_of_national,as_printed,1996,23,False,pre,0.043478,,,,
job_offers,share_of_national,as_printed,1997,23,False,pre,0.043478,,,,
job_offers,share_of_national,as_printed,1998,23,False,pre,0.043478,,,,
job_offers,share_of_national,as_printed,1999,23,False,pre,0.043478,,,,
job_offers,share_of_national,as_printed,2000,23,False,pre,0.043478,,,,
job_offers,share_of_national,as_printed,2001,24,True,pre,0.041667,,,0.852851,25.922961
job_offers,share_of_national,as_printed,2002,24,True,pre,0.041667,,,0.830615,10.959197
job_offers,share_of_national,as_printed,2003,24,True,pre,0.041667,,,0.785772,10.651163
job_offers,share_of_national,as_printed,2004,24,True,pre,0.041667,,,0.791072,10.443957
job_offers,share_of_national,as_printed,2005,24,True,pre,0.041667,0.244295,0.686296,0.847858,12.205108
job_offers,share_of_national,as_printed,2006,24,True,pre,0.041667,0.263351,0.707033,0.871806,12.339039
job_offers,share_of_national,as_printed,2007,24,True,pre,0.041667,0.264015,0.710964,0.872308,12.750886
job_offers,share_of_national,as_printed,2008,24,True,pre,0.041667,0.250617,0.696325,0.848598,11.598754
job_offers,share_of_national,as_printed,2009,24,True,pre,0.041667,0.239023,0.683898,0.816499,11.712641
job_offers,share_of_national,as_printed,2010,24,True,pre,0.041667,0.194517,0.604084,0.734282,10.667959
job_offers,share_of_national,as_printed,2011,24,True,post,0.041667,0.264915,0.711488,0.824205,16.929029
job_offers,share_of_national,as_printed,2012,24,True,post,0.041667,0.257502,0.698407,0.840713,15.864865
job_offers,share_of_national,as_printed,2013,24,True,post,0.041667,0.210291,0.638764,0.769317,11.260504
job_offers,share_of_national,as_printed,2014,24,True,post,0.041667,0.20234,0.619826,0.763352,9.584191
job_offers,share_of_national,as_printed,2015,24,True,post,0.041667,0.247576,0.694794,0.828307,12.181737
job_offers,share_of_national,as_printed,2016,24,True,post,0.041667,0.248774,0.68599,0.825893,12.423378
job_offers,share_of_national,as_printed,2017,24,True,post,0.041667,0.253056,0.693922,0.841339,15.793633
job_offers,share_of_national,as_printed,2018,24,True,post,0.041667,0.277377,0.734513,0.910218,11.788418
job_offers,share_of_national,as_printed,2019,24,True,post,0.041667,0.292193,0.751197,0.931607,12.796191
job_offers,share_of_national,as_printed,2020,24,True,post,0.041667,0.427422,0.944864,1.164395,91.007246
job_offers,share_of_national,as_printed,2021,24,True,post,0.041667,0.445905,0.91816,1.189968,51.448113
job_offers,share_of_national,as_printed,2022,24,True,post,0.041667,0.400568,0.897007,1.153397,47.5
job_offers,share_of_national,as_printed,2023,24,True,post,0.041667,0.377219,0.847789,1.099127,39.603896
job_offers,share_of_national,constant,1995,23,True,pre,0.043478,,,0.789734,9.301061
job_offers,share_of_national,constant,1996,23,True,pre,0.043478,,,0.794414,9.8728
job_offers,share_of_national,constant,1997,23,True,pre,0.043478,,,0.828449,14.009439
job_offers,share_of_national,constant,1998,23,True,pre,0.043478,,,0.758911,11.20054
job_offers,share_of_national,constant,1999,23,True,pre,0.043478,,,0.817559,11.564976
job_offers,share_of_national,constant,2000,23,True,pre,0.043478,,,0.741252,13.225879
job_offers,share_of_national,constant,2001,23,True,pre,0.043478,,,0.81107,16.580676
job_offers,share_of_national,constant,2002,23,True,pre,0.043478,,,0.797698,10.959197
job_offers,share_of_national,constant,2003,23,True,pre,0.043478,,,0.756783,10.651163
job_offers,share_of_national,constant,2004,23,True,pre,0.043478,,,0.764144,10.443957
job_offers,share_of_national,constant,2005,23,True,pre,0.043478,0.221269,0.647072,0.820349,12.205108
job_offers,share_of_national,constant,2006,23,True,pre,0.043478,0.239198,0.667467,0.843533,12.339039
job_offers,share_of_national,constant,2007,23,True,pre,0.043478,0.240046,0.670709,0.845404,12.750886
job_offers,share_of_national,constant,2008,23,True,pre,0.043478,0.227291,0.655372,0.823169,11.598754
job_offers,share_of_national,constant,2009,23,True,pre,0.043478,0.219541,0.643772,0.801177,11.712641
job_offers,share_of_national,constant,2010,23,True,pre,0.043478,0.180061,0.569436,0.726058,10.667959
job_offers,share_of_national,constant,2011,23,True,post,0.043478,0.248166,0.673568,0.815904,16.929029
job_offers,share_of_national,constant,2012,23,True,post,0.043478,0.242401,0.661977,0.835264,15.864865
job_offers,share_of_national,constant,2013,23,True,post,0.043478,0.191873,0.599012,0.754385,11.260504
job_offers,share_of_national,constant,2014,23,True,post,0.043478,0.181876,0.578692,0.743563,9.584191
job_offers,share_of_national,constant,2015,23,True,post,0.043478,0.225442,0.651264,0.809532,12.181737
job_offers,share_of_national,constant,2016,23,True,post,0.043478,0.229708,0.644799,0.813774,12.423378
job_offers,share_of_national,constant,2017,23,True,post,0.043478,0.229801,0.649623,0.821081,15.793633
job_offers,share_of_national,constant,2018,23,True,post,0.043478,0.251869,0.689019,0.886352,11.788418
job_offers,share_of_national,constant,2019,23,True,post,0.043478,0.265078,0.705267,0.906046,12.796191
job_offers,share_of_national,constant,2020,23,True,post,0.043478,0.39448,0.896324,1.133061,91.007246
job_offers,share_of_national,constant,2021,23,True,post,0.043478,0.413899,0.866233,1.166847,51.448113
job_offers,share_of_national,constant,2022,23,True,post,0.043478,0.367537,0.853766,1.117786,47.5
job_offers,share_of_national,constant,2023,23,True,post,0.043478,0.345251,0.801506,1.067853,39.603896
job_placements,per_head,as_printed,2005,24,True,pre,10.991302,0.131552,0.520792,0.550644,5.248592
job_placements,per_head,as_printed,2006,24,True,pre,11.337007,0.123805,0.501432,0.536449,4.915193
job_placements,per_head,as_printed,2007,24,True,pre,11.454441,0.131275,0.515782,0.560098,4.912855
job_placements,per_head,as_printed,2008,24,True,pre,12.248933,0.104549,0.456469,0.494143,4.818977
job_placements,per_head,as_printed,2009,24,True,pre,11.741244,0.093071,0.426204,0.474623,4.450343
job_placements,per_head,as_printed,2010,24,True,pre,11.115333,0.085412,0.412314,0.439957,4.388289
job_placements,per_head,as_printed,2011,24,True,post,4.121772,0.157071,0.54034,0.665738,11.400483
job_placements,per_head,as_printed,2012,24,True,post,4.635238,0.130085,0.483981,0.540088,7.80663
job_placements,per_head,as_printed,2013,24,True,post,4.94287,0.097901,0.434003,0.511643,4.733748
job_placements,per_head,as_printed,2014,24,True,post,5.09482,0.10376,0.450394,0.49298,4.14043
job_placements,per_head,as_printed,2015,24,True,post,4.717367,0.12324,0.486614,0.545922,5.757166
job_placements,per_head,as_printed,2016,24,True,post,4.044539,0.162926,0.556148,0.649012,9.600037
job_placements,per_head,as_printed,2017,24,True,post,4.079905,0.146755,0.534326,0.650015,8.487203
job_placements,per_head,as_printed,2018,24,True,post,4.710985,0.141442,0.522164,0.601097,7.760917
job_placements,per_head,as_printed,2019,24,True,post,4.412657,0.162236,0.564054,0.658697,8.299892
job_placements,per_head,as_printed,2020,24,True,post,3.19823,0.143313,0.543481,0.641019,7.303017
job_placements,per_head,as_printed,2021,24,True,post,2.927792,0.155316,0.583668,0.707123,7.058459
job_placements,per_head,as_printed,2022,24,True,post,3.748706,0.150344,0.572606,0.684232,6.846008
job_placements,per_head,as_printed,2023,24,True,post,4.338855,0.128718,0.535111,0.671237,6.596238
job_placements,per_head,constant,2005,23,True,pre,11.163388,0.1307,0.519856,0.54752,5.248592
job_placements,per_head,constant,2006,23,True,pre,11.510679,0.123556,0.501138,0.53429,4.915193
job_placements,per_head,constant,2007,23,True,pre,11.622525,0.131265,0.51577,0.559388,4.912855
job_placements,per_head,constant,2008,23,True,pre,12.413019,0.104358,0.456192,0.493567,4.818977
job_placements,per_head,constant,2009,23,True,pre,11.835018,0.092087,0.42439,0.477465,4.450343
job_placements,per_head,constant,2010,23,True,pre,11.209763,0.085363,0.412221,0.44362,4.388289
job_placements,per_head,constant,2011,23,True,post,4.15116,0.157071,0.54034,0.674351,11.400483
job_placements,per_head,constant,2012,23,True,post,4.648461,0.128955,0.481862,0.547772,7.80663
job_placements,per_head,constant,2013,23,True,post,4.984853,0.09263,0.424088,0.506958,4.733748
job_placements,per_head,constant,2014,23,True,post,5.136069,0.098074,0.44005,0.486968,4.14043
job_placements,per_head,constant,2015,23,True,post,4.780957,0.121655,0.484344,0.544229,5.757166
job_placements,per_head,constant,2016,23,True,post,4.067489,0.159195,0.550304,0.653077,9.600037
job_placements,per_head,constant,2017,23,True,post,4.113917,0.145076,0.531797,0.655043,8.487203
job_placements,per_head,constant,2018,23,True,post,4.770251,0.139157,0.518902,0.600581,7.760917
job_placements,per_head,constant,2019,23,True,post,4.500247,0.157075,0.558499,0.648522,8.299892
job_placements,per_head,constant,2020,23,True,post,3.242706,0.142075,0.541903,0.641,7.303017
job_placements,per_head,constant,2021,23,True,post,2.946455,0.155033,0.583264,0.716748,7.058459
job_placements,per_head,constant,2022,23,True,post,3.795944,0.149491,0.571527,0.686687,6.846008
job_placements,per_head,constant,2023,23,True,post,4.394496,0.127318,0.533122,0.672757,6.596238
job_placements,share_of_national,as_printed,1995,23,False,pre,0.043478,,,,
job_placements,share_of_national,as_printed,1996,23,False,pre,0.043478,,,,
job_placements,share_of_national,as_printed,1997,23,False,pre,0.043478,,,,
job_placements,share_of_national,as_printed,1998,23,False,pre,0.043478,,,,
job_placements,share_of_national,as_printed,1999,23,False,pre,0.043478,,,,
job_placements,share_of_national,as_printed,2000,23,False,pre,0.043478,,,,
job_placements,share_of_national,as_printed,2001,24,True,pre,0.041667,,,0.845333,17.402207
job_placements,share_of_national,as_printed,2002,24,True,pre,0.041667,,,0.840131,11.919632
job_placements,share_of_national,as_printed,2003,24,True,pre,0.041667,,,0.814117,10.802597
job_placements,share_of_national,as_printed,2004,24,True,pre,0.041667,,,0.812138,11.412721
job_placements,share_of_national,as_printed,2005,24,True,pre,0.041667,0.259899,0.707201,0.870092,12.163726
job_placements,share_of_national,as_printed,2006,24,True,pre,0.041667,0.25701,0.703571,0.862358,12.419276
job_placements,share_of_national,as_printed,2007,24,True,pre,0.041667,0.263075,0.714735,0.870531,12.430928
job_placements,share_of_national,as_printed,2008,24,True,pre,0.041667,0.239305,0.680557,0.824964,11.390373
job_placements,share_of_national,as_printed,2009,24,True,pre,0.041667,0.233955,0.669304,0.818129,11.700362
job_placements,share_of_national,as_printed,2010,24,True,pre,0.041667,0.211162,0.638251,0.776804,10.830821
job_placements,share_of_national,as_printed,2011,24,True,post,0.041667,0.277689,0.730507,0.857262,29.33935
job_placements,share_of_national,as_printed,2012,24,True,post,0.041667,0.272279,0.734209,0.859805,25.173052
job_placements,share_of_national,as_printed,2013,24,True,post,0.041667,0.237538,0.688679,0.823355,16.425405
job_placements,share_of_national,as_printed,2014,24,True,post,0.041667,0.257873,0.724044,0.869517,15.24484
job_placements,share_of_national,as_printed,2015,24,True,post,0.041667,0.262629,0.727156,0.858876,13.430748
job_placements,share_of_national,as_printed,2016,24,True,post,0.041667,0.295031,0.744968,0.920867,19.438116
job_placements,share_of_national,as_printed,2017,24,True,post,0.041667,0.2641,0.709035,0.86469,20.460337
job_placements,share_of_national,as_printed,2018,24,True,post,0.041667,0.274764,0.735515,0.875618,16.666948
job_placements,share_of_national,as_printed,2019,24,True,post,0.041667,0.272329,0.713454,0.86426,12.057082
job_placements,share_of_national,as_printed,2020,24,True,post,0.041667,0.291883,0.781008,0.914166,15.246154
job_placements,share_of_national,as_printed,2021,24,True,post,0.041667,0.303522,0.813748,0.950716,16.359199
job_placements,share_of_national,as_printed,2022,24,True,post,0.041667,0.280386,0.757677,0.901841,13.038523
job_placements,share_of_national,as_printed,2023,24,True,post,0.041667,0.244783,0.698648,0.821714,9.398123
job_placements,share_of_national,constant,1995,23,True,pre,0.043478,,,0.829326,9.958962
job_placements,share_of_national,constant,1996,23,True,pre,0.043478,,,0.811418,8.523385
job_placements,share_of_national,constant,1997,23,True,pre,0.043478,,,0.903033,14.652746
job_placements,share_of_national,constant,1998,23,True,pre,0.043478,,,0.780711,10.539816
job_placements,share_of_national,constant,1999,23,True,pre,0.043478,,,0.835322,10.501283
job_placements,share_of_national,constant,2000,23,True,pre,0.043478,,,0.77451,13.292164
job_placements,share_of_national,constant,2001,23,True,pre,0.043478,,,0.812616,17.402207
job_placements,share_of_national,constant,2002,23,True,pre,0.043478,,,0.807729,11.919632
job_placements,share_of_national,constant,2003,23,True,pre,0.043478,,,0.784336,10.802597
job_placements,share_of_national,constant,2004,23,True,pre,0.043478,,,0.784477,11.412721
job_placements,share_of_national,constant,2005,23,True,pre,0.043478,0.235129,0.667853,0.840177,12.163726
job_placements,share_of_national,constant,2006,23,True,pre,0.043478,0.232827,0.663835,0.833902,12.419276
job_placements,share_of_national,constant,2007,23,True,pre,0.043478,0.239164,0.674144,0.84389,12.430928
job_placements,share_of_national,constant,2008,23,True,pre,0.043478,0.216921,0.639719,0.801328,11.390373
job_placements,share_of_national,constant,2009,23,True,pre,0.043478,0.214392,0.629389,0.802222,11.700362
job_placements,share_of_national,constant,2010,23,True,pre,0.043478,0.193321,0.59904,0.762904,10.830821
job_placements,share_of_national,constant,2011,23,True,post,0.043478,0.257345,0.688428,0.84358,29.33935
job_placements,share_of_national,constant,2012,23,True,post,0.043478,0.255859,0.695487,0.854183,25.173052
job_placements,share_of_national,constant,2013,23,True,post,0.043478,0.217322,0.647894,0.808059,16.425405
job_placements,share_of_national,constant,2014,23,True,post,0.043478,0.236416,0.681618,0.853665,15.24484
job_placements,share_of_national,constant,2015,23,True,post,0.043478,0.239442,0.683318,0.838889,13.430748
job_placements,share_of_national,constant,2016,23,True,post,0.043478,0.275066,0.703714,0.910609,19.438116
job_placements,share_of_national,constant,2017,23,True,post,0.043478,0.244855,0.667888,0.853567,20.460337
job_placements,share_of_national,constant,2018,23,True,post,0.043478,0.25239,0.691259,0.859628,16.666948
job_placements,share_of_national,constant,2019,23,True,post,0.043478,0.244428,0.66748,0.837511,12.057082
job_placements,share_of_national,constant,2020,23,True,post,0.043478,0.267126,0.734021,0.895114,15.246154
job_placements,share_of_national,constant,2021,23,True,post,0.043478,0.283473,0.76712,0.942263,16.359199
job_placements,share_of_national,constant,2022,23,True,post,0.043478,0.257768,0.711766,0.885954,13.038523
job_placements,share_of_national,constant,2023,23,True,post,0.043478,0.22576,0.656543,0.810321,9.398123
library_book_stock,per_head,as_printed,2005,24,True,pre,565.33496,0.054817,0.341283,0.383537,3.280824
library_book_stock,per_head,as_printed,2006,24,True,pre,600.413908,0.053019,0.337786,0.379389,3.134156
library_book_stock,per_head,as_printed,2007,24,True,pre,647.933513,0.044508,0.311765,0.359493,2.777433
library_book_stock,per_head,as_printed,2008,24,True,pre,661.018086,0.042301,0.301562,0.330927,2.595841
library_book_stock,per_head,as_printed,2009,24,True,pre,698.902837,0.046313,0.320161,0.370914,2.820728
library_book_stock,per_head,as_printed,2010,24,True,pre,748.079166,0.055331,0.350383,0.390946,3.132275
library_book_stock,per_head,as_printed,2011,24,True,post,778.718157,0.056953,0.356211,0.39752,3.18859
library_book_stock,per_head,as_printed,2012,24,True,post,808.924522,0.057554,0.359123,0.398827,3.171315
library_book_stock,per_head,as_printed,2013,24,True,post,789.061306,0.059254,0.360295,0.399272,3.289714
library_book_stock,per_head,as_printed,2014,24,True,post,787.631424,0.055837,0.348628,0.384881,3.251267
library_book_stock,per_head,as_printed,2015,24,True,post,788.688959,0.051468,0.337584,0.385213,3.178725
library_book_stock,per_head,as_printed,2016,24,True,post,798.712901,0.052245,0.341575,0.389516,3.087519
library_book_stock,per_head,as_printed,2017,24,True,post,787.39868,0.061497,0.374214,0.428655,3.403245
library_book_stock,per_head,as_printed,2018,24,True,post,808.842643,0.0621,0.376261,0.428997,3.394082
library_book_stock,per_head,as_printed,2019,24,True,post,827.89013,0.057767,0.361979,0.412388,3.220597
library_book_stock,per_head,as_printed,2020,24,True,post,829.353063,0.058423,0.364408,0.415208,3.243729
library_book_stock,per_head,as_printed,2021,24,True,post,858.075069,0.060339,0.37155,0.423717,3.312411
library_book_stock,per_head,as_printed,2022,24,True,post,878.731504,0.061748,0.376648,0.429597,3.363078
library_book_stock,per_head,as_printed,2023,24,True,post,803.932727,0.077274,0.424294,0.479405,4.106911
library_book_stock,per_head,constant,2005,23,True,pre,578.167513,0.054456,0.340727,0.366897,2.946504
library_book_stock,per_head,constant,2006,23,True,pre,612.16746,0.052297,0.336497,0.367304,2.919245
library_book_stock,per_head,constant,2007,23,True,pre,659.169999,0.044502,0.31175,0.351162,2.649885
library_book_stock,per_head,constant,2008,23,True,pre,672.134522,0.042216,0.301365,0.322277,2.538299
library_book_stock,per_head,constant,2009,23,True,pre,710.613633,0.046293,0.320118,0.363767,2.791496
library_book_stock,per_head,constant,2010,23,True,pre,761.629296,0.05533,0.350382,0.382443,3.049591
library_book_stock,per_head,constant,2011,23,True,post,792.93096,0.056946,0.356198,0.388995,3.117231
library_book_stock,per_head,constant,2012,23,True,post,822.783039,0.057499,0.359015,0.391881,3.131994
library_book_stock,per_head,constant,2013,23,True,post,804.057493,0.059074,0.359969,0.389475,3.21775
library_book_stock,per_head,constant,2014,23,True,post,801.6432,0.054558,0.346219,0.375144,3.066893
library_book_stock,per_head,constant,2015,23,True,post,802.695404,0.051203,0.337053,0.376736,3.09636
library_book_stock,per_head,constant,2016,23,True,post,812.989685,0.052059,0.341204,0.381099,3.02277
library_book_stock,per_head,constant,2017,23,True,post,801.812716,0.061053,0.373412,0.420435,3.291975
library_book_stock,per_head,constant,2018,23,True,post,823.552633,0.061717,0.375567,0.42102,3.291801
library_book_stock,per_head,constant,2019,23,True,post,841.959116,0.057602,0.361652,0.405865,3.193741
library_book_stock,per_head,constant,2020,23,True,post,843.519101,0.058247,0.36406,0.408625,3.21524
library_book_stock,per_head,constant,2021,23,True,post,872.639152,0.060127,0.371138,0.417453,3.28741
library_book_stock,per_head,constant,2022,23,True,post,893.599768,0.061508,0.376186,0.423516,3.339741
library_book_stock,per_head,constant,2023,23,True,post,817.606714,0.076132,0.422383,0.473497,3.876487
library_book_stock,share_of_national,as_printed,1995,23,False,pre,0.043478,,,,
library_book_stock,share_of_national,as_printed,1996,23,False,pre,0.043478,,,,
library_book_stock,share_of_national,as_printed,1997,23,False,pre,0.043478,,,,
library_book_stock,share_of_national,as_printed,1998,23,False,pre,0.043478,,,,
library_book_stock,share_of_national,as_printed,1999,23,False,pre,0.043478,,,,
library_book_stock,share_of_national,as_printed,2000,24,True,pre,0.041667,,,0.469522,4.152406
library_book_stock,share_of_national,as_printed,2001,24,True,pre,0.041667,,,0.460075,4.038125
library_book_stock,share_of_national,as_printed,2002,24,True,pre,0.041667,,,0.469429,3.918733
library_book_stock,share_of_national,as_printed,2003,24,True,pre,0.041667,,,0.453527,3.822163
library_book_stock,share_of_national,as_printed,2004,24,True,pre,0.041667,,,0.446617,3.757785
library_book_stock,share_of_national,as_printed,2005,24,True,pre,0.041667,0.084512,0.412461,0.44573,3.873516
library_book_stock,share_of_national,as_printed,2006,24,True,pre,0.041667,0.071693,0.382198,0.415104,3.629259
library_book_stock,share_of_national,as_printed,2007,24,True,pre,0.041667,0.063075,0.361041,0.392061,3.441514
library_book_stock,share_of_national,as_printed,2008,24,True,pre,0.041667,0.062537,0.358617,0.394817,3.58803
library_book_stock,share_of_national,as_printed,2009,24,True,pre,0.041667,0.05235,0.326446,0.356039,3.099235
library_book_stock,share_of_national,as_printed,2010,24,True,pre,0.041667,0.051254,0.326134,0.352438,3.071633
library_book_stock,share_of_national,as_printed,2011,24,True,post,0.041667,0.048656,0.317397,0.342516,2.97503
library_book_stock,share_of_national,as_printed,2012,24,True,post,0.041667,0.045024,0.3053,0.329813,2.882208
library_book_stock,share_of_national,as_printed,2013,24,True,post,0.041667,0.04997,0.320838,0.345867,2.858555
library_book_stock,share_of_national,as_printed,2014,24,True,post,0.041667,0.049924,0.321303,0.343793,2.851902
library_book_stock,share_of_national,as_printed,2015,24,True,post,0.041667,0.046317,0.307965,0.339439,2.896105
library_book_stock,share_of_national,as_printed,2016,24,True,post,0.041667,0.046133,0.309182,0.332764,2.813942
library_book_stock,share_of_national,as_printed,2017,24,True,post,0.041667,0.043192,0.300027,0.316191,2.613439
library_book_stock,share_of_national,as_printed,2018,24,True,post,0.041667,0.042284,0.297483,0.312889,2.585998
library_book_stock,share_of_national,as_printed,2019,24,True,post,0.041667,0.041025,0.291813,0.313446,2.695212
library_book_stock,share_of_national,as_printed,2020,24,True,post,0.041667,0.040517,0.290021,0.31119,2.674867
library_book_stock,share_of_national,as_printed,2021,24,True,post,0.041667,0.038222,0.281694,0.301047,2.585667
library_book_stock,share_of_national,as_printed,2022,24,True,post,0.041667,0.036832,0.276615,0.294706,2.529055
library_book_stock,share_of_national,as_printed,2023,24,True,post,0.041667,0.039873,0.284173,0.300179,2.436422
library_book_stock,share_of_national,constant,1995,23,True,pre,0.043478,,,0.48014,4.46494
library_book_stock,share_of_national,constant,1996,23,True,pre,0.043478,,,0.445274,3.778345
library_book_stock,share_of_national,constant,1997,23,True,pre,0.043478,,,0.450481,4.012462
library_book_stock,share_of_national,constant,1998,23,True,pre,0.043478,,,0.439593,3.86989
library_book_stock,share_of_national,constant,1999,23,True,pre,0.043478,,,0.433326,3.854725
library_book_stock,share_of_national,constant,2000,23,True,pre,0.043478,,,0.429481,3.684119
library_book_stock,share_of_national,constant,2001,23,True,pre,0.043478,,,0.419718,3.560475
library_book_stock,share_of_national,constant,2002,23,True,pre,0.043478,,,0.432846,3.551251
library_book_stock,share_of_national,constant,2003,23,True,pre,0.043478,,,0.417434,3.515025
library_book_stock,share_of_national,constant,2004,23,True,pre,0.043478,,,0.411707,3.529906
library_book_stock,share_of_national,constant,2005,23,True,pre,0.043478,0.065876,0.36852,0.409217,3.47233
library_book_stock,share_of_national,constant,2006,23,True,pre,0.043478,0.055717,0.338493,0.3854,3.493183
library_book_stock,share_of_national,constant,2007,23,True,pre,0.043478,0.051482,0.324507,0.372891,3.386143
library_book_stock,share_of_national,constant,2008,23,True,pre,0.043478,0.051745,0.32395,0.37822,3.58803
library_book_stock,share_of_national,constant,2009,23,True,pre,0.043478,0.043374,0.294665,0.342502,3.060825
library_book_stock,share_of_national,constant,2010,23,True,pre,0.043478,0.041606,0.292258,0.336057,3.004097
library_book_stock,share_of_national,constant,2011,23,True,post,0.043478,0.039447,0.284114,0.327083,2.913556
library_book_stock,share_of_national,constant,2012,23,True,post,0.043478,0.03808,0.278031,0.320831,2.910275
library_book_stock,share_of_national,constant,2013,23,True,post,0.043478,0.039595,0.284023,0.328402,2.833649
library_book_stock,share_of_national,constant,2014,23,True,post,0.043478,0.039073,0.282631,0.327769,2.851902
library_book_stock,share_of_national,constant,2015,23,True,post,0.043478,0.038059,0.276383,0.32902,2.896105
library_book_stock,share_of_national,constant,2016,23,True,post,0.043478,0.038668,0.280064,0.324578,2.813942
library_book_stock,share_of_national,constant,2017,23,True,post,0.043478,0.035982,0.270984,0.308011,2.594946
library_book_stock,share_of_national,constant,2018,23,True,post,0.043478,0.036104,0.271667,0.307548,2.588062
library_book_stock,share_of_national,constant,2019,23,True,post,0.043478,0.037961,0.276807,0.316832,2.786301
library_book_stock,share_of_national,constant,2020,23,True,post,0.043478,0.037623,0.27559,0.315029,2.768864
library_book_stock,share_of_national,constant,2021,23,True,post,0.043478,0.036165,0.270298,0.30699,2.692306
library_book_stock,share_of_national,constant,2022,23,True,post,0.043478,0.035336,0.267328,0.302125,2.6441
library_book_stock,share_of_national,constant,2023,23,True,post,0.043478,0.036983,0.269403,0.303872,2.535809
library_books_lent,per_head,as_printed,2005,24,True,pre,409.104812,0.10238,0.479454,0.495713,4.953989
library_books_lent,per_head,as_printed,2006,24,True,pre,412.037536,0.106815,0.503144,0.613777,5.664085
library_books_lent,per_head,as_printed,2007,24,True,pre,425.31726,0.102761,0.495613,0.502213,4.549981
library_books_lent,per_head,as_printed,2008,24,True,pre,441.919573,0.174668,0.70305,0.668564,5.608372
library_books_lent,per_head,as_printed,2009,24,True,pre,365.328003,0.083208,0.431428,0.473528,4.278345
library_books_lent,per_head,as_printed,2010,24,True,pre,374.534712,0.104945,0.475934,0.449866,4.176207
library_books_lent,per_head,as_printed,2011,24,True,post,371.380858,0.104825,0.474973,0.449141,4.175138
library_books_lent,per_head,as_printed,2012,24,True,post,326.356621,0.183699,0.674572,0.574371,5.891987
library_books_lent,per_head,as_printed,2013,24,True,post,316.666925,0.125181,0.530796,0.493434,4.630243
library_books_lent,per_head,as_printed,2014,24,True,post,878.945962,0.114978,0.486474,0.480274,5.261635
library_books_lent,per_head,as_printed,2015,24,True,post,284.333825,0.115432,0.497745,0.457044,5.02962
library_books_lent,per_head,as_printed,2016,24,True,post,268.668215,0.090064,0.454437,0.432539,3.898924
library_books_lent,per_head,as_printed,2017,24,True,post,223.164927,0.081407,0.423141,0.403519,3.94315
library_books_lent,per_head,as_printed,2018,24,True,post,221.457322,0.068497,0.379272,0.380035,3.622432
library_books_lent,per_head,as_printed,2019,24,True,post,201.618504,0.140327,0.548125,0.50718,6.313493
library_books_lent,per_head,as_printed,2020,24,True,post,180.208147,0.143008,0.562064,0.506747,5.789084
library_books_lent,per_head,as_printed,2021,24,True,post,182.313418,0.12404,0.506,0.502131,5.304105
library_books_lent,per_head,as_printed,2022,24,True,post,227.606872,0.140982,0.535437,0.516001,6.154042
library_books_lent,per_head,as_printed,2023,24,True,post,232.883049,0.12228,0.502437,0.465706,5.164309
library_books_lent,per_head,constant,2005,23,True,pre,409.591935,0.080626,0.440496,0.469088,3.927499
library_books_lent,per_head,constant,2006,23,True,pre,411.624737,0.087779,0.464535,0.602258,4.938249
library_books_lent,per_head,constant,2007,23,True,pre,427.216344,0.09347,0.47899,0.495979,4.238402
library_books_lent,per_head,constant,2008,23,True,pre,448.112354,0.16889,0.697583,0.6651,4.884381
library_books_lent,per_head,constant,2009,23,True,pre,366.494854,0.067408,0.398656,0.457338,3.623115
library_books_lent,per_head,constant,2010,23,True,pre,375.880487,0.08779,0.445847,0.430907,3.372423
library_books_lent,per_head,constant,2011,23,True,post,372.728138,0.087235,0.444327,0.430113,3.354803
library_books_lent,per_head,constant,2012,23,True,post,327.883085,0.168627,0.656917,0.566197,5.066539
library_books_lent,per_head,constant,2013,23,True,post,316.49564,0.110963,0.503659,0.483746,4.403497
library_books_lent,per_head,constant,2014,23,True,post,890.65384,0.105739,0.473345,0.470762,4.625413
library_books_lent,per_head,constant,2015,23,True,post,286.88051,0.103856,0.480567,0.446616,4.447856
library_books_lent,per_head,constant,2016,23,True,post,271.691598,0.086605,0.448686,0.428988,3.652961
library_books_lent,per_head,constant,2017,23,True,post,226.159863,0.077139,0.415995,0.396206,3.47273
library_books_lent,per_head,constant,2018,23,True,post,224.425127,0.064606,0.37196,0.3724,3.263865
library_books_lent,per_head,constant,2019,23,True,post,204.777949,0.134262,0.540862,0.499407,5.253763
library_books_lent,per_head,constant,2020,23,True,post,183.691678,0.141134,0.560039,0.497803,5.25062
library_books_lent,per_head,constant,2021,23,True,post,180.317583,0.113366,0.478637,0.497176,5.304105
library_books_lent,per_head,constant,2022,23,True,post,226.014782,0.117875,0.487042,0.497343,5.878028
library_books_lent,per_head,constant,2023,23,True,post,229.651469,0.107668,0.463101,0.448949,5.024357
library_books_lent,share_of_national,as_printed,1998,23,False,pre,0.043478,,,,
library_books_lent,share_of_national,as_printed,1999,23,False,pre,0.043478,,,,
library_books_lent,share_of_national,as_printed,2001,24,True,pre,0.041667,,,0.577391,5.331556
library_books_lent,share_of_national,as_printed,2002,24,True,pre,0.041667,,,0.584503,6.562021
library_books_lent,share_of_national,as_printed,2003,24,True,pre,0.041667,,,0.578134,5.728634
library_books_lent,share_of_national,as_printed,2004,24,True,pre,0.041667,,,0.632939,6.620775
library_books_lent,share_of_national,as_printed,2005,24,True,pre,0.041667,0.147876,0.535953,0.62598,7.730567
library_books_lent,share_of_national,as_printed,2006,24,True,pre,0.041667,0.1365,0.529671,0.555015,5.64812
library_books_lent,share_of_national,as_printed,2007,24,True,pre,0.041667,0.147534,0.566864,0.615658,5.153993
library_books_lent,share_of_national,as_printed,2008,24,True,pre,0.041667,0.157548,0.623102,0.738137,7.35053
library_books_lent,share_of_national,as_printed,2009,24,True,pre,0.041667,0.096129,0.425789,0.490614,5.093731
library_books_lent,share_of_national,as_printed,2010,24,True,pre,0.041667,0.116832,0.491171,0.562995,5.909313
library_books_lent,share_of_national,as_printed,2011,24,True,post,0.041667,0.117221,0.49184,0.562995,5.909313
library_books_lent,share_of_national,as_printed,2012,24,True,post,0.041667,0.219751,0.779386,0.822914,7.6532
library_books_lent,share_of_national,as_printed,2013,24,True,post,0.041667,0.06655,0.35869,0.435163,4.349458
library_books_lent,share_of_national,as_printed,2014,24,True,post,0.041667,0.085584,0.418895,0.451929,4.163308
library_books_lent,share_of_national,as_printed,2015,24,True,post,0.041667,0.109055,0.47714,0.544043,5.660826
library_books_lent,share_of_national,as_printed,2016,24,True,post,0.041667,0.068424,0.364134,0.458585,5.426014
library_books_lent,share_of_national,as_printed,2017,24,True,post,0.041667,0.062764,0.348368,0.420027,4.209128
library_books_lent,share_of_national,as_printed,2018,24,True,post,0.041667,0.055898,0.323453,0.390558,4.354847
library_books_lent,share_of_national,as_printed,2019,24,True,post,0.041667,0.082561,0.411245,0.463558,4.751247
library_books_lent,share_of_national,as_printed,2020,24,True,post,0.041667,0.082924,0.421416,0.476645,5.03467
library_books_lent,share_of_national,as_printed,2021,24,True,post,0.041667,0.085646,0.406772,0.465214,4.858174
library_books_lent,share_of_national,as_printed,2022,24,True,post,0.041667,0.090307,0.419984,0.470232,5.331512
library_books_lent,share_of_national,as_printed,2023,24,True,post,0.041667,0.073551,0.375777,0.448158,4.897499
library_books_lent,share_of_national,constant,1998,23,True,pre,0.043478,,,0.59466,6.696208
library_books_lent,share_of_national,constant,1999,23,True,pre,0.043478,,,0.602733,7.27911
library_books_lent,share_of_national,constant,2001,23,True,pre,0.043478,,,0.561972,4.851921
library_books_lent,share_of_national,constant,2002,23,True,pre,0.043478,,,0.562312,5.724038
library_books_lent,share_of_national,constant,2003,23,True,pre,0.043478,,,0.557131,5.179468
library_books_lent,share_of_national,constant,2004,23,True,pre,0.043478,,,0.610117,6.06583
library_books_lent,share_of_national,constant,2005,23,True,pre,0.043478,0.123998,0.488632,0.602549,6.242317
library_books_lent,share_of_national,constant,2006,23,True,pre,0.043478,0.124595,0.49913,0.550484,5.300104
library_books_lent,share_of_national,constant,2007,23,True,pre,0.043478,0.134006,0.530595,0.607244,5.22179
library_books_lent,share_of_national,constant,2008,23,True,pre,0.043478,0.137345,0.578525,0.713667,7.35053
library_books_lent,share_of_national,constant,2009,23,True,pre,0.043478,0.082956,0.392272,0.480815,4.739049
library_books_lent,share_of_national,constant,2010,23,True,pre,0.043478,0.099133,0.448818,0.547208,5.497321
library_books_lent,share_of_national,constant,2011,23,True,post,0.043478,0.099059,0.448496,0.547208,5.497321
library_books_lent,share_of_national,constant,2012,23,True,post,0.043478,0.195917,0.724514,0.803417,7.6532
library_books_lent,share_of_national,constant,2013,23,True,post,0.043478,0.073632,0.378448,0.455769,4.749198
library_books_lent,share_of_national,constant,2014,23,True,post,0.043478,0.070067,0.376008,0.4335,3.936206
library_books_lent,share_of_national,constant,2015,23,True,post,0.043478,0.092593,0.434096,0.529119,5.660826
library_books_lent,share_of_national,constant,2016,23,True,post,0.043478,0.062316,0.340496,0.455926,5.439923
library_books_lent,share_of_national,constant,2017,23,True,post,0.043478,0.053511,0.316073,0.41192,4.209128
library_books_lent,share_of_national,constant,2018,23,True,post,0.043478,0.047666,0.293241,0.38519,4.354847
library_books_lent,share_of_national,constant,2019,23,True,post,0.043478,0.0701,0.372923,0.44815,4.751247
library_books_lent,share_of_national,constant,2020,23,True,post,0.043478,0.070627,0.382994,0.458347,5.03467
library_books_lent,share_of_national,constant,2021,23,True,post,0.043478,0.129222,0.52024,0.553098,5.851187
library_books_lent,share_of_national,constant,2022,23,True,post,0.043478,0.107406,0.462961,0.505685,5.954848
library_books_lent,share_of_national,constant,2023,23,True,post,0.043478,0.123239,0.516233,0.544169,5.822615
library_capacity,per_head,as_printed,2005,24,True,pre,3.426464,0.078898,0.402121,0.428581,4.337288
library_capacity,per_head,as_printed,2006,24,True,pre,3.493679,0.090346,0.438259,0.473332,4.634451
library_capacity,per_head,as_printed,2007,24,True,pre,3.554961,0.074266,0.396133,0.430503,3.83313
library_capacity,per_head,as_printed,2008,24,True,pre,3.698285,0.088902,0.428196,0.4363,4.167286
library_capacity,per_head,as_printed,2009,24,True,pre,3.769184,0.086194,0.422352,0.43549,4.207816
library_capacity,per_head,as_printed,2010,24,True,pre,3.778265,0.09092,0.431262,0.432811,4.158828
library_capacity,per_head,as_printed,2011,24,True,post,3.750413,0.092157,0.434406,0.434868,4.213231
library_capacity,per_head,as_printed,2012,24,True,post,3.826251,0.08919,0.433701,0.451083,4.387234
library_capacity,per_head,as_printed,2013,24,True,post,3.876769,0.090681,0.433343,0.442166,4.258927
library_capacity,per_head,as_printed,2014,24,True,post,3.878146,0.089228,0.434392,0.446628,4.318878
library_capacity,per_head,as_printed,2015,24,True,post,3.892253,0.083571,0.424207,0.447035,4.12206
library_capacity,per_head,as_printed,2016,24,True,post,3.918569,0.086199,0.430279,0.450953,4.328388
library_capacity,per_head,as_printed,2017,24,True,post,3.911357,0.101041,0.471991,0.495122,4.872729
library_capacity,per_head,as_printed,2018,24,True,post,4.351717,0.115299,0.50076,0.487385,4.988792
library_capacity,per_head,as_printed,2019,24,True,post,3.97077,0.100036,0.470107,0.498204,4.973479
library_capacity,per_head,as_printed,2020,24,True,post,3.989149,0.101557,0.472816,0.496769,4.881518
library_capacity,per_head,as_printed,2021,24,True,post,3.983308,0.100601,0.471029,0.495706,4.862759
library_capacity,per_head,as_printed,2022,24,True,post,3.998207,0.103754,0.477835,0.500189,5.102963
library_capacity,per_head,as_printed,2023,24,True,post,3.977979,0.10702,0.483854,0.495665,5.125012
library_capacity,per_head,constant,2005,23,True,pre,3.511221,0.078321,0.40143,0.409994,4.116527
library_capacity,per_head,constant,2006,23,True,pre,3.579039,0.089825,0.437663,0.456857,4.250334
library_capacity,per_head,constant,2007,23,True,pre,3.624954,0.074011,0.39573,0.420477,3.69105
library_capacity,per_head,constant,2008,23,True,pre,3.780592,0.088139,0.427203,0.421996,3.909844
library_capacity,per_head,constant,2009,23,True,pre,3.85013,0.08603,0.422121,0.422983,4.078076
library_capacity,per_head,constant,2010,23,True,pre,3.859913,0.090561,0.430778,0.419827,3.981044
library_capacity,per_head,constant,2011,23,True,post,3.832276,0.091744,0.433858,0.421556,4.039477
library_capacity,per_head,constant,2012,23,True,post,3.909663,0.088422,0.432685,0.438,4.164182
library_capacity,per_head,constant,2013,23,True,post,3.957628,0.090509,0.433099,0.430814,4.15306
library_capacity,per_head,constant,2014,23,True,post,3.95513,0.088704,0.433627,0.43658,4.135732
library_capacity,per_head,constant,2015,23,True,post,3.967215,0.083362,0.423882,0.438152,4.014503
library_capacity,per_head,constant,2016,23,True,post,3.999055,0.085313,0.429027,0.439709,4.103054
library_capacity,per_head,constant,2017,23,True,post,3.993188,0.100396,0.471145,0.48464,4.643743
library_capacity,per_head,constant,2018,23,True,post,4.391423,0.110177,0.48996,0.484438,4.988792
library_capacity,per_head,constant,2019,23,True,post,4.053129,0.098462,0.468077,0.487408,4.621044
library_capacity,per_head,constant,2020,23,True,post,4.073304,0.099991,0.470846,0.485447,4.543988
library_capacity,per_head,constant,2021,23,True,post,4.06779,0.099037,0.469066,0.484201,4.529512
library_capacity,per_head,constant,2022,23,True,post,4.081448,0.10193,0.475546,0.489173,4.712201
library_capacity,per_head,constant,2023,23,True,post,4.055188,0.104627,0.480737,0.486075,4.668433
library_capacity,share_of_national,as_printed,1995,22,False,pre,0.045455,,,,
library_capacity,share_of_national,as_printed,1996,22,False,pre,0.045455,,,,
library_capacity,share_of_national,as_printed,1997,22,False,pre,0.045455,,,,
library_capacity,share_of_national,as_printed,1998,22,False,pre,0.045455,,,,
library_capacity,share_of_national,as_printed,1999,22,False,pre,0.045455,,,,
library_capacity,share_of_national,as_printed,2000,23,False,pre,0.043478,,,,
library_capacity,share_of_national,as_printed,2001,23,False,pre,0.043478,,,,
library_capacity,share_of_national,as_printed,2002,24,True,pre,0.041667,,,0.42244,3.823419
library_capacity,share_of_national,as_printed,2003,24,True,pre,0.041667,,,0.419207,3.81863
library_capacity,share_of_national,as_printed,2004,24,True,pre,0.041667,,,0.405658,3.73029
library_capacity,share_of_national,as_printed,2005,24,True,pre,0.041667,0.071252,0.371094,0.414076,3.82869
library_capacity,share_of_national,as_printed,2006,24,True,pre,0.041667,0.065993,0.355182,0.391204,3.613741
library_capacity,share_of_national,as_printed,2007,24,True,pre,0.041667,0.059276,0.34675,0.378425,3.434297
library_capacity,share_of_national,as_printed,2008,24,True,pre,0.041667,0.059661,0.347572,0.373176,3.301997
library_capacity,share_of_national,as_printed,2009,24,True,pre,0.041667,0.051968,0.324207,0.347215,2.959147
library_capacity,share_of_national,as_printed,2010,24,True,pre,0.041667,0.054908,0.331989,0.361009,3.192934
library_capacity,share_of_national,as_printed,2011,24,True,post,0.041667,0.055017,0.332306,0.361009,3.192934
library_capacity,share_of_national,as_printed,2012,24,True,post,0.041667,0.051762,0.323453,0.344902,3.104687
library_capacity,share_of_national,as_printed,2013,24,True,post,0.041667,0.051234,0.322319,0.345018,3.126201
library_capacity,share_of_national,as_printed,2014,24,True,post,0.041667,0.048573,0.316162,0.335731,3.049979
library_capacity,share_of_national,as_printed,2015,24,True,post,0.041667,0.04399,0.299563,0.324156,2.907958
library_capacity,share_of_national,as_printed,2016,24,True,post,0.041667,0.049482,0.318222,0.337651,3.011737
library_capacity,share_of_national,as_printed,2017,24,True,post,0.041667,0.044857,0.30148,0.313515,2.797136
library_capacity,share_of_national,as_printed,2018,24,True,post,0.041667,0.069364,0.381206,0.419559,3.602022
library_capacity,share_of_national,as_printed,2019,24,True,post,0.041667,0.049278,0.318365,0.32304,2.790842
library_capacity,share_of_national,as_printed,2020,24,True,post,0.041667,0.051233,0.324467,0.33263,2.858184
library_capacity,share_of_national,as_printed,2021,24,True,post,0.041667,0.050796,0.322471,0.332312,2.858184
library_capacity,share_of_national,as_printed,2022,24,True,post,0.041667,0.053216,0.333772,0.338002,2.844156
library_capacity,share_of_national,as_printed,2023,24,True,post,0.041667,0.047379,0.30995,0.329352,2.785951
library_capacity,share_of_national,constant,1995,22,False,pre,0.045455,,,,
library_capacity,share_of_national,constant,1996,22,False,pre,0.045455,,,,
library_capacity,share_of_national,constant,1997,22,False,pre,0.045455,,,,
library_capacity,share_of_national,constant,1998,22,False,pre,0.045455,,,,
library_capacity,share_of_national,constant,1999,22,False,pre,0.045455,,,,
library_capacity,share_of_national,constant,2000,22,False,pre,0.045455,,,,
library_capacity,share_of_national,constant,2001,22,False,pre,0.045455,,,,
library_capacity,share_of_national,constant,2002,23,True,pre,0.043478,,,0.383516,3.354945
library_capacity,share_of_national,constant,2003,23,True,pre,0.043478,,,0.379614,3.386214
library_capacity,share_of_national,constant,2004,23,True,pre,0.043478,,,0.364066,3.396114
library_capacity,share_of_national,constant,2005,23,True,pre,0.043478,0.05223,0.323919,0.371837,3.401264
library_capacity,share_of_national,constant,2006,23,True,pre,0.043478,0.047861,0.306839,0.349878,3.137343
library_capacity,share_of_national,constant,2007,23,True,pre,0.043478,0.046141,0.305625,0.351794,3.316512
library_capacity,share_of_national,constant,2008,23,True,pre,0.043478,0.043669,0.300534,0.338066,3.085571
library_capacity,share_of_national,constant,2009,23,True,pre,0.043478,0.038618,0.280537,0.31652,2.804714
library_capacity,share_of_national,constant,2010,23,True,pre,0.043478,0.041003,0.287485,0.330532,3.066071
library_capacity,share_of_national,constant,2011,23,True,post,0.043478,0.040938,0.287253,0.330532,3.066071
library_capacity,share_of_national,constant,2012,23,True,post,0.043478,0.037511,0.276767,0.314076,2.988196
library_capacity,share_of_national,constant,2013,23,True,post,0.043478,0.040053,0.283517,0.321646,3.000419
library_capacity,share_of_national,constant,2014,23,True,post,0.043478,0.038627,0.279891,0.316553,3.03215
library_capacity,share_of_national,constant,2015,23,True,post,0.043478,0.036448,0.269894,0.310816,2.866482
library_capacity,share_of_national,constant,2016,23,True,post,0.043478,0.037898,0.277221,0.316001,2.964189
library_capacity,share_of_national,constant,2017,23,True,post,0.043478,0.03534,0.265305,0.294463,2.732997
library_capacity,share_of_national,constant,2018,23,True,post,0.043478,0.092288,0.449933,0.462519,3.891615
library_capacity,share_of_national,constant,2019,23,True,post,0.043478,0.038282,0.278566,0.303387,2.790842
library_capacity,share_of_national,constant,2020,23,True,post,0.043478,0.039506,0.283049,0.311672,2.858184
library_capacity,share_of_national,constant,2021,23,True,post,0.043478,0.038861,0.280335,0.310916,2.858184
library_capacity,share_of_national,constant,2022,23,True,post,0.043478,0.041627,0.293188,0.318194,2.844156
library_capacity,share_of_national,constant,2023,23,True,post,0.043478,0.038291,0.275315,0.314837,2.755547
library_readers,per_head,as_printed,2005,24,True,pre,608.052472,0.112234,0.529921,0.72284,7.018493
library_readers,per_head,as_printed,2006,24,True,pre,618.165165,0.135316,0.644565,0.924724,7.365427
library_readers,per_head,as_printed,2007,24,True,pre,581.432581,0.117429,0.568537,0.773515,5.891113
library_readers,per_head,as_printed,2008,24,True,pre,531.757968,0.118085,0.562474,0.758246,5.994498
library_readers,per_head,as_printed,2009,24,True,pre,477.917525,0.136141,0.629229,0.871357,6.525142
library_readers,per_head,as_printed,2010,24,True,pre,448.331251,0.126205,0.579717,0.770416,6.394121
library_readers,per_head,as_printed,2011,24,True,post,444.847713,0.12726,0.581539,0.769902,6.442318
library_readers,per_head,as_printed,2012,24,True,post,370.419443,0.120976,0.537652,0.649799,5.303133
library_readers,per_head,as_printed,2013,24,True,post,348.521739,0.132626,0.538702,0.563383,4.897898
library_readers,per_head,as_printed,2014,24,True,post,499.89082,0.104087,0.479473,0.526114,4.515608
library_readers,per_head,as_printed,2015,24,True,post,337.373734,0.119148,0.521505,0.627612,5.000759
library_readers,per_head,as_printed,2016,24,True,post,316.454136,0.10777,0.502713,0.605029,4.730017
library_readers,per_head,as_printed,2017,24,True,post,273.229613,0.131905,0.569392,0.677402,5.905055
library_readers,per_head,as_printed,2018,24,True,post,267.81924,0.122137,0.554161,0.687787,5.309828
library_readers,per_head,as_printed,2019,24,True,post,263.141526,0.143346,0.634326,0.824725,6.542183
library_readers,per_head,as_printed,2020,24,True,post,160.986791,0.25826,0.804642,0.978922,17.281128
library_readers,per_head,as_printed,2021,24,True,post,174.73481,0.144153,0.621608,0.851585,6.939874
library_readers,per_head,as_printed,2022,24,True,post,222.744645,0.162799,0.69335,0.93952,7.349329
library_readers,per_head,as_printed,2023,24,True,post,238.593793,0.138203,0.642653,0.883988,6.281728
library_readers,per_head,constant,2005,23,True,pre,617.442179,0.100801,0.516353,0.715191,5.53906
library_readers,per_head,constant,2006,23,True,pre,625.169373,0.123379,0.63026,0.925188,6.353635
library_readers,per_head,constant,2007,23,True,pre,587.789864,0.109651,0.557535,0.773902,5.508757
library_readers,per_head,constant,2008,23,True,pre,537.854031,0.112388,0.554412,0.759355,5.836091
library_readers,per_head,constant,2009,23,True,pre,483.461773,0.126629,0.617519,0.872143,5.8207
library_readers,per_head,constant,2010,23,True,pre,453.710223,0.116289,0.567034,0.76882,5.672608
library_readers,per_head,constant,2011,23,True,post,450.22859,0.117028,0.568618,0.768158,5.687066
library_readers,per_head,constant,2012,23,True,post,374.329311,0.11555,0.529604,0.650122,5.089687
library_readers,per_head,constant,2013,23,True,post,351.063194,0.123211,0.524168,0.560242,4.67452
library_readers,per_head,constant,2014,23,True,post,503.55873,0.099804,0.471474,0.527328,4.515608
library_readers,per_head,constant,2015,23,True,post,337.104082,0.108418,0.500529,0.629261,4.936366
library_readers,per_head,constant,2016,23,True,post,320.924129,0.105955,0.500104,0.604058,4.659704
library_readers,per_head,constant,2017,23,True,post,277.865501,0.13182,0.569287,0.67544,5.905055
library_readers,per_head,constant,2018,23,True,post,272.279807,0.121474,0.553327,0.685949,5.308681
library_readers,per_head,constant,2019,23,True,post,267.778763,0.141906,0.632776,0.822796,6.063329
library_readers,per_head,constant,2020,23,True,post,165.187279,0.246176,0.79886,0.964072,12.618098
library_readers,per_head,constant,2021,23,True,post,175.970933,0.134686,0.608859,0.857063,6.863255
library_readers,per_head,constant,2022,23,True,post,226.614068,0.158294,0.689163,0.937765,6.509968
library_readers,per_head,constant,2023,23,True,post,241.761799,0.137915,0.642258,0.888682,6.281728
library_readers,share_of_national,as_printed,1995,23,False,pre,0.043478,,,,
library_readers,share_of_national,as_printed,1996,23,False,pre,0.043478,,,,
library_readers,share_of_national,as_printed,1997,23,False,pre,0.043478,,,,
library_readers,share_of_national,as_printed,1998,23,False,pre,0.043478,,,,
library_readers,share_of_national,as_printed,1999,23,False,pre,0.043478,,,,
library_readers,share_of_national,as_printed,2000,24,True,pre,0.041667,,,0.542057,6.100328
library_readers,share_of_national,as_printed,2001,24,True,pre,0.041667,,,0.517331,6.442514
library_readers,share_of_national,as_printed,2002,24,True,pre,0.041667,,,0.527686,7.349782
library_readers,share_of_national,as_printed,2003,24,True,pre,0.041667,,,0.517973,7.42096
library_readers,share_of_national,as_printed,2004,24,True,pre,0.041667,,,0.546913,8.035101
library_readers,share_of_national,as_printed,2005,24,True,pre,0.041667,0.128855,0.507243,0.54361,8.592593
library_readers,share_of_national,as_printed,2006,24,True,pre,0.041667,0.10466,0.449395,0.498325,6.808116
library_readers,share_of_national,as_printed,2007,24,True,pre,0.041667,0.078056,0.383273,0.443747,5.062385
library_readers,share_of_national,as_printed,2008,24,True,pre,0.041667,0.082588,0.39558,0.457723,5.666933
library_readers,share_of_national,as_printed,2009,24,True,pre,0.041667,0.094921,0.427061,0.485145,6.745573
library_readers,share_of_national,as_printed,2010,24,True,pre,0.041667,0.090174,0.413763,0.470054,5.615927
library_readers,share_of_national,as_printed,2011,24,True,post,0.041667,0.090269,0.413956,0.470054,5.615927
library_readers,share_of_national,as_printed,2012,24,True,post,0.041667,0.089285,0.422421,0.483973,5.83674
library_readers,share_of_national,as_printed,2013,24,True,post,0.041667,0.09504,0.435196,0.505396,5.492466
library_readers,share_of_national,as_printed,2014,24,True,post,0.041667,0.075585,0.393614,0.441125,3.840042
library_readers,share_of_national,as_printed,2015,24,True,post,0.041667,0.098154,0.439205,0.506501,6.362362
library_readers,share_of_national,as_printed,2016,24,True,post,0.041667,0.09059,0.425857,0.502314,6.689296
library_readers,share_of_national,as_printed,2017,24,True,post,0.041667,0.100637,0.460848,0.531649,6.598464
library_readers,share_of_national,as_printed,2018,24,True,post,0.041667,0.094135,0.4424,0.512227,5.814852
library_readers,share_of_national,as_printed,2019,24,True,post,0.041667,0.091854,0.444034,0.499102,5.721615
library_readers,share_of_national,as_printed,2020,24,True,post,0.041667,0.19675,0.603073,0.591264,11.471252
library_readers,share_of_national,as_printed,2021,24,True,post,0.041667,0.143609,0.558813,0.602715,6.422925
library_readers,share_of_national,as_printed,2022,24,True,post,0.041667,0.139922,0.56432,0.601378,5.738962
library_readers,share_of_national,as_printed,2023,24,True,post,0.041667,0.087254,0.420033,0.48875,4.92376
library_readers,share_of_national,constant,1995,23,True,pre,0.043478,,,0.53401,5.899599
library_readers,share_of_national,constant,1996,23,True,pre,0.043478,,,0.515994,6.070504
library_readers,share_of_national,constant,1997,23,True,pre,0.043478,,,0.487529,5.358676
library_readers,share_of_national,constant,1998,23,True,pre,0.043478,,,0.524998,5.922814
library_readers,share_of_national,constant,1999,23,True,pre,0.043478,,,0.525629,5.764534
library_readers,share_of_national,constant,2000,23,True,pre,0.043478,,,0.511103,5.661917
library_readers,share_of_national,constant,2001,23,True,pre,0.043478,,,0.478552,5.492854
library_readers,share_of_national,constant,2002,23,True,pre,0.043478,,,0.495598,5.799448
library_readers,share_of_national,constant,2003,23,True,pre,0.043478,,,0.484472,5.964982
library_readers,share_of_national,constant,2004,23,True,pre,0.043478,,,0.517263,6.575386
library_readers,share_of_national,constant,2005,23,True,pre,0.043478,0.103853,0.458409,0.511028,6.392356
library_readers,share_of_national,constant,2006,23,True,pre,0.043478,0.087671,0.408371,0.478026,5.954951
library_readers,share_of_national,constant,2007,23,True,pre,0.043478,0.067815,0.352878,0.432421,5.04207
library_readers,share_of_national,constant,2008,23,True,pre,0.043478,0.073266,0.366611,0.448423,5.666933
library_readers,share_of_national,constant,2009,23,True,pre,0.043478,0.081377,0.390646,0.470111,6.745573
library_readers,share_of_national,constant,2010,23,True,pre,0.043478,0.075083,0.373419,0.452794,5.615927
library_readers,share_of_national,constant,2011,23,True,post,0.043478,0.074862,0.372811,0.452794,5.615927
library_readers,share_of_national,constant,2012,23,True,post,0.043478,0.081909,0.396563,0.479585,5.83674
library_readers,share_of_national,constant,2013,23,True,post,0.043478,0.087856,0.410702,0.502015,5.54995
library_readers,share_of_national,constant,2014,23,True,post,0.043478,0.078659,0.393627,0.457104,3.946836
library_readers,share_of_national,constant,2015,23,True,post,0.043478,0.104764,0.447766,0.530508,6.721962
library_readers,share_of_national,constant,2016,23,True,post,0.043478,0.082002,0.396278,0.495221,6.689296
library_readers,share_of_national,constant,2017,23,True,post,0.043478,0.092912,0.433273,0.523215,6.598464
library_readers,share_of_national,constant,2018,23,True,post,0.043478,0.085867,0.413224,0.50414,5.814852
library_readers,share_of_national,constant,2019,23,True,post,0.043478,0.083286,0.413545,0.489974,5.811443
library_readers,share_of_national,constant,2020,23,True,post,0.043478,0.158099,0.544463,0.550147,8.340022
library_readers,share_of_national,constant,2021,23,True,post,0.043478,0.135071,0.527146,0.603982,6.619876
library_readers,share_of_national,constant,2022,23,True,post,0.043478,0.122723,0.519358,0.584808,5.738962
library_readers,share_of_national,constant,2023,23,True,post,0.043478,0.096073,0.43571,0.508779,5.230917
library_subscribers,per_head,as_printed,2005,24,True,pre,17.91568,0.106568,0.455409,0.450659,5.152625
library_subscribers,per_head,as_printed,2006,24,True,pre,19.123797,0.104413,0.456093,0.459698,5.180011
library_subscribers,per_head,as_printed,2007,24,True,pre,18.496307,0.10464,0.466914,0.504011,5.354595
library_subscribers,per_head,as_printed,2008,24,True,pre,16.516201,0.129816,0.543059,0.610733,6.726302
library_subscribers,per_head,as_printed,2009,24,True,pre,15.418129,0.124122,0.511249,0.537366,6.553729
library_subscribers,per_head,as_printed,2010,24,True,pre,17.508461,0.150279,0.542707,0.494835,8.458684
library_subscribers,per_head,as_printed,2011,24,True,post,17.366309,0.150563,0.543928,0.496213,8.458133
library_subscribers,per_head,as_printed,2012,24,True,post,15.003143,0.102538,0.439774,0.441598,6.568264
library_subscribers,per_head,as_printed,2013,24,True,post,15.241582,0.112558,0.481432,0.464601,5.104847
library_subscribers,per_head,as_printed,2014,24,True,post,21.657101,0.338245,1.098281,0.990899,10.910327
library_subscribers,per_head,as_printed,2015,24,True,post,18.440624,0.109268,0.488694,0.493103,5.14622
library_subscribers,per_head,as_printed,2016,24,True,post,17.007235,0.090371,0.406363,0.357189,4.134906
library_subscribers,per_head,as_printed,2017,24,True,post,16.080762,0.066311,0.349523,0.346824,3.777565
library_subscribers,per_head,as_printed,2018,24,True,post,18.318158,0.083528,0.41477,0.429236,3.994801
library_subscribers,per_head,as_printed,2019,24,True,post,13.407214,0.075499,0.381413,0.353385,3.57659
library_subscribers,per_head,as_printed,2020,24,True,post,11.685453,0.076671,0.391032,0.361585,3.835079
library_subscribers,per_head,as_printed,2021,24,True,post,12.078894,0.071793,0.366979,0.307158,3.142801
library_subscribers,per_head,as_printed,2022,24,True,post,14.058872,0.075851,0.382789,0.351468,3.668929
library_subscribers,per_head,as_printed,2023,24,True,post,16.80462,0.070266,0.378309,0.358293,3.262171
library_subscribers,per_head,constant,2005,23,True,pre,17.738249,0.082288,0.395791,0.400816,4.173464
library_subscribers,per_head,constant,2006,23,True,pre,18.860022,0.086029,0.404283,0.42223,4.80096
library_subscribers,per_head,constant,2007,23,True,pre,18.288,0.097938,0.447737,0.502614,5.152026
library_subscribers,per_head,constant,2008,23,True,pre,16.177171,0.116225,0.504995,0.599713,6.092018
library_subscribers,per_head,constant,2009,23,True,pre,15.087802,0.113286,0.478062,0.523639,5.918955
library_subscribers,per_head,constant,2010,23,True,pre,17.191955,0.135785,0.503645,0.47266,7.880435
library_subscribers,per_head,constant,2011,23,True,post,17.056294,0.135541,0.503899,0.474003,7.889513
library_subscribers,per_head,constant,2012,23,True,post,14.910095,0.098742,0.429178,0.444819,6.568264
library_subscribers,per_head,constant,2013,23,True,post,15.186453,0.108007,0.470321,0.467737,5.104847
library_subscribers,per_head,constant,2014,23,True,post,21.79251,0.332456,1.093705,1.00174,10.910327
library_subscribers,per_head,constant,2015,23,True,post,18.535208,0.102553,0.476362,0.49173,5.14622
library_subscribers,per_head,constant,2016,23,True,post,16.986123,0.08831,0.40085,0.360508,4.134906
library_subscribers,per_head,constant,2017,23,True,post,16.154266,0.066311,0.349523,0.351966,3.777565
library_subscribers,per_head,constant,2018,23,True,post,18.508667,0.083527,0.414767,0.431013,3.994801
library_subscribers,per_head,constant,2019,23,True,post,13.491518,0.074808,0.379775,0.356068,3.57659
library_subscribers,per_head,constant,2020,23,True,post,11.784363,0.071692,0.381225,0.355537,3.514334
library_subscribers,per_head,constant,2021,23,True,post,12.102578,0.061428,0.341367,0.28969,2.702007
library_subscribers,per_head,constant,2022,23,True,post,14.143008,0.071305,0.372216,0.347644,3.44894
library_subscribers,per_head,constant,2023,23,True,post,16.87426,0.066785,0.369577,0.357489,3.157163
library_subscribers,share_of_national,as_printed,1995,23,False,pre,0.043478,,,,
library_subscribers,share_of_national,as_printed,1996,23,False,pre,0.043478,,,,
library_subscribers,share_of_national,as_printed,1997,23,False,pre,0.043478,,,,
library_subscribers,share_of_national,as_printed,1998,23,False,pre,0.043478,,,,
library_subscribers,share_of_national,as_printed,1999,23,False,pre,0.043478,,,,
library_subscribers,share_of_national,as_printed,2000,24,True,pre,0.041667,,,0.618124,6.903541
library_subscribers,share_of_national,as_printed,2001,24,True,pre,0.041667,,,0.613859,6.789416
library_subscribers,share_of_national,as_printed,2002,24,True,pre,0.041667,,,0.619943,6.306055
library_subscribers,share_of_national,as_printed,2003,24,True,pre,0.041667,,,0.606982,6.736021
library_subscribers,share_of_national,as_printed,2004,24,True,pre,0.041667,,,0.677678,8.012253
library_subscribers,share_of_national,as_printed,2005,24,True,pre,0.041667,0.154224,0.549805,0.61206,7.856337
library_subscribers,share_of_national,as_printed,2006,24,True,pre,0.041667,0.13979,0.529582,0.576269,7.70151
library_subscribers,share_of_national,as_printed,2007,24,True,pre,0.041667,0.124076,0.507687,0.522882,5.841573
library_subscribers,share_of_national,as_printed,2008,24,True,pre,0.041667,0.132028,0.513925,0.557993,7.507621
library_subscribers,share_of_national,as_printed,2009,24,True,pre,0.041667,0.133075,0.516822,0.552207,6.283039
library_subscribers,share_of_national,as_printed,2010,24,True,pre,0.041667,0.121301,0.479435,0.513788,7.482287
library_subscribers,share_of_national,as_printed,2011,24,True,post,0.041667,0.120954,0.478618,0.513788,7.482287
library_subscribers,share_of_national,as_printed,2012,24,True,post,0.041667,0.127482,0.513414,0.523515,5.645996
library_subscribers,share_of_national,as_printed,2013,24,True,post,0.041667,0.085765,0.416297,0.458587,4.27856
library_subscribers,share_of_national,as_printed,2014,24,True,post,0.041667,0.267496,0.91159,1.044632,8.97297
library_subscribers,share_of_national,as_printed,2015,24,True,post,0.041667,0.105293,0.458334,0.501153,4.687135
library_subscribers,share_of_national,as_printed,2016,24,True,post,0.041667,0.10174,0.450564,0.49252,4.487661
library_subscribers,share_of_national,as_printed,2017,24,True,post,0.041667,0.095398,0.43654,0.482892,4.103791
library_subscribers,share_of_national,as_printed,2018,24,True,post,0.041667,0.092028,0.445827,0.465554,3.985506
library_subscribers,share_of_national,as_printed,2019,24,True,post,0.041667,0.103447,0.462289,0.528546,5.201371
library_subscribers,share_of_national,as_printed,2020,24,True,post,0.041667,0.117348,0.49091,0.561149,5.845815
library_subscribers,share_of_national,as_printed,2021,24,True,post,0.041667,0.091785,0.44097,0.497802,5.082729
library_subscribers,share_of_national,as_printed,2022,24,True,post,0.041667,0.068855,0.37713,0.431069,4.122598
library_subscribers,share_of_national,as_printed,2023,24,True,post,0.041667,0.048046,0.299793,0.382511,4.325547
library_subscribers,share_of_national,constant,1995,23,True,pre,0.043478,,,0.612032,6.038858
library_subscribers,share_of_national,constant,1996,23,True,pre,0.043478,,,0.64566,8.004894
library_subscribers,share_of_national,constant,1997,23,True,pre,0.043478,,,0.607761,7.204326
library_subscribers,share_of_national,constant,1998,23,True,pre,0.043478,,,0.643734,9.310272
library_subscribers,share_of_national,constant,1999,23,True,pre,0.043478,,,0.679549,9.036565
library_subscribers,share_of_national,constant,2000,23,True,pre,0.043478,,,0.62258,6.903541
library_subscribers,share_of_national,constant,2001,23,True,pre,0.043478,,,0.625697,6.789416
library_subscribers,share_of_national,constant,2002,23,True,pre,0.043478,,,0.636885,6.306055
library_subscribers,share_of_national,constant,2003,23,True,pre,0.043478,,,0.615355,6.780661
library_subscribers,share_of_national,constant,2004,23,True,pre,0.043478,,,0.682435,8.461171
library_subscribers,share_of_national,constant,2005,23,True,pre,0.043478,0.141138,0.519298,0.60641,8.211705
library_subscribers,share_of_national,constant,2006,23,True,pre,0.043478,0.143029,0.529037,0.598644,8.452349
library_subscribers,share_of_national,constant,2007,23,True,pre,0.043478,0.143862,0.541934,0.579739,6.699211
library_subscribers,share_of_national,constant,2008,23,True,pre,0.043478,0.162808,0.577178,0.630097,8.642485
library_subscribers,share_of_national,constant,2009,23,True,pre,0.043478,0.170088,0.593967,0.63827,7.370447
library_subscribers,share_of_national,constant,2010,23,True,pre,0.043478,0.157238,0.562212,0.589058,8.731079
library_subscribers,share_of_national,constant,2011,23,True,post,0.043478,0.157111,0.561821,0.589058,8.731079
library_subscribers,share_of_national,constant,2012,23,True,post,0.043478,0.147471,0.545515,0.580252,6.153116
library_subscribers,share_of_national,constant,2013,23,True,post,0.043478,0.110481,0.474201,0.517462,4.712185
library_subscribers,share_of_national,constant,2014,23,True,post,0.043478,0.256277,0.860198,1.031445,9.22151
library_subscribers,share_of_national,constant,2015,23,True,post,0.043478,0.103607,0.444463,0.512131,4.805644
library_subscribers,share_of_national,constant,2016,23,True,post,0.043478,0.119995,0.485585,0.540902,5.040186
library_subscribers,share_of_national,constant,2017,23,True,post,0.043478,0.107704,0.459046,0.520868,4.348463
library_subscribers,share_of_national,constant,2018,23,True,post,0.043478,0.097298,0.448066,0.486626,4.237573
library_subscribers,share_of_national,constant,2019,23,True,post,0.043478,0.107778,0.46079,0.549275,5.496572
library_subscribers,share_of_national,constant,2020,23,True,post,0.043478,0.106835,0.457097,0.558462,5.845815
library_subscribers,share_of_national,constant,2021,23,True,post,0.043478,0.09022,0.427427,0.510463,5.411869
library_subscribers,share_of_national,constant,2022,23,True,post,0.043478,0.074846,0.385705,0.454958,4.43286
library_subscribers,share_of_national,constant,2023,23,True,post,0.043478,0.062689,0.346544,0.425111,4.748563
marriages,per_head,as_printed,2005,24,True,pre,7.077717,0.016593,0.172936,0.196097,2.023777
marriages,per_head,as_printed,2006,24,True,pre,8.036299,0.025517,0.214706,0.227057,2.208259
marriages,per_head,as_printed,2007,24,True,pre,7.486221,0.015751,0.173191,0.185253,1.925135
marriages,per_head,as_printed,2008,24,True,pre,7.560296,0.018806,0.184294,0.182319,1.998217
marriages,per_head,as_printed,2010,24,True,pre,8.928915,0.011231,0.146777,0.163193,1.71183
marriages,per_head,as_printed,2011,24,True,post,9.490052,0.006841,0.113379,0.117897,1.499538
marriages,per_head,as_printed,2012,24,True,post,10.286892,0.008223,0.124707,0.123484,1.57917
marriages,per_head,as_printed,2013,24,True,post,10.334607,0.013362,0.1564,0.158649,1.770106
marriages,per_head,as_printed,2014,21,False,post,10.306307,,,,
marriages,per_head,as_printed,2015,24,True,post,9.941979,0.012214,0.150292,0.136631,1.542257
marriages,per_head,as_printed,2016,24,True,post,9.00371,0.012745,0.154761,0.1403,1.563897
marriages,per_head,as_printed,2017,24,True,post,8.790629,0.014838,0.16763,0.161292,1.72614
marriages,per_head,as_printed,2018,24,True,post,8.366586,0.014786,0.167013,0.157812,1.675947
marriages,per_head,as_printed,2019,24,True,post,7.445074,0.015342,0.169729,0.159325,1.684328
marriages,per_head,as_printed,2020,24,True,post,5.854645,0.01834,0.185098,0.169993,1.736017
marriages,per_head,as_printed,2021,24,True,post,6.750935,0.012404,0.153571,0.155785,1.707934
marriages,per_head,as_printed,2022,24,True,post,6.783955,0.013391,0.158014,0.15366,1.682683
marriages,per_head,as_printed,2023,24,True,post,6.24734,0.011467,0.147777,0.142552,1.649418
marriages,per_head,constant,2005,23,True,pre,7.134351,0.013388,0.158849,0.179937,1.79966
marriages,per_head,constant,2006,23,True,pre,8.161037,0.022732,0.206823,0.207341,1.992512
marriages,per_head,constant,2007,23,True,pre,7.567466,0.01543,0.171827,0.178249,1.858631
marriages,per_head,constant,2008,23,True,pre,7.589855,0.017625,0.178649,0.178375,1.884597
marriages,per_head,constant,2010,23,True,pre,8.961775,0.009998,0.139419,0.158033,1.649511
marriages,per_head,constant,2011,23,True,post,9.531818,0.005366,0.101809,0.106391,1.408856
marriages,per_head,constant,2012,23,True,post,10.343256,0.005884,0.108255,0.105953,1.466085
marriages,per_head,constant,2013,23,True,post,10.406444,0.009328,0.135069,0.137209,1.598464
marriages,per_head,constant,2014,20,False,post,10.394365,,,,
marriages,per_head,constant,2015,23,True,post,10.028246,0.009283,0.135017,0.115482,1.431967
marriages,per_head,constant,2016,23,True,post,9.073753,0.009598,0.138218,0.120249,1.448083
marriages,per_head,constant,2017,23,True,post,8.857414,0.01109,0.149215,0.142733,1.584168
marriages,per_head,constant,2018,23,True,post,8.417309,0.010211,0.143684,0.135948,1.525194
marriages,per_head,constant,2019,23,True,post,7.471519,0.009303,0.136884,0.131536,1.49819
marriages,per_head,constant,2020,23,True,post,5.876093,0.010913,0.148651,0.138655,1.52716
marriages,per_head,constant,2021,23,True,post,6.778852,0.007988,0.127534,0.135172,1.55451
marriages,per_head,constant,2022,23,True,post,6.819961,0.009045,0.134337,0.132497,1.533473
marriages,per_head,constant,2023,23,True,post,6.25766,0.006755,0.116845,0.116981,1.465331
marriages,share_of_national,as_printed,1994,23,False,pre,0.043478,,,,
marriages,share_of_national,as_printed,1995,23,False,pre,0.043478,,,,
marriages,share_of_national,as_printed,1996,23,False,pre,0.043478,,,,
marriages,share_of_national,as_printed,1997,23,False,pre,0.043478,,,,
marriages,share_of_national,as_printed,1998,23,False,pre,0.043478,,,,
marriages,share_of_national,as_printed,1999,23,False,pre,0.043478,,,,
marriages,share_of_national,as_printed,2000,23,False,pre,0.043478,,,,
marriages,share_of_national,as_printed,2001,24,True,pre,0.041667,,,0.625805,9.577675
marriages,share_of_national,as_printed,2002,24,True,pre,0.041667,,,0.613631,10.346779
marriages,share_of_national,as_printed,2003,24,True,pre,0.041667,,,0.604843,9.853201
marriages,share_of_national,as_printed,2004,24,True,pre,0.041667,,,0.557913,9.322154
marriages,share_of_national,as_printed,2005,24,True,pre,0.041667,0.140048,0.536983,0.615509,9.980523
marriages,share_of_national,as_printed,2006,24,True,pre,0.041667,0.106938,0.451532,0.538027,8.452044
marriages,share_of_national,as_printed,2007,24,True,pre,0.041667,0.094023,0.420336,0.519203,7.813256
marriages,share_of_national,as_printed,2008,24,True,pre,0.041667,0.110485,0.46209,0.550745,7.760385
marriages,share_of_national,as_printed,2010,24,True,pre,0.041667,0.115134,0.479077,0.569471,8.113491
marriages,share_of_national,as_printed,2011,24,True,post,0.041667,0.116956,0.486527,0.565732,6.92784
marriages,share_of_national,as_printed,2012,24,True,post,0.041667,0.098006,0.440506,0.521094,6.221998
marriages,share_of_national,as_printed,2013,24,True,post,0.041667,0.094977,0.430166,0.511129,5.806574
marriages,share_of_national,as_printed,2014,21,False,post,0.047619,,,,
marriages,share_of_national,as_printed,2015,24,True,post,0.041667,0.085506,0.406977,0.493801,6.343341
marriages,share_of_national,as_printed,2016,24,True,post,0.041667,0.077946,0.389105,0.471714,5.905409
marriages,share_of_national,as_printed,2017,24,True,post,0.041667,0.074283,0.379951,0.458636,4.903146
marriages,share_of_national,as_printed,2018,24,True,post,0.041667,0.081983,0.398712,0.482946,5.506351
marriages,share_of_national,as_printed,2019,24,True,post,0.041667,0.077473,0.385533,0.473508,5.317093
marriages,share_of_national,as_printed,2020,24,True,post,0.041667,0.076382,0.380905,0.470406,5.213939
marriages,share_of_national,as_printed,2021,24,True,post,0.041667,0.085449,0.407551,0.497582,5.934385
marriages,share_of_national,as_printed,2022,24,True,post,0.041667,0.089512,0.415508,0.510624,5.896064
marriages,share_of_national,as_printed,2023,24,True,post,0.041667,0.08791,0.409677,0.511799,6.044133
marriages,share_of_national,constant,1994,23,True,pre,0.043478,,,0.625586,9.321785
marriages,share_of_national,constant,1995,23,True,pre,0.043478,,,0.669331,10.264688
marriages,share_of_national,constant,1996,23,True,pre,0.043478,,,0.607514,9.455549
marriages,share_of_national,constant,1997,23,True,pre,0.043478,,,0.636499,10.075306
marriages,share_of_national,constant,1998,23,True,pre,0.043478,,,0.61483,9.503764
marriages,share_of_national,constant,1999,23,True,pre,0.043478,,,0.612885,10.140443
marriages,share_of_national,constant,2000,23,True,pre,0.043478,,,0.614782,10.067633
marriages,share_of_national,constant,2001,23,True,pre,0.043478,,,0.59871,9.577675
marriages,share_of_national,constant,2002,23,True,pre,0.043478,,,0.587776,10.346779
marriages,share_of_national,constant,2003,23,True,pre,0.043478,,,0.57427,9.853201
marriages,share_of_national,constant,2004,23,True,pre,0.043478,,,0.545985,9.322154
marriages,share_of_national,constant,2005,23,True,pre,0.043478,0.121605,0.496003,0.596551,9.980523
marriages,share_of_national,constant,2006,23,True,pre,0.043478,0.086793,0.406802,0.509189,8.452044
marriages,share_of_national,constant,2007,23,True,pre,0.043478,0.080735,0.383379,0.505097,7.813256
marriages,share_of_national,constant,2008,23,True,pre,0.043478,0.101673,0.433873,0.55109,7.760385
marriages,share_of_national,constant,2010,23,True,pre,0.043478,0.105605,0.448966,0.569953,8.113491
marriages,share_of_national,constant,2011,23,True,post,0.043478,0.106939,0.455236,0.566184,6.92784
marriages,share_of_national,constant,2012,23,True,post,0.043478,0.088387,0.409601,0.521113,6.221998
marriages,share_of_national,constant,2013,23,True,post,0.043478,0.082485,0.393442,0.505428,5.806574
marriages,share_of_national,constant,2014,20,False,post,0.05,,,,
marriages,share_of_national,constant,2015,23,True,post,0.043478,0.073725,0.370656,0.488252,6.343341
marriages,share_of_national,constant,2016,23,True,post,0.043478,0.068733,0.357891,0.471523,5.925147
marriages,share_of_national,constant,2017,23,True,post,0.043478,0.066161,0.351164,0.461007,5.011088
marriages,share_of_national,constant,2018,23,True,post,0.043478,0.073755,0.369972,0.486786,5.584558
marriages,share_of_national,constant,2019,23,True,post,0.043478,0.072188,0.364426,0.484165,5.482246
marriages,share_of_national,constant,2020,23,True,post,0.043478,0.069655,0.356595,0.478299,5.431345
marriages,share_of_national,constant,2021,23,True,post,0.043478,0.079928,0.385097,0.508035,6.064353
marriages,share_of_national,constant,2022,23,True,post,0.043478,0.08142,0.387066,0.515886,5.981242
marriages,share_of_national,constant,2023,23,True,post,0.043478,0.08485,0.393476,0.527868,6.267875
money_orders_from_abroad,per_head,as_printed,2005,24,True,pre,56.239845,0.093635,0.436367,0.41378,3.737214
money_orders_from_abroad,per_head,as_printed,2006,24,True,pre,58.904447,0.094585,0.439111,0.408095,3.708496
money_orders_from_abroad,per_head,as_printed,2007,24,True,pre,64.990161,0.086944,0.421327,0.384394,3.550607
money_orders_from_abroad,per_head,as_printed,2008,24,True,pre,66.010409,0.087289,0.424371,0.385567,3.455483
money_orders_from_abroad,per_head,as_printed,2009,24,True,pre,64.05773,0.095765,0.447965,0.411589,3.549605
money_orders_from_abroad,per_head,as_printed,2010,24,True,pre,63.514417,0.094315,0.446693,0.415837,3.510306
money_orders_from_abroad,per_head,as_printed,2013,23,False,post,57.275681,,,,
money_orders_from_abroad,per_head,as_printed,2014,22,False,post,63.643086,,,,
money_orders_from_abroad,per_head,as_printed,2015,24,True,post,52.951818,0.095766,0.457186,0.469163,4.235966
money_orders_from_abroad,per_head,as_printed,2016,24,True,post,53.461078,0.097675,0.467985,0.51368,4.459831
money_orders_from_abroad,per_head,as_printed,2017,24,True,post,56.281554,0.083986,0.424878,0.441167,3.959165
money_orders_from_abroad,per_head,as_printed,2018,24,True,post,66.614425,0.088728,0.442997,0.479072,4.16358
money_orders_from_abroad,per_head,as_printed,2019,24,True,post,75.161205,0.082991,0.430263,0.450611,3.628099
money_orders_from_abroad,per_head,as_printed,2020,24,True,post,95.745101,0.074285,0.41309,0.460335,3.577637
money_orders_from_abroad,per_head,as_printed,2021,24,True,post,131.286493,0.059618,0.36551,0.425644,3.490511
money_orders_from_abroad,per_head,as_printed,2022,24,True,post,131.200359,0.049508,0.328643,0.387864,3.397619
money_orders_from_abroad,per_head,as_printed,2023,24,True,post,138.370604,0.050258,0.329863,0.401196,3.62036
money_orders_from_abroad,per_head,constant,2005,23,True,pre,56.770098,0.093581,0.436275,0.416108,3.737214
money_orders_from_abroad,per_head,constant,2006,23,True,pre,59.472035,0.094422,0.438839,0.40989,3.708496
money_orders_from_abroad,per_head,constant,2007,23,True,pre,65.596172,0.086857,0.421173,0.386195,3.550607
money_orders_from_abroad,per_head,constant,2008,23,True,pre,66.750165,0.08721,0.424241,0.385528,3.455483
money_orders_from_abroad,per_head,constant,2009,23,True,pre,64.743167,0.09566,0.447798,0.412536,3.549605
money_orders_from_abroad,per_head,constant,2010,23,True,pre,64.171538,0.094216,0.446535,0.417235,3.510306
money_orders_from_abroad,per_head,constant,2013,22,False,post,57.814142,,,,
money_orders_from_abroad,per_head,constant,2014,21,False,post,64.508463,,,,
money_orders_from_abroad,per_head,constant,2015,23,True,post,53.431733,0.095749,0.457158,0.472879,4.235966
money_orders_from_abroad,per_head,constant,2016,23,True,post,54.030071,0.097598,0.467862,0.516527,4.459831
money_orders_from_abroad,per_head,constant,2017,23,True,post,56.807498,0.083874,0.424677,0.443988,3.959165
money_orders_from_abroad,per_head,constant,2018,23,True,post,67.223243,0.088492,0.442586,0.48256,4.16358
money_orders_from_abroad,per_head,constant,2019,23,True,post,75.845711,0.082915,0.430126,0.453878,3.628099
money_orders_from_abroad,per_head,constant,2020,23,True,post,97.080946,0.074265,0.413056,0.458814,3.577637
money_orders_from_abroad,per_head,constant,2021,23,True,post,133.195973,0.059614,0.365504,0.422767,3.490511
money_orders_from_abroad,per_head,constant,2022,23,True,post,132.861114,0.04949,0.328603,0.386401,3.397619
money_orders_from_abroad,per_head,constant,2023,23,True,post,140.128534,0.050159,0.329654,0.399832,3.62036
money_orders_from_abroad,share_of_national,as_printed,2003,24,True,pre,0.041667,,,0.788584,11.051656
money_orders_from_abroad,share_of_national,as_printed,2004,24,True,pre,0.041667,,,0.807876,10.83979
money_orders_from_abroad,share_of_national,as_printed,2005,24,True,pre,0.041667,0.249867,0.780599,0.818126,10.125102
money_orders_from_abroad,share_of_national,as_printed,2006,24,True,pre,0.041667,0.263545,0.81329,0.845985,10.593581
money_orders_from_abroad,share_of_national,as_printed,2007,24,True,pre,0.041667,0.250779,0.790713,0.825253,9.151649
money_orders_from_abroad,share_of_national,as_printed,2008,24,True,pre,0.041667,0.254432,0.799188,0.835077,9.273783
money_orders_from_abroad,share_of_national,as_printed,2009,24,True,pre,0.041667,0.264477,0.817484,0.857947,10.254003
money_orders_from_abroad,share_of_national,as_printed,2010,24,True,pre,0.041667,0.271711,0.831147,0.873475,11.054354
money_orders_from_abroad,share_of_national,as_printed,2013,23,False,post,0.043478,,,,
money_orders_from_abroad,share_of_national,as_printed,2014,22,False,post,0.045455,,,,
money_orders_from_abroad,share_of_national,as_printed,2015,24,True,post,0.041667,0.224249,0.726556,0.793529,12.463798
money_orders_from_abroad,share_of_national,as_printed,2016,24,True,post,0.041667,0.21267,0.707344,0.767722,12.131849
money_orders_from_abroad,share_of_national,as_printed,2017,24,True,post,0.041667,0.208674,0.702807,0.762821,11.488527
money_orders_from_abroad,share_of_national,as_printed,2018,24,True,post,0.041667,0.204082,0.69531,0.753844,11.500639
money_orders_from_abroad,share_of_national,as_printed,2019,24,True,post,0.041667,0.198701,0.682105,0.753194,11.912503
money_orders_from_abroad,share_of_national,as_printed,2020,24,True,post,0.041667,0.142208,0.548075,0.637005,10.282353
money_orders_from_abroad,share_of_national,as_printed,2021,24,True,post,0.041667,0.139139,0.531685,0.628996,9.813676
money_orders_from_abroad,share_of_national,as_printed,2022,24,True,post,0.041667,0.140364,0.531294,0.634214,10.177136
money_orders_from_abroad,share_of_national,as_printed,2023,24,True,post,0.041667,0.142547,0.529197,0.639195,10.578349
money_orders_from_abroad,share_of_national,constant,2003,23,True,pre,0.043478,,,0.767015,11.051656
money_orders_from_abroad,share_of_national,constant,2004,23,True,pre,0.043478,,,0.788007,10.83979
money_orders_from_abroad,share_of_national,constant,2005,23,True,pre,0.043478,0.229386,0.738745,0.798623,10.125102
money_orders_from_abroad,share_of_national,constant,2006,23,True,pre,0.043478,0.241931,0.770129,0.825601,10.593581
money_orders_from_abroad,share_of_national,constant,2007,23,True,pre,0.043478,0.230123,0.747572,0.806726,9.151649
money_orders_from_abroad,share_of_national,constant,2008,23,True,pre,0.043478,0.232525,0.755568,0.814221,9.273783
money_orders_from_abroad,share_of_national,constant,2009,23,True,pre,0.043478,0.242257,0.773019,0.83747,10.254003
money_orders_from_abroad,share_of_national,constant,2010,23,True,pre,0.043478,0.249111,0.78572,0.853631,11.054354
money_orders_from_abroad,share_of_national,constant,2013,22,False,post,0.045455,,,,
money_orders_from_abroad,share_of_national,constant,2014,21,False,post,0.047619,,,,
money_orders_from_abroad,share_of_national,constant,2015,23,True,post,0.043478,0.207067,0.683767,0.782939,12.463798
money_orders_from_abroad,share_of_national,constant,2016,23,True,post,0.043478,0.195511,0.66448,0.756506,12.131849
money_orders_from_abroad,share_of_national,constant,2017,23,True,post,0.043478,0.192455,0.660347,0.753986,11.488527
money_orders_from_abroad,share_of_national,constant,2018,23,True,post,0.043478,0.18886,0.653371,0.746801,11.500639
money_orders_from_abroad,share_of_national,constant,2019,23,True,post,0.043478,0.184022,0.641071,0.746772,11.912503
money_orders_from_abroad,share_of_national,constant,2020,23,True,post,0.043478,0.128829,0.511257,0.627463,10.282353
money_orders_from_abroad,share_of_national,constant,2021,23,True,post,0.043478,0.12377,0.492156,0.616755,9.813676
money_orders_from_abroad,share_of_national,constant,2022,23,True,post,0.043478,0.126011,0.493116,0.625134,10.177136
money_orders_from_abroad,share_of_national,constant,2023,23,True,post,0.043478,0.127314,0.489752,0.629136,10.578349
primary_classrooms,per_head,as_printed,2005,24,True,pre,3.001599,0.021376,0.206192,0.195589,1.920226
primary_classrooms,per_head,as_printed,2006,24,True,pre,2.817062,0.019314,0.196153,0.186535,1.845509
primary_classrooms,per_head,as_printed,2007,24,True,pre,2.74967,0.018937,0.19379,0.185187,1.894165
primary_classrooms,per_head,as_printed,2008,24,True,pre,2.692377,0.018635,0.19244,0.184563,1.871634
primary_classrooms,per_head,as_printed,2009,24,True,pre,2.623692,0.016941,0.183626,0.175772,1.773479
primary_classrooms,per_head,as_printed,2010,24,True,pre,2.607568,0.020374,0.200821,0.187588,1.845214
primary_classrooms,per_head,as_printed,2011,24,True,post,2.605358,0.020878,0.203281,0.190853,1.878916
primary_classrooms,per_head,as_printed,2012,24,True,post,2.612362,0.022008,0.209128,0.198052,1.903384
primary_classrooms,per_head,as_printed,2013,24,True,post,2.625421,0.024094,0.218552,0.205286,1.974233
primary_classrooms,per_head,as_printed,2014,24,True,post,2.654343,0.027091,0.232398,0.219173,2.074461
primary_classrooms,per_head,as_printed,2015,24,True,post,2.635984,0.027678,0.23553,0.221678,2.120689
primary_classrooms,per_head,as_printed,2016,24,True,post,2.605686,0.027106,0.232791,0.219636,2.117946
primary_classrooms,per_head,as_printed,2017,24,True,post,2.586904,0.026943,0.231709,0.217924,2.093326
primary_classrooms,per_head,as_printed,2018,24,True,post,2.592389,0.028244,0.237306,0.223435,2.14283
primary_classrooms,per_head,constant,2005,23,True,pre,3.040018,0.021079,0.205121,0.186174,1.862592
primary_classrooms,per_head,constant,2006,23,True,pre,2.851369,0.019065,0.195197,0.17778,1.795781
primary_classrooms,per_head,constant,2007,23,True,pre,2.783498,0.018489,0.192064,0.175346,1.826764
primary_classrooms,per_head,constant,2008,23,True,pre,2.724739,0.018072,0.190239,0.174743,1.798398
primary_classrooms,per_head,constant,2009,23,True,pre,2.657591,0.016697,0.182653,0.16488,1.702435
primary_classrooms,per_head,constant,2010,23,True,pre,2.643377,0.01996,0.199361,0.175498,1.766178
primary_classrooms,per_head,constant,2011,23,True,post,2.640884,0.020336,0.201384,0.178807,1.793469
primary_classrooms,per_head,constant,2012,23,True,post,2.648551,0.021376,0.206988,0.185933,1.832037
primary_classrooms,per_head,constant,2013,23,True,post,2.662466,0.023449,0.216478,0.19327,1.899114
primary_classrooms,per_head,constant,2014,23,True,post,2.693277,0.026304,0.230062,0.206852,1.988293
primary_classrooms,per_head,constant,2015,23,True,post,2.674137,0.026855,0.233109,0.20981,2.030906
primary_classrooms,per_head,constant,2016,23,True,post,2.642961,0.026179,0.230027,0.207667,2.023806
primary_classrooms,per_head,constant,2017,23,True,post,2.624096,0.02605,0.229039,0.205822,2.002881
primary_classrooms,per_head,constant,2018,23,True,post,2.630472,0.027285,0.234538,0.211054,2.047475
primary_classrooms,share_of_national,as_printed,2000,24,True,pre,0.041667,,,0.408408,4.569582
primary_classrooms,share_of_national,as_printed,2001,24,True,pre,0.041667,,,0.407353,4.58
primary_classrooms,share_of_national,as_printed,2002,24,True,pre,0.041667,,,0.405615,4.53288
primary_classrooms,share_of_national,as_printed,2003,24,True,pre,0.041667,,,0.401969,4.49887
primary_classrooms,share_of_national,as_printed,2004,24,True,pre,0.041667,,,0.397812,4.426339
primary_classrooms,share_of_national,as_printed,2005,24,True,pre,0.041667,0.057174,0.332367,0.397398,4.424423
primary_classrooms,share_of_national,as_printed,2006,24,True,pre,0.041667,0.058762,0.336037,0.405777,4.655285
primary_classrooms,share_of_national,as_printed,2007,24,True,pre,0.041667,0.059006,0.336643,0.40652,4.716183
primary_classrooms,share_of_national,as_printed,2008,24,True,pre,0.041667,0.057911,0.333174,0.40347,4.674185
primary_classrooms,share_of_national,as_printed,2009,24,True,pre,0.041667,0.061019,0.342298,0.413696,4.818338
primary_classrooms,share_of_national,as_printed,2010,24,True,pre,0.041667,0.059684,0.336703,0.412162,4.760684
primary_classrooms,share_of_national,as_printed,2011,24,True,post,0.041667,0.058281,0.332306,0.408345,4.714286
primary_classrooms,share_of_national,as_printed,2012,24,True,post,0.041667,0.057562,0.331032,0.403978,4.642384
primary_classrooms,share_of_national,as_printed,2013,24,True,post,0.041667,0.055796,0.32529,0.400101,4.572358
primary_classrooms,share_of_national,as_printed,2014,24,True,post,0.041667,0.055512,0.325132,0.39746,4.507522
primary_classrooms,share_of_national,as_printed,2015,24,True,post,0.041667,0.055269,0.323753,0.398936,4.530531
primary_classrooms,share_of_national,as_printed,2016,24,True,post,0.041667,0.05603,0.326105,0.402364,4.57496
primary_classrooms,share_of_national,as_printed,2017,24,True,post,0.041667,0.056052,0.326469,0.403038,4.598563
primary_classrooms,share_of_national,as_printed,2018,24,True,post,0.041667,0.055445,0.324221,0.401975,4.605892
primary_classrooms,share_of_national,constant,2000,23,True,pre,0.043478,,,0.392861,4.569582
primary_classrooms,share_of_national,constant,2001,23,True,pre,0.043478,,,0.390988,4.58
primary_classrooms,share_of_national,constant,2002,23,True,pre,0.043478,,,0.389119,4.53288
primary_classrooms,share_of_national,constant,2003,23,True,pre,0.043478,,,0.386865,4.49887
primary_classrooms,share_of_national,constant,2004,23,True,pre,0.043478,,,0.383428,4.426339
primary_classrooms,share_of_national,constant,2005,23,True,pre,0.043478,0.046937,0.297674,0.383494,4.424423
primary_classrooms,share_of_national,constant,2006,23,True,pre,0.043478,0.049058,0.30289,0.394289,4.655285
primary_classrooms,share_of_national,constant,2007,23,True,pre,0.043478,0.049097,0.302842,0.395249,4.716183
primary_classrooms,share_of_national,constant,2008,23,True,pre,0.043478,0.048536,0.300508,0.394053,4.674185
primary_classrooms,share_of_national,constant,2009,23,True,pre,0.043478,0.050883,0.308126,0.402593,4.818338
primary_classrooms,share_of_national,constant,2010,23,True,pre,0.043478,0.048898,0.300441,0.399429,4.760684
primary_classrooms,share_of_national,constant,2011,23,True,post,0.043478,0.047854,0.296585,0.396853,4.714286
primary_classrooms,share_of_national,constant,2012,23,True,post,0.043478,0.04725,0.295388,0.393047,4.642384
primary_classrooms,share_of_national,constant,2013,23,True,post,0.043478,0.045799,0.290098,0.389816,4.572358
primary_classrooms,share_of_national,constant,2014,23,True,post,0.043478,0.045173,0.288811,0.386522,4.507522
primary_classrooms,share_of_national,constant,2015,23,True,post,0.043478,0.045382,0.28855,0.389445,4.530531
primary_classrooms,share_of_national,constant,2016,23,True,post,0.043478,0.04632,0.291429,0.39394,4.57496
primary_classrooms,share_of_national,constant,2017,23,True,post,0.043478,0.046619,0.29251,0.39554,4.598563
primary_classrooms,share_of_national,constant,2018,23,True,post,0.043478,0.045902,0.289755,0.394343,4.605892
primary_pupils,per_head,as_printed,2005,24,True,pre,114.549925,0.009455,0.136953,0.122734,1.540004
primary_pupils,per_head,as_printed,2006,24,True,pre,106.338049,0.008512,0.130023,0.116435,1.511705
primary_pupils,per_head,as_printed,2007,24,True,pre,101.790296,0.007862,0.124895,0.111524,1.480953
primary_pupils,per_head,as_printed,2008,24,True,pre,99.176134,0.006997,0.117829,0.10519,1.436631
primary_pupils,per_head,as_printed,2009,24,True,pre,98.186609,0.006436,0.113105,0.101353,1.41974
primary_pupils,per_head,as_printed,2010,24,True,pre,96.547082,0.006955,0.117014,0.102068,1.439162
primary_pupils,per_head,as_printed,2011,24,True,post,96.675214,0.007312,0.119941,0.104945,1.458661
primary_pupils,per_head,as_printed,2012,24,True,post,97.049928,0.00751,0.121492,0.106658,1.467929
primary_pupils,per_head,as_printed,2013,24,True,post,98.088216,0.008031,0.125353,0.109725,1.484967
primary_pupils,per_head,as_printed,2014,24,True,post,98.790705,0.008552,0.129224,0.112634,1.501612
primary_pupils,per_head,as_printed,2015,24,True,post,98.688803,0.009006,0.132597,0.115905,1.516251
primary_pupils,per_head,as_printed,2016,24,True,post,99.632653,0.009293,0.134431,0.117607,1.521353
primary_pupils,per_head,as_printed,2017,24,True,post,100.627762,0.009671,0.13699,0.11995,1.525336
primary_pupils,per_head,as_printed,2018,24,True,post,102.176868,0.010119,0.139945,0.122475,1.535352
primary_pupils,per_head,as_printed,2019,24,True,post,103.407071,0.010734,0.144051,0.126582,1.54896
primary_pupils,per_head,as_printed,2020,24,True,post,105.502528,0.011008,0.146191,0.129792,1.551109
primary_pupils,per_head,as_printed,2021,24,True,post,105.859432,0.011949,0.152439,0.136038,1.572881
primary_pupils,per_head,as_printed,2022,24,True,post,106.295227,0.013254,0.160552,0.143812,1.603718
primary_pupils,per_head,as_printed,2023,24,True,post,105.34346,0.014714,0.169322,0.153005,1.655469
primary_pupils,per_head,constant,2005,23,True,pre,115.476125,0.009449,0.136918,0.117954,1.514995
primary_pupils,per_head,constant,2006,23,True,pre,107.167586,0.008509,0.130008,0.111742,1.485538
primary_pupils,per_head,constant,2007,23,True,pre,102.575138,0.007861,0.124892,0.106651,1.456553
primary_pupils,per_head,constant,2008,23,True,pre,99.898721,0.006996,0.117819,0.100606,1.409388
primary_pupils,per_head,constant,2009,23,True,pre,98.875008,0.006436,0.113103,0.096988,1.391738
primary_pupils,per_head,constant,2010,23,True,pre,97.24331,0.006916,0.116732,0.097054,1.408352
primary_pupils,per_head,constant,2011,23,True,post,97.398362,0.007272,0.119668,0.099672,1.426584
primary_pupils,per_head,constant,2012,23,True,post,97.783528,0.007452,0.1211,0.101239,1.432531
primary_pupils,per_head,constant,2013,23,True,post,98.864547,0.007939,0.124751,0.103645,1.446921
primary_pupils,per_head,constant,2014,23,True,post,99.590961,0.008405,0.128297,0.106073,1.468213
primary_pupils,per_head,constant,2015,23,True,post,99.493719,0.008805,0.131359,0.109167,1.485759
primary_pupils,per_head,constant,2016,23,True,post,100.462725,0.009055,0.132995,0.110472,1.488295
primary_pupils,per_head,constant,2017,23,True,post,101.479268,0.009422,0.135522,0.112742,1.491614
primary_pupils,per_head,constant,2018,23,True,post,103.060513,0.009839,0.138338,0.114986,1.499493
primary_pupils,per_head,constant,2019,23,True,post,104.343655,0.010472,0.142605,0.118838,1.514039
primary_pupils,per_head,constant,2020,23,True,post,106.454647,0.010784,0.144969,0.122616,1.518834
primary_pupils,per_head,constant,2021,23,True,post,106.865642,0.011763,0.151475,0.128714,1.542961
primary_pupils,per_head,constant,2022,23,True,post,107.341247,0.01309,0.15975,0.136611,1.574914
primary_pupils,per_head,constant,2023,23,True,post,106.418677,0.014551,0.168572,0.145847,1.625588
primary_pupils,share_of_national,as_printed,1998,23,False,pre,0.043478,,,,
primary_pupils,share_of_national,as_printed,1999,23,False,pre,0.043478,,,,
primary_pupils,share_of_national,as_printed,2000,24,True,pre,0.041667,,,0.436844,5.091767
primary_pupils,share_of_national,as_printed,2001,24,True,pre,0.041667,,,0.439227,5.147479
primary_pupils,share_of_national,as_printed,2002,24,True,pre,0.041667,,,0.440801,5.191775
primary_pupils,share_of_national,as_printed,2003,24,True,pre,0.041667,,,0.446129,5.288923
primary_pupils,share_of_national,as_printed,2004,24,True,pre,0.041667,,,0.450334,5.357088
primary_pupils,share_of_national,as_printed,2005,24,True,pre,0.041667,0.071325,0.368165,0.453383,5.40849
primary_pupils,share_of_national,as_printed,2006,24,True,pre,0.041667,0.072976,0.372473,0.459208,5.495123
primary_pupils,share_of_national,as_printed,2007,24,True,pre,0.041667,0.073983,0.375051,0.463248,5.548828
primary_pupils,share_of_national,as_printed,2008,24,True,pre,0.041667,0.076215,0.380881,0.470672,5.692295
primary_pupils,share_of_national,as_printed,2009,24,True,pre,0.041667,0.076987,0.382606,0.473801,5.786512
primary_pupils,share_of_national,as_printed,2010,24,True,pre,0.041667,0.077947,0.38484,0.478607,5.881583
primary_pupils,share_of_national,as_printed,2011,24,True,post,0.041667,0.078844,0.38697,0.482587,5.95917
primary_pupils,share_of_national,as_printed,2012,24,True,post,0.041667,0.080268,0.390696,0.487719,6.024511
primary_pupils,share_of_national,as_printed,2013,24,True,post,0.041667,0.080264,0.390686,0.488801,5.974809
primary_pupils,share_of_national,as_printed,2014,24,True,post,0.041667,0.080577,0.39156,0.490919,5.988196
primary_pupils,share_of_national,as_printed,2015,24,True,post,0.041667,0.080773,0.39227,0.492136,5.977365
primary_pupils,share_of_national,as_printed,2016,24,True,post,0.041667,0.081383,0.394635,0.493895,5.919859
primary_pupils,share_of_national,as_printed,2017,24,True,post,0.041667,0.081798,0.396559,0.495161,5.878181
primary_pupils,share_of_national,as_printed,2018,24,True,post,0.041667,0.081319,0.39586,0.494252,5.832624
primary_pupils,share_of_national,as_printed,2019,24,True,post,0.041667,0.080946,0.395353,0.493496,5.779211
primary_pupils,share_of_national,as_printed,2020,24,True,post,0.041667,0.080425,0.394286,0.492253,5.725078
primary_pupils,share_of_national,as_printed,2021,24,True,post,0.041667,0.079632,0.392803,0.48966,5.608562
primary_pupils,share_of_national,as_printed,2022,24,True,post,0.041667,0.078971,0.391559,0.487801,5.498597
primary_pupils,share_of_national,as_printed,2023,24,True,post,0.041667,0.077586,0.388312,0.483525,5.362375
primary_pupils,share_of_national,constant,1998,23,True,pre,0.043478,,,0.421856,4.878913
primary_pupils,share_of_national,constant,1999,23,True,pre,0.043478,,,0.426318,4.964157
primary_pupils,share_of_national,constant,2000,23,True,pre,0.043478,,,0.431632,5.091767
primary_pupils,share_of_national,constant,2001,23,True,pre,0.043478,,,0.433751,5.147479
primary_pupils,share_of_national,constant,2002,23,True,pre,0.043478,,,0.435708,5.191775
primary_pupils,share_of_national,constant,2003,23,True,pre,0.043478,,,0.441193,5.288923
primary_pupils,share_of_national,constant,2004,23,True,pre,0.043478,,,0.445734,5.357088
primary_pupils,share_of_national,constant,2005,23,True,pre,0.043478,0.063759,0.342071,0.450145,5.40849
primary_pupils,share_of_national,constant,2006,23,True,pre,0.043478,0.065785,0.347369,0.457508,5.495123
primary_pupils,share_of_national,constant,2007,23,True,pre,0.043478,0.067167,0.350883,0.462987,5.548828
primary_pupils,share_of_national,constant,2008,23,True,pre,0.043478,0.069862,0.35788,0.472195,5.692295
primary_pupils,share_of_national,constant,2009,23,True,pre,0.043478,0.071077,0.360731,0.476709,5.795832
primary_pupils,share_of_national,constant,2010,23,True,pre,0.043478,0.072038,0.362847,0.481901,5.881583
primary_pupils,share_of_national,constant,2011,23,True,post,0.043478,0.072919,0.364921,0.486034,5.95917
primary_pupils,share_of_national,constant,2012,23,True,post,0.043478,0.074394,0.368706,0.491641,6.024511
primary_pupils,share_of_national,constant,2013,23,True,post,0.043478,0.074288,0.36834,0.492653,5.974809
primary_pupils,share_of_national,constant,2014,23,True,post,0.043478,0.074654,0.369215,0.495185,5.988196
primary_pupils,share_of_national,constant,2015,23,True,post,0.043478,0.07503,0.370236,0.49703,5.977365
primary_pupils,share_of_national,constant,2016,23,True,post,0.043478,0.075716,0.372644,0.499175,5.919859
primary_pupils,share_of_national,constant,2017,23,True,post,0.043478,0.076392,0.375088,0.501175,5.895584
primary_pupils,share_of_national,constant,2018,23,True,post,0.043478,0.076155,0.374861,0.500901,5.88699
primary_pupils,share_of_national,constant,2019,23,True,post,0.043478,0.075787,0.374307,0.500122,5.860286
primary_pupils,share_of_national,constant,2020,23,True,post,0.043478,0.0758,0.374589,0.499956,5.83571
primary_pupils,share_of_national,constant,2021,23,True,post,0.043478,0.074788,0.372573,0.496609,5.733806
primary_pupils,share_of_national,constant,2022,23,True,post,0.043478,0.074069,0.371184,0.494362,5.659952
primary_pupils,share_of_national,constant,2023,23,True,post,0.043478,0.072661,0.367868,0.48977,5.541351
primary_schools,per_head,as_printed,2005,24,True,pre,0.500384,0.081101,0.399759,0.36348,3.592425
primary_schools,per_head,as_printed,2006,24,True,pre,0.497802,0.082518,0.403916,0.367141,3.63431
primary_schools,per_head,as_printed,2007,24,True,pre,0.495117,0.084794,0.409571,0.372189,3.716019
primary_schools,per_head,as_printed,2008,24,True,pre,0.492362,0.086502,0.414347,0.376343,3.776371
primary_schools,per_head,as_printed,2009,24,True,pre,0.48833,0.087082,0.416347,0.378567,3.796141
primary_schools,per_head,as_printed,2010,24,True,pre,0.48601,0.092017,0.427823,0.387133,3.933476
primary_schools,per_head,as_printed,2011,24,True,post,0.483395,0.094279,0.433691,0.392486,4.021971
primary_schools,per_head,as_printed,2012,24,True,post,0.48013,0.096167,0.438623,0.396753,4.083239
primary_schools,per_head,as_printed,2013,24,True,post,0.479204,0.099794,0.447471,0.403699,4.195995
primary_schools,per_head,as_printed,2014,24,True,post,0.478884,0.102284,0.453758,0.409045,4.288576
primary_schools,per_head,as_printed,2015,24,True,post,0.474245,0.10348,0.456591,0.411086,4.314742
primary_schools,per_head,as_printed,2016,24,True,post,0.468371,0.102576,0.454965,0.411131,4.296661
primary_schools,per_head,as_printed,2017,24,True,post,0.464664,0.102335,0.454462,0.410092,4.264302
primary_schools,per_head,as_printed,2018,24,True,post,0.46179,0.103052,0.456599,0.412371,4.270039
primary_schools,per_head,as_printed,2019,24,True,post,0.458146,0.103696,0.458114,0.413396,4.276763
primary_schools,per_head,as_printed,2020,24,True,post,0.454864,0.103846,0.458363,0.41363,4.280013
primary_schools,per_head,as_printed,2021,24,True,post,0.452739,0.102907,0.45629,0.411677,4.242982
primary_schools,per_head,as_printed,2022,24,True,post,0.450939,0.102387,0.45508,0.410862,4.226255
primary_schools,per_head,as_printed,2023,24,True,post,0.448631,0.101625,0.45341,0.408492,4.171304
primary_schools,per_head,constant,2005,23,True,pre,0.511596,0.080511,0.398983,0.346157,3.358609
primary_schools,per_head,constant,2006,23,True,pre,0.50905,0.081929,0.403157,0.349672,3.398317
primary_schools,per_head,constant,2007,23,True,pre,0.506494,0.084126,0.408737,0.354194,3.483549
primary_schools,per_head,constant,2008,23,True,pre,0.503798,0.085786,0.413474,0.358059,3.546098
primary_schools,per_head,constant,2009,23,True,pre,0.499747,0.086337,0.415451,0.360091,3.559336
primary_schools,per_head,constant,2010,23,True,pre,0.49744,0.091022,0.426676,0.368579,3.693557
primary_schools,per_head,constant,2011,23,True,post,0.494864,0.093202,0.432482,0.373753,3.770327
primary_schools,per_head,constant,2012,23,True,post,0.491572,0.095056,0.437396,0.378013,3.827489
primary_schools,per_head,constant,2013,23,True,post,0.490752,0.098605,0.446204,0.384752,3.926953
primary_schools,per_head,constant,2014,23,True,post,0.490575,0.101009,0.45244,0.389731,4.00847
primary_schools,per_head,constant,2015,23,True,post,0.485919,0.102161,0.455252,0.391481,4.032206
primary_schools,per_head,constant,2016,23,True,post,0.479902,0.101312,0.453674,0.391582,4.024282
primary_schools,per_head,constant,2017,23,True,post,0.476171,0.101089,0.453197,0.390265,4.000203
primary_schools,per_head,constant,2018,23,True,post,0.473215,0.101822,0.455351,0.392713,4.009211
primary_schools,per_head,constant,2019,23,True,post,0.469528,0.102493,0.456903,0.39363,4.020112
primary_schools,per_head,constant,2020,23,True,post,0.466198,0.102633,0.457147,0.393742,4.023139
primary_schools,per_head,constant,2021,23,True,post,0.463984,0.101784,0.455151,0.39191,3.99795
primary_schools,per_head,constant,2022,23,True,post,0.462152,0.101258,0.453934,0.39101,3.98279
primary_schools,per_head,constant,2023,23,True,post,0.459741,0.100578,0.452334,0.388782,3.940085
primary_schools,share_of_national,as_printed,1998,23,False,pre,0.043478,,,,
primary_schools,share_of_national,as_printed,1999,23,False,pre,0.043478,,,,
primary_schools,share_of_national,as_printed,2000,24,True,pre,0.041667,,,0.427671,4.760976
primary_schools,share_of_national,as_printed,2001,24,True,pre,0.041667,,,0.428843,4.716346
primary_schools,share_of_national,as_printed,2002,24,True,pre,0.041667,,,0.429144,4.695238
primary_schools,share_of_national,as_printed,2003,24,True,pre,0.041667,,,0.428428,4.690476
primary_schools,share_of_national,as_printed,2004,24,True,pre,0.041667,,,0.42844,4.682464
primary_schools,share_of_national,as_printed,2005,24,True,pre,0.041667,0.073162,0.380075,0.428568,4.677725
primary_schools,share_of_national,as_printed,2006,24,True,pre,0.041667,0.073211,0.380161,0.428697,4.669811
primary_schools,share_of_national,as_printed,2007,24,True,pre,0.041667,0.073791,0.381564,0.429138,4.696682
primary_schools,share_of_national,as_printed,2008,24,True,pre,0.041667,0.074086,0.382396,0.429321,4.688679
primary_schools,share_of_national,as_printed,2009,24,True,pre,0.041667,0.073979,0.381978,0.428915,4.688679
primary_schools,share_of_national,as_printed,2010,24,True,pre,0.041667,0.074334,0.382861,0.428952,4.688679
primary_schools,share_of_national,as_printed,2011,24,True,post,0.041667,0.074567,0.383384,0.429131,4.698113
primary_schools,share_of_national,as_printed,2012,24,True,post,0.041667,0.074821,0.384354,0.429473,4.680751
primary_schools,share_of_national,as_printed,2013,24,True,post,0.041667,0.076704,0.389927,0.433779,4.71028
primary_schools,share_of_national,as_printed,2014,24,True,post,0.041667,0.077075,0.391135,0.433573,4.672811
primary_schools,share_of_national,as_printed,2015,24,True,post,0.041667,0.077517,0.392364,0.434534,4.66055
primary_schools,share_of_national,as_printed,2016,24,True,post,0.041667,0.077373,0.392238,0.434139,4.625571
primary_schools,share_of_national,as_printed,2017,24,True,post,0.041667,0.077448,0.392689,0.434064,4.572072
primary_schools,share_of_national,as_printed,2018,24,True,post,0.041667,0.077395,0.393148,0.433669,4.540179
primary_schools,share_of_national,as_printed,2019,24,True,post,0.041667,0.077757,0.394349,0.434622,4.528889
primary_schools,share_of_national,as_printed,2020,24,True,post,0.041667,0.078138,0.395476,0.435288,4.533333
primary_schools,share_of_national,as_printed,2021,24,True,post,0.041667,0.077832,0.395082,0.434936,4.47807
primary_schools,share_of_national,as_printed,2022,24,True,post,0.041667,0.077967,0.395428,0.435247,4.482456
primary_schools,share_of_national,as_printed,2023,24,True,post,0.041667,0.077574,0.394612,0.435273,4.454148
primary_schools,share_of_national,constant,1998,23,True,pre,0.043478,,,0.387784,4.194805
primary_schools,share_of_national,constant,1999,23,True,pre,0.043478,,,0.389882,4.21645
primary_schools,share_of_national,constant,2000,23,True,pre,0.043478,,,0.389063,4.206897
primary_schools,share_of_national,constant,2001,23,True,pre,0.043478,,,0.390744,4.2103
primary_schools,share_of_national,constant,2002,23,True,pre,0.043478,,,0.391513,4.23176
primary_schools,share_of_national,constant,2003,23,True,pre,0.043478,,,0.39075,4.209402
primary_schools,share_of_national,constant,2004,23,True,pre,0.043478,,,0.390966,4.222222
primary_schools,share_of_national,constant,2005,23,True,pre,0.043478,0.055276,0.334316,0.391121,4.236052
primary_schools,share_of_national,constant,2006,23,True,pre,0.043478,0.055195,0.33395,0.391406,4.248927
primary_schools,share_of_national,constant,2007,23,True,pre,0.043478,0.055387,0.334626,0.391562,4.253219
primary_schools,share_of_national,constant,2008,23,True,pre,0.043478,0.055434,0.334903,0.391692,4.247863
primary_schools,share_of_national,constant,2009,23,True,pre,0.043478,0.05517,0.334057,0.391223,4.247863
primary_schools,share_of_national,constant,2010,23,True,pre,0.043478,0.055103,0.33387,0.391252,4.247863
primary_schools,share_of_national,constant,2011,23,True,post,0.043478,0.055066,0.333746,0.391388,4.25641
primary_schools,share_of_national,constant,2012,23,True,post,0.043478,0.055193,0.334279,0.392019,4.260684
primary_schools,share_of_national,constant,2013,23,True,post,0.043478,0.056687,0.339501,0.396321,4.289362
primary_schools,share_of_national,constant,2014,23,True,post,0.043478,0.05668,0.339955,0.395891,4.242678
primary_schools,share_of_national,constant,2015,23,True,post,0.043478,0.056841,0.340634,0.3968,4.251046
primary_schools,share_of_national,constant,2016,23,True,post,0.043478,0.056748,0.340231,0.396983,4.274262
primary_schools,share_of_national,constant,2017,23,True,post,0.043478,0.056691,0.340257,0.397085,4.246862
primary_schools,share_of_national,constant,2018,23,True,post,0.043478,0.056727,0.340499,0.397378,4.25523
primary_schools,share_of_national,constant,2019,23,True,post,0.043478,0.057026,0.341464,0.398638,4.263598
primary_schools,share_of_national,constant,2020,23,True,post,0.043478,0.057297,0.342416,0.399344,4.267782
primary_schools,share_of_national,constant,2021,23,True,post,0.043478,0.05723,0.342262,0.399481,4.254167
primary_schools,share_of_national,constant,2022,23,True,post,0.043478,0.057299,0.34249,0.399817,4.258333
primary_schools,share_of_national,constant,2023,23,True,post,0.043478,0.057168,0.341895,0.400437,4.25
primary_teachers,per_head,as_printed,2005,24,True,pre,6.055828,0.01397,0.165237,0.151139,1.652961
primary_teachers,per_head,as_printed,2006,24,True,pre,5.947144,0.014474,0.168661,0.154453,1.650454
primary_teachers,per_head,as_printed,2007,24,True,pre,6.012132,0.016168,0.178804,0.164747,1.697608
primary_teachers,per_head,as_printed,2008,24,True,pre,5.999001,0.01634,0.179891,0.166161,1.715266
primary_teachers,per_head,as_printed,2009,24,True,pre,5.898585,0.016686,0.182137,0.168945,1.72838
primary_teachers,per_head,as_printed,2010,24,True,pre,5.72608,0.01884,0.19338,0.178217,1.805188
primary_teachers,per_head,as_printed,2011,24,True,post,5.81848,0.01983,0.198061,0.179927,1.811522
primary_teachers,per_head,as_printed,2012,24,True,post,5.869064,0.020456,0.201266,0.184039,1.837885
primary_teachers,per_head,as_printed,2013,24,True,post,6.118276,0.023132,0.213339,0.194078,1.925002
primary_teachers,per_head,as_printed,2014,24,True,post,6.14859,0.023272,0.214166,0.195762,1.915794
primary_teachers,per_head,as_printed,2015,24,True,post,6.22133,0.024108,0.217289,0.196465,1.929708
primary_teachers,per_head,as_printed,2016,24,True,post,6.033432,0.023164,0.213747,0.198769,1.89676
primary_teachers,per_head,as_printed,2017,24,True,post,5.923479,0.022575,0.211822,0.199155,1.915119
primary_teachers,per_head,as_printed,2018,24,True,post,5.84087,0.024888,0.222734,0.20723,1.982653
primary_teachers,per_head,as_printed,2019,24,True,post,6.050801,0.026421,0.229371,0.211606,2.019705
primary_teachers,per_head,as_printed,2020,24,True,post,6.283672,0.028017,0.234639,0.21469,2.046261
primary_teachers,per_head,as_printed,2021,24,True,post,6.500668,0.028216,0.235083,0.211766,2.026586
primary_teachers,per_head,as_printed,2022,24,True,post,6.732467,0.027674,0.233379,0.210705,2.035644
primary_teachers,per_head,as_printed,2023,24,True,post,6.580233,0.028178,0.234992,0.21112,2.058391
primary_teachers,per_head,constant,2005,23,True,pre,6.122124,0.013911,0.164961,0.142885,1.607816
primary_teachers,per_head,constant,2006,23,True,pre,6.013486,0.014426,0.168443,0.146125,1.604528
primary_teachers,per_head,constant,2007,23,True,pre,6.082538,0.01611,0.17856,0.156107,1.656569
primary_teachers,per_head,constant,2008,23,True,pre,6.071413,0.016276,0.179622,0.156909,1.672962
primary_teachers,per_head,constant,2009,23,True,pre,5.970447,0.016602,0.181789,0.159605,1.679988
primary_teachers,per_head,constant,2010,23,True,pre,5.79788,0.018582,0.192399,0.168219,1.752073
primary_teachers,per_head,constant,2011,23,True,post,5.89199,0.019522,0.196921,0.169704,1.751372
primary_teachers,per_head,constant,2012,23,True,post,5.94368,0.020139,0.200113,0.173973,1.784537
primary_teachers,per_head,constant,2013,23,True,post,6.198891,0.022584,0.211493,0.183166,1.85637
primary_teachers,per_head,constant,2014,23,True,post,6.231272,0.022723,0.212338,0.18452,1.849135
primary_teachers,per_head,constant,2015,23,True,post,6.305128,0.023403,0.214988,0.184767,1.853682
primary_teachers,per_head,constant,2016,23,True,post,6.114525,0.0225,0.211552,0.187449,1.816962
primary_teachers,per_head,constant,2017,23,True,post,6.005098,0.022103,0.210258,0.187851,1.812295
primary_teachers,per_head,constant,2018,23,True,post,5.924118,0.024356,0.221087,0.19551,1.873455
primary_teachers,per_head,constant,2019,23,True,post,6.13943,0.025823,0.227602,0.199327,1.924441
primary_teachers,per_head,constant,2020,23,True,post,6.379227,0.027308,0.232629,0.201324,1.966281
primary_teachers,per_head,constant,2021,23,True,post,6.600548,0.027753,0.23376,0.198509,1.958085
primary_teachers,per_head,constant,2022,23,True,post,6.833283,0.027254,0.232145,0.198239,1.975075
primary_teachers,per_head,constant,2023,23,True,post,6.676805,0.027723,0.233651,0.199162,1.993531
primary_teachers,share_of_national,as_printed,1998,23,False,pre,0.043478,,,,
primary_teachers,share_of_national,as_printed,1999,23,False,pre,0.043478,,,,
primary_teachers,share_of_national,as_printed,2000,24,True,pre,0.041667,,,0.421457,4.905584
primary_teachers,share_of_national,as_printed,2001,24,True,pre,0.041667,,,0.42603,5.020646
primary_teachers,share_of_national,as_printed,2002,24,True,pre,0.041667,,,0.42892,5.053374
primary_teachers,share_of_national,as_printed,2003,24,True,pre,0.041667,,,0.429872,5.043345
primary_teachers,share_of_national,as_printed,2004,24,True,pre,0.041667,,,0.432438,5.060571
primary_teachers,share_of_national,as_printed,2005,24,True,pre,0.041667,0.066371,0.35851,0.432176,5.053683
primary_teachers,share_of_national,as_printed,2006,24,True,pre,0.041667,0.065509,0.355328,0.430829,5.060811
primary_teachers,share_of_national,as_printed,2007,24,True,pre,0.041667,0.064659,0.352922,0.428707,5.028125
primary_teachers,share_of_national,as_printed,2008,24,True,pre,0.041667,0.063493,0.349344,0.425404,4.969207
primary_teachers,share_of_national,as_printed,2009,24,True,pre,0.041667,0.062583,0.34612,0.423568,4.946837
primary_teachers,share_of_national,as_printed,2010,24,True,pre,0.041667,0.063488,0.348656,0.426862,4.95954
primary_teachers,share_of_national,as_printed,2011,24,True,post,0.041667,0.063273,0.347645,0.428525,5.019976
primary_teachers,share_of_national,as_printed,2012,24,True,post,0.041667,0.063068,0.347256,0.428147,5.059985
primary_teachers,share_of_national,as_printed,2013,24,True,post,0.041667,0.062201,0.346417,0.423591,4.900797
primary_teachers,share_of_national,as_printed,2014,24,True,post,0.041667,0.061948,0.345482,0.423711,4.86669
primary_teachers,share_of_national,as_printed,2015,24,True,post,0.041667,0.062661,0.34765,0.427336,4.854766
primary_teachers,share_of_national,as_printed,2016,24,True,post,0.041667,0.064053,0.350248,0.433808,5.25179
primary_teachers,share_of_national,as_printed,2017,24,True,post,0.041667,0.065433,0.353793,0.439202,5.371384
primary_teachers,share_of_national,as_printed,2018,24,True,post,0.041667,0.064667,0.35142,0.437886,5.315891
primary_teachers,share_of_national,as_printed,2019,24,True,post,0.041667,0.06374,0.348442,0.435988,5.277654
primary_teachers,share_of_national,as_printed,2020,24,True,post,0.041667,0.065421,0.355102,0.438643,5.261921
primary_teachers,share_of_national,as_printed,2021,24,True,post,0.041667,0.064689,0.355834,0.43419,4.830295
primary_teachers,share_of_national,as_printed,2022,24,True,post,0.041667,0.060681,0.342534,0.423669,4.61916
primary_teachers,share_of_national,as_printed,2023,24,True,post,0.041667,0.061478,0.346238,0.425435,4.623662
primary_teachers,share_of_national,constant,1998,23,True,pre,0.043478,,,0.409636,4.806382
primary_teachers,share_of_national,constant,1999,23,True,pre,0.043478,,,0.408512,4.82853
primary_teachers,share_of_national,constant,2000,23,True,pre,0.043478,,,0.41112,4.905584
primary_teachers,share_of_national,constant,2001,23,True,pre,0.043478,,,0.415163,5.020646
primary_teachers,share_of_national,constant,2002,23,True,pre,0.043478,,,0.418064,5.053374
primary_teachers,share_of_national,constant,2003,23,True,pre,0.043478,,,0.42178,5.043345
primary_teachers,share_of_national,constant,2004,23,True,pre,0.043478,,,0.422285,5.060571
primary_teachers,share_of_national,constant,2005,23,True,pre,0.043478,0.056776,0.326861,0.422171,5.053683
primary_teachers,share_of_national,constant,2006,23,True,pre,0.043478,0.056097,0.323955,0.42143,5.060811
primary_teachers,share_of_national,constant,2007,23,True,pre,0.043478,0.055172,0.321156,0.419199,5.028125
primary_teachers,share_of_national,constant,2008,23,True,pre,0.043478,0.054055,0.317477,0.416127,4.969207
primary_teachers,share_of_national,constant,2009,23,True,pre,0.043478,0.053254,0.314341,0.41466,4.946837
primary_teachers,share_of_national,constant,2010,23,True,pre,0.043478,0.05377,0.315795,0.417582,4.95954
primary_teachers,share_of_national,constant,2011,23,True,post,0.043478,0.053655,0.314908,0.419755,5.019976
primary_teachers,share_of_national,constant,2012,23,True,post,0.043478,0.053749,0.315193,0.420379,5.059985
primary_teachers,share_of_national,constant,2013,23,True,post,0.043478,0.05253,0.313137,0.415153,4.900797
primary_teachers,share_of_national,constant,2014,23,True,post,0.043478,0.052355,0.31228,0.415768,4.86669
primary_teachers,share_of_national,constant,2015,23,True,post,0.043478,0.052936,0.314051,0.419553,4.854766
primary_teachers,share_of_national,constant,2016,23,True,post,0.043478,0.05436,0.316841,0.426672,5.25179
primary_teachers,share_of_national,constant,2017,23,True,post,0.043478,0.055788,0.320688,0.432395,5.371384
primary_teachers,share_of_national,constant,2018,23,True,post,0.043478,0.05476,0.317431,0.430462,5.315891
primary_teachers,share_of_national,constant,2019,23,True,post,0.043478,0.053573,0.313554,0.427986,5.277654
primary_teachers,share_of_national,constant,2020,23,True,post,0.043478,0.054339,0.31802,0.428814,5.261921
primary_teachers,share_of_national,constant,2021,23,True,post,0.043478,0.054438,0.320864,0.425728,4.833752
primary_teachers,share_of_national,constant,2022,23,True,post,0.043478,0.051742,0.310576,0.417756,4.640905
primary_teachers,share_of_national,constant,2023,23,True,post,0.043478,0.052984,0.31551,0.420758,4.641795
private_gym_members,per_head,as_printed,2007,24,True,pre,3.821354,0.359433,0.965547,0.865125,10.224805
private_gym_members,per_head,as_printed,2008,24,True,pre,3.956153,0.166177,0.576094,0.595751,6.689363
private_gym_members,per_head,as_printed,2009,24,True,pre,3.634175,0.131881,0.524445,0.564483,4.951412
private_gym_members,per_head,as_printed,2010,22,False,pre,4.397403,,,,
private_gym_members,per_head,as_printed,2011,24,True,post,4.246252,0.124973,0.503573,0.521992,5.348144
private_gym_members,per_head,as_printed,2012,24,True,post,4.145445,0.134347,0.498745,0.555662,6.659489
private_gym_members,per_head,as_printed,2013,24,True,post,4.591963,0.113713,0.47923,0.500083,4.97452
private_gym_members,per_head,as_printed,2014,24,True,post,4.596304,0.126278,0.514518,0.543717,5.727868
private_gym_members,per_head,as_printed,2015,24,True,post,4.769775,0.121501,0.506353,0.521867,5.412406
private_gym_members,per_head,as_printed,2016,24,True,post,4.758723,0.120234,0.503077,0.518141,5.351921
private_gym_members,per_head,as_printed,2017,24,True,post,5.690502,0.099203,0.459065,0.471425,4.477211
private_gym_members,per_head,as_printed,2018,24,True,post,5.716949,0.098116,0.456135,0.46833,4.435742
private_gym_members,per_head,as_printed,2019,24,True,post,12.829233,0.118154,0.482066,0.564142,7.251108
private_gym_members,per_head,as_printed,2020,24,True,post,12.675657,0.114665,0.477118,0.555676,6.893631
private_gym_members,per_head,as_printed,2021,24,True,post,12.666369,0.110689,0.468503,0.544258,6.418615
private_gym_members,per_head,as_printed,2022,24,True,post,13.797653,0.083883,0.395241,0.401339,4.283764
private_gym_members,per_head,as_printed,2023,24,True,post,16.557478,0.065756,0.349865,0.353887,3.657083
private_gym_members,per_head,constant,2007,23,True,pre,3.636626,0.359233,0.965183,0.893986,9.820518
private_gym_members,per_head,constant,2008,23,True,pre,3.77505,0.166176,0.576091,0.592873,6.405818
private_gym_members,per_head,constant,2009,23,True,pre,3.637947,0.124698,0.512645,0.564034,4.951412
private_gym_members,per_head,constant,2010,21,False,pre,4.231387,,,,
private_gym_members,per_head,constant,2011,23,True,post,4.080539,0.123542,0.498504,0.51209,5.072664
private_gym_members,per_head,constant,2012,23,True,post,3.992564,0.133047,0.494535,0.553616,6.327473
private_gym_members,per_head,constant,2013,23,True,post,4.423047,0.111074,0.469759,0.485761,4.630741
private_gym_members,per_head,constant,2014,23,True,post,4.418172,0.123305,0.50468,0.5318,5.330593
private_gym_members,per_head,constant,2015,23,True,post,4.591736,0.117892,0.494497,0.506508,4.998422
private_gym_members,per_head,constant,2016,23,True,post,4.583715,0.116481,0.490791,0.502682,4.934503
private_gym_members,per_head,constant,2017,23,True,post,5.528372,0.096556,0.450274,0.465208,4.190201
private_gym_members,per_head,constant,2018,23,True,post,5.557564,0.095406,0.447168,0.462369,4.148595
private_gym_members,per_head,constant,2019,23,True,post,12.897136,0.118036,0.481883,0.572471,7.251108
private_gym_members,per_head,constant,2020,23,True,post,12.742447,0.114543,0.476926,0.563868,6.893631
private_gym_members,per_head,constant,2021,23,True,post,12.737401,0.110565,0.468304,0.551982,6.418615
private_gym_members,per_head,constant,2022,23,True,post,13.631878,0.07919,0.382068,0.397132,4.19618
private_gym_members,per_head,constant,2023,23,True,post,16.399244,0.061817,0.33723,0.350121,3.657083
private_gym_members,share_of_national,as_printed,2007,24,True,pre,0.041667,0.7025,1.520694,1.630122,28.865031
private_gym_members,share_of_national,as_printed,2008,24,True,pre,0.041667,0.243364,0.691547,0.809236,15.589535
private_gym_members,share_of_national,as_printed,2009,24,True,pre,0.041667,0.240418,0.705349,0.816208,14.167914
private_gym_members,share_of_national,as_printed,2010,22,False,pre,0.045455,,,,
private_gym_members,share_of_national,as_printed,2011,24,True,post,0.041667,0.231671,0.692011,0.800365,13.415128
private_gym_members,share_of_national,as_printed,2012,24,True,post,0.041667,0.274441,0.718844,0.888349,16.27646
private_gym_members,share_of_national,as_printed,2013,24,True,post,0.041667,0.21038,0.647466,0.766194,11.271879
private_gym_members,share_of_national,as_printed,2014,24,True,post,0.041667,0.225138,0.667159,0.810321,15.140747
private_gym_members,share_of_national,as_printed,2015,24,True,post,0.041667,0.233426,0.687865,0.824384,12.68521
private_gym_members,share_of_national,as_printed,2016,24,True,post,0.041667,0.232651,0.686537,0.824425,12.691532
private_gym_members,share_of_national,as_printed,2017,24,True,post,0.041667,0.199345,0.634908,0.760632,11.125133
private_gym_members,share_of_national,as_printed,2018,24,True,post,0.041667,0.198654,0.633629,0.760628,11.126959
private_gym_members,share_of_national,as_printed,2019,24,True,post,0.041667,0.25253,0.685249,0.881502,22.428972
private_gym_members,share_of_national,as_printed,2020,24,True,post,0.041667,0.250935,0.684139,0.881378,20.503873
private_gym_members,share_of_national,as_printed,2021,24,True,post,0.041667,0.247533,0.679815,0.875909,20.073874
private_gym_members,share_of_national,as_printed,2022,24,True,post,0.041667,0.223468,0.674959,0.797519,9.613636
private_gym_members,share_of_national,as_printed,2023,24,True,post,0.041667,0.184502,0.613279,0.71128,7.680857
private_gym_members,share_of_national,constant,2007,23,True,pre,0.043478,0.681452,1.431091,1.651145,32.521472
private_gym_members,share_of_national,constant,2008,23,True,pre,0.043478,0.299102,0.788449,0.940276,18.97907
private_gym_members,share_of_national,constant,2009,23,True,pre,0.043478,0.219725,0.660561,0.803377,14.167914
private_gym_members,share_of_national,constant,2010,21,False,pre,0.047619,,,,
private_gym_members,share_of_national,constant,2011,23,True,post,0.043478,0.272021,0.750128,0.905135,16.30343
private_gym_members,share_of_national,constant,2012,23,True,post,0.043478,0.29379,0.736313,0.96039,17.085766
private_gym_members,share_of_national,constant,2013,23,True,post,0.043478,0.251562,0.713354,0.870616,13.893113
private_gym_members,share_of_national,constant,2014,23,True,post,0.043478,0.263696,0.724997,0.908727,18.231103
private_gym_members,share_of_national,constant,2015,23,True,post,0.043478,0.26824,0.733979,0.916544,15.208955
private_gym_members,share_of_national,constant,2016,23,True,post,0.043478,0.267719,0.733018,0.91657,15.216398
private_gym_members,share_of_national,constant,2017,23,True,post,0.043478,0.232434,0.682697,0.846301,13.267232
private_gym_members,share_of_national,constant,2018,23,True,post,0.043478,0.231962,0.681774,0.846287,13.26907
private_gym_members,share_of_national,constant,2019,23,True,post,0.043478,0.231626,0.641049,0.869285,22.428972
private_gym_members,share_of_national,constant,2020,23,True,post,0.043478,0.230087,0.639839,0.869376,20.503873
private_gym_members,share_of_national,constant,2021,23,True,post,0.043478,0.226651,0.635455,0.863689,20.073874
private_gym_members,share_of_national,constant,2022,23,True,post,0.043478,0.22117,0.651144,0.823303,10.295455
private_gym_members,share_of_national,constant,2023,23,True,post,0.043478,0.188829,0.603394,0.746102,8.433672
private_sports_halls,per_head,as_printed,2007,24,True,pre,0.045887,0.138909,0.522385,0.524938,5.288086
private_sports_halls,per_head,as_printed,2008,24,True,pre,0.051685,0.122702,0.48522,0.493445,5.325399
private_sports_halls,per_head,as_printed,2009,24,True,pre,0.052341,0.117766,0.481976,0.504085,4.389744
private_sports_halls,per_head,as_printed,2010,24,True,pre,0.05539,0.079798,0.392477,0.405461,3.374049
private_sports_halls,per_head,as_printed,2011,24,True,post,0.057838,0.092774,0.429527,0.443575,3.871679
private_sports_halls,per_head,as_printed,2012,24,True,post,0.063299,0.113883,0.472364,0.499528,5.443396
private_sports_halls,per_head,as_printed,2013,24,True,post,0.065533,0.106779,0.459011,0.481811,4.964223
private_sports_halls,per_head,as_printed,2014,24,True,post,0.067501,0.112769,0.47734,0.496419,3.998652
private_sports_halls,per_head,as_printed,2015,24,True,post,0.071043,0.135019,0.518599,0.54368,4.512356
private_sports_halls,per_head,as_printed,2016,24,True,post,0.070121,0.133258,0.514748,0.538962,4.460922
private_sports_halls,per_head,as_printed,2017,24,True,post,0.094782,0.134654,0.514012,0.508212,5.417134
private_sports_halls,per_head,as_printed,2018,24,True,post,0.09476,0.134555,0.503649,0.518694,5.841255
private_sports_halls,per_head,as_printed,2019,24,True,post,0.096727,0.101588,0.448628,0.465479,5.304585
private_sports_halls,per_head,as_printed,2020,24,True,post,0.100037,0.096326,0.431071,0.445871,5.342436
private_sports_halls,per_head,as_printed,2021,24,True,post,0.110771,0.083936,0.395255,0.401567,4.286072
private_sports_halls,per_head,as_printed,2022,24,True,post,0.107278,0.079731,0.399897,0.380602,3.765359
private_sports_halls,per_head,as_printed,2023,24,True,post,0.123008,0.077471,0.391654,0.380868,3.551873
private_sports_halls,per_head,constant,2007,23,True,pre,0.044434,0.136331,0.514146,0.519125,5.007442
private_sports_halls,per_head,constant,2008,23,True,pre,0.050481,0.119941,0.476444,0.492345,5.045098
private_sports_halls,per_head,constant,2009,23,True,pre,0.050722,0.117578,0.481336,0.507061,4.326771
private_sports_halls,per_head,constant,2010,23,True,pre,0.053968,0.079726,0.392197,0.404683,3.342782
private_sports_halls,per_head,constant,2011,23,True,post,0.056599,0.092737,0.429405,0.450297,3.871679
private_sports_halls,per_head,constant,2012,23,True,post,0.061535,0.112548,0.468125,0.500973,5.339377
private_sports_halls,per_head,constant,2013,23,True,post,0.06381,0.105463,0.454779,0.483183,4.866323
private_sports_halls,per_head,constant,2014,23,True,post,0.065751,0.111264,0.472823,0.498862,3.998652
private_sports_halls,per_head,constant,2015,23,True,post,0.068758,0.134975,0.518465,0.550084,4.485028
private_sports_halls,per_head,constant,2016,23,True,post,0.067908,0.133227,0.514656,0.545508,4.440906
private_sports_halls,per_head,constant,2017,23,True,post,0.09202,0.127522,0.494285,0.490965,5.027773
private_sports_halls,per_head,constant,2018,23,True,post,0.091884,0.12963,0.489274,0.508427,5.49244
private_sports_halls,per_head,constant,2019,23,True,post,0.094845,0.096383,0.434289,0.459745,5.085973
private_sports_halls,per_head,constant,2020,23,True,post,0.098314,0.091749,0.41838,0.441913,5.132175
private_sports_halls,per_head,constant,2021,23,True,post,0.109429,0.079263,0.382107,0.397333,4.195208
private_sports_halls,per_head,constant,2022,23,True,post,0.10619,0.079448,0.39905,0.388631,3.765359
private_sports_halls,per_head,constant,2023,23,True,post,0.121891,0.077428,0.391524,0.38992,3.551873
private_sports_halls,share_of_national,as_printed,2007,24,True,pre,0.041667,0.268245,0.764822,0.861431,13.230769
private_sports_halls,share_of_national,as_printed,2008,24,True,pre,0.041667,0.211569,0.632973,0.760997,10.4375
private_sports_halls,share_of_national,as_printed,2009,24,True,pre,0.041667,0.218202,0.657844,0.7831,11.25
private_sports_halls,share_of_national,as_printed,2010,24,True,pre,0.041667,0.193189,0.617877,0.73752,9.888889
private_sports_halls,share_of_national,as_printed,2011,24,True,post,0.041667,0.210323,0.647381,0.773821,10.631579
private_sports_halls,share_of_national,as_printed,2012,24,True,post,0.041667,0.209975,0.628443,0.774803,11.736842
private_sports_halls,share_of_national,as_printed,2013,24,True,post,0.041667,0.204286,0.621129,0.764893,10.454545
private_sports_halls,share_of_national,as_printed,2014,24,True,post,0.041667,0.21156,0.633075,0.793315,12.190476
private_sports_halls,share_of_national,as_printed,2015,24,True,post,0.041667,0.272123,0.735948,0.909192,15.047619
private_sports_halls,share_of_national,as_printed,2016,24,True,post,0.041667,0.270934,0.733919,0.909192,15.047619
private_sports_halls,share_of_national,as_printed,2017,24,True,post,0.041667,0.264727,0.743618,0.872041,12.606061
private_sports_halls,share_of_national,as_printed,2018,24,True,post,0.041667,0.256367,0.718275,0.852988,14.703704
private_sports_halls,share_of_national,as_printed,2019,24,True,post,0.041667,0.244433,0.73164,0.843546,14.407407
private_sports_halls,share_of_national,as_printed,2020,24,True,post,0.041667,0.24297,0.716704,0.838618,12.90625
private_sports_halls,share_of_national,as_printed,2021,24,True,post,0.041667,0.223729,0.675408,0.797519,9.613636
private_sports_halls,share_of_national,as_printed,2022,24,True,post,0.041667,0.236728,0.733169,0.826002,10.756098
private_sports_halls,share_of_national,as_printed,2023,24,True,post,0.041667,0.213354,0.693411,0.771298,10.23913
private_sports_halls,share_of_national,constant,2007,23,True,pre,0.043478,0.288679,0.779096,0.925693,15.0
private_sports_halls,share_of_national,constant,2008,23,True,pre,0.043478,0.232843,0.6643,0.821789,11.8125
private_sports_halls,share_of_national,constant,2009,23,True,pre,0.043478,0.246505,0.697922,0.862005,13.0
private_sports_halls,share_of_national,constant,2010,23,True,pre,0.043478,0.216879,0.651514,0.809026,11.5
private_sports_halls,share_of_national,constant,2011,23,True,post,0.043478,0.226256,0.661906,0.829127,11.947368
private_sports_halls,share_of_national,constant,2012,23,True,post,0.043478,0.233149,0.65997,0.844083,13.0
private_sports_halls,share_of_national,constant,2013,23,True,post,0.043478,0.227723,0.653484,0.83443,11.590909
private_sports_halls,share_of_national,constant,2014,23,True,post,0.043478,0.232278,0.658275,0.855941,12.904762
private_sports_halls,share_of_national,constant,2015,23,True,post,0.043478,0.294275,0.756275,0.978992,16.809524
private_sports_halls,share_of_national,constant,2016,23,True,post,0.043478,0.29328,0.754578,0.978992,16.809524
private_sports_halls,share_of_national,constant,2017,23,True,post,0.043478,0.2776,0.741393,0.924885,13.484848
private_sports_halls,share_of_national,constant,2018,23,True,post,0.043478,0.276332,0.731895,0.918919,16.111111
private_sports_halls,share_of_national,constant,2019,23,True,post,0.043478,0.247933,0.712587,0.88008,15.925926
private_sports_halls,share_of_national,constant,2020,23,True,post,0.043478,0.244146,0.695771,0.871697,13.9375
private_sports_halls,share_of_national,constant,2021,23,True,post,0.043478,0.221428,0.651612,0.823303,10.295455
private_sports_halls,share_of_national,constant,2022,23,True,post,0.043478,0.243015,0.720268,0.863062,12.04878
private_sports_halls,share_of_national,constant,2023,23,True,post,0.043478,0.222064,0.685745,0.811732,11.26087
public_libraries,per_head,as_printed,2005,18,False,pre,0.038314,,,,
public_libraries,per_head,as_printed,2006,24,True,pre,0.04146,0.045193,0.309842,0.340039,2.888949
public_libraries,per_head,as_printed,2007,24,True,pre,0.041454,0.046585,0.314174,0.341779,2.903642
public_libraries,per_head,as_printed,2008,24,True,pre,0.042327,0.04964,0.326352,0.357348,3.032813
public_libraries,per_head,as_printed,2009,24,True,pre,0.042378,0.049809,0.327558,0.360631,3.142387
public_libraries,per_head,as_printed,2010,24,True,pre,0.042049,0.052096,0.333967,0.361514,3.177334
public_libraries,per_head,as_printed,2011,24,True,post,0.041783,0.052852,0.335916,0.362511,3.216031
public_libraries,per_head,as_printed,2012,24,True,post,0.04168,0.053065,0.335965,0.359602,3.254108
public_libraries,per_head,as_printed,2013,24,True,post,0.042445,0.063325,0.374238,0.409453,3.56125
public_libraries,per_head,as_printed,2014,24,True,post,0.042544,0.064626,0.3777,0.408486,3.540829
public_libraries,per_head,as_printed,2015,24,True,post,0.043182,0.068099,0.389443,0.424405,3.683953
public_libraries,per_head,as_printed,2016,24,True,post,0.043235,0.068621,0.389749,0.421785,3.713166
public_libraries,per_head,as_printed,2017,24,True,post,0.045342,0.079853,0.425321,0.457593,4.005408
public_libraries,per_head,as_printed,2018,24,True,post,0.045434,0.079869,0.424201,0.452969,4.036455
public_libraries,per_head,as_printed,2019,24,True,post,0.046245,0.085365,0.439219,0.465364,4.174193
public_libraries,per_head,as_printed,2020,24,True,post,0.04594,0.085683,0.440315,0.46671,4.192347
public_libraries,per_head,as_printed,2021,24,True,post,0.046025,0.086698,0.442444,0.46719,4.199708
public_libraries,per_head,as_printed,2022,24,True,post,0.046199,0.087779,0.445051,0.467867,4.273032
public_libraries,per_head,as_printed,2023,24,True,post,0.046072,0.0881,0.445994,0.468722,4.285887
public_libraries,per_head,constant,2005,17,False,pre,0.03901,,,,
public_libraries,per_head,constant,2006,23,True,pre,0.042133,0.044758,0.308863,0.331985,2.778365
public_libraries,per_head,constant,2007,23,True,pre,0.042149,0.04611,0.31314,0.332946,2.7895
public_libraries,per_head,constant,2008,23,True,pre,0.043081,0.049127,0.325307,0.347511,2.889948
public_libraries,per_head,constant,2009,23,True,pre,0.04315,0.049272,0.326484,0.350222,2.985713
public_libraries,per_head,constant,2010,23,True,pre,0.042823,0.051309,0.332449,0.350569,3.029033
public_libraries,per_head,constant,2011,23,True,post,0.042563,0.051983,0.334271,0.351126,3.060155
public_libraries,per_head,constant,2012,23,True,post,0.042403,0.051508,0.332903,0.349191,3.043003
public_libraries,per_head,constant,2013,23,True,post,0.043186,0.062191,0.372183,0.40109,3.360723
public_libraries,per_head,constant,2014,23,True,post,0.043309,0.063397,0.375542,0.399311,3.338903
public_libraries,per_head,constant,2015,23,True,post,0.043997,0.066844,0.387375,0.414448,3.476686
public_libraries,per_head,constant,2016,23,True,post,0.044073,0.067326,0.387659,0.411026,3.502213
public_libraries,per_head,constant,2017,23,True,post,0.046264,0.07899,0.424062,0.446871,3.819638
public_libraries,per_head,constant,2018,23,True,post,0.046379,0.078994,0.422947,0.441418,3.845072
public_libraries,per_head,constant,2019,23,True,post,0.047243,0.084488,0.438042,0.453015,3.964803
public_libraries,per_head,constant,2020,23,True,post,0.046936,0.084797,0.439132,0.454243,3.975975
public_libraries,per_head,constant,2021,23,True,post,0.047031,0.085813,0.441276,0.454464,3.979891
public_libraries,per_head,constant,2022,23,True,post,0.047218,0.086894,0.443901,0.454858,4.04647
public_libraries,per_head,constant,2023,23,True,post,0.047091,0.087209,0.444842,0.455641,4.055116
public_libraries,share_of_national,as_printed,1995,23,False,pre,0.043478,,,,
public_libraries,share_of_national,as_printed,1996,23,False,pre,0.043478,,,,
public_libraries,share_of_national,as_printed,1997,23,False,pre,0.043478,,,,
public_libraries,share_of_national,as_printed,1998,23,False,pre,0.043478,,,,
public_libraries,share_of_national,as_printed,1999,23,False,pre,0.043478,,,,
public_libraries,share_of_national,as_printed,2000,24,True,pre,0.041667,,,0.389407,3.55
public_libraries,share_of_national,as_printed,2001,24,True,pre,0.041667,,,0.384681,3.380952
public_libraries,share_of_national,as_printed,2002,24,True,pre,0.041667,,,0.373438,3.380952
public_libraries,share_of_national,as_printed,2003,17,False,pre,0.058824,,,,
public_libraries,share_of_national,as_printed,2004,24,True,pre,0.041667,,,0.364599,3.217391
public_libraries,share_of_national,as_printed,2005,18,False,pre,0.055556,,,,
public_libraries,share_of_national,as_printed,2006,24,True,pre,0.041667,0.05022,0.312238,0.35615,3.166667
public_libraries,share_of_national,as_printed,2007,24,True,pre,0.041667,0.049027,0.308425,0.351346,3.166667
public_libraries,share_of_national,as_printed,2008,24,True,pre,0.041667,0.045887,0.298647,0.336593,2.923077
public_libraries,share_of_national,as_printed,2009,24,True,pre,0.041667,0.044096,0.292615,0.329488,2.814815
public_libraries,share_of_national,as_printed,2010,24,True,pre,0.041667,0.044041,0.292309,0.329488,2.814815
public_libraries,share_of_national,as_printed,2011,24,True,post,0.041667,0.045433,0.297529,0.33389,2.851852
public_libraries,share_of_national,as_printed,2012,24,True,post,0.041667,0.043931,0.292693,0.329239,2.851852
public_libraries,share_of_national,as_printed,2013,24,True,post,0.041667,0.034638,0.256991,0.298141,2.448276
public_libraries,share_of_national,as_printed,2014,24,True,post,0.041667,0.034582,0.256192,0.297392,2.448276
public_libraries,share_of_national,as_printed,2015,24,True,post,0.041667,0.035882,0.261425,0.29814,2.551724
public_libraries,share_of_national,as_printed,2016,24,True,post,0.041667,0.035354,0.260256,0.294262,2.5
public_libraries,share_of_national,as_printed,2017,24,True,post,0.041667,0.033304,0.252409,0.282843,2.40625
public_libraries,share_of_national,as_printed,2018,24,True,post,0.041667,0.031639,0.244848,0.279267,2.34375
public_libraries,share_of_national,as_printed,2019,24,True,post,0.041667,0.033354,0.251905,0.283738,2.363636
public_libraries,share_of_national,as_printed,2020,24,True,post,0.041667,0.033385,0.252018,0.283738,2.363636
public_libraries,share_of_national,as_printed,2021,24,True,post,0.041667,0.033266,0.251694,0.281877,2.363636
public_libraries,share_of_national,as_printed,2022,24,True,post,0.041667,0.033108,0.250759,0.282083,2.393939
public_libraries,share_of_national,as_printed,2023,24,True,post,0.041667,0.033124,0.250814,0.282083,2.393939
public_libraries,share_of_national,constant,1995,23,True,pre,0.043478,,,0.383197,3.3
public_libraries,share_of_national,constant,1996,23,True,pre,0.043478,,,0.368929,3.3
public_libraries,share_of_national,constant,1997,23,True,pre,0.043478,,,0.368582,3.5
public_libraries,share_of_national,constant,1998,23,True,pre,0.043478,,,0.363378,3.5
public_libraries,share_of_national,constant,1999,23,True,pre,0.043478,,,0.352531,3.333333
public_libraries,share_of_national,constant,2000,23,True,pre,0.043478,,,0.356207,3.380952
public_libraries,share_of_national,constant,2001,23,True,pre,0.043478,,,0.355721,3.380952
public_libraries,share_of_national,constant,2002,23,True,pre,0.043478,,,0.347806,3.380952
public_libraries,share_of_national,constant,2003,17,False,pre,0.058824,,,,
public_libraries,share_of_national,constant,2004,23,True,pre,0.043478,,,0.342519,3.217391
public_libraries,share_of_national,constant,2005,17,False,pre,0.058824,,,,
public_libraries,share_of_national,constant,2006,23,True,pre,0.043478,0.039488,0.274663,0.337156,3.166667
public_libraries,share_of_national,constant,2007,23,True,pre,0.043478,0.038077,0.269804,0.331745,3.166667
public_libraries,share_of_national,constant,2008,23,True,pre,0.043478,0.034524,0.257835,0.314804,2.923077
public_libraries,share_of_national,constant,2009,23,True,pre,0.043478,0.03252,0.25049,0.306694,2.814815
public_libraries,share_of_national,constant,2010,23,True,pre,0.043478,0.032207,0.249173,0.306694,2.814815
public_libraries,share_of_national,constant,2011,23,True,post,0.043478,0.033246,0.253781,0.310957,2.851852
public_libraries,share_of_national,constant,2012,23,True,post,0.043478,0.032831,0.251524,0.310694,2.851852
public_libraries,share_of_national,constant,2013,23,True,post,0.043478,0.026373,0.222059,0.284385,2.448276
public_libraries,share_of_national,constant,2014,23,True,post,0.043478,0.025747,0.218953,0.282284,2.448276
public_libraries,share_of_national,constant,2015,23,True,post,0.043478,0.026013,0.220799,0.280142,2.551724
public_libraries,share_of_national,constant,2016,23,True,post,0.043478,0.025052,0.217771,0.274931,2.5
public_libraries,share_of_national,constant,2017,23,True,post,0.043478,0.023798,0.211929,0.26348,2.40625
public_libraries,share_of_national,constant,2018,23,True,post,0.043478,0.021693,0.20158,0.258245,2.34375
public_libraries,share_of_national,constant,2019,23,True,post,0.043478,0.022519,0.206098,0.260236,2.363636
public_libraries,share_of_national,constant,2020,23,True,post,0.043478,0.022499,0.205994,0.260236,2.363636
public_libraries,share_of_national,constant,2021,23,True,post,0.043478,0.022233,0.205033,0.257719,2.294118
public_libraries,share_of_national,constant,2022,23,True,post,0.043478,0.021833,0.203007,0.257091,2.323529
public_libraries,share_of_national,constant,2023,23,True,post,0.043478,0.021817,0.202927,0.257091,2.323529
road_deaths,per_head,as_printed,2005,24,True,pre,0.14745,0.03124,0.248633,0.274607,2.314603
road_deaths,per_head,as_printed,2006,22,False,pre,0.151212,,,,
road_deaths,per_head,as_printed,2007,22,False,pre,0.148781,,,,
road_deaths,per_head,as_printed,2008,22,False,pre,0.142914,,,,
road_deaths,per_head,as_printed,2009,4,False,pre,0.127765,,,,
road_deaths,per_head,as_printed,2010,22,False,pre,0.12108,,,,
road_deaths,per_head,as_printed,2011,22,False,post,0.150383,,,,
road_deaths,per_head,as_printed,2012,22,False,post,0.150973,,,,
road_deaths,per_head,as_printed,2013,24,True,post,0.138465,0.039268,0.275815,0.271044,2.628927
road_deaths,per_head,as_printed,2014,24,True,post,0.150872,0.044453,0.289005,0.293755,3.116406
road_deaths,per_head,as_printed,2015,24,True,post,0.13127,0.050742,0.322407,0.305226,2.652704
road_deaths,per_head,as_printed,2016,24,True,post,0.130362,0.049838,0.307305,0.302401,2.829254
road_deaths,per_head,as_printed,2017,24,True,post,0.119189,0.034133,0.252134,0.255251,2.360868
road_deaths,per_head,as_printed,2018,24,True,post,0.111733,0.041441,0.287647,0.351328,3.347313
road_deaths,per_head,as_printed,2019,24,True,post,0.100751,0.044608,0.300357,0.321286,2.817287
road_deaths,per_head,as_printed,2020,24,True,post,0.081908,0.049671,0.312146,0.339146,3.03017
road_deaths,per_head,as_printed,2021,24,True,post,0.083861,0.04291,0.288942,0.312001,2.811451
road_deaths,per_head,as_printed,2022,24,True,post,0.087525,0.055246,0.322374,0.358363,3.415614
road_deaths,per_head,as_printed,2023,24,True,post,0.104531,0.061382,0.347791,0.371092,3.4033
road_deaths,per_head,constant,2005,23,True,pre,0.148729,0.02979,0.244245,0.270278,2.219536
road_deaths,per_head,constant,2006,22,False,pre,0.151212,,,,
road_deaths,per_head,constant,2007,22,False,pre,0.148781,,,,
road_deaths,per_head,constant,2008,22,False,pre,0.142914,,,,
road_deaths,per_head,constant,2009,4,False,pre,0.127765,,,,
road_deaths,per_head,constant,2010,22,False,pre,0.12108,,,,
road_deaths,per_head,constant,2011,22,False,post,0.150383,,,,
road_deaths,per_head,constant,2012,22,False,post,0.150973,,,,
road_deaths,per_head,constant,2013,23,True,post,0.140979,0.038686,0.274635,0.256295,2.523109
road_deaths,per_head,constant,2014,23,True,post,0.153096,0.039048,0.277491,0.277084,2.730484
road_deaths,per_head,constant,2015,23,True,post,0.132814,0.048871,0.318305,0.298976,2.480418
road_deaths,per_head,constant,2016,23,True,post,0.133071,0.047734,0.303999,0.282519,2.536019
road_deaths,per_head,constant,2017,23,True,post,0.121195,0.033448,0.250557,0.241718,2.26319
road_deaths,per_head,constant,2018,23,True,post,0.114307,0.041261,0.287342,0.332784,2.845873
road_deaths,per_head,constant,2019,23,True,post,0.10222,0.044525,0.300171,0.31558,2.817287
road_deaths,per_head,constant,2020,23,True,post,0.083302,0.047814,0.30871,0.327869,2.824343
road_deaths,per_head,constant,2021,23,True,post,0.085666,0.042517,0.288246,0.293761,2.615768
road_deaths,per_head,constant,2022,23,True,post,0.089288,0.054301,0.320932,0.344287,3.221556
road_deaths,per_head,constant,2023,23,True,post,0.106672,0.060531,0.346547,0.357183,3.239581
road_deaths,share_of_national,as_printed,1995,23,False,pre,0.043478,,,,
road_deaths,share_of_national,as_printed,1996,23,False,pre,0.043478,,,,
road_deaths,share_of_national,as_printed,1997,23,False,pre,0.043478,,,,
road_deaths,share_of_national,as_printed,1998,23,False,pre,0.043478,,,,
road_deaths,share_of_national,as_printed,1999,23,False,pre,0.043478,,,,
road_deaths,share_of_national,as_printed,2000,23,False,pre,0.043478,,,,
road_deaths,share_of_national,as_printed,2001,23,False,pre,0.043478,,,,
road_deaths,share_of_national,as_printed,2002,24,True,pre,0.041667,,,0.626434,9.375
road_deaths,share_of_national,as_printed,2003,24,True,pre,0.041667,,,0.643515,9.702128
road_deaths,share_of_national,as_printed,2004,24,True,pre,0.041667,,,0.637541,8.192308
road_deaths,share_of_national,as_printed,2005,24,True,pre,0.041667,0.130285,0.503433,0.599693,9.619048
road_deaths,share_of_national,as_printed,2006,22,False,pre,0.045455,,,,
road_deaths,share_of_national,as_printed,2007,22,False,pre,0.045455,,,,
road_deaths,share_of_national,as_printed,2008,22,False,pre,0.045455,,,,
road_deaths,share_of_national,as_printed,2009,4,False,pre,0.25,,,,
road_deaths,share_of_national,as_printed,2010,22,False,pre,0.045455,,,,
road_deaths,share_of_national,as_printed,2011,22,False,post,0.045455,,,,
road_deaths,share_of_national,as_printed,2012,22,False,post,0.045455,,,,
road_deaths,share_of_national,as_printed,2013,24,True,post,0.041667,0.141919,0.53305,0.613323,7.636364
road_deaths,share_of_national,as_printed,2014,24,True,post,0.041667,0.125044,0.505569,0.5498,5.814286
road_deaths,share_of_national,as_printed,2015,24,True,post,0.041667,0.111133,0.469247,0.549093,6.535714
road_deaths,share_of_national,as_printed,2016,24,True,post,0.041667,0.129517,0.499084,0.588017,7.816327
road_deaths,share_of_national,as_printed,2017,24,True,post,0.041667,0.131228,0.510993,0.59836,8.930233
road_deaths,share_of_national,as_printed,2018,24,True,post,0.041667,0.126506,0.505318,0.562104,5.262295
road_deaths,share_of_national,as_printed,2019,24,True,post,0.041667,0.12978,0.507466,0.592426,8.153846
road_deaths,share_of_national,as_printed,2020,24,True,post,0.041667,0.146161,0.553178,0.614332,8.548387
road_deaths,share_of_national,as_printed,2021,24,True,post,0.041667,0.153507,0.56596,0.653509,10.888889
road_deaths,share_of_national,as_printed,2022,24,True,post,0.041667,0.130176,0.485899,0.613773,12.043478
road_deaths,share_of_national,as_printed,2023,24,True,post,0.041667,0.136237,0.524715,0.602788,9.027778
road_deaths,share_of_national,constant,1995,23,True,pre,0.043478,,,0.673044,13.758621
road_deaths,share_of_national,constant,1996,23,True,pre,0.043478,,,0.684926,13.533333
road_deaths,share_of_national,constant,1997,23,True,pre,0.043478,,,0.558865,8.046512
road_deaths,share_of_national,constant,1998,23,True,pre,0.043478,,,0.648131,11.9375
road_deaths,share_of_national,constant,1999,23,True,pre,0.043478,,,0.617477,12.0
road_deaths,share_of_national,constant,2000,23,True,pre,0.043478,,,0.652129,10.560976
road_deaths,share_of_national,constant,2001,23,True,pre,0.043478,,,0.612929,9.844444
road_deaths,share_of_national,constant,2002,23,True,pre,0.043478,,,0.624494,9.375
road_deaths,share_of_national,constant,2003,23,True,pre,0.043478,,,0.617867,9.702128
road_deaths,share_of_national,constant,2004,23,True,pre,0.043478,,,0.613223,8.192308
road_deaths,share_of_national,constant,2005,23,True,pre,0.043478,0.114317,0.464996,0.583353,9.619048
road_deaths,share_of_national,constant,2006,22,False,pre,0.045455,,,,
road_deaths,share_of_national,constant,2007,22,False,pre,0.045455,,,,
road_deaths,share_of_national,constant,2008,22,False,pre,0.045455,,,,
road_deaths,share_of_national,constant,2009,4,False,pre,0.25,,,,
road_deaths,share_of_national,constant,2010,22,False,pre,0.045455,,,,
road_deaths,share_of_national,constant,2011,22,False,post,0.045455,,,,
road_deaths,share_of_national,constant,2012,22,False,post,0.045455,,,,
road_deaths,share_of_national,constant,2013,23,True,post,0.043478,0.120528,0.488954,0.586833,7.636364
road_deaths,share_of_national,constant,2014,23,True,post,0.043478,0.102618,0.456401,0.525538,5.814286
road_deaths,share_of_national,constant,2015,23,True,post,0.043478,0.097031,0.430235,0.537766,6.535714
road_deaths,share_of_national,constant,2016,23,True,post,0.043478,0.105143,0.450695,0.556214,7.816327
road_deaths,share_of_national,constant,2017,23,True,post,0.043478,0.110832,0.465418,0.57569,8.930233
road_deaths,share_of_national,constant,2018,23,True,post,0.043478,0.10413,0.459032,0.531966,5.262295
road_deaths,share_of_national,constant,2019,23,True,post,0.043478,0.114216,0.467378,0.579685,8.153846
road_deaths,share_of_national,constant,2020,23,True,post,0.043478,0.124088,0.505425,0.592054,8.548387
road_deaths,share_of_national,constant,2021,23,True,post,0.043478,0.130515,0.521336,0.625488,10.888889
road_deaths,share_of_national,constant,2022,23,True,post,0.043478,0.106666,0.436901,0.584877,12.043478
road_deaths,share_of_national,constant,2023,23,True,post,0.043478,0.113281,0.476832,0.575279,9.027778
road_injuries,per_head,as_printed,2005,24,True,pre,1.372482,0.075609,0.392506,0.392791,3.535179
road_injuries,per_head,as_printed,2006,22,False,pre,1.244335,,,,
road_injuries,per_head,as_printed,2007,22,False,pre,1.215776,,,,
road_injuries,per_head,as_printed,2008,22,False,pre,1.175131,,,,
road_injuries,per_head,as_printed,2009,22,False,pre,1.018862,,,,
road_injuries,per_head,as_printed,2010,22,False,pre,0.949249,,,,
road_injuries,per_head,as_printed,2011,22,False,post,1.022793,,,,
road_injuries,per_head,as_printed,2012,22,False,post,1.142733,,,,
road_injuries,per_head,as_printed,2013,24,True,post,1.159632,0.087676,0.453427,0.373001,3.130243
road_injuries,per_head,as_printed,2014,24,True,post,1.097604,0.068805,0.396673,0.335969,2.82032
road_injuries,per_head,as_printed,2015,24,True,post,0.960393,0.065129,0.382804,0.339257,2.852062
road_injuries,per_head,as_printed,2016,24,True,post,0.983581,0.07148,0.386662,0.371385,3.414245
road_injuries,per_head,as_printed,2017,24,True,post,1.020604,0.14803,0.551321,0.547555,6.161442
road_injuries,per_head,as_printed,2018,24,True,post,0.75206,0.085788,0.434908,0.390119,3.123306
road_injuries,per_head,as_printed,2019,24,True,post,0.721103,0.121286,0.511999,0.464392,3.892492
road_injuries,per_head,as_printed,2020,24,True,post,0.559336,0.078192,0.410259,0.349186,2.715357
road_injuries,per_head,as_printed,2021,24,True,post,0.577325,0.081095,0.401054,0.366232,3.637845
road_injuries,per_head,as_printed,2022,24,True,post,0.671779,0.077812,0.399795,0.380421,3.373225
road_injuries,per_head,as_printed,2023,24,True,post,0.679082,0.082947,0.420489,0.407143,3.287623
road_injuries,per_head,constant,2005,23,True,pre,1.350684,0.075077,0.390875,0.397664,3.535179
road_injuries,per_head,constant,2006,22,False,pre,1.244335,,,,
road_injuries,per_head,constant,2007,22,False,pre,1.215776,,,,
road_injuries,per_head,constant,2008,22,False,pre,1.175131,,,,
road_injuries,per_head,constant,2009,22,False,pre,1.018862,,,,
road_injuries,per_head,constant,2010,22,False,pre,0.949249,,,,
road_injuries,per_head,constant,2011,22,False,post,1.022793,,,,
road_injuries,per_head,constant,2012,22,False,post,1.142733,,,,
road_injuries,per_head,constant,2013,23,True,post,1.155747,0.086798,0.451558,0.37935,3.130243
road_injuries,per_head,constant,2014,23,True,post,1.094722,0.067945,0.394511,0.341241,2.82032
road_injuries,per_head,constant,2015,23,True,post,0.964281,0.064822,0.382104,0.343806,2.852062
road_injuries,per_head,constant,2016,23,True,post,0.995156,0.071344,0.386408,0.370355,3.414245
road_injuries,per_head,constant,2017,23,True,post,1.027161,0.143476,0.542736,0.548405,6.161442
road_injuries,per_head,constant,2018,23,True,post,0.763088,0.085734,0.434826,0.386227,3.123306
road_injuries,per_head,constant,2019,23,True,post,0.731266,0.12127,0.511979,0.462784,3.892492
road_injuries,per_head,constant,2020,23,True,post,0.567689,0.077759,0.409613,0.343225,2.624321
road_injuries,per_head,constant,2021,23,True,post,0.588657,0.079479,0.398713,0.352128,3.424818
road_injuries,per_head,constant,2022,23,True,post,0.678299,0.076809,0.398004,0.380146,3.373225
road_injuries,per_head,constant,2023,23,True,post,0.68961,0.082894,0.420407,0.402588,3.287623
road_injuries,share_of_national,as_printed,1995,23,False,pre,0.043478,,,,
road_injuries,share_of_national,as_printed,1996,23,False,pre,0.043478,,,,
road_injuries,share_of_national,as_printed,1997,23,False,pre,0.043478,,,,
road_injuries,share_of_national,as_printed,1998,23,False,pre,0.043478,,,,
road_injuries,share_of_national,as_printed,1999,23,False,pre,0.043478,,,,
road_injuries,share_of_national,as_printed,2000,23,False,pre,0.043478,,,,
road_injuries,share_of_national,as_printed,2001,23,False,pre,0.043478,,,,
road_injuries,share_of_national,as_printed,2002,24,True,pre,0.041667,,,0.836261,19.541254
road_injuries,share_of_national,as_printed,2003,24,True,pre,0.041667,,,0.82812,19.748227
road_injuries,share_of_national,as_printed,2004,24,True,pre,0.041667,,,0.885057,20.844106
road_injuries,share_of_national,as_printed,2005,24,True,pre,0.041667,0.266111,0.778501,0.873783,17.589172
road_injuries,share_of_national,as_printed,2006,22,False,pre,0.045455,,,,
road_injuries,share_of_national,as_printed,2007,22,False,pre,0.045455,,,,
road_injuries,share_of_national,as_printed,2008,22,False,pre,0.045455,,,,
road_injuries,share_of_national,as_printed,2009,22,False,pre,0.045455,,,,
road_injuries,share_of_national,as_printed,2010,22,False,pre,0.045455,,,,
road_injuries,share_of_national,as_printed,2011,22,False,post,0.045455,,,,
road_injuries,share_of_national,as_printed,2012,22,False,post,0.045455,,,,
road_injuries,share_of_national,as_printed,2013,24,True,post,0.041667,0.314927,0.924774,0.971914,13.386423
road_injuries,share_of_national,as_printed,2014,24,True,post,0.041667,0.268166,0.851557,0.870721,9.48307
road_injuries,share_of_national,as_printed,2015,24,True,post,0.041667,0.248072,0.810717,0.830929,9.584211
road_injuries,share_of_national,as_printed,2016,24,True,post,0.041667,0.232322,0.758125,0.788956,9.109453
road_injuries,share_of_national,as_printed,2017,24,True,post,0.041667,0.264599,0.837516,0.786224,7.461369
road_injuries,share_of_national,as_printed,2018,24,True,post,0.041667,0.264767,0.828735,0.872159,11.522059
road_injuries,share_of_national,as_printed,2019,24,True,post,0.041667,0.284328,0.870246,0.898922,14.955665
road_injuries,share_of_national,as_printed,2020,24,True,post,0.041667,0.2426,0.78774,0.831341,12.128205
road_injuries,share_of_national,as_printed,2021,24,True,post,0.041667,0.22338,0.739783,0.77985,11.028571
road_injuries,share_of_national,as_printed,2022,24,True,post,0.041667,0.214897,0.724304,0.775908,15.215909
road_injuries,share_of_national,as_printed,2023,24,True,post,0.041667,0.185491,0.668774,0.704535,12.346939
road_injuries,share_of_national,constant,1995,23,True,pre,0.043478,,,0.706112,13.420875
road_injuries,share_of_national,constant,1996,23,True,pre,0.043478,,,0.647839,12.103659
road_injuries,share_of_national,constant,1997,23,True,pre,0.043478,,,0.649105,11.236364
road_injuries,share_of_national,constant,1998,23,True,pre,0.043478,,,0.700288,15.009091
road_injuries,share_of_national,constant,1999,23,True,pre,0.043478,,,0.777304,14.557789
road_injuries,share_of_national,constant,2000,23,True,pre,0.043478,,,0.811684,16.954054
road_injuries,share_of_national,constant,2001,23,True,pre,0.043478,,,0.83539,18.085106
road_injuries,share_of_national,constant,2002,23,True,pre,0.043478,,,0.824189,19.541254
road_injuries,share_of_national,constant,2003,23,True,pre,0.043478,,,0.832561,19.748227
road_injuries,share_of_national,constant,2004,23,True,pre,0.043478,,,0.897019,20.95057
road_injuries,share_of_national,constant,2005,23,True,pre,0.043478,0.258094,0.745393,0.887796,17.968153
road_injuries,share_of_national,constant,2006,22,False,pre,0.045455,,,,
road_injuries,share_of_national,constant,2007,22,False,pre,0.045455,,,,
road_injuries,share_of_national,constant,2008,22,False,pre,0.045455,,,,
road_injuries,share_of_national,constant,2009,22,False,pre,0.045455,,,,
road_injuries,share_of_national,constant,2010,22,False,pre,0.045455,,,,
road_injuries,share_of_national,constant,2011,22,False,post,0.045455,,,,
road_injuries,share_of_national,constant,2012,22,False,post,0.045455,,,,
road_injuries,share_of_national,constant,2013,23,True,post,0.043478,0.297106,0.874083,0.969456,13.430809
road_injuries,share_of_national,constant,2014,23,True,post,0.043478,0.256057,0.806696,0.876492,9.920993
road_injuries,share_of_national,constant,2015,23,True,post,0.043478,0.232557,0.765343,0.827717,9.697368
road_injuries,share_of_national,constant,2016,23,True,post,0.043478,0.212208,0.712238,0.774809,9.109453
road_injuries,share_of_national,constant,2017,23,True,post,0.043478,0.260477,0.8044,0.796643,8.024283
road_injuries,share_of_national,constant,2018,23,True,post,0.043478,0.240997,0.780435,0.852094,11.522059
road_injuries,share_of_national,constant,2019,23,True,post,0.043478,0.26042,0.819901,0.879528,14.955665
road_injuries,share_of_national,constant,2020,23,True,post,0.043478,0.218024,0.738816,0.809851,12.128205
road_injuries,share_of_national,constant,2021,23,True,post,0.043478,0.199028,0.693771,0.755037,10.575342
road_injuries,share_of_national,constant,2022,23,True,post,0.043478,0.195386,0.677167,0.763678,15.215909
road_injuries,share_of_national,constant,2023,23,True,post,0.043478,0.166483,0.62398,0.688296,12.346939
secondary_pupils,per_head,as_printed,2005,24,True,pre,112.573394,0.008109,0.13146,0.154593,1.588591
secondary_pupils,per_head,as_printed,2006,24,True,pre,112.77381,0.007508,0.125986,0.146494,1.567272
secondary_pupils,per_head,as_printed,2007,24,True,pre,109.258321,0.00656,0.117426,0.135457,1.52803
secondary_pupils,per_head,as_printed,2008,24,True,pre,101.479155,0.005736,0.109412,0.125146,1.489137
secondary_pupils,per_head,as_printed,2009,24,True,pre,96.028327,0.0047,0.098782,0.112812,1.432759
secondary_pupils,per_head,as_printed,2010,24,True,pre,91.58163,0.003945,0.09029,0.100177,1.369611
secondary_pupils,per_head,as_printed,2011,24,True,post,88.969078,0.003387,0.083283,0.089235,1.335826
secondary_pupils,per_head,as_printed,2012,24,True,post,86.676325,0.003361,0.082793,0.086883,1.328782
secondary_pupils,per_head,as_printed,2013,24,True,post,83.788705,0.003021,0.078427,0.083023,1.304875
secondary_pupils,per_head,as_printed,2014,24,True,post,81.797074,0.0029,0.076367,0.07911,1.289729
secondary_pupils,per_head,as_printed,2015,24,True,post,82.153062,0.002738,0.073993,0.077089,1.285604
secondary_pupils,per_head,as_printed,2016,24,True,post,80.295381,0.002474,0.070205,0.072631,1.26372
secondary_pupils,per_head,as_printed,2017,24,True,post,79.615179,0.002231,0.066519,0.069308,1.253869
secondary_pupils,per_head,as_printed,2018,24,True,post,79.66512,0.001894,0.0612,0.062912,1.218957
secondary_pupils,per_head,as_printed,2019,24,True,post,81.229148,0.001725,0.05827,0.059829,1.207017
secondary_pupils,per_head,as_printed,2020,24,True,post,85.337299,0.001787,0.059087,0.059713,1.206162
secondary_pupils,per_head,as_printed,2021,24,True,post,85.424852,0.001736,0.058419,0.060089,1.21276
secondary_pupils,per_head,as_printed,2022,24,True,post,87.158377,0.001607,0.05632,0.058121,1.213725
secondary_pupils,per_head,as_printed,2023,24,True,post,89.0067,0.001825,0.060052,0.061767,1.240488
secondary_pupils,per_head,constant,2005,23,True,pre,113.13163,0.00807,0.131186,0.155034,1.575054
secondary_pupils,per_head,constant,2006,23,True,pre,113.345776,0.00747,0.125704,0.146582,1.553824
secondary_pupils,per_head,constant,2007,23,True,pre,109.822873,0.006541,0.117279,0.135209,1.517622
secondary_pupils,per_head,constant,2008,23,True,pre,101.958805,0.005702,0.109122,0.124882,1.475642
secondary_pupils,per_head,constant,2009,23,True,pre,96.447949,0.004682,0.098612,0.112593,1.42343
secondary_pupils,per_head,constant,2010,23,True,pre,91.949679,0.003886,0.089687,0.099487,1.354427
secondary_pupils,per_head,constant,2011,23,True,post,89.305098,0.00329,0.082195,0.087933,1.317049
secondary_pupils,per_head,constant,2012,23,True,post,86.993402,0.003231,0.081323,0.085258,1.307443
secondary_pupils,per_head,constant,2013,23,True,post,84.102901,0.002874,0.07668,0.080912,1.283124
secondary_pupils,per_head,constant,2014,23,True,post,82.132241,0.002649,0.073322,0.07517,1.262202
secondary_pupils,per_head,constant,2015,23,True,post,82.484134,0.002391,0.069608,0.071974,1.253882
secondary_pupils,per_head,constant,2016,23,True,post,80.615605,0.002133,0.06565,0.067178,1.233232
secondary_pupils,per_head,constant,2017,23,True,post,79.926533,0.001885,0.061627,0.06354,1.223823
secondary_pupils,per_head,constant,2018,23,True,post,79.970607,0.001599,0.056663,0.057121,1.192388
secondary_pupils,per_head,constant,2019,23,True,post,81.499756,0.001364,0.052283,0.053368,1.178071
secondary_pupils,per_head,constant,2020,23,True,post,85.660953,0.00141,0.053002,0.052329,1.176808
secondary_pupils,per_head,constant,2021,23,True,post,85.701319,0.001351,0.052027,0.053476,1.182727
secondary_pupils,per_head,constant,2022,23,True,post,87.393534,0.001252,0.050122,0.052345,1.184622
secondary_pupils,per_head,constant,2023,23,True,post,89.236586,0.001441,0.053762,0.056237,1.209279
secondary_pupils,share_of_national,as_printed,1998,23,False,pre,0.043478,,,,
secondary_pupils,share_of_national,as_printed,1999,23,False,pre,0.043478,,,,
secondary_pupils,share_of_national,as_printed,2000,24,True,pre,0.041667,,,0.446201,5.08425
secondary_pupils,share_of_national,as_printed,2001,24,True,pre,0.041667,,,0.446741,5.117956
secondary_pupils,share_of_national,as_printed,2002,24,True,pre,0.041667,,,0.373985,3.37038
secondary_pupils,share_of_national,as_printed,2003,24,True,pre,0.041667,,,0.429541,4.898127
secondary_pupils,share_of_national,as_printed,2004,24,True,pre,0.041667,,,0.429649,4.872905
secondary_pupils,share_of_national,as_printed,2005,24,True,pre,0.041667,0.070552,0.376602,0.43019,4.855401
secondary_pupils,share_of_national,as_printed,2006,24,True,pre,0.041667,0.069437,0.372791,0.429264,4.838997
secondary_pupils,share_of_national,as_printed,2007,24,True,pre,0.041667,0.070748,0.375735,0.43608,4.956064
secondary_pupils,share_of_national,as_printed,2008,24,True,pre,0.041667,0.071553,0.377654,0.440557,5.059656
secondary_pupils,share_of_national,as_printed,2009,24,True,pre,0.041667,0.074458,0.385105,0.451123,5.272761
secondary_pupils,share_of_national,as_printed,2010,24,True,pre,0.041667,0.076456,0.389543,0.459425,5.429359
secondary_pupils,share_of_national,as_printed,2011,24,True,post,0.041667,0.07788,0.392681,0.466273,5.615796
secondary_pupils,share_of_national,as_printed,2012,24,True,post,0.041667,0.078249,0.393293,0.46925,5.694436
secondary_pupils,share_of_national,as_printed,2013,24,True,post,0.041667,0.079232,0.39528,0.473535,5.686323
secondary_pupils,share_of_national,as_printed,2014,24,True,post,0.041667,0.081249,0.400397,0.480732,5.747093
secondary_pupils,share_of_national,as_printed,2015,24,True,post,0.041667,0.082519,0.403285,0.48541,5.808653
secondary_pupils,share_of_national,as_printed,2016,24,True,post,0.041667,0.083293,0.404642,0.489175,5.906787
secondary_pupils,share_of_national,as_printed,2017,24,True,post,0.041667,0.084032,0.40606,0.49275,5.994549
secondary_pupils,share_of_national,as_printed,2018,24,True,post,0.041667,0.084861,0.406887,0.497667,6.123609
secondary_pupils,share_of_national,as_printed,2019,24,True,post,0.041667,0.084986,0.406412,0.49995,6.175896
secondary_pupils,share_of_national,as_printed,2020,24,True,post,0.041667,0.083957,0.402764,0.498613,6.103806
secondary_pupils,share_of_national,as_printed,2021,24,True,post,0.041667,0.084844,0.404912,0.501393,6.116483
secondary_pupils,share_of_national,as_printed,2022,24,True,post,0.041667,0.084021,0.402266,0.500381,6.171492
secondary_pupils,share_of_national,as_printed,2023,24,True,post,0.041667,0.083118,0.400224,0.497863,6.115251
secondary_pupils,share_of_national,constant,1998,23,True,pre,0.043478,,,0.467603,5.613645
secondary_pupils,share_of_national,constant,1999,23,True,pre,0.043478,,,0.462068,5.461255
secondary_pupils,share_of_national,constant,2000,23,True,pre,0.043478,,,0.454493,5.319788
secondary_pupils,share_of_national,constant,2001,23,True,pre,0.043478,,,0.456117,5.346708
secondary_pupils,share_of_national,constant,2002,23,True,pre,0.043478,,,0.397044,3.716433
secondary_pupils,share_of_national,constant,2003,23,True,pre,0.043478,,,0.440114,5.1128
secondary_pupils,share_of_national,constant,2004,23,True,pre,0.043478,,,0.439592,5.089884
secondary_pupils,share_of_national,constant,2005,23,True,pre,0.043478,0.067612,0.361928,0.440551,5.078713
secondary_pupils,share_of_national,constant,2006,23,True,pre,0.043478,0.066866,0.359149,0.440625,5.077966
secondary_pupils,share_of_national,constant,2007,23,True,pre,0.043478,0.068316,0.362434,0.448015,5.209892
secondary_pupils,share_of_national,constant,2008,23,True,pre,0.043478,0.06985,0.36621,0.454665,5.343393
secondary_pupils,share_of_national,constant,2009,23,True,pre,0.043478,0.072989,0.374138,0.466106,5.570483
secondary_pupils,share_of_national,constant,2010,23,True,pre,0.043478,0.075618,0.380108,0.476351,5.740391
secondary_pupils,share_of_national,constant,2011,23,True,post,0.043478,0.077326,0.383834,0.484147,5.950576
secondary_pupils,share_of_national,constant,2012,23,True,post,0.043478,0.078174,0.385632,0.488403,6.054256
secondary_pupils,share_of_national,constant,2013,23,True,post,0.043478,0.079366,0.388083,0.493342,6.021668
secondary_pupils,share_of_national,constant,2014,23,True,post,0.043478,0.0808,0.391316,0.499498,6.065258
secondary_pupils,share_of_national,constant,2015,23,True,post,0.043478,0.08219,0.394294,0.504715,6.100705
secondary_pupils,share_of_national,constant,2016,23,True,post,0.043478,0.083441,0.396817,0.509608,6.201957
secondary_pupils,share_of_national,constant,2017,23,True,post,0.043478,0.084688,0.399459,0.514402,6.298973
secondary_pupils,share_of_national,constant,2018,23,True,post,0.043478,0.086075,0.401768,0.520536,6.427592
secondary_pupils,share_of_national,constant,2019,23,True,post,0.043478,0.087204,0.403877,0.525174,6.502862
secondary_pupils,share_of_national,constant,2020,23,True,post,0.043478,0.085787,0.399423,0.522841,6.390062
secondary_pupils,share_of_national,constant,2021,23,True,post,0.043478,0.087511,0.403661,0.527554,6.408949
secondary_pupils,share_of_national,constant,2022,23,True,post,0.043478,0.087899,0.404467,0.529115,6.483936
secondary_pupils,share_of_national,constant,2023,23,True,post,0.043478,0.087547,0.403982,0.527791,6.432294
sports_halls,per_head,as_printed,2007,24,True,pre,0.011253,0.170303,0.625617,0.578154,5.683699
sports_halls,per_head,as_printed,2008,24,True,pre,0.012136,0.147987,0.57804,0.515795,5.129173
sports_halls,per_head,as_printed,2009,24,True,pre,0.01359,0.11268,0.497985,0.445904,4.492202
sports_halls,per_head,as_printed,2010,24,True,pre,0.01381,0.106594,0.478408,0.443543,4.560339
sports_halls,per_head,as_printed,2011,24,True,post,0.013844,0.108698,0.48541,0.44626,4.615893
sports_halls,per_head,as_printed,2012,24,True,post,0.014388,0.097391,0.45205,0.42564,4.712391
sports_halls,per_head,as_printed,2013,24,True,post,0.014671,0.102417,0.463745,0.439618,4.920241
sports_halls,per_head,as_printed,2014,24,True,post,0.014749,0.097595,0.452022,0.432717,4.593877
sports_halls,per_head,as_printed,2015,24,True,post,0.015798,0.098516,0.452123,0.436296,4.645153
sports_halls,per_head,as_printed,2016,23,False,post,0.016406,,,,
sports_halls,per_head,as_printed,2017,23,False,post,0.019193,,,,
sports_halls,per_head,as_printed,2018,23,False,post,0.020435,,,,
sports_halls,per_head,as_printed,2019,21,False,post,0.022016,,,,
sports_halls,per_head,as_printed,2020,21,False,post,0.022568,,,,
sports_halls,per_head,as_printed,2021,22,False,post,0.02361,,,,
sports_halls,per_head,as_printed,2022,21,False,post,0.025069,,,,
sports_halls,per_head,as_printed,2023,24,True,post,0.025596,0.074492,0.401518,0.410513,3.870879
sports_halls,per_head,constant,2007,23,True,pre,0.011398,0.167787,0.623005,0.575911,5.683699
sports_halls,per_head,constant,2008,23,True,pre,0.012258,0.147616,0.577583,0.518679,5.129173
sports_halls,per_head,constant,2009,23,True,pre,0.013637,0.112055,0.496902,0.452084,4.492202
sports_halls,per_head,constant,2010,23,True,pre,0.013883,0.106226,0.477774,0.449113,4.560339
sports_halls,per_head,constant,2011,23,True,post,0.01386,0.10869,0.485397,0.455279,4.615893
sports_halls,per_head,constant,2012,23,True,post,0.014373,0.096988,0.451195,0.434099,4.712391
sports_halls,per_head,constant,2013,23,True,post,0.014613,0.102417,0.463745,0.450431,4.920241
sports_halls,per_head,constant,2014,23,True,post,0.014679,0.097507,0.451824,0.443262,4.593877
sports_halls,per_head,constant,2015,23,True,post,0.015664,0.098375,0.451777,0.447115,4.645153
sports_halls,per_head,constant,2016,22,False,post,0.016242,,,,
sports_halls,per_head,constant,2017,22,False,post,0.019037,,,,
sports_halls,per_head,constant,2018,22,False,post,0.020355,,,,
sports_halls,per_head,constant,2019,20,False,post,0.021893,,,,
sports_halls,per_head,constant,2020,20,False,post,0.022485,,,,
sports_halls,per_head,constant,2021,21,False,post,0.023589,,,,
sports_halls,per_head,constant,2022,20,False,post,0.025098,,,,
sports_halls,per_head,constant,2023,23,True,post,0.025625,0.074414,0.40132,0.41867,3.870879
sports_halls,share_of_national,as_printed,2007,24,True,pre,0.041667,0.420985,1.075438,1.160188,18.0
sports_halls,share_of_national,as_printed,2008,24,True,pre,0.041667,0.386977,1.020087,1.094467,13.75
sports_halls,share_of_national,as_printed,2009,24,True,pre,0.041667,0.330244,0.929845,0.995453,14.25
sports_halls,share_of_national,as_printed,2010,24,True,pre,0.041667,0.320694,0.907247,0.975127,14.5
sports_halls,share_of_national,as_printed,2011,24,True,post,0.041667,0.325378,0.919402,0.986444,14.75
sports_halls,share_of_national,as_printed,2012,24,True,post,0.041667,0.30248,0.86864,0.94872,15.25
sports_halls,share_of_national,as_printed,2013,24,True,post,0.041667,0.311999,0.879807,0.972129,16.25
sports_halls,share_of_national,as_printed,2014,24,True,post,0.041667,0.301796,0.860753,0.958394,16.25
sports_halls,share_of_national,as_printed,2015,24,True,post,0.041667,0.292192,0.847801,0.937108,16.75
sports_halls,share_of_national,as_printed,2016,23,False,post,0.043478,,,,
sports_halls,share_of_national,as_printed,2017,23,False,post,0.043478,,,,
sports_halls,share_of_national,as_printed,2018,23,False,post,0.043478,,,,
sports_halls,share_of_national,as_printed,2019,21,False,post,0.047619,,,,
sports_halls,share_of_national,as_printed,2020,21,False,post,0.047619,,,,
sports_halls,share_of_national,as_printed,2021,22,False,post,0.045455,,,,
sports_halls,share_of_national,as_printed,2022,21,False,post,0.047619,,,,
sports_halls,share_of_national,as_printed,2023,24,True,post,0.041667,0.209843,0.734356,0.745744,8.0
sports_halls,share_of_national,constant,2007,23,True,pre,0.043478,0.390733,1.029244,1.129382,18.0
sports_halls,share_of_national,constant,2008,23,True,pre,0.043478,0.359349,0.97233,1.068884,13.75
sports_halls,share_of_national,constant,2009,23,True,pre,0.043478,0.308069,0.881788,0.980603,14.25
sports_halls,share_of_national,constant,2010,23,True,pre,0.043478,0.298156,0.859663,0.959444,14.5
sports_halls,share_of_national,constant,2011,23,True,post,0.043478,0.304587,0.870356,0.976203,14.75
sports_halls,share_of_national,constant,2012,23,True,post,0.043478,0.285373,0.823119,0.944736,15.5
sports_halls,share_of_national,constant,2013,23,True,post,0.043478,0.295463,0.833415,0.971226,16.5
sports_halls,share_of_national,constant,2014,23,True,post,0.043478,0.287406,0.816497,0.961127,16.75
sports_halls,share_of_national,constant,2015,23,True,post,0.043478,0.283769,0.809031,0.950604,18.0
sports_halls,share_of_national,constant,2016,22,False,post,0.045455,,,,
sports_halls,share_of_national,constant,2017,22,False,post,0.045455,,,,
sports_halls,share_of_national,constant,2018,22,False,post,0.045455,,,,
sports_halls,share_of_national,constant,2019,20,False,post,0.05,,,,
sports_halls,share_of_national,constant,2020,20,False,post,0.05,,,,
sports_halls,share_of_national,constant,2021,21,False,post,0.047619,,,,
sports_halls,share_of_national,constant,2022,20,False,post,0.05,,,,
sports_halls,share_of_national,constant,2023,23,True,post,0.043478,0.209338,0.706905,0.7674,8.818182
stillbirths,per_head,as_printed,2005,24,True,pre,0.150683,,0.735691,0.880027,460.182898
stillbirths,per_head,as_printed,2006,24,True,pre,0.140885,,0.670188,0.748935,93.55507
stillbirths,per_head,as_printed,2007,24,True,pre,0.123348,,0.791157,0.84824,
stillbirths,per_head,as_printed,2008,24,True,pre,0.134443,,0.537486,0.622662,95.867884
stillbirths,per_head,as_printed,2009,24,True,pre,0.146326,,0.567992,0.633137,179.780876
stillbirths,per_head,as_printed,2010,23,False,pre,0.187027,,,,
stillbirths,per_head,as_printed,2011,24,True,post,0.166973,,0.69535,0.728156,
stillbirths,per_head,as_printed,2012,24,True,post,0.212218,0.173817,0.599544,0.569734,12.148196
stillbirths,per_head,as_printed,2013,24,True,post,0.21356,,0.710255,0.731485,23.875488
stillbirths,per_head,as_printed,2014,24,True,post,0.191769,,0.643588,0.624996,27.805688
stillbirths,per_head,as_printed,2015,24,True,post,0.182242,0.201843,0.625788,0.656905,15.105533
stillbirths,per_head,as_printed,2016,24,True,post,0.189059,,0.596395,0.63577,24.78342
stillbirths,per_head,as_printed,2017,24,True,post,0.182707,,0.629295,0.652984,20.822381
stillbirths,per_head,as_printed,2018,24,True,post,0.172276,0.211503,0.64705,0.66777,17.09624
stillbirths,per_head,as_printed,2019,24,True,post,0.177259,0.161649,0.544172,0.565884,14.825562
stillbirths,per_head,as_printed,2020,24,True,post,0.149393,,0.533613,0.561667,14.06503
stillbirths,per_head,as_printed,2021,24,True,post,0.136048,,0.596085,0.607706,12.647457
stillbirths,per_head,as_printed,2022,24,True,post,0.122418,0.180078,0.600241,0.579457,8.28269
stillbirths,per_head,as_printed,2023,24,True,post,0.109941,0.184194,0.6078,0.588049,13.377151
stillbirths,per_head,constant,2005,23,True,pre,0.156259,,0.734999,0.84833,460.182898
stillbirths,per_head,constant,2006,23,True,pre,0.14575,,0.668064,0.718697,37.885222
stillbirths,per_head,constant,2007,23,True,pre,0.127154,,0.787625,0.82221,164.766354
stillbirths,per_head,constant,2008,23,True,pre,0.138717,,0.536974,0.597094,95.867884
stillbirths,per_head,constant,2009,23,True,pre,0.150961,,0.563389,0.60285,35.88179
stillbirths,per_head,constant,2010,23,True,pre,0.187027,,0.586678,0.606817,21.558337
stillbirths,per_head,constant,2011,23,True,post,0.172784,,0.692787,0.696331,23.588814
stillbirths,per_head,constant,2012,23,True,post,0.219594,0.164387,0.596689,0.533903,7.729737
stillbirths,per_head,constant,2013,23,True,post,0.221757,0.234363,0.709212,0.695256,15.369822
stillbirths,per_head,constant,2014,23,True,post,0.199541,0.212984,0.643224,0.582665,12.555737
stillbirths,per_head,constant,2015,23,True,post,0.188336,0.199925,0.62509,0.628874,11.940719
stillbirths,per_head,constant,2016,23,True,post,0.196833,0.201142,0.596141,0.59272,14.459081
stillbirths,per_head,constant,2017,23,True,post,0.189625,,0.628463,0.616282,12.180917
stillbirths,per_head,constant,2018,23,True,post,0.178566,0.204052,0.645344,0.632944,10.864769
stillbirths,per_head,constant,2019,23,True,post,0.183378,0.150893,0.540246,0.529868,8.50125
stillbirths,per_head,constant,2020,23,True,post,0.154208,0.143355,0.525376,0.526253,7.609653
stillbirths,per_head,constant,2021,23,True,post,0.140648,0.167568,0.591199,0.573191,7.529034
stillbirths,per_head,constant,2022,23,True,post,0.1268,0.171762,0.597842,0.542897,6.126693
stillbirths,per_head,constant,2023,23,True,post,0.113886,0.17998,0.606527,0.553075,7.904839
stillbirths,share_of_national,as_printed,2003,24,True,pre,0.041667,,,0.909042,128.5
stillbirths,share_of_national,as_printed,2004,24,True,pre,0.041667,,,0.970307,
stillbirths,share_of_national,as_printed,2005,24,True,pre,0.041667,,0.788903,0.980248,590.0
stillbirths,share_of_national,as_printed,2006,24,True,pre,0.041667,,0.873963,1.020425,160.0
stillbirths,share_of_national,as_printed,2007,24,True,pre,0.041667,,1.172073,1.39825,
stillbirths,share_of_national,as_printed,2008,24,True,pre,0.041667,,0.845167,0.985616,301.5
stillbirths,share_of_national,as_printed,2009,24,True,pre,0.041667,,0.859684,1.018407,368.5
stillbirths,share_of_national,as_printed,2010,23,False,pre,0.043478,,,,
stillbirths,share_of_national,as_printed,2011,24,True,post,0.041667,,1.093742,1.22636,
stillbirths,share_of_national,as_printed,2012,24,True,post,0.041667,0.40843,1.04964,1.134936,42.833333
stillbirths,share_of_national,as_printed,2013,24,True,post,0.041667,,1.028629,1.132807,52.428571
stillbirths,share_of_national,as_printed,2014,24,True,post,0.041667,,1.05545,1.170782,47.380952
stillbirths,share_of_national,as_printed,2015,24,True,post,0.041667,0.387877,0.975681,1.082581,45.631579
stillbirths,share_of_national,as_printed,2016,24,True,post,0.041667,,0.929536,1.062015,49.052632
stillbirths,share_of_national,as_printed,2017,24,True,post,0.041667,,0.989398,1.137888,55.388889
stillbirths,share_of_national,as_printed,2018,24,True,post,0.041667,0.409039,0.999068,1.152341,55.882353
stillbirths,share_of_national,as_printed,2019,24,True,post,0.041667,0.332954,0.860353,0.998918,55.625
stillbirths,share_of_national,as_printed,2020,24,True,post,0.041667,,0.854134,0.959129,41.176471
stillbirths,share_of_national,as_printed,2021,24,True,post,0.041667,,0.917397,1.040374,36.888889
stillbirths,share_of_national,as_printed,2022,24,True,post,0.041667,0.384082,0.970041,1.092595,29.217391
stillbirths,share_of_national,as_printed,2023,24,True,post,0.041667,0.386061,0.983724,1.084734,30.473684
stillbirths,share_of_national,constant,2003,23,True,pre,0.043478,,,0.866175,34.266667
stillbirths,share_of_national,constant,2004,23,True,pre,0.043478,,,0.927984,
stillbirths,share_of_national,constant,2005,23,True,pre,0.043478,,0.773953,0.937994,590.0
stillbirths,share_of_national,constant,2006,23,True,pre,0.043478,,0.853971,0.978127,106.666667
stillbirths,share_of_national,constant,2007,23,True,pre,0.043478,,1.148755,1.353504,818.0
stillbirths,share_of_national,constant,2008,23,True,pre,0.043478,,0.822439,0.945127,301.5
stillbirths,share_of_national,constant,2009,23,True,pre,0.043478,,0.833939,0.976172,147.4
stillbirths,share_of_national,constant,2010,23,True,pre,0.043478,,0.981836,1.063855,49.529412
stillbirths,share_of_national,constant,2011,23,True,post,0.043478,,1.072625,1.183059,55.4375
stillbirths,share_of_national,constant,2012,23,True,post,0.043478,0.379759,1.027264,1.092299,20.979592
stillbirths,share_of_national,constant,2013,23,True,post,0.043478,0.403266,1.013538,1.090007,24.466667
stillbirths,share_of_national,constant,2014,23,True,post,0.043478,0.428409,1.04682,1.127808,23.139535
stillbirths,share_of_national,constant,2015,23,True,post,0.043478,0.361853,0.951011,1.041662,33.346154
stillbirths,share_of_national,constant,2016,23,True,post,0.043478,0.367446,0.922172,1.019419,26.628571
stillbirths,share_of_national,constant,2017,23,True,post,0.043478,,0.973674,1.095296,26.945946
stillbirths,share_of_national,constant,2018,23,True,post,0.043478,0.381925,0.978805,1.109621,28.787879
stillbirths,share_of_national,constant,2019,23,True,post,0.043478,0.300706,0.83275,0.956609,21.707317
stillbirths,share_of_national,constant,2020,23,True,post,0.043478,0.285899,0.817892,0.916477,21.212121
stillbirths,share_of_national,constant,2021,23,True,post,0.043478,0.31585,0.886784,0.997804,20.121212
stillbirths,share_of_national,constant,2022,23,True,post,0.043478,0.354203,0.94599,1.050221,17.230769
stillbirths,share_of_national,constant,2023,23,True,post,0.043478,0.358826,0.960271,1.042956,18.677419
youth_centre_members,per_head,as_printed,2007,24,True,pre,6.753802,,0.52594,0.493143,11.698899
youth_centre_members,per_head,as_printed,2008,24,True,pre,7.794281,0.100461,0.462116,0.531939,5.846481
youth_centre_members,per_head,as_printed,2009,24,True,pre,7.677659,0.091498,0.398456,0.358141,4.649806
youth_centre_members,per_head,as_printed,2010,24,True,pre,7.913005,0.115555,0.477949,0.52245,7.113931
youth_centre_members,per_head,as_printed,2011,24,True,post,5.536488,,0.700191,0.653561,21.016508
youth_centre_members,per_head,as_printed,2012,24,True,post,5.668603,,0.619127,0.626712,45.907886
youth_centre_members,per_head,as_printed,2013,24,True,post,6.16426,0.131484,0.469482,0.420935,6.752659
youth_centre_members,per_head,as_printed,2014,24,True,post,6.53609,0.133158,0.472258,0.421878,6.803801
youth_centre_members,per_head,as_printed,2015,24,True,post,7.085813,0.093856,0.430786,0.455147,5.507606
youth_centre_members,per_head,as_printed,2016,24,True,post,13.28566,0.154701,0.615959,0.708381,8.684782
youth_centre_members,per_head,as_printed,2017,24,True,post,12.815897,0.192507,0.662512,0.766165,11.145912
youth_centre_members,per_head,as_printed,2018,24,True,post,8.747118,0.118179,0.480431,0.480053,5.686405
youth_centre_members,per_head,as_printed,2019,24,True,post,8.986421,0.133761,0.534381,0.577229,7.796066
youth_centre_members,per_head,as_printed,2020,24,True,post,6.244494,0.130339,0.522043,0.550618,6.823393
youth_centre_members,per_head,as_printed,2021,24,True,post,6.547849,0.161235,0.610606,0.663296,8.863063
youth_centre_members,per_head,as_printed,2022,24,True,post,8.070774,0.19777,0.733134,0.844189,12.0874
youth_centre_members,per_head,as_printed,2023,24,True,post,8.760429,0.127469,0.578631,0.666082,6.949488
youth_centre_members,per_head,constant,2007,23,True,pre,6.947117,,0.522237,0.466897,8.457494
youth_centre_members,per_head,constant,2008,23,True,pre,7.939622,0.084594,0.445097,0.513371,4.414668
youth_centre_members,per_head,constant,2009,23,True,pre,7.896406,0.086885,0.394795,0.324901,3.558282
youth_centre_members,per_head,constant,2010,23,True,pre,8.146262,0.113148,0.476257,0.4979,5.883694
youth_centre_members,per_head,constant,2011,23,True,post,5.740836,,0.70019,0.619788,15.136893
youth_centre_members,per_head,constant,2012,23,True,post,5.814174,,0.615449,0.608793,20.604629
youth_centre_members,per_head,constant,2013,23,True,post,6.377816,0.127416,0.467958,0.380422,5.190673
youth_centre_members,per_head,constant,2014,23,True,post,6.762812,0.128985,0.470722,0.381346,5.259994
youth_centre_members,per_head,constant,2015,23,True,post,7.290955,0.093855,0.430785,0.430316,5.010558
youth_centre_members,per_head,constant,2016,23,True,post,13.701967,0.154028,0.615596,0.685476,8.033033
youth_centre_members,per_head,constant,2017,23,True,post,13.169853,0.189959,0.661013,0.749324,9.801941
youth_centre_members,per_head,constant,2018,23,True,post,8.99051,0.116929,0.479446,0.457591,5.290189
youth_centre_members,per_head,constant,2019,23,True,post,9.244366,0.131965,0.53316,0.555919,7.090279
youth_centre_members,per_head,constant,2020,23,True,post,6.402775,0.127994,0.520042,0.533804,6.163638
youth_centre_members,per_head,constant,2021,23,True,post,6.748098,0.159918,0.609889,0.640787,7.525288
youth_centre_members,per_head,constant,2022,23,True,post,8.308114,0.192449,0.730814,0.824734,10.209618
youth_centre_members,per_head,constant,2023,23,True,post,8.994783,0.126024,0.577304,0.649645,6.215553
youth_centre_members,share_of_national,as_printed,2007,24,True,pre,0.041667,,0.563085,0.61122,14.924242
youth_centre_members,share_of_national,as_printed,2008,24,True,pre,0.041667,0.135916,0.519333,0.558074,8.040644
youth_centre_members,share_of_national,as_printed,2009,24,True,pre,0.041667,0.1366,0.517081,0.565727,7.178859
youth_centre_members,share_of_national,as_printed,2010,24,True,pre,0.041667,0.126118,0.490634,0.505443,5.675514
youth_centre_members,share_of_national,as_printed,2011,24,True,post,0.041667,,0.633696,0.709918,20.269841
youth_centre_members,share_of_national,as_printed,2012,24,True,post,0.041667,,0.619451,0.717534,36.822616
youth_centre_members,share_of_national,as_printed,2013,24,True,post,0.041667,0.155748,0.534639,0.572398,8.145222
youth_centre_members,share_of_national,as_printed,2014,24,True,post,0.041667,0.156441,0.535439,0.571376,8.143716
youth_centre_members,share_of_national,as_printed,2015,24,True,post,0.041667,0.130534,0.533644,0.543454,5.704702
youth_centre_members,share_of_national,as_printed,2016,24,True,post,0.041667,0.098235,0.435806,0.459959,4.555076
youth_centre_members,share_of_national,as_printed,2017,24,True,post,0.041667,0.21981,0.711556,0.684303,7.467167
youth_centre_members,share_of_national,as_printed,2018,24,True,post,0.041667,0.151009,0.577185,0.571921,5.451075
youth_centre_members,share_of_national,as_printed,2019,24,True,post,0.041667,0.155146,0.591686,0.558379,5.811492
youth_centre_members,share_of_national,as_printed,2020,24,True,post,0.041667,0.159811,0.614638,0.577617,5.067955
youth_centre_members,share_of_national,as_printed,2021,24,True,post,0.041667,0.134875,0.509357,0.52379,5.305757
youth_centre_members,share_of_national,as_printed,2022,24,True,post,0.041667,0.147765,0.53061,0.580204,8.119792
youth_centre_members,share_of_national,as_printed,2023,24,True,post,0.041667,0.050767,0.308617,0.336877,3.630475
youth_centre_members,share_of_national,constant,2007,23,True,pre,0.043478,,0.524149,0.567043,9.601491
youth_centre_members,share_of_national,constant,2008,23,True,pre,0.043478,0.102631,0.464905,0.516385,5.579726
youth_centre_members,share_of_national,constant,2009,23,True,pre,0.043478,0.109552,0.477205,0.520635,5.583784
youth_centre_members,share_of_national,constant,2010,23,True,pre,0.043478,0.100853,0.448743,0.459554,4.407627
youth_centre_members,share_of_national,constant,2011,23,True,post,0.043478,,0.610664,0.666065,9.674242
youth_centre_members,share_of_national,constant,2012,23,True,post,0.043478,,0.576013,0.677882,22.811813
youth_centre_members,share_of_national,constant,2013,23,True,post,0.043478,0.129471,0.504739,0.523633,5.147099
youth_centre_members,share_of_national,constant,2014,23,True,post,0.043478,0.129645,0.504989,0.52256,5.146519
youth_centre_members,share_of_national,constant,2015,23,True,post,0.043478,0.107061,0.491735,0.503697,4.880129
youth_centre_members,share_of_national,constant,2016,23,True,post,0.043478,0.074174,0.388504,0.41311,3.386487
youth_centre_members,share_of_national,constant,2017,23,True,post,0.043478,0.190474,0.666383,0.648084,6.958042
youth_centre_members,share_of_national,constant,2018,23,True,post,0.043478,0.124785,0.53216,0.53352,5.19144
youth_centre_members,share_of_national,constant,2019,23,True,post,0.043478,0.127846,0.546107,0.518662,5.145258
youth_centre_members,share_of_national,constant,2020,23,True,post,0.043478,0.133587,0.566012,0.544078,4.697486
youth_centre_members,share_of_national,constant,2021,23,True,post,0.043478,0.108235,0.462802,0.4811,4.539074
youth_centre_members,share_of_national,constant,2022,23,True,post,0.043478,0.116087,0.480409,0.537661,6.755667
youth_centre_members,share_of_national,constant,2023,23,True,post,0.043478,0.036308,0.263489,0.302734,2.996538
youth_centres,per_head,as_printed,2007,24,True,pre,0.034919,0.104101,0.476007,0.522681,5.675002
youth_centres,per_head,as_printed,2008,24,True,pre,0.035514,0.095383,0.457554,0.506177,5.334342
youth_centres,per_head,as_printed,2009,24,True,pre,0.035197,0.093987,0.453163,0.501836,5.331491
youth_centres,per_head,as_printed,2010,24,True,pre,0.035157,0.095202,0.454739,0.49635,5.273174
youth_centres,per_head,as_printed,2011,24,True,post,0.034938,0.093304,0.44782,0.490044,5.283388
youth_centres,per_head,as_printed,2012,24,True,post,0.035156,0.094716,0.44862,0.478117,5.23515
youth_centres,per_head,as_printed,2013,24,True,post,0.035224,0.09669,0.452844,0.477176,5.241702
youth_centres,per_head,as_printed,2014,24,True,post,0.035286,0.096213,0.453233,0.473291,4.728174
youth_centres,per_head,as_printed,2015,24,True,post,0.035391,0.095859,0.457407,0.482044,4.724124
youth_centres,per_head,as_printed,2016,24,True,post,0.035765,0.098856,0.463769,0.482765,4.939587
youth_centres,per_head,as_printed,2017,24,True,post,0.036529,0.103565,0.475841,0.490577,5.159279
youth_centres,per_head,as_printed,2018,24,True,post,0.036577,0.100051,0.469017,0.484499,5.012894
youth_centres,per_head,as_printed,2019,24,True,post,0.036906,0.105205,0.487029,0.51004,5.318235
youth_centres,per_head,as_printed,2020,24,True,post,0.03677,0.100958,0.479232,0.504903,5.153484
youth_centres,per_head,as_printed,2021,24,True,post,0.036739,0.100064,0.47604,0.50154,5.158705
youth_centres,per_head,as_printed,2022,24,True,post,0.036661,0.099619,0.474464,0.500574,5.168384
youth_centres,per_head,as_printed,2023,24,True,post,0.036804,0.098848,0.471482,0.494378,5.180146
youth_centres,per_head,constant,2007,23,True,pre,0.035646,0.098117,0.468987,0.508769,4.770441
youth_centres,per_head,constant,2008,23,True,pre,0.036237,0.091195,0.452236,0.493713,4.636264
youth_centres,per_head,constant,2009,23,True,pre,0.035918,0.089765,0.447839,0.489075,4.635886
youth_centres,per_head,constant,2010,23,True,pre,0.035877,0.090418,0.44886,0.483174,4.577969
youth_centres,per_head,constant,2011,23,True,post,0.035588,0.086877,0.43939,0.477724,4.479937
youth_centres,per_head,constant,2012,23,True,post,0.035826,0.088154,0.440219,0.464916,4.440611
youth_centres,per_head,constant,2013,23,True,post,0.035907,0.089975,0.444491,0.463552,4.448111
youth_centres,per_head,constant,2014,23,True,post,0.035914,0.087619,0.441992,0.460098,3.997407
youth_centres,per_head,constant,2015,23,True,post,0.035943,0.087557,0.445606,0.471617,3.991646
youth_centres,per_head,constant,2016,23,True,post,0.03635,0.090596,0.45255,0.47177,4.174861
youth_centres,per_head,constant,2017,23,True,post,0.037098,0.0938,0.462644,0.47962,4.281368
youth_centres,per_head,constant,2018,23,True,post,0.03714,0.092073,0.457736,0.474929,4.236313
youth_centres,per_head,constant,2019,23,True,post,0.037499,0.097233,0.47637,0.500722,4.496372
youth_centres,per_head,constant,2020,23,True,post,0.037342,0.094469,0.470067,0.497009,4.430256
youth_centres,per_head,constant,2021,23,True,post,0.037316,0.093602,0.466922,0.493419,4.435313
youth_centres,per_head,constant,2022,23,True,post,0.03724,0.093158,0.465361,0.492345,4.443814
youth_centres,per_head,constant,2023,23,True,post,0.037395,0.092408,0.462425,0.485747,4.454217
youth_centres,share_of_national,as_printed,2007,24,True,pre,0.041667,0.073931,0.378452,0.398892,3.555556
youth_centres,share_of_national,as_printed,2008,24,True,pre,0.041667,0.068019,0.366884,0.386538,3.3
youth_centres,share_of_national,as_printed,2009,24,True,pre,0.041667,0.07444,0.386092,0.404945,3.45
youth_centres,share_of_national,as_printed,2010,24,True,pre,0.041667,0.073938,0.38237,0.405939,3.45
youth_centres,share_of_national,as_printed,2011,24,True,post,0.041667,0.076862,0.390352,0.413797,3.684211
youth_centres,share_of_national,as_printed,2012,24,True,post,0.041667,0.073488,0.379665,0.401202,3.833333
youth_centres,share_of_national,as_printed,2013,24,True,post,0.041667,0.073184,0.379006,0.40078,3.888889
youth_centres,share_of_national,as_printed,2014,24,True,post,0.041667,0.061933,0.346257,0.369957,3.777778
youth_centres,share_of_national,as_printed,2015,24,True,post,0.041667,0.061122,0.346171,0.375923,3.631579
youth_centres,share_of_national,as_printed,2016,24,True,post,0.041667,0.062039,0.348542,0.37791,3.736842
youth_centres,share_of_national,as_printed,2017,24,True,post,0.041667,0.061121,0.346062,0.369256,3.789474
youth_centres,share_of_national,as_printed,2018,24,True,post,0.041667,0.059327,0.344386,0.365353,3.65
youth_centres,share_of_national,as_printed,2019,24,True,post,0.041667,0.057956,0.340384,0.358968,3.65
youth_centres,share_of_national,as_printed,2020,24,True,post,0.041667,0.054733,0.331922,0.35354,3.47619
youth_centres,share_of_national,as_printed,2021,24,True,post,0.041667,0.055377,0.333339,0.355171,3.47619
youth_centres,share_of_national,as_printed,2022,24,True,post,0.041667,0.057878,0.342427,0.361008,3.52381
youth_centres,share_of_national,as_printed,2023,24,True,post,0.041667,0.055646,0.336476,0.352816,3.52381
youth_centres,share_of_national,constant,2007,23,True,pre,0.043478,0.053264,0.326653,0.360344,2.909091
youth_centres,share_of_national,constant,2008,23,True,pre,0.043478,0.049845,0.317485,0.35202,2.75
youth_centres,share_of_national,constant,2009,23,True,pre,0.043478,0.055467,0.336843,0.370735,2.875
youth_centres,share_of_national,constant,2010,23,True,pre,0.043478,0.054076,0.330852,0.371206,2.875
youth_centres,share_of_national,constant,2011,23,True,post,0.043478,0.056832,0.338646,0.381973,3.043478
youth_centres,share_of_national,constant,2012,23,True,post,0.043478,0.053057,0.326108,0.368073,3.136364
youth_centres,share_of_national,constant,2013,23,True,post,0.043478,0.052229,0.324192,0.367051,3.181818
youth_centres,share_of_national,constant,2014,23,True,post,0.043478,0.041924,0.289323,0.337715,3.090909
youth_centres,share_of_national,constant,2015,23,True,post,0.043478,0.045075,0.29774,0.353181,3.285714
youth_centres,share_of_national,constant,2016,23,True,post,0.043478,0.045015,0.297822,0.353395,3.380952
youth_centres,share_of_national,constant,2017,23,True,post,0.043478,0.044319,0.295891,0.345945,3.272727
youth_centres,share_of_national,constant,2018,23,True,post,0.043478,0.045721,0.301189,0.348167,3.318182
youth_centres,share_of_national,constant,2019,23,True,post,0.043478,0.044111,0.296183,0.340866,3.318182
youth_centres,share_of_national,constant,2020,23,True,post,0.043478,0.044283,0.295799,0.341975,3.318182
youth_centres,share_of_national,constant,2021,23,True,post,0.043478,0.044529,0.296164,0.342952,3.318182
youth_centres,share_of_national,constant,2022,23,True,post,0.043478,0.046595,0.304394,0.348432,3.363636
youth_centres,share_of_national,constant,2023,23,True,post,0.043478,0.044294,0.297877,0.339667,3.217391
youth_complexes,per_head,as_printed,2014,24,True,post,0.003083,,0.939846,1.012855,
youth_complexes,per_head,as_printed,2015,24,True,post,0.003089,,0.90761,1.001006,
youth_complexes,per_head,as_printed,2016,24,True,post,0.003133,,0.850166,0.964714,
youth_complexes,per_head,as_printed,2017,23,False,post,0.0036,,,,
youth_complexes,per_head,as_printed,2018,23,False,post,0.003685,,,,
youth_complexes,per_head,as_printed,2019,22,False,post,0.003827,,,,
youth_complexes,per_head,as_printed,2020,23,False,post,0.003742,,,,
youth_complexes,per_head,as_printed,2021,24,True,post,0.003664,,0.666112,0.737109,9.090326
youth_complexes,per_head,as_printed,2022,24,True,post,0.003653,,0.666783,0.737641,9.113619
youth_complexes,per_head,as_printed,2023,24,True,post,0.003837,,0.648277,0.696808,9.142835
youth_complexes,per_head,constant,2014,23,True,post,0.003217,,0.939846,0.970291,
youth_complexes,per_head,constant,2015,23,True,post,0.003223,,0.90761,0.958435,
youth_complexes,per_head,constant,2016,23,True,post,0.003269,,0.850166,0.922078,
youth_complexes,per_head,constant,2017,22,False,post,0.003764,,,,
youth_complexes,per_head,constant,2018,22,False,post,0.003853,,,,
youth_complexes,per_head,constant,2019,22,False,post,0.003827,,,,
youth_complexes,per_head,constant,2020,22,False,post,0.003845,,,,
youth_complexes,per_head,constant,2021,23,True,post,0.00376,0.165564,0.654258,0.717162,6.987266
youth_complexes,per_head,constant,2022,23,True,post,0.003749,0.165899,0.654953,0.717685,7.005976
youth_complexes,per_head,constant,2023,23,True,post,0.003941,0.166752,0.637481,0.675268,7.029675
youth_complexes,share_of_national,as_printed,2014,24,True,post,0.041667,,0.733969,0.757892,
youth_complexes,share_of_national,as_printed,2015,24,True,post,0.041667,,0.779778,0.795698,
youth_complexes,share_of_national,as_printed,2016,24,True,post,0.041667,,0.718485,0.739814,
youth_complexes,share_of_national,as_printed,2017,23,False,post,0.043478,,,,
youth_complexes,share_of_national,as_printed,2018,23,False,post,0.043478,,,,
youth_complexes,share_of_national,as_printed,2019,22,False,post,0.045455,,,,
youth_complexes,share_of_national,as_printed,2020,23,False,post,0.043478,,,,
youth_complexes,share_of_national,as_printed,2021,24,True,post,0.041667,,0.534025,0.50616,4.0
youth_complexes,share_of_national,as_printed,2022,24,True,post,0.041667,,0.534186,0.50616,4.0
youth_complexes,share_of_national,as_printed,2023,24,True,post,0.041667,,0.506202,0.484031,4.0
youth_complexes,share_of_national,constant,2014,23,True,post,0.043478,,0.733969,0.713302,
youth_complexes,share_of_national,constant,2015,23,True,post,0.043478,,0.779778,0.751724,
youth_complexes,share_of_national,constant,2016,23,True,post,0.043478,,0.718485,0.694876,
youth_complexes,share_of_national,constant,2017,22,False,post,0.045455,,,,
youth_complexes,share_of_national,constant,2018,22,False,post,0.045455,,,,
youth_complexes,share_of_national,constant,2019,22,False,post,0.045455,,,,
youth_complexes,share_of_national,constant,2020,22,False,post,0.045455,,,,
youth_complexes,share_of_national,constant,2021,23,True,post,0.043478,0.101462,0.466569,0.451505,2.666667
youth_complexes,share_of_national,constant,2022,23,True,post,0.043478,0.101449,0.466544,0.451505,2.666667
youth_complexes,share_of_national,constant,2023,23,True,post,0.043478,0.092584,0.438488,0.427618,2.666667
