indicator,basis,geography,year,weighting,period,governorates,mean,gini,theil_t,theil_l,cv,atkinson_05,atkinson_1,atkinson_2,p90_p10,p80_p20
bank_branches,per_head,as_printed,2010,population,pre,24,0.10489549289512341,0.3223539925105498,0.16909534541043292,0.17575851743317858,0.6087123887007206,0.08297374302458338,0.16117948058624565,0.29526755876745503,3.8596624326238054,2.9054817810044575
bank_branches,per_head,as_printed,2011,population,post,24,0.10677689357218594,0.3230587699829384,0.16915997633860239,0.1761727400542415,0.6069969000748628,0.08312965463541389,0.16152686706776198,0.29521080256257193,4.116466201250456,2.74014590878077
bank_branches,per_head,as_printed,2012,population,post,24,0.11252741769569002,0.30868535799421,0.15768909369508108,0.170347196565703,0.5812368354423055,0.07875298769503425,0.15662805008644798,0.3026574394532826,4.62758184341579,2.682287652227532
bank_branches,per_head,as_printed,2013,population,post,24,0.11685792071403649,0.3037436182496438,0.152345250659271,0.16635598066556856,0.567587489725285,0.0765542952868482,0.1532552442293872,0.29981989763588257,4.651888279900894,2.6297983083929735
bank_branches,per_head,as_printed,2014,population,post,24,0.12054479725959782,0.31975070213816437,0.16932658665303574,0.17483591717719144,0.6143540549654845,0.08269937388793513,0.1604052274521569,0.29533041669496185,4.306584080126515,2.7033042256706965
bank_branches,per_head,as_printed,2015,population,post,24,0.12795137361963763,0.3163864913561709,0.16416024198743945,0.17119178086814185,0.6007341084045345,0.08065212876301953,0.15734004808297286,0.29252967036130784,4.2523382076154626,2.8376813163022296
bank_branches,per_head,as_printed,2016,population,post,24,0.13194249731145272,0.31210385401674207,0.15988294498969513,0.1672974572508267,0.5909845769133104,0.07875463715861541,0.1540520594403465,0.28780696203545086,4.210693945360007,2.7866041459765927
bank_branches,per_head,as_printed,2017,population,post,24,0.1366759153062832,0.3128615321345298,0.16069657348496952,0.168482399549071,0.5925906577481433,0.07919609022219587,0.1550538652789526,0.29038538600465924,4.343655318131079,2.566900288741621
bank_branches,per_head,as_printed,2018,population,post,24,0.13768611919108595,0.3074186756123981,0.15599908730126885,0.16141431759642988,0.5862196537795565,0.07649642169229587,0.14906056112169686,0.2771803161317561,4.170564390396009,2.544790518191841
bank_branches,per_head,as_printed,2010,unweighted,pre,24,0.10489549289512341,0.30081049411060407,0.14990954590897554,0.14536670189101303,0.5916711624243971,0.07138812331435673,0.13529485404712516,0.2407092070646626,3.818198062971302,2.6427559537483725
bank_branches,per_head,as_printed,2011,unweighted,post,24,0.10677689357218594,0.30275089203005723,0.1516524702812814,0.1460424022628707,0.5958773592843365,0.07199568226224462,0.13587893828060327,0.23951438741910558,3.8529890305988563,2.723842163417421
bank_branches,per_head,as_printed,2012,unweighted,post,24,0.11252741769569002,0.28858171280113337,0.13883555999058225,0.14221441237712604,0.5577569905872745,0.06786673417944067,0.13256475230812736,0.2506323659586531,4.3553774215096865,2.749012490658695
bank_branches,per_head,as_printed,2013,unweighted,post,24,0.11685792071403649,0.28443668929198884,0.1345100733453394,0.13930497313867835,0.545194344922571,0.06615751108620582,0.13003732724971484,0.24876710060078255,4.243296921549157,2.584341674585577
bank_branches,per_head,as_printed,2014,unweighted,post,24,0.12054479725959782,0.29491401860144206,0.1472624120309322,0.1414092249607424,0.5927558173510263,0.06972033384020193,0.13186602309592454,0.235768079023853,3.9799819979778546,2.522388059701493
bank_branches,per_head,as_printed,2015,unweighted,post,24,0.12795137361963763,0.2927193014217634,0.14391584240202548,0.13951776880972117,0.5818511829181195,0.06850875467744022,0.13022243184501825,0.2348138292395039,4.187192393736018,2.500393287346855
bank_branches,per_head,as_printed,2016,unweighted,post,24,0.13194249731145272,0.29076903379882285,0.1420755571367961,0.13758601487669928,0.5773867416137233,0.0676419557851694,0.12854061169853948,0.2315084580283907,4.194017576137784,2.424911559605009
bank_branches,per_head,as_printed,2017,unweighted,post,24,0.1366759153062832,0.2919116869065312,0.14330675912612403,0.1390820548196135,0.5800468771358597,0.06826466503905826,0.12984337501610643,0.23446807494346278,4.194941933678466,2.5286679476848692
bank_branches,per_head,as_printed,2018,unweighted,post,24,0.13768611919108595,0.28577841422817707,0.13830474338327922,0.132419962956691,0.5723182927440552,0.06553613555610183,0.12402695840716416,0.2220174175961579,4.05526460859978,2.4012370311252993
bank_branches,per_head,constant,2005,population,pre,23,0.08045781870242229,0.29938205034052184,0.14841203202734005,0.15090326483842123,0.5742317417951796,0.07229761628083486,0.14006911981150716,0.259216962979561,5.309982770852336,2.460852751286337
bank_branches,per_head,constant,2006,population,pre,23,0.0935034379270127,0.3295383144107062,0.1834530886711678,0.18677959380257447,0.6470507833604858,0.08870552504104035,0.17037342892647178,0.3091762055803605,6.897746641629351,2.4802984574111333
bank_branches,per_head,constant,2007,population,pre,23,0.09799913364992917,0.3294733259292094,0.1802797340965516,0.1848273604760242,0.6370079927904968,0.08758549677525818,0.1687522223139385,0.30657653029703347,6.804947487586447,2.8663914838149034
bank_branches,per_head,constant,2008,population,pre,23,0.0991949937654458,0.3265417084810172,0.17497916826234344,0.18507503157629576,0.616424389376722,0.08642685224895075,0.16895807287296705,0.312259796255295,4.269852567361465,2.7577823514278363
bank_branches,per_head,constant,2010,population,pre,23,0.10415067889827487,0.3125669804214964,0.16205120573137002,0.1686465548744356,0.5967593850123983,0.07959569625436491,0.15519255630286788,0.2878097568379062,3.818198062971302,2.5253791540628474
bank_branches,per_head,constant,2011,population,post,23,0.10595381377821324,0.3118929996843259,0.16084433864248754,0.1678511497310067,0.5926120143775193,0.07916212370062692,0.15452032480418953,0.28649101214587513,3.8529890305988563,2.4565342544617157
bank_branches,per_head,constant,2012,population,post,23,0.11116970460228492,0.3013487423239855,0.15375768193981565,0.1668350852072729,0.5734975966400552,0.07697232692445943,0.15366082632167133,0.2995434304172506,4.3553774215096865,2.4389841688654355
bank_branches,per_head,constant,2013,population,post,23,0.1154207148574254,0.29568123690245157,0.14813995620973855,0.16264917025805076,0.5589811241800204,0.07466017271115033,0.15011069743741834,0.2965471345649059,4.243296921549157,2.406581605114822
bank_branches,per_head,constant,2014,population,post,23,0.11973625182836986,0.3132657670970302,0.16526118031400666,0.17074663613378072,0.6076217021616095,0.08075018426899672,0.15696485894197965,0.2911450177174324,4.306584080126515,2.5114109349359355
bank_branches,per_head,constant,2015,population,post,23,0.126993531350875,0.30787752007395164,0.15888857706275694,0.1660206857573415,0.591515961626259,0.07815450756681175,0.1529712874222332,0.28729319682064935,4.2523382076154626,2.585102259853318
bank_branches,per_head,constant,2016,population,post,23,0.13111820029304236,0.3031248665387933,0.15408325385826052,0.16146988177648033,0.5808842583289918,0.07597152234245541,0.14910784156032908,0.2816549931194572,4.210693945360007,2.5902114775587854
bank_branches,per_head,constant,2017,population,post,23,0.1358155501752271,0.3025214683796133,0.15403356734339252,0.16180773697305745,0.5809262353999417,0.07600548217334135,0.1493952713402278,0.28337524509486023,4.194941933678466,2.41313399957017
bank_branches,per_head,constant,2018,population,post,23,0.13705318061763447,0.29673459787733375,0.14909325813165097,0.15426958679960004,0.5743617614894936,0.0731315095915962,0.14295905705987566,0.2691126669022952,4.05526460859978,2.4003689064558626
bank_branches,per_head,constant,2005,unweighted,pre,23,0.08045781870242229,0.27669475729837895,0.12762252534297144,0.12525244180628942,0.540089451911351,0.06136101223265422,0.11772584841052325,0.21570009785208588,2.849543147208122,2.457180141843972
bank_branches,per_head,constant,2006,unweighted,pre,23,0.0935034379270127,0.31085043563274967,0.16232065384098682,0.15877435039295515,0.6183909875583574,0.07733654797658285,0.14681114101969717,0.26273034417449026,3.7734981316470244,2.865102869139258
bank_branches,per_head,constant,2007,unweighted,pre,23,0.09799913364992917,0.31243746595259086,0.16255065633526214,0.1591275117265872,0.6164757098861632,0.07754061463261896,0.1471124011351318,0.2619016202981743,3.5750526199180235,2.962441938329737
bank_branches,per_head,constant,2008,unweighted,pre,23,0.0991949937654458,0.30996759285543474,0.15820681056868552,0.1575592722526534,0.6017417991173082,0.07618306998474023,0.14577381980205917,0.26250846906607717,3.796301775147929,2.9153867403314915
bank_branches,per_head,constant,2010,unweighted,pre,23,0.10415067889827487,0.2973519260881626,0.14768031809419035,0.14329282454449396,0.5887328022103788,0.07032786306414407,0.13349970081311002,0.2387942388525961,3.3186915358930196,2.469842961384189
bank_branches,per_head,constant,2011,unweighted,post,23,0.10595381377821324,0.29787701185638416,0.1478670248234308,0.142625323433987,0.5896220081313883,0.07024769228945527,0.1329211178202364,0.2360847090939906,3.454195451928613,2.6849050813275466
bank_branches,per_head,constant,2012,unweighted,post,23,0.11116970460228492,0.2888661581000988,0.14005173109596597,0.14317118576536772,0.5618236004593588,0.06836314514000463,0.13339429436397832,0.2516854192625677,3.9603122251539147,2.749012490658695
bank_branches,per_head,constant,2013,unweighted,post,23,0.1154207148574254,0.2840266657946033,0.1351955060871223,0.1399126266503603,0.5477527168738632,0.06644850200169417,0.13056580254164918,0.24954381432871053,3.8831268100863747,2.584341674585577
bank_branches,per_head,constant,2014,unweighted,post,23,0.11973625182836986,0.2958905949318841,0.14907380306867615,0.14280258835233345,0.5983603481742801,0.07044818300381284,0.1330748068652452,0.23756078953326443,3.697464094367655,2.332996079423296
bank_branches,per_head,constant,2015,unweighted,post,23,0.126993531350875,0.2920884891982899,0.14412235797089598,0.13961134049981852,0.5839043408715511,0.0685469848923681,0.13030381459445928,0.2352750496698499,3.814494762784966,2.3703383114903995
bank_branches,per_head,constant,2016,unweighted,post,23,0.13111820029304236,0.289589346591807,0.14159820032765863,0.1371350075286825,0.5778487960756131,0.06738685325286486,0.12814748846684798,0.23147657983269887,3.8984340414767393,2.2277619165839124
bank_branches,per_head,constant,2017,unweighted,post,23,0.1358155501752271,0.28939797287227165,0.14189990462497867,0.1378605353285286,0.578513133940915,0.06760263774233943,0.12877981228933733,0.2336680702231405,3.943650265957447,2.340948665635346
bank_branches,per_head,constant,2018,unweighted,post,23,0.13705318061763447,0.28256776727233196,0.13641845052298895,0.13068603530268394,0.5698744527912641,0.06463516236648359,0.12250676695605567,0.2205146965960889,3.82512077294686,2.1552286693131766
bank_branches,share_of_national,as_printed,2010,population,pre,24,0.041666666666666664,0.5021630458681046,0.4341879035149435,0.47515407199670057,1.0370371108807241,0.20618342569445447,0.37821075122651693,0.5940233687054328,9.125,5.428571428571429
bank_branches,share_of_national,as_printed,2011,population,post,24,0.041666666666666664,0.5014033498291787,0.43100297521248876,0.47687812146057973,1.0255633870152174,0.20592089609304032,0.3792818230917735,0.5966541341700937,9.5625,5.714285714285714
bank_branches,share_of_national,as_printed,2012,population,post,24,0.041666666666666664,0.4895783779988376,0.4121348513695137,0.45331328894202993,1.006969375777648,0.19669617986485866,0.3644809986405012,0.5861612816424033,8.333333333333334,6.0
bank_branches,share_of_national,as_printed,2013,population,post,24,0.041666666666666664,0.4836263624674643,0.4006008483108663,0.44484829044681723,0.9848555687952415,0.1925260728779815,0.35907849742818476,0.5815555301085875,8.263157894736842,6.250000000000001
bank_branches,share_of_national,as_printed,2014,population,post,24,0.041666666666666664,0.49966475066667615,0.4317505564600769,0.47478080970405845,1.0353877451380413,0.20536982895744005,0.3779786174252773,0.5966626251006862,9.38888888888889,5.958333333333334
bank_branches,share_of_national,as_printed,2015,population,post,24,0.041666666666666664,0.4915297969858401,0.4172321245150639,0.46383346666403225,1.0085734788089276,0.20008343482790503,0.3711317267212969,0.5909572516381789,9.368421052631579,6.12
bank_branches,share_of_national,as_printed,2016,population,post,24,0.041666666666666664,0.4860603714203124,0.406833170673802,0.4564291748062482,0.9892040252634267,0.19630312033252528,0.36645812146912793,0.5887982448668025,9.0,5.448275862068965
bank_branches,share_of_national,as_printed,2017,population,post,24,0.041666666666666664,0.48434659091402116,0.40406523454200594,0.45518199938933934,0.9839335587938149,0.19540159121649048,0.3656674906874865,0.5895456736633538,9.476190476190476,5.125
bank_branches,share_of_national,as_printed,2018,population,post,24,0.041666666666666664,0.48014464159008485,0.39694202049936733,0.44528442102779425,0.9748457994247872,0.19190115377260286,0.3593579619495201,0.5814276946633047,8.826086956521738,5.0
bank_branches,share_of_national,as_printed,2010,unweighted,pre,24,0.041666666666666664,0.5269535113748763,0.5023323623584193,0.4871200653525329,1.2124013224909918,0.22311316874273734,0.38560673882749397,0.5656158688218724,9.5,6.333333333333333
bank_branches,share_of_national,as_printed,2011,unweighted,post,24,0.041666666666666664,0.5302486848397896,0.5066409456729222,0.4948593037261184,1.2100527719444696,0.22576010307576466,0.3903433223147217,0.5709504308088721,10.000000000000002,6.933333333333333
bank_branches,share_of_national,as_printed,2012,unweighted,post,24,0.041666666666666664,0.5153266620657925,0.47451831567310776,0.4686589674914746,1.1673769425922196,0.21317995644874166,0.3741590211142306,0.5637137524766718,10.0,6.687500000000001
bank_branches,share_of_national,as_printed,2013,unweighted,post,24,0.041666666666666664,0.5120149911816578,0.46579448386428823,0.4619402657275236,1.146818531313552,0.21023296789355517,0.36994002500792733,0.5576990886827666,8.928571428571429,6.823529411764706
bank_branches,share_of_national,as_printed,2014,unweighted,post,24,0.041666666666666664,0.5310578105781057,0.5105195076664053,0.49690462291245446,1.2249384897357196,0.22672788486341522,0.3915889904859108,0.5725953129396711,10.214285714285715,6.388888888888889
bank_branches,share_of_national,as_printed,2015,unweighted,post,24,0.041666666666666664,0.5267634655932529,0.4994453259465552,0.48988113605950534,1.1981226089045398,0.22331441335318358,0.3873007823003607,0.5671866297179545,10.200000000000001,6.842105263157895
bank_branches,share_of_national,as_printed,2016,unweighted,post,24,0.041666666666666664,0.5255317198386504,0.49433063462524945,0.49087171937296037,1.1821218289286282,0.22249236378529536,0.3879074114136375,0.5711213547613962,9.875,7.2631578947368425
bank_branches,share_of_national,as_printed,2017,unweighted,post,24,0.041666666666666664,0.5256477591036415,0.4942563609404299,0.4930954504370205,1.1792434310002473,0.22291907926376164,0.38926702844537064,0.5740865291893958,9.647058823529413,6.9523809523809526
bank_branches,share_of_national,as_printed,2018,unweighted,post,24,0.041666666666666664,0.5225021533161068,0.4880339629190613,0.48614420115860696,1.1704995115009205,0.2202292290468576,0.3850068818010338,0.5692607994757759,9.705882352941176,7.047619047619048
bank_branches,share_of_national,constant,2005,population,pre,23,0.04347826086956521,0.4844051823198154,0.4105806856718075,0.4284049386210787,1.0254690029590776,0.19157163844194125,0.3484524753835113,0.5527758886470295,20.363636363636363,5.266666666666667
bank_branches,share_of_national,constant,2006,population,pre,23,0.04347826086956521,0.5072561822317982,0.45851169748394993,0.4832748573233499,1.0976737246783106,0.2125833551243671,0.3832397210050751,0.595401113285488,26.454545454545453,5.9375
bank_branches,share_of_national,constant,2007,population,pre,23,0.043478260869565216,0.5026443590308018,0.4455210341189573,0.47735948627281843,1.0705264531230312,0.20864346277327106,0.3795805430780407,0.5954952395465387,25.083333333333336,5.777777777777779
bank_branches,share_of_national,constant,2008,population,pre,23,0.043478260869565216,0.4999631376308323,0.4306407354928017,0.4761780411485641,1.0298661529229216,0.20541601582973867,0.3788471183704565,0.599001215472448,9.76923076923077,6.352941176470588
bank_branches,share_of_national,constant,2010,population,pre,23,0.043478260869565216,0.4868849343768663,0.40673425451791173,0.4639389500409647,0.9825445733005603,0.19763165731151033,0.37119805837190323,0.5997119457777553,9.125,5.857142857142857
bank_branches,share_of_national,constant,2011,population,post,23,0.04347826086956523,0.48595085438548846,0.40362241449520897,0.46570802626743973,0.9709498393011573,0.19737697159542633,0.37230947355904653,0.6024909658472689,9.5625,6.2857142857142865
bank_branches,share_of_national,constant,2012,population,post,23,0.04347826086956523,0.47915357839577943,0.3913757032895009,0.4528974121339057,0.9548719243096071,0.19187634023975386,0.3642166460614704,0.5989552035227067,8.333333333333334,7.3500000000000005
bank_branches,share_of_national,constant,2013,population,post,23,0.043478260869565216,0.47415029519332486,0.381439394514811,0.44594499094186496,0.9344486491553594,0.18835121496677998,0.35978101106340354,0.595361776503575,8.31578947368421,7.8500000000000005
bank_branches,share_of_national,constant,2014,population,post,23,0.043478260869565216,0.4845073444232131,0.40568652776376657,0.46744034613761215,0.9798888954715869,0.19791565572139758,0.3733958930455977,0.6053755101126557,9.38888888888889,6.333333333333333
bank_branches,share_of_national,constant,2015,population,post,23,0.043478260869565216,0.4775617319097098,0.39275021038496444,0.45805655927142896,0.9541787821861697,0.19327024776925628,0.36748829920530957,0.6006948488531576,9.368421052631579,6.84
bank_branches,share_of_national,constant,2016,population,post,23,0.043478260869565216,0.47178888751463394,0.3822484939234981,0.44957634298711785,0.9353712520158807,0.1892029808006277,0.36210165550967044,0.5978934954875089,9.0,6.137931034482759
bank_branches,share_of_national,constant,2017,population,post,23,0.04347826086956521,0.4706643718859819,0.3797383035013105,0.4486257693268651,0.9300480055438989,0.18841359143615977,0.3614949978547666,0.5989361438833813,9.476190476190476,5.968750000000001
bank_branches,share_of_national,constant,2018,population,post,23,0.043478260869565216,0.4661039419877507,0.3720499141265603,0.4372315601975558,0.9207674088464071,0.18446617419553524,0.3541781325444512,0.5897689437539361,8.826086956521738,5.787878787878787
bank_branches,share_of_national,constant,1995,unweighted,pre,23,0.043478260869565216,0.47056036014690195,0.40295561276099123,0.3737800828053821,1.0901481365203018,0.17816508040792478,0.3118717735808795,0.47963710969514894,7.777777777777778,4.444444444444444
bank_branches,share_of_national,constant,1996,unweighted,pre,23,0.04347826086956521,0.47059496567505715,0.40420491047353846,0.37329109567981067,1.0938682662613073,0.17838239773005105,0.31153520545538405,0.4765182256572599,8.0,4.0
bank_branches,share_of_national,constant,1997,unweighted,pre,23,0.043478260869565216,0.46881890654152764,0.402754227864382,0.3696538442536728,1.095339213584801,0.1772611547260332,0.3090265263169274,0.47232518888730424,8.0,4.0
bank_branches,share_of_national,constant,1998,unweighted,pre,23,0.04347826086956521,0.46885264154094536,0.404300186996129,0.36895707955478746,1.1007830723979692,0.17742886441698624,0.30854491262637396,0.47029049917895505,7.2,3.727272727272727
bank_branches,share_of_national,constant,1999,unweighted,pre,23,0.04347826086956523,0.46832928713308325,0.4022523578612396,0.3686909285513568,1.09384385076786,0.1770004955832617,0.3083608566687903,0.470710458867152,7.4,3.7272727272727275
bank_branches,share_of_national,constant,2000,unweighted,pre,23,0.043478260869565216,0.4666486632460166,0.4000304060573339,0.3681810958446198,1.0899883183601053,0.17636967437061069,0.30800814650831243,0.4719617808360007,7.200000000000001,3.8181818181818183
bank_branches,share_of_national,constant,2001,unweighted,pre,23,0.043478260869565216,0.4727138253473505,0.4119130803210872,0.3794487973011469,1.1105763989758657,0.18124338211981839,0.3157615406272577,0.48150694191923715,7.2,3.909090909090909
bank_branches,share_of_national,constant,2002,unweighted,pre,23,0.04347826086956523,0.4774346793349169,0.4200790951551019,0.3891432846692778,1.1212043038929587,0.1850328880482942,0.32236283195998805,0.4904664426351638,7.4,3.9090909090909087
bank_branches,share_of_national,constant,2003,unweighted,pre,23,0.04347826086956521,0.4802925639983746,0.42300111727859085,0.3948096484245319,1.1217800456343812,0.18687998910235182,0.3261917124885577,0.49648210416240324,7.5,4.090909090909091
bank_branches,share_of_national,constant,2004,unweighted,pre,23,0.04347826086956521,0.4838144794116175,0.4262762354812085,0.40140999046765236,1.1193211556396871,0.1890926475336131,0.3306244328299742,0.5026948650076292,7.699999999999999,4.181818181818182
bank_branches,share_of_national,constant,2005,unweighted,pre,23,0.04347826086956521,0.49641662685140936,0.45014865306365626,0.42485440860008183,1.1578694899800197,0.19895637610070926,0.346135024682643,0.5209856682321716,7.8999999999999995,4.727272727272727
bank_branches,share_of_national,constant,2006,unweighted,pre,23,0.04347826086956521,0.521579283887468,0.5069024719981063,0.4779903113440827,1.2538914070969314,0.22141259829357696,0.3799717958071781,0.5579928398435974,8.636363636363635,5.545454545454545
bank_branches,share_of_national,constant,2007,unweighted,pre,23,0.043478260869565216,0.5238453437641042,0.5038488918212498,0.48409778088913774,1.2333577429855644,0.22225847805666088,0.38374705879436055,0.5654303971386188,9.454545454545455,6.0
bank_branches,share_of_national,constant,2008,unweighted,pre,23,0.043478260869565216,0.5272103880945433,0.501097248878486,0.49216638729365697,1.2043818872652086,0.22387683694208071,0.38869935528979227,0.5713221849901777,10.799999999999999,5.923076923076923
bank_branches,share_of_national,constant,2010,unweighted,pre,23,0.043478260869565216,0.533737582247452,0.5087183300789782,0.5093620124074831,1.197640045149864,0.22920594749904633,0.39912119022378945,0.5849816093096878,10.25,7.333333333333333
bank_branches,share_of_national,constant,2011,unweighted,post,23,0.04347826086956523,0.5368348824153202,0.5130135220617242,0.5168438759485582,1.19602842641682,0.2317607344865814,0.4036001072667075,0.589882189772452,11.000000000000002,7.8
bank_branches,share_of_national,constant,2012,unweighted,post,23,0.04347826086956523,0.5280403276622557,0.49134153548791615,0.49988638875008984,1.1653713649012603,0.22346112699346843,0.3934004276664572,0.5868234094217059,12.25,6.999999999999999
bank_branches,share_of_national,constant,2013,unweighted,post,23,0.043478260869565216,0.5253048079135035,0.48374507386481824,0.49352032865496126,1.147500304877283,0.22084200086474248,0.3895264604645524,0.5810949404919273,11.214285714285715,6.823529411764706
bank_branches,share_of_national,constant,2014,unweighted,post,23,0.043478260869565216,0.5393336542061072,0.5211924341178944,0.5241663724246571,1.2136572565108443,0.23478975831166893,0.40795129316573453,0.5937907794595441,10.857142857142858,7.166666666666667
bank_branches,share_of_national,constant,2015,unweighted,post,23,0.043478260869565216,0.5357401805135387,0.5110481812620046,0.517063029291797,1.1895770297952848,0.23155370920359108,0.4037307959761506,0.5883927317915802,11.4,7.157894736842105
bank_branches,share_of_national,constant,2016,unweighted,post,23,0.043478260869565216,0.5339360022958816,0.5046113009427909,0.516701017149314,1.1729006950510044,0.2301330531791107,0.40351490020801817,0.5917073226907222,11.125,7.473684210526315
bank_branches,share_of_national,constant,2017,unweighted,post,23,0.04347826086956521,0.5342528315674095,0.504540287069497,0.5186454805782449,1.1706465046396122,0.23047820701205046,0.4046736167643955,0.5944010796146963,11.23529411764706,6.9523809523809526
bank_branches,share_of_national,constant,2018,unweighted,post,23,0.043478260869565216,0.5305920683069318,0.4968089613724058,0.509932918133777,1.160548397861554,0.22710900035194437,0.3994641374725103,0.5890533916428318,11.235294117647058,7.047619047619048
camping_centres,per_head,as_printed,2014,population,post,24,0.002550467134817294,0.538619706165224,,,0.9881158842769515,,,,,
camping_centres,per_head,as_printed,2015,population,post,24,0.002524173320749537,0.5397798023775608,,,0.9916267021403093,,,,,
camping_centres,per_head,as_printed,2017,population,post,24,0.0024836109343019425,0.5422148316988972,,,0.9990541543848201,,,,,
camping_centres,per_head,as_printed,2023,population,post,24,0.0029082957550497827,0.5222801345998299,,,0.961437750304658,,,,,
camping_centres,per_head,as_printed,2014,unweighted,post,24,0.002550467134817294,0.5025556648849858,,,0.9028631161684162,,,,,
camping_centres,per_head,as_printed,2015,unweighted,post,24,0.002524173320749537,0.5038786595730009,,,0.9057396097645195,,,,,
camping_centres,per_head,as_printed,2017,unweighted,post,24,0.0024836109343019425,0.5065109586178068,,,0.9114292177494213,,,,,
camping_centres,per_head,as_printed,2023,unweighted,post,24,0.0029082957550497827,0.4798326029208398,,,0.8569367573625334,,,,,
camping_centres,per_head,constant,2014,population,post,23,0.002592516546397016,0.5282957709333195,,,0.9712940783668055,,,,,
camping_centres,per_head,constant,2015,population,post,23,0.0025661209463149178,0.5294379067554561,,,0.9748939859232045,,,,,
camping_centres,per_head,constant,2017,population,post,23,0.0025257335332251095,0.5318610334530761,,,0.982554423455714,,,,,
camping_centres,per_head,constant,2023,population,post,23,0.00297245683445477,0.5112204331459858,,,0.9482668299718332,,,,,
camping_centres,per_head,constant,2014,unweighted,post,23,0.002592516546397016,0.49835720064045735,,,0.8919580871823978,,,,,
camping_centres,per_head,constant,2015,unweighted,post,23,0.0025661209463149178,0.49972699045080815,,,0.8949529241075695,,,,,
camping_centres,per_head,constant,2017,unweighted,post,23,0.0025257335332251095,0.502401691653755,,,0.9007850479563111,,,,,
camping_centres,per_head,constant,2023,unweighted,post,23,0.00297245683445477,0.4731087962361485,,,0.8423709451889388,,,,,
camping_centres,share_of_national,as_printed,2014,population,post,24,0.041666666666666664,0.48334751333949244,,,0.8939156090120325,,,,,
camping_centres,share_of_national,as_printed,2015,population,post,24,0.041666666666666664,0.483237257737878,,,0.8936878953532167,,,,,
camping_centres,share_of_national,as_printed,2017,population,post,24,0.041666666666666664,0.48307231641154486,,,0.8933419999200887,,,,,
camping_centres,share_of_national,as_printed,2023,population,post,24,0.041666666666666664,0.44367647985539077,,,0.8272973130614089,,,,,
camping_centres,share_of_national,as_printed,2014,unweighted,post,24,0.041666666666666664,0.46920289855072467,,,0.877140913123131,,,,,
camping_centres,share_of_national,as_printed,2015,unweighted,post,24,0.041666666666666664,0.46920289855072467,,,0.877140913123131,,,,,
camping_centres,share_of_national,as_printed,2017,unweighted,post,24,0.041666666666666664,0.46920289855072467,,,0.877140913123131,,,,,
camping_centres,share_of_national,as_printed,2023,unweighted,post,24,0.041666666666666664,0.41666666666666663,,,0.7956984948298923,,,,,
camping_centres,share_of_national,constant,2014,population,post,23,0.04347826086956521,0.44057842193595403,,,0.8177767972675812,,,,,
camping_centres,share_of_national,constant,2015,population,post,23,0.04347826086956521,0.4398146844918584,,,0.8164194358981447,,,,,
camping_centres,share_of_national,constant,2017,population,post,23,0.04347826086956521,0.4383780133723351,,,0.813867712933349,,,,,
camping_centres,share_of_national,constant,2023,population,post,23,0.043478260869565216,0.39682262919228267,,,0.7508713156947022,,,,,
camping_centres,share_of_national,constant,2014,unweighted,post,23,0.04347826086956521,0.44612476370510395,,,0.8340576562282991,,,,,
camping_centres,share_of_national,constant,2015,unweighted,post,23,0.04347826086956521,0.44612476370510395,,,0.8340576562282991,,,,,
camping_centres,share_of_national,constant,2017,unweighted,post,23,0.04347826086956521,0.44612476370510395,,,0.8340576562282991,,,,,
camping_centres,share_of_national,constant,2023,unweighted,post,23,0.043478260869565216,0.39130434782608703,,,0.7517238571420025,,,,,
cinema_screens,per_head,as_printed,2005,population,pre,24,0.002266844712750189,0.6382084799898962,,,1.2607514953461452,,,,,
cinema_screens,per_head,as_printed,2006,population,pre,24,0.00182084155549007,0.58366175190739,,,1.115846117510773,,,,,
cinema_screens,per_head,as_printed,2007,population,pre,24,0.001801896552655676,0.5839777496493257,,,1.1185893770129365,,,,,
cinema_screens,per_head,as_printed,2008,population,pre,24,0.001050253925624858,0.7419235291523189,,,1.6998555255378651,,,,,
cinema_screens,per_head,as_printed,2009,population,pre,24,0.0009449245723230825,0.7709852655061283,,,1.8669615142221088,,,,,
cinema_screens,per_head,as_printed,2010,population,pre,24,0.0009344356370508397,0.7256246450880183,,,1.6678969842020928,,,,,
cinema_screens,per_head,as_printed,2011,population,post,24,0.0011361791113177035,0.6947468580582391,,,1.4725415005740452,,,,,
cinema_screens,per_head,as_printed,2012,population,post,24,0.0011619958252347322,0.7039140594573542,,,1.5293684316620102,,,,,
cinema_screens,per_head,as_printed,2013,population,post,24,0.001140922329832843,0.731997323137739,,,1.624802204130578,,,,,
cinema_screens,per_head,as_printed,2014,population,post,24,0.0009740626695843411,0.7398780768345985,,,1.7356982878397165,,,,,
cinema_screens,per_head,as_printed,2015,population,post,24,0.0010692891388620386,0.7759494839373829,,,1.867179974073394,,,,,
cinema_screens,per_head,as_printed,2016,population,post,24,0.001033748705099012,0.7359238549421676,,,1.683381250529989,,,,,
cinema_screens,per_head,as_printed,2017,population,post,24,0.0010253391509396463,0.7369474730135778,,,1.6917166413608749,,,,,
cinema_screens,per_head,as_printed,2018,population,post,24,0.0015872130467545296,0.7267526020185101,,,1.5805515713849125,,,,,
cinema_screens,per_head,as_printed,2019,population,post,24,0.0018270946826128198,0.7133177197259272,,,1.4994416397108097,,,,,
cinema_screens,per_head,as_printed,2021,population,post,24,0.0021134136775485196,0.6605377388913405,,,1.3038783883717626,,,,,
cinema_screens,per_head,as_printed,2022,population,post,24,0.0021834144751335847,0.6417956432883006,,,1.2574188138427989,,,,,
cinema_screens,per_head,as_printed,2005,unweighted,pre,24,0.002266844712750189,0.712561944251558,,,1.48798413005301,,,,,
cinema_screens,per_head,as_printed,2006,unweighted,pre,24,0.00182084155549007,0.6833814903557992,,,1.408387651214006,,,,,
cinema_screens,per_head,as_printed,2007,unweighted,pre,24,0.001801896552655676,0.6842993787826811,,,1.4130227626291765,,,,,
cinema_screens,per_head,as_printed,2008,unweighted,pre,24,0.001050253925624858,0.8100069973462518,,,2.1053934169406148,,,,,
cinema_screens,per_head,as_printed,2009,unweighted,pre,24,0.0009449245723230825,0.8483904032567839,,,2.4728505509368657,,,,,
cinema_screens,per_head,as_printed,2010,unweighted,pre,24,0.0009344356370508397,0.8206350454447497,,,2.2348157410655585,,,,,
cinema_screens,per_head,as_printed,2011,unweighted,post,24,0.0011361791113177035,0.7883182508505191,,,1.927391400674098,,,,,
cinema_screens,per_head,as_printed,2012,unweighted,post,24,0.0011619958252347322,0.794908654717573,,,2.004127169041985,,,,,
cinema_screens,per_head,as_printed,2013,unweighted,post,24,0.001140922329832843,0.8334129227764419,,,2.2451072288944984,,,,,
cinema_screens,per_head,as_printed,2014,unweighted,post,24,0.0009740626695843411,0.8362211191840924,,,2.442868314389186,,,,,
cinema_screens,per_head,as_printed,2015,unweighted,post,24,0.0010692891388620386,0.8597367484029169,,,2.581951322279153,,,,,
cinema_screens,per_head,as_printed,2016,unweighted,post,24,0.001033748705099012,0.833337454249297,,,2.3265468978625834,,,,,
cinema_screens,per_head,as_printed,2017,unweighted,post,24,0.0010253391509396463,0.8342279677944829,,,2.3374218603544223,,,,,
cinema_screens,per_head,as_printed,2018,unweighted,post,24,0.0015872130467545296,0.8365639643792364,,,2.2282732449800937,,,,,
cinema_screens,per_head,as_printed,2019,unweighted,post,24,0.0018270946826128198,0.8258859177758472,,,2.0863599039336034,,,,,
cinema_screens,per_head,as_printed,2021,unweighted,post,24,0.0021134136775485196,0.7902443527170508,,,1.8334646558398813,,,,,
cinema_screens,per_head,as_printed,2022,unweighted,post,24,0.0021834144751335847,0.7723920665255299,,,1.7545319864407458,,,,,
cinema_screens,per_head,constant,2005,population,pre,23,0.0023654031785219362,0.6382084799898963,,,1.2607514953461452,,,,,
cinema_screens,per_head,constant,2006,population,pre,23,0.001857537955438311,0.5809940856446054,,,1.1101773311889294,,,,,
cinema_screens,per_head,constant,2007,population,pre,23,0.0018392491675693252,0.5813340710066449,,,1.113079533062431,,,,,
cinema_screens,per_head,constant,2008,population,pre,23,0.001056343598063493,0.737856113977988,,,1.691299229542015,,,,,
cinema_screens,per_head,constant,2009,population,pre,23,0.0009474466224963764,0.7669365790941332,,,1.8592923224710687,,,,,
cinema_screens,per_head,constant,2010,population,pre,23,0.0009399393129800393,0.7193545334090481,,,1.6599805505580667,,,,,
cinema_screens,per_head,constant,2011,population,post,23,0.0011518689827721912,0.6895110691189271,,,1.4661553545506056,,,,,
cinema_screens,per_head,constant,2012,population,post,23,0.001180138919706598,0.699045826301441,,,1.5239339663613993,,,,,
cinema_screens,per_head,constant,2013,population,post,23,0.0011594200287920555,0.7274680466527448,,,1.6202611680160808,,,,,
cinema_screens,per_head,constant,2014,population,post,23,0.000986635826781745,0.7350748333912767,,,1.7307646035958115,,,,,
cinema_screens,per_head,constant,2015,population,post,23,0.0010870016263180462,0.7736993660174938,,,1.8634360530823781,,,,,
cinema_screens,per_head,constant,2016,population,post,23,0.0010508158095084666,0.7319458576985497,,,1.6789317091866252,,,,,
cinema_screens,per_head,constant,2017,population,post,23,0.0010428274639978125,0.7330334665072189,,,1.6873663663111886,,,,,
cinema_screens,per_head,constant,2018,population,post,23,0.0014185308968511908,0.6827477270712025,,,1.3811960182154872,,,,,
cinema_screens,per_head,constant,2019,population,post,23,0.0016741198806852612,0.6710271838796866,,,1.338378196297313,,,,,
cinema_screens,per_head,constant,2021,population,post,23,0.00197781986324803,0.610919413422044,,,1.1633154218209365,,,,,
cinema_screens,per_head,constant,2022,population,post,23,0.0020524913865317034,0.5917573885301717,,,1.1190043305922637,,,,,
cinema_screens,per_head,constant,2005,unweighted,pre,23,0.0023654031785219362,0.7000646374798867,,,1.442281551045384,,,,,
cinema_screens,per_head,constant,2006,unweighted,pre,23,0.001857537955438311,0.6812511800625857,,,1.3958762205152822,,,,,
cinema_screens,per_head,constant,2007,unweighted,pre,23,0.0018392491675693252,0.6819802979255523,,,1.3999925199189998,,,,,
cinema_screens,per_head,constant,2008,unweighted,pre,23,0.001056343598063493,0.812876144956245,,,2.118041502892665,,,,,
cinema_screens,per_head,constant,2009,unweighted,pre,23,0.0009474466224963764,0.8520216086304079,,,2.4990532510235264,,,,,
cinema_screens,per_head,constant,2010,unweighted,pre,23,0.0009399393129800393,0.8221803221203864,,,2.2492204682595247,,,,,
cinema_screens,per_head,constant,2011,unweighted,post,23,0.0011518689827721912,0.7881185689737609,,,1.9262008116265303,,,,,
cinema_screens,per_head,constant,2012,unweighted,post,23,0.001180138919706598,0.7947412541342764,,,2.0017057186669502,,,,,
cinema_screens,per_head,constant,2013,unweighted,post,23,0.0011594200287920555,0.8335927885698794,,,2.2444699826348193,,,,,
cinema_screens,per_head,constant,2014,unweighted,post,23,0.000986635826781745,0.8376973935471043,,,2.449849664631621,,,,,
cinema_screens,per_head,constant,2015,unweighted,post,23,0.0010870016263180462,0.8616252447361077,,,2.5837184569589793,,,,,
cinema_screens,per_head,constant,2016,unweighted,post,23,0.0010508158095084666,0.834232799222739,,,2.325876918224386,,,,,
cinema_screens,per_head,constant,2017,unweighted,post,23,0.0010428274639978125,0.8350885597625528,,,2.335876384408159,,,,,
cinema_screens,per_head,constant,2018,unweighted,post,23,0.0014185308968511908,0.8152412305716609,,,2.0306996862553683,,,,,
cinema_screens,per_head,constant,2019,unweighted,post,23,0.0016741198806852612,0.8079316041542541,,,1.953209951141354,,,,,
cinema_screens,per_head,constant,2021,unweighted,post,23,0.00197781986324803,0.7671034805116485,,,1.7124577016870162,,,,,
cinema_screens,per_head,constant,2022,unweighted,post,23,0.0020524913865317034,0.7471304899362808,,,1.63026039355786,,,,,
cinema_screens,share_of_national,as_printed,2005,population,pre,24,0.041666666666666664,0.6984662468818039,,,1.6009601311759132,,,,,
cinema_screens,share_of_national,as_printed,2006,population,pre,24,0.041666666666666664,0.651372893886801,,,1.4315908994037725,,,,,
cinema_screens,share_of_national,as_printed,2007,population,pre,24,0.041666666666666664,0.6501357075314314,,,1.42926786005761,,,,,
cinema_screens,share_of_national,as_printed,2008,population,pre,24,0.041666666666666664,0.7869192433239328,,,2.0339177130250476,,,,,
cinema_screens,share_of_national,as_printed,2009,population,pre,24,0.041666666666666664,0.805703559023028,,,2.142158616730541,,,,,
cinema_screens,share_of_national,as_printed,2010,population,pre,24,0.041666666666666664,0.7651849146628956,,,1.9534437683607613,,,,,
cinema_screens,share_of_national,as_printed,2011,population,post,24,0.04166666666666666,0.7456123325597278,,,1.7557264593210273,,,,,
cinema_screens,share_of_national,as_printed,2012,population,post,24,0.041666666666666664,0.7531060980513223,,,1.8118712336031473,,,,,
cinema_screens,share_of_national,as_printed,2013,population,post,24,0.041666666666666664,0.7672377218660283,,,1.856827343793929,,,,,
cinema_screens,share_of_national,as_printed,2014,population,post,24,0.041666666666666664,0.7762197926879182,,,1.954524999888895,,,,,
cinema_screens,share_of_national,as_printed,2015,population,post,24,0.041666666666666664,0.8095713413795967,,,2.090810640038881,,,,,
cinema_screens,share_of_national,as_printed,2016,population,post,24,0.041666666666666664,0.7728018709634585,,,1.908933692400545,,,,,
cinema_screens,share_of_national,as_printed,2017,population,post,24,0.041666666666666664,0.772692672131706,,,1.9113627886947633,,,,,
cinema_screens,share_of_national,as_printed,2018,population,post,24,0.041666666666666664,0.7418786955569636,,,1.6370280354496627,,,,,
cinema_screens,share_of_national,as_printed,2019,population,post,24,0.041666666666666664,0.7245182335214014,,,1.5543104808194268,,,,,
cinema_screens,share_of_national,as_printed,2021,population,post,24,0.041666666666666664,0.6707902596246412,,,1.3386321597756727,,,,,
cinema_screens,share_of_national,as_printed,2022,population,post,24,0.04166666666666668,0.6583840094883792,,,1.3074381209042303,,,,,
cinema_screens,share_of_national,as_printed,2002,unweighted,pre,24,0.041666666666666664,0.6209349593495935,,,1.458324480866024,,,,,
cinema_screens,share_of_national,as_printed,2003,unweighted,pre,24,0.041666666666666664,0.6209349593495935,,,1.458324480866024,,,,,
cinema_screens,share_of_national,as_printed,2004,unweighted,pre,24,0.041666666666666664,0.7513440860215053,,,1.941656822788669,,,,,
cinema_screens,share_of_national,as_printed,2005,unweighted,pre,24,0.041666666666666664,0.763888888888889,,,2.003330560175563,,,,,
cinema_screens,share_of_national,as_printed,2006,unweighted,pre,24,0.041666666666666664,0.7351190476190478,,,1.829464067837957,,,,,
cinema_screens,share_of_national,as_printed,2007,unweighted,pre,24,0.041666666666666664,0.7351190476190478,,,1.829464067837957,,,,,
cinema_screens,share_of_national,as_printed,2008,unweighted,pre,24,0.041666666666666664,0.8472222222222223,,,2.7011657291429376,,,,,
cinema_screens,share_of_national,as_printed,2009,unweighted,pre,24,0.041666666666666664,0.8749999999999998,,,2.96273147243853,,,,,
cinema_screens,share_of_national,as_printed,2010,unweighted,pre,24,0.041666666666666664,0.8472222222222222,,,2.7011657291429376,,,,,
cinema_screens,share_of_national,as_printed,2011,unweighted,post,24,0.04166666666666666,0.8273809523809524,,,2.4088837847508073,,,,,
cinema_screens,share_of_national,as_printed,2012,unweighted,post,24,0.041666666666666664,0.8333333333333331,,,2.497933029824379,,,,,
cinema_screens,share_of_national,as_printed,2013,unweighted,post,24,0.041666666666666664,0.8568840579710145,,,2.6170157176716846,,,,,
cinema_screens,share_of_national,as_printed,2014,unweighted,post,24,0.041666666666666664,0.863095238095238,,,2.8248171333264556,,,,,
cinema_screens,share_of_national,as_printed,2015,unweighted,post,24,0.041666666666666664,0.8858695652173911,,,2.9892687715024513,,,,,
cinema_screens,share_of_national,as_printed,2016,unweighted,post,24,0.041666666666666664,0.8598484848484849,,,2.7075041112428058,,,,,
cinema_screens,share_of_national,as_printed,2017,unweighted,post,24,0.041666666666666664,0.8598484848484849,,,2.7075041112428058,,,,,
cinema_screens,share_of_national,as_printed,2018,unweighted,post,24,0.041666666666666664,0.8454301075268816,,,2.295314868028415,,,,,
cinema_screens,share_of_national,as_printed,2019,unweighted,post,24,0.041666666666666664,0.8321428571428571,,,2.150083054874193,,,,,
cinema_screens,share_of_national,as_printed,2021,unweighted,post,24,0.041666666666666664,0.7958333333333333,,,1.8708286933869707,,,,,
cinema_screens,share_of_national,as_printed,2022,unweighted,post,24,0.04166666666666668,0.7835365853658537,,,1.8158860093106706,,,,,
cinema_screens,share_of_national,constant,2005,population,pre,23,0.043478260869565216,0.6984662468818038,,,1.6009601311759127,,,,,
cinema_screens,share_of_national,constant,2006,population,pre,23,0.043478260869565216,0.6359071668695891,,,1.3986923594661609,,,,,
cinema_screens,share_of_national,constant,2007,population,pre,23,0.043478260869565216,0.634498301661557,,,1.396124331706047,,,,,
cinema_screens,share_of_national,constant,2008,population,pre,23,0.043478260869565216,0.7712480873463682,,,1.9776899133631072,,,,,
cinema_screens,share_of_national,constant,2009,population,pre,23,0.043478260869565216,0.7914750893535082,,,2.0857735970146387,,,,,
cinema_screens,share_of_national,constant,2010,population,pre,23,0.043478260869565216,0.7486025917779255,,,1.9013073428231657,,,,,
cinema_screens,share_of_national,constant,2011,population,post,23,0.04347826086956521,0.7300184632247265,,,1.7124572821755852,,,,,
cinema_screens,share_of_national,constant,2012,population,post,23,0.043478260869565216,0.7380818144669226,,,1.769848510901368,,,,,
cinema_screens,share_of_national,constant,2013,population,post,23,0.043478260869565216,0.7538453903649514,,,1.8164442446462787,,,,,
cinema_screens,share_of_national,constant,2014,population,post,23,0.043478260869565216,0.7617653706774636,,,1.9104618281471841,,,,,
cinema_screens,share_of_national,constant,2015,population,post,23,0.043478260869565216,0.7983031061670008,,,2.0478632657091977,,,,,
cinema_screens,share_of_national,constant,2016,population,post,23,0.043478260869565216,0.7586392751331419,,,1.865713086804417,,,,,
cinema_screens,share_of_national,constant,2017,population,post,23,0.043478260869565216,0.758341666707138,,,1.8676182880602783,,,,,
cinema_screens,share_of_national,constant,2018,population,post,23,0.043478260869565216,0.7138520846267885,,,1.5018640630397464,,,,,
cinema_screens,share_of_national,constant,2019,population,post,23,0.043478260869565216,0.6951229136890212,,,1.4299680745037422,,,,,
cinema_screens,share_of_national,constant,2021,population,post,23,0.043478260869565216,0.6410133521740264,,,1.2419129726871145,,,,,
cinema_screens,share_of_national,constant,2022,population,post,23,0.043478260869565216,0.6292199657076355,,,1.214253331058847,,,,,
cinema_screens,share_of_national,constant,2002,unweighted,pre,23,0.043478260869565216,0.6044538706256628,,,1.412951059313194,,,,,
cinema_screens,share_of_national,constant,2003,unweighted,pre,23,0.043478260869565216,0.6044538706256628,,,1.412951059313194,,,,,
cinema_screens,share_of_national,constant,2004,unweighted,pre,23,0.04347826086956521,0.7405329593267882,,,1.8897830343066853,,,,,
cinema_screens,share_of_national,constant,2005,unweighted,pre,23,0.043478260869565216,0.7536231884057971,,,1.9504985117770395,,,,,
cinema_screens,share_of_national,constant,2006,unweighted,pre,23,0.043478260869565216,0.7236024844720496,,,1.7792741010115927,,,,,
cinema_screens,share_of_national,constant,2007,unweighted,pre,23,0.043478260869565216,0.7236024844720496,,,1.7792741010115927,,,,,
cinema_screens,share_of_national,constant,2008,unweighted,pre,23,0.043478260869565216,0.8405797101449274,,,2.6364023372677052,,,,,
cinema_screens,share_of_national,constant,2009,unweighted,pre,23,0.043478260869565216,0.8695652173913043,,,2.8931592369536756,,,,,
cinema_screens,share_of_national,constant,2010,unweighted,pre,23,0.043478260869565216,0.8405797101449274,,,2.6364023372677052,,,,,
cinema_screens,share_of_national,constant,2011,unweighted,post,23,0.04347826086956521,0.8198757763975153,,,2.3493135968655254,,,,,
cinema_screens,share_of_national,constant,2012,unweighted,post,23,0.043478260869565216,0.8260869565217392,,,2.436804573396402,,,,,
cinema_screens,share_of_national,constant,2013,unweighted,post,23,0.043478260869565216,0.8506616257088846,,,2.553769592276246,,,,,
cinema_screens,share_of_national,constant,2014,unweighted,post,23,0.043478260869565216,0.857142857142857,,,2.757796616299097,,,,,
cinema_screens,share_of_national,constant,2015,unweighted,post,23,0.043478260869565216,0.880907372400756,,,2.919201796799047,,,,,
cinema_screens,share_of_national,constant,2016,unweighted,post,23,0.043478260869565216,0.8537549407114623,,,2.6426257915906604,,,,,
cinema_screens,share_of_national,constant,2017,unweighted,post,23,0.043478260869565216,0.8537549407114623,,,2.6426257915906604,,,,,
cinema_screens,share_of_national,constant,2018,unweighted,post,23,0.043478260869565216,0.8387096774193549,,,2.237696154325758,,,,,
cinema_screens,share_of_national,constant,2019,unweighted,post,23,0.043478260869565216,0.8248447204968943,,,2.094891746265527,,,,,
cinema_screens,share_of_national,constant,2021,unweighted,post,23,0.043478260869565216,0.7869565217391304,,,1.8200274723201295,,,,,
cinema_screens,share_of_national,constant,2022,unweighted,post,23,0.043478260869565216,0.7741251325556732,,,1.765894083892483,,,,,
fixed_line_subscribers,per_head,as_printed,2005,population,pre,24,112.72421179159024,0.25078549023201036,0.09992201954277427,0.11187907974253099,0.4382274448651774,0.0516661738690779,0.10584762790134594,0.2140400490405613,3.6518053051820307,2.6797996692132924
fixed_line_subscribers,per_head,as_printed,2006,population,pre,24,113.15949806756511,0.24904421646253258,0.09880674762253416,0.11042107575021114,0.4355394226552464,0.051066633203527556,0.10454299932736266,0.21113130591689955,3.7124040956605833,2.452922263564471
fixed_line_subscribers,per_head,as_printed,2007,population,pre,24,111.99022732336722,0.2563457980019852,0.10467011708167206,0.11758027793058659,0.4486943468449262,0.054141536479078045,0.11093086374885963,0.2241120348668102,4.132591635578119,2.520865214398396
fixed_line_subscribers,per_head,as_printed,2008,population,pre,24,107.29417261289973,0.2652827306699349,0.11181945205211932,0.1252165796954509,0.4651811706539973,0.05767875078900808,0.1176942076297599,0.23491709533997973,4.000403041750561,2.640851736766468
fixed_line_subscribers,per_head,as_printed,2009,population,pre,24,108.76695197170217,0.2743172559324251,0.11995791690208342,0.13252696775035777,0.4881232181948266,0.06130170318139927,0.12412068670696019,0.24529289432300205,4.314787266687868,2.359189222739122
fixed_line_subscribers,per_head,as_printed,2010,population,pre,24,106.89938887980593,0.2768755981773409,0.12340864348678118,0.14133053514835295,0.48933122199194545,0.06402023036110027,0.13179770710830196,0.26922532584750647,4.145581056801338,2.767740464969933
fixed_line_subscribers,per_head,as_printed,2011,population,post,24,96.98974171536014,0.2681822205378586,0.11721457083252118,0.13771821733751785,0.4693329312703759,0.061681802953513554,0.12865581315905117,0.26751201044983286,4.1061627940754395,2.8439571402585315
fixed_line_subscribers,per_head,as_printed,2012,population,post,24,84.65497282425567,0.2712502090870669,0.11853860527451426,0.13785906762536432,0.4742802332728794,0.06206547097372528,0.12877853359577351,0.26518200746896303,4.340785713845778,2.9484634477896994
fixed_line_subscribers,per_head,as_printed,2013,population,post,24,76.72314621907523,0.27365488496393064,0.12027135443926754,0.1379640749449049,0.48172933272643165,0.06251589233780241,0.1288700134235763,0.26295227457400383,4.40186126725448,2.824833690582219
fixed_line_subscribers,per_head,as_printed,2014,population,post,24,68.49105112367677,0.2910937254002605,0.13597331589340958,0.15606258716779736,0.5150816459351966,0.07043096835581908,0.14449435497994645,0.29084243093063,4.819225639351891,3.0770278118256416
fixed_line_subscribers,per_head,as_printed,2015,population,post,24,65.25506875700403,0.28969073500031184,0.13534171036059622,0.15703374176370324,0.5111039274539242,0.07047981388478364,0.1453247799181665,0.2945724630612149,4.960412584934762,3.1378303071775244
fixed_line_subscribers,per_head,as_printed,2016,population,post,24,63.619585103771804,0.2950771014073045,0.1395427444910786,0.1593398876736357,0.5238270307222154,0.07204724299976195,0.1472935147139014,0.2942221171728502,4.7653589041349855,3.226022099160398
fixed_line_subscribers,per_head,as_printed,2017,population,post,24,67.64290490722887,0.2734486113484221,0.12068092968124829,0.137989771828072,0.48391440633602073,0.0626079516190815,0.12889239846145084,0.2628112863402353,4.373526066753079,2.9988965631312667
fixed_line_subscribers,per_head,as_printed,2018,population,post,24,76.36015409246515,0.22947459828923264,0.08870204661066453,0.10471619622951385,0.4037335076257653,0.04708652639428257,0.09941992565800262,0.21422133272350885,3.5220677299700367,2.5849514681419294
fixed_line_subscribers,per_head,as_printed,2019,population,post,24,82.37679399831185,0.23598511525609786,0.09220634063343222,0.10756290185452314,0.4146458885011488,0.0486229109921118,0.10197996645131668,0.21697313683097896,3.680458520258576,2.129255524090999
fixed_line_subscribers,per_head,as_printed,2020,population,post,24,90.88928852104982,0.21960606593557724,0.08023777537810627,0.093017197762822,0.3858866453141626,0.042314008928920566,0.08882217005881421,0.19014819051970167,3.539300462529718,2.063502774788707
fixed_line_subscribers,per_head,as_printed,2021,population,post,24,96.7865805028098,0.21410533301162024,0.07758599698713728,0.09159354192659154,0.37604666395797803,0.04129560704903168,0.08752404259926139,0.19081353405608448,3.619138997922336,2.017691418530783
fixed_line_subscribers,per_head,as_printed,2022,population,post,24,103.2212114391361,0.20753627243608883,0.07398550566843544,0.08810216264399601,0.3651845397422729,0.03957890707327538,0.08433267505027897,0.18586198570832457,3.532645907274836,2.0412020617269673
fixed_line_subscribers,per_head,as_printed,2023,population,post,24,104.26448769791682,0.19989808440106274,0.06948820362317852,0.08276741586493641,0.35298151621982143,0.0372259186557683,0.07943476880904143,0.17576520593928657,3.4136188886408885,2.0110718701470414
fixed_line_subscribers,per_head,as_printed,2005,unweighted,pre,24,112.72421179159024,0.24765514707776493,0.09523657105213226,0.10200688778765636,0.43631851910218217,0.04824872246568368,0.09697666818550255,0.19054436190409663,3.1790599530572377,2.6629076795023123
fixed_line_subscribers,per_head,as_printed,2006,unweighted,pre,24,113.15949806756511,0.24679696621620403,0.09475857888054103,0.10127800206583876,0.4353283922975958,0.04796708244586767,0.09631822743759555,0.18895327431499886,3.2144590377276314,2.462249317903205
fixed_line_subscribers,per_head,as_printed,2007,unweighted,pre,24,111.99022732336722,0.25406670745589194,0.1011257335562851,0.10850391403269939,0.4505772187120815,0.05119615788874832,0.10282461676368848,0.20164466981692208,3.4276267396950653,2.4370483721345653
fixed_line_subscribers,per_head,as_printed,2008,unweighted,pre,24,107.29417261289973,0.2614721206188355,0.10693032884474218,0.11452627889233778,0.46398958999914974,0.05404389974669899,0.10821149710385902,0.21008757053135507,3.358114325962997,2.7640130538789465
fixed_line_subscribers,per_head,as_printed,2009,unweighted,pre,24,108.76695197170217,0.267239916797297,0.11320876954759418,0.11966714352704562,0.4835243501920619,0.05671641255990112,0.11278429693655512,0.21730187432856685,3.3545390072245853,2.8501902281470675
fixed_line_subscribers,per_head,as_printed,2010,unweighted,pre,24,106.89938887980593,0.27293310558143186,0.11861324541749582,0.1295150946655417,0.490040176830973,0.060210509407010004,0.12147867266944634,0.2411522037905527,3.2864166153326564,2.7926748493440563
fixed_line_subscribers,per_head,as_printed,2011,unweighted,post,24,96.98974171536014,0.2707457768157128,0.1164316313026067,0.13025375605374434,0.47786443317100974,0.05988921530827407,0.12212736284197123,0.24491627522859938,3.578887986431588,2.961274900849667
fixed_line_subscribers,per_head,as_printed,2012,unweighted,post,24,84.65497282425567,0.271196466957351,0.11652612226872129,0.1284441160319551,0.48164370207752283,0.05951066945948069,0.12053729108892541,0.23911021745031424,3.6802043084131606,3.0722427245594055
fixed_line_subscribers,per_head,as_printed,2013,unweighted,post,24,76.72314621907523,0.27211867201801504,0.11776842117483341,0.12843969939829275,0.4876251566920804,0.059803470368338885,0.12053340681574354,0.2373925537992081,3.505709185910555,2.9758959366987354
fixed_line_subscribers,per_head,as_printed,2014,unweighted,post,24,68.49105112367677,0.2911815700453925,0.13455879223571207,0.14576790546496482,0.5262857960379732,0.06784360335933393,0.13564170725807012,0.26249174644645223,3.8059331135883854,3.2461367544152844
fixed_line_subscribers,per_head,as_printed,2015,unweighted,post,24,65.25506875700403,0.2946740687981713,0.13751189019463722,0.14929143491874816,0.5315091530729674,0.06937388198831218,0.13868193984120192,0.2677759994913106,3.956038741381333,3.4644882015303935
fixed_line_subscribers,per_head,as_printed,2016,unweighted,post,24,63.619585103771804,0.2968355035937695,0.13952726066599658,0.14850899041129662,0.541112371266038,0.06969209967813961,0.1380077425292675,0.2625597371519903,3.819058799574689,3.2151338002520964
fixed_line_subscribers,per_head,as_printed,2017,unweighted,post,24,67.64290490722887,0.2755063271241118,0.12037929086881598,0.12929191808898383,0.49734561514579606,0.06063545405477866,0.12128258540695225,0.23611160304194068,3.3717342814636764,2.8506764577977313
fixed_line_subscribers,per_head,as_printed,2018,unweighted,post,24,76.36015409246515,0.23771703934535543,0.0911154868012312,0.10264905373146394,0.41752805203878335,0.04730093371262889,0.09755637286243535,0.2012840826953357,3.2628996364936,2.5220824539301927
fixed_line_subscribers,per_head,as_printed,2019,unweighted,post,24,82.37679399831185,0.24014181037925272,0.09170441647015891,0.10135810877807154,0.4234935992364309,0.047142896675993695,0.0963906155138764,0.19644783770598795,3.0863358544132917,2.684568420519597
fixed_line_subscribers,per_head,as_printed,2020,unweighted,post,24,90.88928852104982,0.22204298451348678,0.07884746302036277,0.08725103932980417,0.39042195692037635,0.04068115515841286,0.08355299748816292,0.17233880755453634,3.0093435000494146,2.4125029731579395
fixed_line_subscribers,per_head,as_printed,2021,unweighted,post,24,96.7865805028098,0.21812433088042946,0.07695290280459963,0.08661960642368921,0.3824327995077811,0.04004550992745559,0.08297413995845315,0.17400601050518794,3.2633613382376585,2.3724223978006287
fixed_line_subscribers,per_head,as_printed,2022,unweighted,post,24,103.2212114391361,0.21348277251465558,0.07408162826039894,0.0839445916012724,0.3736035380224462,0.03870162518155995,0.08051779827984074,0.17027716237702528,3.4447543087742853,2.362931609259428
fixed_line_subscribers,per_head,as_printed,2023,unweighted,post,24,104.26448769791682,0.2084176916401529,0.0707159364345312,0.08007864728928923,0.36431701808271183,0.0369702783261836,0.07695625135686146,0.1629179633901704,3.261550628335748,2.335462435087224
fixed_line_subscribers,per_head,constant,2005,population,pre,23,109.80087399923286,0.2501493113744081,0.09947381111731234,0.11157048209422102,0.436737397856882,0.05148510937615702,0.10557165200151886,0.21377709613615337,3.386716659862939,2.776819553076482
fixed_line_subscribers,per_head,constant,2006,population,pre,23,110.39043889813695,0.247022192676011,0.09768216709580098,0.10963826626616105,0.43180119433552283,0.05060978200380928,0.10384175265921436,0.21045013983890581,3.307679501299869,2.609768652870667
fixed_line_subscribers,per_head,constant,2007,population,pre,23,109.29331097068102,0.2524101684381298,0.10231179435925608,0.11592953211126665,0.4410658203456724,0.05318271871978986,0.1094620245825918,0.22270796789231917,3.5219207759159907,2.6773858650928695
fixed_line_subscribers,per_head,constant,2008,population,pre,23,104.68948488342045,0.26215812884269385,0.11013993162135055,0.12403784443595728,0.45998131856185004,0.05699614726376456,0.11665358949648297,0.23394231668765886,3.4924561482221743,2.6946228192722055
fixed_line_subscribers,per_head,constant,2009,population,pre,23,105.90622694705958,0.2714175315888503,0.11738442231195576,0.13076637295759577,0.4802947349095836,0.06027126142603367,0.1225772598729431,0.2439075095119171,3.671917984376063,2.5739990206886074
fixed_line_subscribers,per_head,constant,2010,population,pre,23,104.11269203071643,0.27377598399452935,0.12086993909256638,0.13958958269573113,0.4816482389084802,0.06300396627214133,0.1302848917093814,0.2679380576497278,3.5536603145443117,2.767740464969933
fixed_line_subscribers,per_head,constant,2011,population,post,23,94.55924578415826,0.2661531644058973,0.11617836079921416,0.13699143881725717,0.46616467909111287,0.06126160869405883,0.12802230873948361,0.2669628880850099,3.7077446563053775,2.8439571402585315
fixed_line_subscribers,per_head,constant,2012,population,post,23,82.6975857414857,0.2670454952864485,0.11641711634189572,0.13632820574507978,0.4679992722534732,0.0611933279452499,0.1274437924720847,0.26397912707306836,3.769203563165957,2.9484634477896994
fixed_line_subscribers,per_head,constant,2013,population,post,23,75.08745076021097,0.2676367564752146,0.11671762855468669,0.13534205972908145,0.4715097785048051,0.06103963156274683,0.12658290023133634,0.26081978114349136,3.690947944644546,2.824833690582219
fixed_line_subscribers,per_head,constant,2014,population,post,23,66.95296999073469,0.28368581924842196,0.13108549373647135,0.15248569535676332,0.501741472418915,0.06841813995612855,0.14142882457708927,0.2881572677886878,3.95485350825898,3.0770278118256416
fixed_line_subscribers,per_head,constant,2015,population,post,23,63.76917119050285,0.2816945649796852,0.12994747721025993,0.15309209279829256,0.4961983910634161,0.06826044825045097,0.1419493021171635,0.29164311921850594,4.04585046724254,3.1378303071775244
fixed_line_subscribers,per_head,constant,2016,population,post,23,62.24915937935786,0.2868373973668047,0.13418299174806067,0.15531793459646515,0.5097691004242504,0.06981449845513688,0.14385706325057945,0.29114817236831914,3.8877136064808977,3.226022099160398
fixed_line_subscribers,per_head,constant,2017,population,post,23,66.10399169826493,0.2680152563672715,0.1169556912981241,0.13528281926922778,0.4730796419928485,0.06107225331250232,0.12653115706807283,0.26064206250078426,3.686489500861487,2.9988965631312667
fixed_line_subscribers,per_head,constant,2018,population,post,23,74.83219610796496,0.22726098713913395,0.08779377272295454,0.10403920023318632,0.40069566156806186,0.04670388342665366,0.09881003012817824,0.21359598221867393,3.2157537785194545,2.5849514681419294
fixed_line_subscribers,per_head,constant,2019,population,post,23,80.70609330192225,0.23310599632081735,0.09080022736670942,0.10651817611401107,0.410037035124501,0.04803203482214491,0.10104129156324082,0.21601607005582224,3.295611484930623,2.129255524090999
fixed_line_subscribers,per_head,constant,2020,population,post,23,88.93604288919705,0.21867768350864494,0.07958635654696518,0.0925464534329537,0.3835391555193294,0.042043093468926096,0.08839313728741927,0.1897008845787953,3.2802445236397837,2.063502774788707
fixed_line_subscribers,per_head,constant,2021,population,post,23,94.64786803284873,0.21367375307237477,0.07737020151412002,0.09143833815099864,0.3752474462604559,0.04120601656599221,0.08738241189500984,0.190667238138587,3.4610846306398804,2.017691418530783
fixed_line_subscribers,per_head,constant,2022,population,post,23,100.99139952774937,0.20718093124285922,0.07393676685478003,0.08806666194193058,0.36500123688828484,0.039558524846146526,0.08430016764037063,0.18582770079362898,3.456878889159711,2.0412020617269673
fixed_line_subscribers,per_head,constant,2023,population,post,23,102.11820397893942,0.19987189469928834,0.06948686783709825,0.08276642292354744,0.3529764252205129,0.03722535363772128,0.07943385474126863,0.17576420306987817,3.4136188886408885,2.0037133226732053
fixed_line_subscribers,per_head,constant,2005,unweighted,pre,23,109.80087399923286,0.24667307924516807,0.0943877772157119,0.10015658780756198,0.4364070172214768,0.047606732328779544,0.09530425737892001,0.18615136954404388,3.1790599530572377,2.589025853977369
fixed_line_subscribers,per_head,constant,2006,unweighted,pre,23,110.39043889813695,0.24556928363343838,0.09361103168702238,0.09944089479242377,0.43366751684859295,0.04726092293477702,0.0946565411997764,0.18491849702996777,3.2144590377276314,2.462249317903205
fixed_line_subscribers,per_head,constant,2007,unweighted,pre,23,109.29331097068102,0.2517425058805784,0.09902566680017291,0.1061700318070013,0.4451767657578601,0.05015248490068791,0.10072826972143645,0.19740360371161125,3.4276267396950653,2.4370483721345653
fixed_line_subscribers,per_head,constant,2008,unweighted,pre,23,104.68948488342045,0.2604828476560962,0.10602924106359767,0.11292379493072462,0.46290596600782763,0.05346084370547699,0.10678127468263343,0.20641623887829463,3.358114325962997,2.7640130538789465
fixed_line_subscribers,per_head,constant,2009,unweighted,pre,23,105.90622694705958,0.26479241936068937,0.11084826478535359,0.11685865763502853,0.4784713058969183,0.0554992432441318,0.11028906187520793,0.21223719229291294,3.3545390072245853,2.8501902281470675
fixed_line_subscribers,per_head,constant,2010,unweighted,pre,23,104.11269203071643,0.2712250940678426,0.11681182676759914,0.12728215323909833,0.4861630621734069,0.05927238033221549,0.11951479420684419,0.23694019473839412,3.2864166153326564,2.7926748493440563
fixed_line_subscribers,per_head,constant,2011,unweighted,post,23,94.55924578415826,0.2713258510457079,0.11673909942754232,0.12956009311700473,0.48027662076096567,0.059818238203777296,0.12151820387932588,0.24212753085442995,3.578887986431588,2.94288117120906
fixed_line_subscribers,per_head,constant,2012,unweighted,post,23,82.6975857414857,0.2708398615587656,0.1162081780191675,0.12756898769052175,0.48152351548301764,0.05924848874778599,0.11976731148077557,0.23660676855338936,3.6802043084131606,3.0722427245594055
fixed_line_subscribers,per_head,constant,2013,unweighted,post,23,75.08745076021097,0.27067285986396783,0.11639875905529559,0.12707830926092697,0.48376680674845635,0.05917619144976938,0.11933529430540857,0.23491066966437413,3.505709185910555,2.9758959366987354
fixed_line_subscribers,per_head,constant,2014,unweighted,post,23,66.95296999073469,0.28895590350986544,0.13230983029330567,0.14377995884782885,0.5200316670855437,0.06687026939334562,0.13392170003919945,0.2594519616710034,3.8059331135883854,3.2461367544152844
fixed_line_subscribers,per_head,constant,2015,unweighted,post,23,63.76917119050285,0.29212639481259345,0.13477088254193614,0.14699656320879165,0.5236372439310009,0.06821788239058757,0.13670305561743124,0.2644968607739162,3.956038741381333,3.4644882015303935
fixed_line_subscribers,per_head,constant,2016,unweighted,post,23,62.24915937935786,0.2945594322093809,0.13734378122992463,0.1465815998094717,0.5353657069344963,0.0687449215996283,0.1363447446449393,0.259691581665896,3.819058799574689,3.2151338002520964
fixed_line_subscribers,per_head,constant,2017,unweighted,post,23,66.10399169826493,0.27392859541610115,0.11865801291038611,0.12748676695628436,0.492949677268824,0.059818782388391556,0.11969493512744933,0.2329143292012258,3.3717342814636764,2.8506764577977313
fixed_line_subscribers,per_head,constant,2018,unweighted,post,23,74.83219610796496,0.23880666520092006,0.09170101357571456,0.1027015198709563,0.41993002492195025,0.0474699186682217,0.09760371935360557,0.20016479258918451,3.2628996364936,2.5220824539301927
fixed_line_subscribers,per_head,constant,2019,unweighted,post,23,80.70609330192225,0.24026475958376078,0.0916913695571211,0.10090989467470791,0.42413119673936794,0.047045571893617355,0.09598551426455282,0.19476706677223032,3.0863358544132917,2.684568420519597
fixed_line_subscribers,per_head,constant,2020,unweighted,post,23,88.93604288919705,0.22175160024101573,0.07843873558657694,0.08633249484910117,0.3903270546447779,0.04037022367557652,0.08271081341959907,0.16985640391891743,3.0093435000494146,2.4125029731579395
fixed_line_subscribers,per_head,constant,2021,unweighted,post,23,94.64786803284873,0.21777868590193342,0.07667188824251392,0.08576050919634076,0.3829053563719789,0.039779781513893164,0.08218598708318414,0.17150358391725595,3.2633613382376585,2.306454219528968
fixed_line_subscribers,per_head,constant,2022,unweighted,post,23,100.99139952774937,0.21338620256356172,0.07396614326271123,0.08325950104756888,0.3745566141496417,0.03851748824843371,0.07988765388080254,0.1680482306219604,3.4447543087742853,2.2230437760513304
fixed_line_subscribers,per_head,constant,2023,unweighted,post,23,102.11820397893942,0.20884350590397618,0.07078641309067778,0.0796121845747699,0.3657520834500883,0.036883528908332575,0.07652558542725918,0.16107680220540743,3.249616557011299,2.1851850846022325
fixed_line_subscribers,share_of_national,as_printed,2005,population,pre,24,0.041666666666666664,0.4272687191468954,0.30022561276513365,0.33283830251518615,0.8189227224246294,0.14767330096827014,0.28311389653584773,0.4854562384795592,8.485443149200398,4.155607995558023
fixed_line_subscribers,share_of_national,as_printed,2006,population,pre,24,0.041666666666666664,0.4224892484623574,0.29127606108758897,0.325174705524208,0.8005744026514283,0.14407580116755325,0.277598864852145,0.47889966771921655,8.603429171283608,4.398428783934548
fixed_line_subscribers,share_of_national,as_printed,2007,population,pre,24,0.041666666666666664,0.42736125620124255,0.2973067389414242,0.3354596821709688,0.8066008032024097,0.14756971170180466,0.2849906662453081,0.49146516707252785,9.075706351122918,4.680913293706954
fixed_line_subscribers,share_of_national,as_printed,2008,population,pre,24,0.041666666666666664,0.4363809992325353,0.31199925709036413,0.35043220989530005,0.8317370103801457,0.1540560114013253,0.2956164176364767,0.5035649416624011,9.098345700036491,4.499621391386654
fixed_line_subscribers,share_of_national,as_printed,2009,population,pre,24,0.041666666666666664,0.4429584736390737,0.32349669296106803,0.3612768886244012,0.8563073776806057,0.15875048599608355,0.30321396037396253,0.5134939239222042,9.067302798982189,4.940089139103918
fixed_line_subscribers,share_of_national,as_printed,2010,population,pre,24,0.041666666666666664,0.446746246929275,0.32859383175534057,0.3769233842196424,0.8562076717572562,0.1629016224882779,0.3140313720955109,0.5362527797266112,9.837254359258235,5.086173365438045
fixed_line_subscribers,share_of_national,as_printed,2011,population,post,24,0.041666666666666664,0.43899632920837833,0.31627477412142097,0.37122998320632883,0.8275238358741431,0.15886356530540224,0.3101147387118002,0.5386049989616196,9.863236241322552,5.0366815037271415
fixed_line_subscribers,share_of_national,as_printed,2012,population,post,24,0.041666666666666664,0.44407483778644685,0.3226719189522971,0.378492258911705,0.8359408604026481,0.16188146589108765,0.31510672714614707,0.5434894617641364,9.9811527332447,5.505348603070727
fixed_line_subscribers,share_of_national,as_printed,2013,population,post,24,0.041666666666666664,0.44652494383113733,0.32664659366368376,0.38129045695796027,0.8456102627409793,0.16328625735693536,0.31702051533622033,0.5459598561497867,9.552370544720914,5.882197312539162
fixed_line_subscribers,share_of_national,as_printed,2014,population,post,24,0.041666666666666664,0.4582356577725483,0.34557351775311773,0.4087420361668932,0.8713970234627697,0.17295570756217082,0.33551437652661686,0.5725164305813678,10.064034151547492,7.035034013605442
fixed_line_subscribers,share_of_national,as_printed,2015,population,post,24,0.041666666666666664,0.4536937450667231,0.33776266037048597,0.4090436825857041,0.8498251441130306,0.17120201163969995,0.33571478600736837,0.5780757562666604,10.165719011682002,7.013747454175153
fixed_line_subscribers,share_of_national,as_printed,2016,population,post,24,0.041666666666666664,0.45870559018788026,0.3475442548220035,0.41798315607753045,0.8685656469072514,0.17521575393024913,0.34162668207944535,0.582170113493004,10.407237846086767,7.328984072707639
fixed_line_subscribers,share_of_national,as_printed,2017,population,post,24,0.041666666666666664,0.4393364275108833,0.3177681025737907,0.3820312935592617,0.8214452653583694,0.16133275053060359,0.3175263041598275,0.5530656316941549,9.174600188146755,6.413475230457919
fixed_line_subscribers,share_of_national,as_printed,2018,population,post,24,0.041666666666666664,0.40166545362217715,0.2649604334928784,0.32146894941289134,0.732101045726783,0.1367954170295197,0.2749168560647738,0.501635578042298,7.738079686479424,4.868011052971956
fixed_line_subscribers,share_of_national,as_printed,2019,population,post,24,0.041666666666666664,0.40498821568906235,0.27062756939844507,0.32786210484654976,0.740926844574164,0.1395390798373488,0.2795376388763636,0.5044071863060018,8.075034106412005,5.588610586011342
fixed_line_subscribers,share_of_national,as_printed,2020,population,post,24,0.041666666666666664,0.38696977962071394,0.2478899663533547,0.2977858220556496,0.7051282494315653,0.12806239768196004,0.25753965865047945,0.4712681074843649,7.198738965952081,4.936823717793197
fixed_line_subscribers,share_of_national,as_printed,2021,population,post,24,0.041666666666666664,0.37982758826169777,0.23919564327381143,0.2900079613838264,0.6873367359821952,0.12435962989198901,0.25174238961118567,0.46560585348926464,7.298944687045124,4.79031308051289
fixed_line_subscribers,share_of_national,as_printed,2022,population,post,24,0.041666666666666664,0.37415975842915844,0.23128439337046602,0.282404780818531,0.6711274832111117,0.12088593815348514,0.24603156920173674,0.45929962875171515,7.398159332758125,4.828603204679326
fixed_line_subscribers,share_of_national,as_printed,2023,population,post,24,0.041666666666666664,0.3679845191971494,0.2229755164477713,0.2737430158729368,0.6547559548947067,0.1170789542588111,0.23947250635584316,0.45159522374683003,7.500718432093799,4.852019540092935
fixed_line_subscribers,share_of_national,as_printed,2003,unweighted,pre,24,0.041666666666666664,0.4714890348031975,0.37992957911386643,0.39157931759735665,0.9852120300368796,0.17770595165511072,0.3240115694099286,0.5140696766244675,7.766212826943748,5.654506288652629
fixed_line_subscribers,share_of_national,as_printed,2004,unweighted,pre,24,0.041666666666666664,0.45462985273874906,0.35028426145967895,0.358466726080487,0.9385526693421316,0.16437611077812186,0.3012531245009158,0.4837193050498769,7.174549363320655,5.618034182437299
fixed_line_subscribers,share_of_national,as_printed,2005,unweighted,pre,24,0.041666666666666664,0.4494348414565969,0.34137516135016926,0.34793036941976124,0.9230277285591499,0.16029870120309553,0.29385195599938774,0.4720616149863862,6.7751207000603495,5.2883097816113045
fixed_line_subscribers,share_of_national,as_printed,2006,unweighted,pre,24,0.041666666666666664,0.4473444349666499,0.3354536166287191,0.342995337271939,0.9080002630138466,0.15809993167984893,0.2903584795820747,0.4665013779143934,6.686382587802982,5.473301564027371
fixed_line_subscribers,share_of_national,as_printed,2007,unweighted,pre,24,0.041666666666666664,0.4550665759859434,0.34643953057861143,0.3561690986551626,0.922205179977586,0.16337363690517692,0.29964581872859053,0.4785602415672078,7.360979228486647,5.625356757785247
fixed_line_subscribers,share_of_national,as_printed,2008,unweighted,pre,24,0.041666666666666664,0.4625942437659091,0.3614205720121456,0.3686279646562899,0.951000302041509,0.169255749830868,0.3083173070033317,0.4877441184752588,6.910167890108292,5.644325173452022
fixed_line_subscribers,share_of_national,as_printed,2009,unweighted,pre,24,0.041666666666666664,0.469950417713427,0.37500345464440865,0.38150591858370453,0.9781232379688815,0.17480683037851663,0.31716765535425295,0.4985104404794335,7.692723553477499,6.013495092693566
fixed_line_subscribers,share_of_national,as_printed,2010,unweighted,pre,24,0.041666666666666664,0.4787677587993253,0.38746388170379265,0.40144353815724465,0.9885051834694507,0.18169377027865086,0.3306468884570528,0.5187893524862894,9.234216057166877,6.351854414613895
fixed_line_subscribers,share_of_national,as_printed,2011,unweighted,post,24,0.041666666666666664,0.47697444540105693,0.3815913723713956,0.40467562713851035,0.9668902728931786,0.1810592123837782,0.33280680487214487,0.5286683158291577,8.20611620795107,6.127030702068275
fixed_line_subscribers,share_of_national,as_printed,2012,unweighted,post,24,0.041666666666666664,0.4835808070097002,0.3925499119278827,0.4143449350690859,0.9847445553612851,0.18547265539520752,0.33922701182438586,0.5347657754566386,9.571272289683842,6.151872996011574
fixed_line_subscribers,share_of_national,as_printed,2013,unweighted,post,24,0.041666666666666664,0.48668992791196974,0.39862727760072225,0.4196271846166698,0.9977587946559591,0.18776825174162992,0.3427081773553735,0.5396576952767331,10.504289444237223,5.926950235373234
fixed_line_subscribers,share_of_national,as_printed,2014,unweighted,post,24,0.041666666666666664,0.502808065609188,0.4280687031451637,0.4547922385209433,1.038785682092008,0.20125256302063355,0.3654202045096978,0.5671861965320354,12.757440246723208,6.598622295527312
fixed_line_subscribers,share_of_national,as_printed,2015,unweighted,post,24,0.041666666666666664,0.506039656495023,0.43058822858915125,0.4652477503270148,1.029392418577971,0.20409147696245733,0.3720204962121343,0.5765829507407029,13.46968709256845,6.899410730900444
fixed_line_subscribers,share_of_national,as_printed,2016,unweighted,post,24,0.041666666666666664,0.5116791960274739,0.4437301497141277,0.47504827527959537,1.054406640110759,0.20892889189513753,0.3781449644853162,0.5794215806956174,13.435664797096667,7.194571615434925
fixed_line_subscribers,share_of_national,as_printed,2017,unweighted,post,24,0.041666666666666664,0.493783930088621,0.40941127607261407,0.4386670763949089,0.999371632131851,0.19429984458597815,0.3551045551893409,0.5542182942517353,10.954301075268818,6.609407337723424
fixed_line_subscribers,share_of_national,as_printed,2018,unweighted,post,24,0.041666666666666664,0.4580448279729947,0.3462706964796375,0.3753099078540052,0.8933604218332388,0.16745899536968256,0.3129236845532877,0.5087864127293742,8.388207881673589,5.995518467006645
fixed_line_subscribers,share_of_national,as_printed,2019,unweighted,post,24,0.041666666666666664,0.46315863169317556,0.3557219332345357,0.38237855678149646,0.9087868449475833,0.17123300630954574,0.31776326102895114,0.5088211683250163,8.04729499829874,6.565142901643173
fixed_line_subscribers,share_of_national,as_printed,2020,unweighted,post,24,0.041666666666666664,0.4445139656651103,0.3262647799006384,0.3488316130557353,0.8631249817397473,0.15769550770879015,0.2944880807353568,0.47838897576066763,7.294973829497383,6.250530222693531
fixed_line_subscribers,share_of_national,as_printed,2021,unweighted,post,24,0.041666666666666664,0.4392660094162437,0.3170047951982554,0.3419883696398029,0.8438782316751416,0.15418061142124018,0.28964353363729345,0.47435049538976115,7.174742128121607,6.345334496075744
fixed_line_subscribers,share_of_national,as_printed,2022,unweighted,post,24,0.041666666666666664,0.43542173348911334,0.309609641249822,0.33627481169015605,0.8283577797407329,0.15131766364613364,0.28557325398525635,0.4707636691997712,7.422998986828775,6.372486207510232
fixed_line_subscribers,share_of_national,as_printed,2023,unweighted,post,24,0.041666666666666664,0.43157680822012007,0.3023843003346782,0.3305094608578475,0.8136594551386825,0.14845143267972705,0.28144243678741776,0.46739525938220705,7.808321615748434,6.060621881888851
fixed_line_subscribers,share_of_national,constant,2005,population,pre,23,0.043478260869565216,0.4293553694254955,0.3004047224456653,0.34976058572948376,0.7959316580383093,0.1513649864982215,0.29514317769865694,0.5099215839658326,8.485443149200398,6.618452711456598
fixed_line_subscribers,share_of_national,constant,2006,population,pre,23,0.043478260869565216,0.424169829082942,0.29234985988623224,0.3423074813213842,0.7801556654471674,0.14800373925490606,0.2898701805190391,0.5037739063215079,8.603429171283608,6.7698029007065825
fixed_line_subscribers,share_of_national,constant,2007,population,pre,23,0.043478260869565216,0.4278776905251709,0.29802168314582256,0.35250785087107256,0.7859412851796873,0.15134875086622324,0.29707694876919455,0.5160960119731295,9.075706351122918,7.047646004340033
fixed_line_subscribers,share_of_national,constant,2008,population,pre,23,0.0434782608695652,0.4370512030572832,0.31184320225538553,0.36794634276435784,0.8080504323708403,0.15773140897475968,0.3078456802202051,0.5282848600061093,9.098345700036491,6.900236630383342
fixed_line_subscribers,share_of_national,constant,2009,population,pre,23,0.04347826086956521,0.4456654180916405,0.3243906460825807,0.38062707748890645,0.8326077395598858,0.16306235099422828,0.31656729045489007,0.5391305287005292,9.98002544529262,6.687215575885528
fixed_line_subscribers,share_of_national,constant,2010,population,pre,23,0.04347826086956521,0.44926057371785943,0.32969984894171717,0.3968570799135826,0.8334095649290121,0.16730031889389874,0.3275698774633725,0.5615794548388924,11.12005258787711,6.5830709390627895
fixed_line_subscribers,share_of_national,constant,2011,population,post,23,0.04347826086956523,0.44040748737540675,0.3178305302100531,0.39125130294156873,0.8066197385951122,0.16335138539038319,0.32378979892755666,0.5640064050871036,10.281256709368067,7.3909476055129515
fixed_line_subscribers,share_of_national,constant,2012,population,post,23,0.04347826086956521,0.44257829245154573,0.32179540830553716,0.3962032431882301,0.8118240702660863,0.16528874687614703,0.3271300741899269,0.5675358048155604,9.992257761789316,8.03102189781022
fixed_line_subscribers,share_of_national,constant,2013,population,post,23,0.04347826086956521,0.44460855930158943,0.32423328096734433,0.39733885136556546,0.8192797162054931,0.16598084521954548,0.32789375707562385,0.5690997756503373,9.945611970410221,7.911647984404372
fixed_line_subscribers,share_of_national,constant,2014,population,post,23,0.043478260869565216,0.4561039499120442,0.34228882958002654,0.4251443744228596,0.843239974280358,0.1754510151802855,0.34632459569231133,0.5952272363024556,10.919375181915203,8.820578231292517
fixed_line_subscribers,share_of_national,constant,2015,population,post,23,0.043478260869565216,0.4521478512714805,0.33586098566593797,0.42630064233784914,0.8254067293199839,0.1741187811189404,0.34707998279003827,0.6011923754499173,11.509459319756022,8.344619823489477
fixed_line_subscribers,share_of_national,constant,2016,population,post,23,0.043478260869565216,0.4565500668073625,0.3432359080776795,0.43355697681209343,0.8395138250362328,0.17723614825746803,0.3518006407696286,0.6043945678782587,11.919664268585132,8.591379465490867
fixed_line_subscribers,share_of_national,constant,2017,population,post,23,0.043478260869565216,0.4418450512845658,0.3202613279116669,0.40295764650923865,0.8037633106209174,0.16609454076087016,0.3316595947266914,0.5791877908684849,11.137817497648166,7.309150865622424
fixed_line_subscribers,share_of_national,constant,2018,population,post,23,0.043478260869565216,0.4074971809011667,0.2731128257382973,0.3449613821962087,0.7272897987202434,0.14355342497487866,0.2917522960894463,0.5312871222088562,8.988533275273968,6.268622493973779
fixed_line_subscribers,share_of_national,constant,2019,population,post,23,0.043478260869565216,0.41158784738398607,0.27899336277580455,0.35187725008016874,0.736307720935168,0.14642995522042457,0.2966335451464991,0.53435846439137,9.948876283478135,6.643490075614367
fixed_line_subscribers,share_of_national,constant,2020,population,post,23,0.043478260869565216,0.39949977515179924,0.26266828004772064,0.32642345808554557,0.7136114095893392,0.13755045465745463,0.27850040210434435,0.5055180208604231,9.717213114754099,5.5399097481682755
fixed_line_subscribers,share_of_national,constant,2021,population,post,23,0.043478260869565216,0.3938784242197561,0.2560757983573815,0.3202086036844385,0.7008335132277673,0.13469465017142856,0.27400242449262335,0.5011961045507756,9.916242115477925,5.4526301481582164
fixed_line_subscribers,share_of_national,constant,2022,population,post,23,0.043478260869565216,0.3872239932311041,0.24825240202114132,0.3123218758083769,0.6859254174860036,0.1312010490594091,0.26825404100375017,0.4950881794158384,9.874834627552486,5.297895127075009
fixed_line_subscribers,share_of_national,constant,2023,population,post,23,0.043478260869565216,0.3792478136614981,0.23924313436607642,0.302594135624998,0.6693755081648924,0.12702479784358922,0.26110107172746466,0.4871215677242874,9.766250933961722,5.183089082171651
fixed_line_subscribers,share_of_national,constant,2003,unweighted,pre,23,0.04347826086956521,0.4937102441236306,0.41251070271247064,0.43176502732251687,1.0135097961192001,0.19363321123531452,0.35063805892583577,0.5426668904393039,11.783769258330347,5.795914112987283
fixed_line_subscribers,share_of_national,constant,2004,unweighted,pre,23,0.04347826086956521,0.4783817458714745,0.3844211423702091,0.39810961618801277,0.9731139265659092,0.18067742170656242,0.32841159333399494,0.5136134334863598,11.24830494460063,5.630738000130968
fixed_line_subscribers,share_of_national,constant,2005,unweighted,pre,23,0.043478260869565216,0.47304093625282073,0.3751643734214399,0.38707194195882005,0.9576687581233192,0.17647916808151676,0.32095775845962393,0.5023802448285055,10.79043452021726,5.48583838013091
fixed_line_subscribers,share_of_national,constant,2006,unweighted,pre,23,0.043478260869565216,0.4697211885423999,0.36842775925865223,0.3811234595941483,0.9431178718908534,0.1738822252052422,0.31690645003870677,0.49663472633664774,10.291286834852661,5.473301564027371
fixed_line_subscribers,share_of_national,constant,2007,unweighted,pre,23,0.043478260869565216,0.47600557469283916,0.3787606112317299,0.3939916426319069,0.9563447975452608,0.17885357168088067,0.32564030791093235,0.5078813606842143,11.082789317507418,5.625356757785247
fixed_line_subscribers,share_of_national,constant,2008,unweighted,pre,23,0.0434782608695652,0.4841359441563337,0.3948922233466876,0.4078579542055636,0.9846568880214338,0.18525315214893223,0.3349266570155126,0.5171052321877636,10.596845700995711,5.644325173452022
fixed_line_subscribers,share_of_national,constant,2009,unweighted,pre,23,0.04347826086956521,0.4920458003243081,0.4101590953064532,0.4219195980837162,1.0139301777641938,0.19133709007174693,0.3442132362136756,0.5275949605317174,10.413354763296319,6.013495092693566
fixed_line_subscribers,share_of_national,constant,2010,unweighted,pre,23,0.04347826086956521,0.5005954452392991,0.42320835267510554,0.4428147700877616,1.0253576031625284,0.19842671423745795,0.35777384443452,0.5471292086947572,11.951912568306012,6.351854414613895
fixed_line_subscribers,share_of_national,constant,2011,unweighted,post,23,0.04347826086956523,0.49922619434240056,0.41787297409986146,0.44702398436936364,1.0048829318395696,0.19811711849586244,0.3604714305985721,0.556990257974473,12.04185233726518,6.127030702068275
fixed_line_subscribers,share_of_national,constant,2012,unweighted,post,23,0.04347826086956521,0.5033337495172556,0.42606351604744275,0.4549948977947458,1.0176421314811974,0.201502723448583,0.36554879495975756,0.5622044960762425,13.96225795864785,6.151872996011574
fixed_line_subscribers,share_of_national,constant,2013,unweighted,post,23,0.04347826086956521,0.504976733481712,0.4296710477832986,0.45841319712376816,1.0268587579176374,0.20281250542684326,0.367713836599884,0.5662332285501872,14.128434663682704,5.926950235373234
fixed_line_subscribers,share_of_national,constant,2014,unweighted,post,23,0.043478260869565216,0.5203702620012998,0.459287303767566,0.4946553188359295,1.0669256425868623,0.21636041203085066,0.390218948879552,0.5925824152098169,15.995373939861219,6.598622295527312
fixed_line_subscribers,share_of_national,constant,2015,unweighted,post,23,0.043478260869565216,0.5235075030509655,0.4621571064146534,0.5055609148288951,1.0594034376998327,0.21928992803337355,0.39683284487818027,0.601600627966148,16.02558670143416,6.899410730900444
fixed_line_subscribers,share_of_national,constant,2016,unweighted,post,23,0.043478260869565216,0.5287002411558935,0.4739402848184797,0.5149105307676862,1.0804207269419042,0.22371349618934333,0.40244594507076414,0.604125729812589,15.749917518970637,7.194571615434925
fixed_line_subscribers,share_of_national,constant,2017,unweighted,post,23,0.043478260869565216,0.5137793162454768,0.4444035961442876,0.480331985551515,1.03660249254622,0.21066547347846987,0.3814220012438071,0.5807359768170877,12.484126984126984,6.609407337723424
fixed_line_subscribers,share_of_national,constant,2018,unweighted,post,23,0.043478260869565216,0.4809383697806132,0.38321211242761843,0.4164902480842868,0.9395979210495926,0.1845122687010119,0.3406430572425827,0.5378053731230708,10.801641171107283,5.995518467006645
fixed_line_subscribers,share_of_national,constant,2019,unweighted,post,23,0.043478260869565216,0.485824925289049,0.39290601604125375,0.4237272321724791,0.9550568570592579,0.1883280202955815,0.34539758796306463,0.5377294957029918,9.566264035386185,6.565142901643173
fixed_line_subscribers,share_of_national,constant,2020,unweighted,post,23,0.043478260869565216,0.47042458677549276,0.3671941898193589,0.3911356561848611,0.9205392435921981,0.1759904232014632,0.32371159288889917,0.5091532343160363,8.186133218613321,6.250530222693531
fixed_line_subscribers,share_of_national,constant,2021,unweighted,post,23,0.043478260869565216,0.46630328330740706,0.3593733190227647,0.38505689666721793,0.9054459859865225,0.17300033377989565,0.3195880780674516,0.5056483861255449,8.166734527687296,6.345334496075744
fixed_line_subscribers,share_of_national,constant,2022,unweighted,post,23,0.043478260869565216,0.46211681993264625,0.3516281754218059,0.37911057459062714,0.8900536915387353,0.17005446491194054,0.3155300764998811,0.5022570115167977,8.14444022289767,6.556860651361452
fixed_line_subscribers,share_of_national,constant,2023,unweighted,post,23,0.043478260869565216,0.45743568848587823,0.34326895103821675,0.37264149304970756,0.8737956710573603,0.1668303909095441,0.31108783162223697,0.49892725604418764,8.341109548766457,6.624144332289129
grass_pitches,per_head,as_printed,2007,population,pre,24,0.015278896339600424,0.2832185259387172,0.12910576347794528,0.14934361843611924,0.5040079431905464,0.0669577887058791,0.13872688527444077,0.2933601399541641,3.7104488594554814,2.874180369212146
grass_pitches,per_head,as_printed,2008,population,pre,24,0.015502402899027018,0.2827401808308041,0.12949624513284172,0.1510307010846859,0.5050562355369962,0.0673294703951246,0.1401786991925842,0.3004437772327795,3.9506992655196695,2.8303925099027727
grass_pitches,per_head,as_printed,2011,population,post,24,0.01732917106908752,0.24865057683119893,0.1025422450507964,0.12553333168524594,0.4366746202785436,0.054835616639958173,0.1179736354880988,0.2732173928894366,3.0224071394114813,2.1357941457385246
grass_pitches,per_head,as_printed,2012,population,post,24,0.017574718355315433,0.24555997265841295,0.10147656698157165,0.12585047501913682,0.43289401774740854,0.05457559896306363,0.11825331991754962,0.2777431538158728,3.0200229929105196,1.904683377308707
grass_pitches,per_head,as_printed,2013,population,post,24,0.01794971396478375,0.2275333400640643,0.08502234930657655,0.09825616355339345,0.40156666948623476,0.04460351633414561,0.0935833169064405,0.2033205963755066,3.0173848934550986,1.8875262223656606
grass_pitches,per_head,as_printed,2014,population,post,24,0.01872345939202069,0.22596644302267055,0.08567045888174495,0.10250185654933502,0.39673455643282707,0.045689778891856214,0.09742352592638204,0.21722072164209594,3.0163783323879754,2.1533224400871465
grass_pitches,per_head,as_printed,2015,population,post,24,0.020690283841645268,0.19870148097189938,0.06765960947817959,0.08235035841293092,0.3493820229398662,0.036472837793595225,0.07905076014804557,0.18583286775561225,2.7252717875601493,1.8916886047386237
grass_pitches,per_head,as_printed,2023,population,post,24,0.03518848682110751,0.19942666254497454,0.06650318561040934,0.07259466638744588,0.3636006755358059,0.03407118378271268,0.07002229513668001,0.14830365216535735,2.3887434554973823,1.8106540084388185
grass_pitches,per_head,as_printed,2007,unweighted,pre,24,0.015278896339600424,0.2761994811522205,0.12404802903615383,0.14296122806722544,0.4964669934853866,0.0642319483293442,0.1332123247225312,0.2835383143838853,3.9929385655200247,2.5126250595521675
grass_pitches,per_head,as_printed,2008,unweighted,pre,24,0.015502402899027018,0.2732723445758194,0.12318773397179202,0.14265400451067856,0.4958268592985467,0.06385890180802023,0.1329459862195257,0.2866158204707916,3.991717680950667,2.272462562396006
grass_pitches,per_head,as_printed,2011,unweighted,post,24,0.01732917106908752,0.254792599150271,0.10774820180681456,0.1334320539083887,0.4457754775571065,0.05789028490854509,0.12491307430591025,0.2877095641874685,4.283550410033767,2.623847483672685
grass_pitches,per_head,as_printed,2012,unweighted,post,24,0.017574718355315433,0.2500328411790512,0.10581098608388087,0.13341040909713978,0.4388952254800298,0.05733135235703746,0.12489413300958763,0.29255589613770705,4.29248898256371,2.597303413162361
grass_pitches,per_head,as_printed,2013,unweighted,post,24,0.01794971396478375,0.22180272664714176,0.08067790667472041,0.09319549827583354,0.39062211654469225,0.04236235216900375,0.08898461905053812,0.19399522731382124,3.0173848934550986,2.0685815717282554
grass_pitches,per_head,as_printed,2014,unweighted,post,24,0.01872345939202069,0.21849906445181896,0.08020466828605771,0.09601696324333964,0.3832259583832151,0.04283895421642814,0.09155139429675785,0.2056035240116002,3.0163783323879754,2.3086353608572328
grass_pitches,per_head,as_printed,2015,unweighted,post,24,0.020690283841645268,0.19831313553628818,0.06628943193643443,0.07890593006036374,0.34826512515664787,0.03539333244503107,0.07587314708638537,0.17457464221708152,2.7252717875601493,1.989507299270073
grass_pitches,per_head,as_printed,2023,unweighted,post,24,0.03518848682110751,0.21914900649681016,0.0795173346965308,0.08322536929320497,0.40771143277658634,0.039782499863299736,0.07985624829625604,0.1623318924283208,2.9284369114877586,1.8722731239092496
grass_pitches,per_head,constant,2007,population,pre,23,0.015791477617050364,0.2830756133772212,0.1287281021205013,0.14760462600350455,0.5038439334926034,0.06656672663847596,0.13722783480458134,0.2852075520857651,3.7104488594554814,2.874180369212146
grass_pitches,per_head,constant,2008,population,pre,23,0.01602813349794325,0.2826050813217807,0.12915429361639644,0.1493814937116544,0.504914818313086,0.06696714300517181,0.13875950561321637,0.29251245751124144,3.9506992655196695,2.8303925099027727
grass_pitches,per_head,constant,2011,population,post,23,0.017911492967314514,0.24837163651749777,0.10137403461324149,0.12041699365137994,0.4360493505193695,0.05365029190340753,0.11344932637444405,0.248139753186286,3.0224071394114813,2.1357941457385246
grass_pitches,per_head,constant,2012,population,post,23,0.018172058306280266,0.24529068224904993,0.10038889371323292,0.12093199309228271,0.43232588842749586,0.05345390817459361,0.1139057819284266,0.2532003302433631,3.0200229929105196,1.904683377308707
grass_pitches,per_head,constant,2013,population,post,23,0.018498265779057513,0.22753067836590085,0.08502226946867147,0.09825588893318245,0.4015666116861292,0.04460344396847582,0.09358306798606464,0.2033193972788968,3.0173848934550986,1.8875262223656606
grass_pitches,per_head,constant,2014,population,post,23,0.01931050973519118,0.22595969738009622,0.08566993431692488,0.10249993710934695,0.3967341950834387,0.04568928877315248,0.09742179348334334,0.2172121143469019,3.0163783323879754,2.1533224400871465
grass_pitches,per_head,constant,2015,population,post,23,0.02116453116320156,0.19738389721458338,0.06392226428799228,0.07277461466529968,0.34502498666800385,0.03354794769164071,0.0701896279670331,0.15063627559174075,3.365309214043842,1.8916886047386237
grass_pitches,per_head,constant,2023,population,post,23,0.03592115563382899,0.19734282711134224,0.06280152768620005,0.06501241888278292,0.35845515470472394,0.03147501625645044,0.06294417388132378,0.12449696923256615,2.3887434554973823,2.1870604781997183
grass_pitches,per_head,constant,2007,unweighted,pre,23,0.015791477617050364,0.25694948813601015,0.10599594934021064,0.1160326769063565,0.4639912012983073,0.053887935981396295,0.10955387420260099,0.2254607968164769,3.6624634318571574,2.2623272987136733
grass_pitches,per_head,constant,2008,unweighted,pre,23,0.01602813349794325,0.25341969218200217,0.10459287931428869,0.11455963903367045,0.4625893544401088,0.05313523825838162,0.1082412467981243,0.22543031492462995,3.6568239106949947,2.2419776562871405
grass_pitches,per_head,constant,2011,unweighted,post,23,0.017911492967314514,0.23423083597036362,0.08864426399309269,0.10229430270832549,0.41006601856634095,0.04645174989310685,0.09723617327017486,0.2099356363528624,3.0224071394114813,2.152516327314637
grass_pitches,per_head,constant,2012,unweighted,post,23,0.018172058306280266,0.2287602271959107,0.08618813740990221,0.10118965415969347,0.401958485902538,0.04553105778817579,0.09623838551828579,0.21218026917121724,3.0200229929105196,2.132755044314539
grass_pitches,per_head,constant,2013,unweighted,post,23,0.018498265779057513,0.20340163723551302,0.06679913079155853,0.07458234930894882,0.3589035014091296,0.034619852827005415,0.07186896003787557,0.1549651112986381,2.423563546423135,1.8875262223656606
grass_pitches,per_head,constant,2014,unweighted,post,23,0.01931050973519118,0.19894869251039488,0.06528747877398022,0.07553887715636158,0.3491282292412701,0.03442352679628313,0.07275631876432442,0.16242191299218856,2.431745131404803,2.1181689253072804
grass_pitches,per_head,constant,2015,unweighted,post,23,0.02116453116320156,0.1858576012869825,0.056519540030419785,0.0635474628195829,0.3256543264716932,0.029528433546204824,0.06157042227010001,0.1320126239524001,2.7252717875601493,1.8357664233576643
grass_pitches,per_head,constant,2023,unweighted,post,23,0.03592115563382899,0.21064089983045495,0.0721684673421987,0.07241708986322307,0.3921111943370544,0.0355250438199366,0.06985713826468776,0.13449835052204073,2.9284369114877586,1.8722731239092496
grass_pitches,share_of_national,as_printed,2007,population,pre,24,0.041666666666666664,0.41173129609663983,0.2795387562875732,0.3216043746767887,0.7842170305212637,0.13962528177074485,0.275015043992175,0.5060606745390346,10.0,5.0
grass_pitches,share_of_national,as_printed,2008,population,pre,24,0.041666666666666664,0.4211886600727411,0.29153054891093777,0.3349091907294966,0.804166595399895,0.14512022955039972,0.2845969513681109,0.5192377680845262,10.5,3.7500000000000004
grass_pitches,share_of_national,as_printed,2011,population,post,24,0.041666666666666664,0.3827908796620918,0.24302284429658294,0.28418055667284775,0.7239346848657837,0.12284426523111935,0.24736926006497673,0.4869013803856239,7.0,3.75
grass_pitches,share_of_national,as_printed,2012,population,post,24,0.041666666666666664,0.3805795148424,0.23873993977349717,0.2815226786927013,0.714251944789492,0.12122587801440554,0.24536619862686537,0.48766539704346945,7.333333333333334,3.7500000000000004
grass_pitches,share_of_national,as_printed,2013,population,post,24,0.041666666666666664,0.37217893373102995,0.22501220038731426,0.24908262114336205,0.6975894824432591,0.1121228132726515,0.22048443374331061,0.407666090625599,7.333333333333334,3.75
grass_pitches,share_of_national,as_printed,2014,population,post,24,0.041666666666666664,0.36904762744817965,0.22004735191291416,0.2500266768422562,0.677849967271939,0.11124086563681646,0.22121999259711822,0.412761301130394,7.333333333333334,4.25
grass_pitches,share_of_national,as_printed,2015,population,post,24,0.041666666666666664,0.34911772447864775,0.19477121787014953,0.21932552551296303,0.633499949227581,0.09867815635690924,0.19693974100262757,0.3723845873717123,5.5,4.0
grass_pitches,share_of_national,as_printed,2023,population,post,24,0.041666666666666664,0.2878549626586354,0.1335681197962712,0.13773430832492645,0.5372987196032973,0.06572664091201652,0.1286698338345863,0.243759162855254,3.555555555555556,2.7
grass_pitches,share_of_national,as_printed,2007,unweighted,pre,24,0.041666666666666664,0.44444444444444436,0.32916410342865876,0.35713708568211744,0.8864052604279181,0.15873659576526267,0.30032342448063665,0.5116855002517615,7.500000000000001,5.500000000000001
grass_pitches,share_of_national,as_printed,2008,unweighted,pre,24,0.041666666666666664,0.4516283524904215,0.3414905888955051,0.3682706852739489,0.9108062223290819,0.16368449962711173,0.30807013888659485,0.5215560580652319,7.500000000000001,5.500000000000001
grass_pitches,share_of_national,as_printed,2011,unweighted,post,24,0.041666666666666664,0.4110243055555555,0.2835754788478638,0.3181620164293716,0.8100925873009824,0.13954658918645357,0.2725150856421593,0.5000906814862783,7.5,4.333333333333333
grass_pitches,share_of_national,as_printed,2012,unweighted,post,24,0.041666666666666664,0.4098639455782313,0.280134226062906,0.31607617365701046,0.8026922628284546,0.13825289167846877,0.2709960828417701,0.5013419572853693,7.500000000000001,4.333333333333334
grass_pitches,share_of_national,as_printed,2013,unweighted,post,24,0.041666666666666664,0.39458333333333334,0.2570703738557283,0.2663442649778193,0.7782030583337488,0.12346660709638968,0.23382468523486133,0.4047872973477642,7.5,4.333333333333334
grass_pitches,share_of_national,as_printed,2014,unweighted,post,24,0.041666666666666664,0.3952380952380953,0.2554461255208569,0.2669857965807688,0.7661192958738242,0.12346094619949655,0.23431605328176508,0.4041334412058971,5.666666666666667,5.0
grass_pitches,share_of_national,as_printed,2015,unweighted,post,24,0.041666666666666664,0.3717532467532467,0.2242002054863986,0.2326075811752838,0.7127886712665062,0.10867358128214533,0.20753550950052146,0.3658085854180879,6.666666666666666,4.25
grass_pitches,share_of_national,as_printed,2023,unweighted,post,24,0.041666666666666664,0.28945623342175064,0.13930065557587637,0.1388457955690239,0.562978210895334,0.06724010306508699,0.12963776817668937,0.24136280045460534,3.8571428571428577,2.555555555555556
grass_pitches,share_of_national,constant,2007,population,pre,23,0.043478260869565216,0.3966802535898808,0.2583020043971754,0.27744126810683317,0.7629996443488488,0.12612294265363355,0.24227993436990924,0.4309842606627404,6.666666666666667,5.0
grass_pitches,share_of_national,constant,2008,population,pre,23,0.04347826086956523,0.4065882225549115,0.27040233094299193,0.2898174709614011,0.783637813815201,0.13158840662900728,0.25159984012617476,0.4433105799703744,7.0,3.7500000000000004
grass_pitches,share_of_national,constant,2011,population,post,23,0.04347826086956521,0.3656682995754485,0.2199425298174917,0.23647504372614048,0.6991784781465217,0.10808263129428575,0.21059441732194784,0.3948051290998833,5.25,3.75
grass_pitches,share_of_national,constant,2012,population,post,23,0.043478260869565216,0.3633603634760197,0.21573186482218,0.2332835524587182,0.6896143497249507,0.1063915785799926,0.20807101172678633,0.39297420885524337,5.5,3.7500000000000004
grass_pitches,share_of_national,constant,2013,population,post,23,0.043478260869565216,0.35126887332707046,0.20047935252639565,0.20963005183333827,0.667024749759843,0.09792488378909725,0.18911582439830366,0.34438349005790525,5.5,2.9999999999999996
grass_pitches,share_of_national,constant,2014,population,post,23,0.043478260869565216,0.34881761354068197,0.19560935711877525,0.20927726364740643,0.6477458686204456,0.09683300638346282,0.18882970357393702,0.34543454730312306,5.5,3.4000000000000004
grass_pitches,share_of_national,constant,2015,population,post,23,0.043478260869565216,0.32130198823697304,0.16556332347594985,0.17952393135553238,0.5898091814374786,0.08285034889432985,0.16433204796300938,0.31562104629654675,5.5,3.333333333333333
grass_pitches,share_of_national,constant,2023,population,post,23,0.043478260869565216,0.25522619318495265,0.10833390301941266,0.10982463516160655,0.4859583498204621,0.05307076054363369,0.10400875311958746,0.20171783347867944,3.1999999999999997,2.076923076923077
grass_pitches,share_of_national,constant,2007,unweighted,pre,23,0.043478260869565216,0.42287784679089024,0.29797081344369875,0.3129906926452022,0.8453219274322252,0.1426034733911664,0.2687432813970628,0.46216207334256243,7.500000000000001,3.666666666666667
grass_pitches,share_of_national,constant,2008,unweighted,pre,23,0.04347826086956523,0.4302848575712145,0.30990535668868885,0.32308265222749255,0.8696980431276758,0.14735348509882573,0.27608598121098926,0.4714771489515408,7.500000000000001,3.666666666666667
grass_pitches,share_of_national,constant,2011,unweighted,post,23,0.04347826086956521,0.3881340579710144,0.2527311799419594,0.27163634399154846,0.7687542344056822,0.12289092810122115,0.23786863564847338,0.43974266512616256,5.0,4.333333333333333
grass_pitches,share_of_national,constant,2012,unweighted,post,23,0.043478260869565216,0.3864241348713398,0.2490508390853102,0.26856332165505237,0.7611793497586221,0.12134486104849163,0.23552298667255012,0.4388856628449608,5.0,3.2500000000000004
grass_pitches,share_of_national,constant,2013,unweighted,post,23,0.043478260869565216,0.37347826086956515,0.2313360511121635,0.23622571789973218,0.7386474125047755,0.1108455478158501,0.21039757358458178,0.37102776679357574,5.0,3.25
grass_pitches,share_of_national,constant,2014,unweighted,post,23,0.043478260869565216,0.3739130434782608,0.22891059841180517,0.23477383069544305,0.7259991941675781,0.11022967229820291,0.20925032729061743,0.3654482743594807,5.666666666666667,3.7499999999999996
grass_pitches,share_of_national,constant,2015,unweighted,post,23,0.043478260869565216,0.35460191981931105,0.20455187204277098,0.2141607764820713,0.6768768930109805,0.09983413161630283,0.19278140717642211,0.35005748639027023,5.0,4.25
grass_pitches,share_of_national,constant,2023,unweighted,post,23,0.043478260869565216,0.2754007611578826,0.1272911867157754,0.12922872896443294,0.533598402188206,0.06206070807712083,0.12122705826845903,0.23319500980665686,3.0000000000000004,2.555555555555556
job_offers,per_head,as_printed,2005,population,pre,24,13.028059438167894,0.27457978269636446,0.11908924081719863,0.12231423484157475,0.5022892387492193,0.05879269506009288,0.11512973225795664,0.2161024641809024,4.073342469393696,2.2607927071403493
job_offers,per_head,as_printed,2006,population,pre,24,12.657776659793862,0.28887272601364955,0.13104156464995606,0.14196568788922898,0.5141858260325824,0.06627094743207906,0.13234897308668658,0.25317183796786213,4.69670446720606,3.056409043196132
job_offers,per_head,as_printed,2007,population,pre,24,12.97233842711485,0.2888805069274472,0.12966899702994256,0.13873020156874621,0.5127437380832132,0.06525168350418598,0.12953715370952046,0.24493131062649975,4.484746843206114,2.99993648823416
job_offers,per_head,as_printed,2008,population,pre,24,13.418585192751232,0.27555235012724805,0.11862510155297495,0.12647696743449238,0.49234616541754006,0.05964880235428893,0.11880555452142838,0.22825633743198792,4.639731228168482,2.671910587930665
job_offers,per_head,as_printed,2009,population,pre,24,14.498547827361179,0.24751150083208245,0.0970915323391286,0.10829398480617136,0.4339204564167528,0.05008767540519343,0.1026362536586567,0.20936028282992314,3.7969864387876995,2.231655994532005
job_offers,per_head,as_printed,2010,population,pre,24,16.08551024171753,0.22068246489537596,0.08096837595076084,0.09251092876023466,0.3921763909279389,0.042339897743011834,0.08836075217674055,0.18864157264858816,3.9839686142246977,1.975878467205887
job_offers,per_head,as_printed,2011,population,post,24,9.399232721131087,0.29862158637834024,0.1533462844541601,0.20298306927251705,0.5383019745174401,0.08334972590348544,0.18370793827294074,0.4366342272295197,4.912499837083717,2.7895932599119058
job_offers,per_head,as_printed,2012,population,post,24,9.434651891679424,0.2934288810776623,0.1441034135873984,0.18428790731469252,0.522354697605011,0.07750438922304803,0.16830368210007574,0.3914509305893139,4.847632257892421,2.863785103785104
job_offers,per_head,as_printed,2013,population,post,24,8.4433190579264,0.24473273494705203,0.09558727473864907,0.10062301521589898,0.4432010640535524,0.04796420848470684,0.09572613387445517,0.18665670868157946,3.0247332459258556,2.6598497720393497
job_offers,per_head,as_printed,2014,population,post,24,8.92893249333526,0.24334098680977087,0.0930716851061033,0.09718174295342528,0.4376787712655536,0.04656379129361543,0.09260892078807448,0.17941622584657746,3.4855255444435698,2.452607721722958
job_offers,per_head,as_printed,2015,population,post,24,7.040030823243189,0.2781037208450597,0.12566642455147461,0.13442598662980457,0.5157574249401298,0.06295126827702269,0.12578241972844173,0.246536647385308,4.567683850170008,2.502404382639635
job_offers,per_head,as_printed,2016,population,post,24,7.181440781922263,0.2869502639420356,0.13612501171686217,0.15234451531080823,0.5301549937143044,0.06940859210792028,0.14130760290224742,0.28582299376557707,4.457036697026067,3.128989236910683
job_offers,per_head,as_printed,2017,population,post,24,7.3871345482607795,0.2910042139433228,0.13635680441206802,0.15381407259873664,0.5199000512766182,0.07007545407375604,0.14256857381106436,0.28243732020302514,4.39719052674485,3.673780220211414
job_offers,per_head,as_printed,2018,population,post,24,8.501177744901812,0.31783208389991113,0.16420048546106863,0.1720406475259121,0.5978970959211569,0.08088930828935259,0.15805505050620017,0.2942102602252735,6.380300072614679,2.845618211556481
job_offers,per_head,as_printed,2019,population,post,24,7.249400321870975,0.33246038025527275,0.17551164833905644,0.19023131639607785,0.6042246798073855,0.08789637038578679,0.17323213314074593,0.3207933873398523,6.381652405428826,3.3400452290609555
job_offers,per_head,as_printed,2020,population,post,24,2.2440671494474933,0.45892220945806456,0.3490061387474773,0.4154041433735004,0.8870477797080377,0.1737829206007765,0.3399265375236783,0.610065779873393,10.852852940627235,4.92238283573754
job_offers,per_head,as_printed,2021,population,post,24,1.8698338715783933,0.44360538412012956,0.33270397365634125,0.4305784768308253,0.8170698410310511,0.17343719671539848,0.34986710089550666,0.6300765710036559,13.239201875342705,7.317323871570984
job_offers,per_head,as_printed,2022,population,post,24,3.262192187071855,0.44648700213699277,0.3339899055360299,0.38539671983093093,0.8830673312908891,0.1639255761550743,0.3198192585169304,0.5980599270720226,12.624746481075642,5.987762444557682
job_offers,per_head,as_printed,2023,population,post,24,3.3297384585831256,0.41907338122863624,0.2884290794249217,0.3476726216362781,0.7928132691738301,0.14582812592010574,0.2936699244481292,0.5837733935714106,10.862915333299664,4.5789876504773765
job_offers,per_head,as_printed,2005,unweighted,pre,24,13.028059438167894,0.2887428437051387,0.1331733774741659,0.13448984176542644,0.5378385372682104,0.06501391955326363,0.1258382412283291,0.23142035975379105,4.40285892726337,2.756805516097576
job_offers,per_head,as_printed,2006,unweighted,pre,24,12.657776659793862,0.3064025889565306,0.146812605671409,0.1531405837290233,0.5555211856718862,0.0727075124829939,0.14199090878533616,0.26076597741076757,5.046853265716458,3.30583636669213
job_offers,per_head,as_printed,2007,unweighted,pre,24,12.97233842711485,0.3107288218548246,0.15164680668001865,0.15707621293553672,0.5649966514380153,0.07484531121119042,0.14536107820547917,0.2634327485524627,4.478088948652821,3.523693597115291
job_offers,per_head,as_printed,2008,unweighted,pre,24,13.418585192751232,0.28783366220233,0.12909676822791827,0.13370949895088519,0.5205800375296604,0.06393253037939606,0.12515582915807588,0.23227311429228747,4.168832074517858,3.0450158506516383
job_offers,per_head,as_printed,2009,unweighted,pre,24,14.498547827361179,0.27750363520695387,0.12053272906812043,0.1308475106326481,0.4932439266266615,0.06105045349167004,0.1226484490260158,0.2408694915268158,4.096885506783757,2.714903548158866
job_offers,per_head,as_printed,2010,unweighted,pre,24,16.08551024171753,0.24481162899195752,0.09673201094455736,0.10906484050111404,0.43302757021255095,0.05009443307810224,0.10332772506638266,0.21463436516394907,3.9871786445987953,2.34029586760468
job_offers,per_head,as_printed,2011,unweighted,post,24,9.399232721131087,0.3306372511185674,0.1832687908766774,0.22602673501016063,0.6104640530031924,0.09593417630983703,0.20230322505079268,0.44064392087036264,5.182296618405405,3.308425823814486
job_offers,per_head,as_printed,2012,unweighted,post,24,9.434651891679424,0.30807176833259703,0.15406758569295448,0.18422222082069994,0.5532445463703267,0.08034853355955107,0.16824904909058036,0.367334556981725,4.847632257892421,3.188891824745952
job_offers,per_head,as_printed,2013,unweighted,post,24,8.4433190579264,0.2785835932872255,0.12271222140632335,0.12441184938605251,0.5143609548336994,0.060165302131873544,0.11698390365324451,0.21605192359211767,3.943216792889995,2.6936858588411354
job_offers,per_head,as_printed,2014,unweighted,post,24,8.92893249333526,0.2696421998859457,0.11451266443808399,0.11616294605889052,0.494876150387512,0.056270079326157796,0.10966986430965575,0.2035266168334442,3.4855255444435698,2.9424130817489216
job_offers,per_head,as_printed,2015,unweighted,post,24,7.040030823243189,0.3217367125499583,0.17148011970687985,0.17013763852570768,0.6318772518112538,0.08211021969412302,0.1564512961941843,0.2811387350777077,4.80793966299934,2.996752920558706
job_offers,per_head,as_printed,2016,unweighted,post,24,7.181440781922263,0.33740230032071616,0.18694392237756174,0.19175740387013682,0.653644804971142,0.09059304282910419,0.17449289096826426,0.31827275024783797,4.61366051583867,3.464883827312314
job_offers,per_head,as_printed,2017,unweighted,post,24,7.3871345482607795,0.33836027124542223,0.180885622222303,0.19288049220182057,0.6195120105845655,0.08980966352119302,0.17541948794761664,0.31922250910171457,4.793871637054731,3.9985846942818535
job_offers,per_head,as_printed,2018,unweighted,post,24,8.501177744901812,0.34036610730607497,0.18689995071156923,0.18945462140754663,0.6482021878873937,0.09036246088151423,0.17258973724133408,0.30666255896914585,6.380300072614679,2.871561358881157
job_offers,per_head,as_printed,2019,unweighted,post,24,7.249400321870975,0.35658102631694283,0.2033237302151611,0.21186619821131808,0.6658885213650364,0.09946221386915621,0.19092705426824785,0.3365037386218409,6.381652405428826,3.351610899383845
job_offers,per_head,as_printed,2020,unweighted,post,24,2.2440671494474933,0.5201924098144676,0.4630548268355537,0.5471400779579948,1.0714478515718964,0.22365350180330767,0.4213977964080564,0.6904093971581561,28.826226827663607,7.341818772360646
job_offers,per_head,as_printed,2021,unweighted,post,24,1.8698338715783933,0.5066418704377149,0.43484949830658914,0.5077708419832945,1.0052180507260593,0.21205559335834512,0.3981643285700538,0.6467808625032543,13.627048284215412,8.849871047876173
job_offers,per_head,as_printed,2022,unweighted,post,24,3.262192187071855,0.49521689150283454,0.4223972923598173,0.4594923466556001,1.0348592398315934,0.19900296916856552,0.3683957998807412,0.6212381146172203,12.624746481075642,6.191752736479706
job_offers,per_head,as_printed,2023,unweighted,post,24,3.3297384585831256,0.4746703439824501,0.38055841076074215,0.4196577239056061,0.9638911625188615,0.18196830018891696,0.3427282502737532,0.6025528992812561,11.019236912128449,4.912335230949316
job_offers,per_head,constant,2005,population,pre,23,13.218964766241553,0.2745504026941719,0.11908312279170873,0.12230427269353997,0.502281758124449,0.058788908081449764,0.11512091700544835,0.2160825265632369,4.073342469393696,2.2286629546834904
job_offers,per_head,constant,2006,population,pre,23,12.8511954731479,0.28873498169517914,0.13098569453631026,0.14187198957008032,0.514121005824398,0.06623599171436667,0.1322676718350212,0.2529964366353238,4.69670446720606,3.056409043196132
job_offers,per_head,constant,2007,population,pre,23,13.166566144938619,0.288746534297876,0.12955172492599612,0.13854069785373974,0.5126020650357205,0.06517962465047855,0.12937218213550272,0.24458168582202988,4.484746843206114,2.99993648823416
job_offers,per_head,constant,2008,population,pre,23,13.610870706407072,0.27549608842712925,0.1186136789705907,0.12645890788203706,0.4923314899839051,0.059641838537911385,0.11878964040041584,0.2282223218107532,4.639731228168482,2.671910587930665
job_offers,per_head,constant,2009,population,pre,23,14.616963892870526,0.24684370623781904,0.09620756891267991,0.10716987587182203,0.4323077098855001,0.049602137714606975,0.10162695187773962,0.20756018019135714,3.7969864387876995,2.231655994532005
job_offers,per_head,constant,2010,population,pre,23,16.195378162998868,0.21879334351197277,0.07987400534676677,0.09120562546984665,0.3898165308769178,0.04175541505410929,0.08717000949580633,0.1865747385022889,3.9839686142246977,1.975878467205887
job_offers,per_head,constant,2011,population,post,23,9.466376582874815,0.29561880072283475,0.15169773353976654,0.20108106150094393,0.5356190645185145,0.08250273429296762,0.1821538669683176,0.43522604083190286,4.912499837083717,2.7895932599119058
job_offers,per_head,constant,2012,population,post,23,9.473874743696191,0.2918310646758339,0.1433005788304251,0.1833880107267785,0.5209764806675088,0.07709635025221295,0.16755490456077138,0.39070001519848774,4.847632257892421,2.863785103785104
job_offers,per_head,constant,2013,population,post,23,8.542467388856767,0.24382348704637685,0.09478485328800174,0.09954087253522435,0.4418503692622498,0.04750980381376946,0.09474705087069468,0.1847122837378139,3.0247332459258556,2.6598497720393497
job_offers,per_head,constant,2014,population,post,23,9.062032997838463,0.241527336564586,0.091521143035207,0.09488055079751484,0.4352617145582757,0.045642489040658374,0.09051843517220881,0.1747440883377801,3.4855255444435698,2.452607721722958
job_offers,per_head,constant,2015,population,post,23,7.138691102052948,0.27793953087535306,0.12561824741137223,0.13435535900191498,0.5156936848349637,0.06292303595162985,0.12572067363402328,0.24641903454181313,4.567683850170008,2.502404382639635
job_offers,per_head,constant,2016,population,post,23,7.260914971771853,0.28633000859501495,0.13576195804249508,0.15187057126869216,0.5296291433976092,0.06920855210770815,0.14090053430038285,0.2851900663824418,4.457036697026067,3.128989236910683
job_offers,per_head,constant,2017,population,post,23,7.498422209823904,0.29060146664669917,0.1362032200936213,0.1535789105360303,0.5197069008971623,0.06998382983073081,0.14236691475790209,0.2820659788773099,4.39719052674485,3.673780220211414
job_offers,per_head,constant,2018,population,post,23,8.645037909957127,0.3172231997872928,0.16389600451498668,0.1715427783372053,0.5975849527982452,0.08070271102631044,0.15763576769192345,0.2933966374317416,6.380300072614679,2.845618211556481
job_offers,per_head,constant,2019,population,post,23,7.379969132585615,0.33051041304462064,0.1739320610819363,0.18757445289830343,0.6026514820777815,0.08691920709184153,0.1710326031425321,0.31659815928252233,6.381652405428826,3.2157572703165607
job_offers,per_head,constant,2020,population,post,23,2.286199713719895,0.4587542824576955,0.3488650673854727,0.4151397242420693,0.8869628404421722,0.17369515223251286,0.33975197839467997,0.6099148479523882,10.852852940627235,4.92238283573754
job_offers,per_head,constant,2021,population,post,23,1.885499068238676,0.4435212406284731,0.33267726694771493,0.430540552805152,0.8170468193475315,0.173422730023152,0.3498424447712233,0.6300618294422615,13.239201875342705,7.317323871570984
job_offers,per_head,constant,2022,population,post,23,3.341291257149156,0.4449710227106289,0.33219506956870115,0.38124146237316336,0.8821738749583691,0.1626792876303289,0.3169870522201953,0.5948707219524387,12.624746481075642,3.9838079622365106
job_offers,per_head,constant,2023,population,post,23,3.395780091978622,0.4177857827961189,0.28682759479299413,0.3446094682959734,0.7917432646888858,0.14480593554878907,0.29150301001658496,0.5817068865802593,10.862915333299664,4.5789876504773765
job_offers,per_head,constant,2005,unweighted,pre,23,13.218964766241553,0.2906736018749455,0.13407886831329088,0.13700258970301527,0.5368209661008047,0.06581370561232214,0.12803203200889046,0.23721732513517912,4.40285892726337,2.756805516097576
job_offers,per_head,constant,2006,unweighted,pre,23,12.8511954731479,0.30740137950909885,0.1476858430532488,0.1560333870172907,0.5539686069248704,0.07357676989722739,0.14446937372162538,0.26726300275467074,5.046853265716458,3.30583636669213
job_offers,per_head,constant,2007,unweighted,pre,23,13.166566144938619,0.3122430298815707,0.15276498142820324,0.16020411507247434,0.5638669583416835,0.07583192181604059,0.14803012867482213,0.27004088268437376,4.478088948652821,3.523693597115291
job_offers,per_head,constant,2008,unweighted,pre,23,13.610870706407072,0.2890790936151084,0.13005614082140743,0.13634633446146713,0.5196591074554352,0.0647728089261459,0.12745961065272027,0.23827784539126373,4.168832074517858,3.0450158506516383
job_offers,per_head,constant,2009,unweighted,pre,23,14.616963892870526,0.2805706100621961,0.12290641506965294,0.13439907567372272,0.49653874348379096,0.06244604018233235,0.1257588933809759,0.2474482307193081,4.096885506783757,2.714903548158866
job_offers,per_head,constant,2010,unweighted,pre,23,16.195378162998868,0.24645082943081537,0.09847092417051419,0.11178347800792902,0.43573010571288634,0.05114425238325271,0.10576214129730654,0.2202715477473377,3.9871786445987953,2.34029586760468
job_offers,per_head,constant,2011,unweighted,post,23,9.466376582874815,0.3335699014223634,0.18751723031375492,0.23314277951076137,0.6158064400053225,0.09844951825419634,0.2079595217013288,0.451037507105295,5.182296618405405,3.308425823814486
job_offers,per_head,constant,2012,unweighted,post,23,9.473874743696191,0.31306048101771383,0.15902361311997643,0.19107150895575156,0.5610186718244874,0.08306092177411839,0.17392648561532031,0.37728361886649353,4.847632257892421,3.188891824745952
job_offers,per_head,constant,2013,unweighted,post,23,8.542467388856767,0.2800763676058952,0.12393603543373183,0.12668869618884854,0.5150145110672492,0.06099300546808539,0.11899210897354784,0.220805330288934,3.943216792889995,2.6936858588411354
job_offers,per_head,constant,2014,unweighted,post,23,9.062032997838463,0.2682142652867598,0.1131765894895439,0.11538392244970479,0.49070134651063674,0.05575819523367731,0.10897600588302603,0.20339225503071212,3.4855255444435698,2.9424130817489216
job_offers,per_head,constant,2015,unweighted,post,23,7.138691102052948,0.3248787454506467,0.17380441928444337,0.17446484181545255,0.6328855837778028,0.08365488519419939,0.1600936167062602,0.28909033615893254,4.80793966299934,2.996752920558706
job_offers,per_head,constant,2016,unweighted,post,23,7.260914971771853,0.34198774178871594,0.19099470202815694,0.1978597429979619,0.657810738280642,0.09293821049468753,0.17951507617645923,0.3276667408854157,4.61366051583867,3.464883827312314
job_offers,per_head,constant,2017,unweighted,post,23,7.498422209823904,0.33990314841896313,0.1827541715821705,0.19749401451194187,0.6190317235217949,0.09128716987236674,0.17921494658784265,0.3277896002034233,4.793871637054731,3.9985846942818535
job_offers,per_head,constant,2018,unweighted,post,23,8.645037909957127,0.34162275378392276,0.18757847064385041,0.19255456515365546,0.6457201779656702,0.09121884637851785,0.17515069105363945,0.31342647936367996,6.380300072614679,2.871561358881157
job_offers,per_head,constant,2019,unweighted,post,23,7.379969132585615,0.35583240610136757,0.20238612911754478,0.21306459646410028,0.6611161395577624,0.09949398911584106,0.19189606512635515,0.34063058394090273,6.381652405428826,3.217388149062012
job_offers,per_head,constant,2020,unweighted,post,23,2.286199713719895,0.5247617373290453,0.46924733234383553,0.5646983843074468,1.0704459819782939,0.22827135314424363,0.4314684010481392,0.7019322343000505,28.826226827663607,7.341818772360646
job_offers,per_head,constant,2021,unweighted,post,23,1.885499068238676,0.5149151127147874,0.4490650515495212,0.5288485481738601,1.0174702945958072,0.2194175105933014,0.4107168897062343,0.6580669525181337,13.627048284215412,8.849871047876173
job_offers,per_head,constant,2022,unweighted,post,23,3.341291257149156,0.49487606852951105,0.4198557992847344,0.4638764406015484,1.0247406535239398,0.19917752139305112,0.37115875108650276,0.6299767800635852,12.624746481075642,6.191752736479706
job_offers,per_head,constant,2023,unweighted,post,23,3.395780091978622,0.4764515300900308,0.38221496862555304,0.4280759122543167,0.9597990826782069,0.1839463281636734,0.3482380637971153,0.6131612652141661,11.019236912128449,4.912335230949316
job_offers,share_of_national,as_printed,2005,population,pre,24,0.041666666666666664,0.375500239976869,0.24429478334359056,0.29275792994509997,0.686296280218341,0.1265543393160634,0.25379724782279023,0.46910422261799134,6.637644046094749,5.3164922410682065
job_offers,share_of_national,as_printed,2006,population,pre,24,0.041666666666666664,0.3854121027705253,0.26335133535299826,0.32207318008847835,0.7070330555084702,0.13737934780547656,0.27535484120733533,0.495092100003108,6.947916666666666,5.526155021000382
job_offers,share_of_national,as_printed,2007,population,pre,24,0.041666666666666664,0.3877301778535114,0.2640151943344977,0.3208548160826637,0.7109643121290464,0.13722132480615135,0.2744714215748132,0.49507368037941824,6.773356401384083,5.422939068100359
job_offers,share_of_national,as_printed,2008,population,pre,24,0.041666666666666664,0.38178976503096274,0.2506167096068624,0.29864470415266664,0.6963250567652852,0.1294983517989855,0.2581770707752947,0.46535613207113,7.085388127853881,4.881683011705157
job_offers,share_of_national,as_printed,2009,population,pre,24,0.041666666666666664,0.38200968502445654,0.23902310658331904,0.28643937687060006,0.6838977912715293,0.12366448073931924,0.24906739896453878,0.47094256581270433,6.211002533478103,5.358620689655172
job_offers,share_of_national,as_printed,2010,population,pre,24,0.041666666666666664,0.34008016718040424,0.19451699583841325,0.23811368053510001,0.6040841661519548,0.1025518858516743,0.2118869071170374,0.42544974423680293,5.8474864130434785,4.589644725970808
job_offers,share_of_national,as_printed,2011,population,post,24,0.041666666666666664,0.401153782602775,0.2649154660292741,0.3490354101589985,0.7114880908737442,0.14121580018342328,0.2946318473707109,0.5766107128648498,9.346526655896607,6.088563049853372
job_offers,share_of_national,as_printed,2012,population,post,24,0.041666666666666664,0.3947283902590332,0.25750235515492664,0.3364988506768928,0.6984072358029786,0.13746859365009312,0.28573329550109194,0.5449978982445882,10.710320901994796,6.6615483045425465
job_offers,share_of_national,as_printed,2013,population,post,24,0.041666666666666664,0.3595021747309626,0.21029083447152788,0.25026144844250586,0.6387640991992586,0.10919781481743562,0.22140280656509492,0.4209288085879469,6.116788321167884,5.4914317302377
job_offers,share_of_national,as_printed,2014,population,post,24,0.041666666666666664,0.35066156464249587,0.20234040318256852,0.24390953770444715,0.6198264231120142,0.10599549497962268,0.21644148644130112,0.4127514516420472,7.289089645587214,4.9948051948051955
job_offers,share_of_national,as_printed,2015,population,post,24,0.041666666666666664,0.3888663905850657,0.2475758587785684,0.2980779280068677,0.6947943085189782,0.128346829375673,0.2577565040622716,0.47007455240442453,9.53910323253389,5.766355140186915
job_offers,share_of_national,as_printed,2016,population,post,24,0.041666666666666664,0.38675665112317775,0.24877427369661703,0.31064514183819103,0.6859897815929435,0.13110498247405566,0.26702606849284083,0.4925409815965923,8.369094488188976,6.332830188679245
job_offers,share_of_national,as_printed,2017,population,post,24,0.041666666666666664,0.39056890149134016,0.2530562243353225,0.3182533520635883,0.6939220525740617,0.13343477068620446,0.2725815279038758,0.5069718814707483,8.332389046270066,5.25748502994012
job_offers,share_of_national,as_printed,2018,population,post,24,0.041666666666666664,0.40994192822433334,0.2773772150270895,0.3371632016609852,0.734513265521694,0.14379527767968137,0.2862076616988577,0.5015992637007275,10.326892109500804,6.872875594833446
job_offers,share_of_national,as_printed,2019,population,post,24,0.041666666666666664,0.4172876575961986,0.29219309134943927,0.3636348457986811,0.7511974834215266,0.15248974612851662,0.30485501648467084,0.5328494961716368,10.294358974358975,7.098081023454157
job_offers,share_of_national,as_printed,2020,population,post,24,0.041666666666666664,0.5027569980408285,0.42742226882581646,0.5946066374835706,0.9448637106406066,0.22232999883463966,0.44822042741493606,0.7929741541793516,27.901960784313726,10.031250000000002
job_offers,share_of_national,as_printed,2021,population,post,24,0.041666666666666664,0.50086759032753,0.4459052196412799,0.671731141240886,0.9181602913050839,0.24136726781662088,0.48917649572111765,0.7911130424402659,33.54205607476636,14.239837398373982
job_offers,share_of_national,as_printed,2022,population,post,24,0.041666666666666664,0.48829537975833287,0.40056834070305347,0.5670662699811844,0.8970071301503841,0.2124236920840915,0.43281302628868,0.7475039131630652,26.732456140350877,8.082758620689656
job_offers,share_of_national,as_printed,2023,population,post,24,0.041666666666666664,0.4716771157042208,0.37721899539628545,0.5488152665748349,0.8477886442112071,0.20407526539161902,0.4223662528331248,0.7431593572360965,16.740412979351035,10.244075829383885
job_offers,share_of_national,as_printed,2001,unweighted,pre,24,0.041666666666666664,0.45571961226577345,0.34591388689839464,0.4553806801413991,0.852851229212674,0.1789450800841218,0.36579350782848785,0.6930713157672761,12.38820912124583,8.202425373134329
job_offers,share_of_national,as_printed,2002,unweighted,pre,24,0.041666666666666664,0.4257974564622505,0.3042850495835906,0.32173582479623397,0.830615165217235,0.14664336434490965,0.2751103370879572,0.4654627195829504,7.883961566888396,6.536908517350158
job_offers,share_of_national,as_printed,2003,unweighted,pre,24,0.041666666666666664,0.40634163263168915,0.2752303528721596,0.2957796259650488,0.785772034093665,0.13394130304452434,0.2560486424809225,0.45755994026440394,7.530023094688222,5.954157782515991
job_offers,share_of_national,as_printed,2004,unweighted,pre,24,0.041666666666666664,0.4082558703656664,0.28033087712328825,0.29684334921809064,0.7910722130662907,0.13586203659054663,0.2568395800951022,0.44146781404302793,8.228218100056212,5.951545530492899
job_offers,share_of_national,as_printed,2005,unweighted,pre,24,0.041666666666666664,0.43451923965508665,0.3215677285771894,0.34782595164190994,0.8478576662872535,0.15594824596122459,0.29377821774007373,0.5016658303629717,8.505773672055428,5.931548924967091
job_offers,share_of_national,as_printed,2006,unweighted,pre,24,0.041666666666666664,0.44578963937558347,0.3413225386496279,0.3683594978196767,0.8718055675939724,0.16518419160685693,0.30813158821025,0.5080437773783779,9.277564102564103,6.4928977272727275
job_offers,share_of_national,as_printed,2007,unweighted,pre,24,0.041666666666666664,0.44535595105672965,0.3396888473318978,0.36706415455806635,0.8723082457818119,0.1643137869239336,0.3072348004265053,0.5118089748661248,9.88888888888889,5.958910034602076
job_offers,share_of_national,as_printed,2008,unweighted,pre,24,0.041666666666666664,0.43419669618759577,0.3191803607531001,0.3382228581808352,0.8485978853849501,0.15374848579640854,0.28696363579677864,0.476923310419174,8.483232545354591,6.439269406392694
job_offers,share_of_national,as_printed,2009,unweighted,pre,24,0.041666666666666664,0.42460087892111187,0.2988950090100857,0.3288698326330126,0.8164989251952748,0.14619454156351075,0.28026330311934744,0.5032679372687086,6.786026200873363,4.743394860658704
job_offers,share_of_national,as_printed,2010,unweighted,pre,24,0.041666666666666664,0.3949479556857137,0.2550717896612756,0.29108359123600236,0.7342823855721445,0.12795037169610013,0.25254680512980743,0.47629987332206214,6.382612026043662,4.703804347826087
job_offers,share_of_national,as_printed,2011,unweighted,post,24,0.041666666666666664,0.43867904162182986,0.31421982274443316,0.3738281126388132,0.8242045328182972,0.15801116763642642,0.31190482347127635,0.5742704994957004,8.38529886914378,5.23125
job_offers,share_of_national,as_printed,2012,unweighted,post,24,0.041666666666666664,0.44879147424622934,0.3271053346521794,0.37730827562874414,0.8407130239023358,0.163073733340662,0.3142953447236474,0.5346508587486385,9.841209829867674,6.411428571428572
job_offers,share_of_national,as_printed,2013,unweighted,post,24,0.041666666666666664,0.4082781986981112,0.2696388983897047,0.29364685176065164,0.7693171978563361,0.13250215074171412,0.25446026899737284,0.44720773771236333,7.797488226059655,4.00560398505604
job_offers,share_of_national,as_printed,2014,unweighted,post,24,0.041666666666666664,0.4074506233040755,0.2685748971753849,0.290523067427779,0.7633516716387252,0.13196777984774866,0.2521277223765922,0.43344517011364936,6.952277657266812,5.474635163307853
job_offers,share_of_national,as_printed,2015,unweighted,post,24,0.041666666666666664,0.4332616516969229,0.30601810225514836,0.3281233070699867,0.8283072388801076,0.1485394387753104,0.27972580067178243,0.46798465477687035,9.492307692307692,5.10535876475931
job_offers,share_of_national,as_printed,2016,unweighted,post,24,0.041666666666666664,0.4377968077364286,0.31237952076923275,0.34574231988156806,0.8258926548092622,0.15362446144349873,0.29230517750093465,0.49421147030652957,9.600686498855836,6.250984251968504
job_offers,share_of_national,as_printed,2017,unweighted,post,24,0.041666666666666664,0.4469913429969646,0.3247186331332613,0.36851725435227894,0.8413392582561117,0.1608157871622915,0.3082407263630563,0.523267615961745,12.706222865412446,6.7044381491973555
job_offers,share_of_national,as_printed,2018,unweighted,post,24,0.041666666666666664,0.4634055812105864,0.3579916155882368,0.3721842840236479,0.91021783719195,0.17022150458896346,0.3107727827445852,0.48548028640537444,9.729656419529837,6.219208211143695
job_offers,share_of_national,as_printed,2019,unweighted,post,24,0.041666666666666664,0.4770009273934543,0.38084570016002645,0.40736660262740787,0.9316070797541902,0.18265493504621344,0.3345997918825746,0.5198472202670967,11.505760368663594,6.486153846153846
job_offers,share_of_national,as_printed,2020,unweighted,post,24,0.041666666666666664,0.5757737180382843,0.5732989524530855,0.7885715271990156,1.1643947440568658,0.28519007512039707,0.5455064365081637,0.8556614509602922,34.58888888888889,17.84313725490196
job_offers,share_of_national,as_printed,2021,unweighted,post,24,0.041666666666666664,0.5954645076872751,0.6245240373893808,0.8102429498843025,1.1899682393989093,0.30724528191826395,0.5552499988650468,0.7871803520428096,41.21176470588235,27.422018348623855
job_offers,share_of_national,as_printed,2022,unweighted,post,24,0.041666666666666664,0.5743895226527582,0.5646703931802032,0.7017411892745765,1.1533974233352624,0.2753304010447609,0.504278592891386,0.7507921273120223,30.97237569060773,15.073275862068966
job_offers,share_of_national,as_printed,2023,unweighted,post,24,0.041666666666666664,0.5607892720306513,0.5360671614810772,0.673619091042489,1.099126513711267,0.26486062452052095,0.4901399950493047,0.7413788362368455,23.0,10.091445427728614
job_offers,share_of_national,constant,2005,population,pre,23,0.04347826086956521,0.36002825880226463,0.2212687194178336,0.271547596845764,0.6470724771545017,0.1162026531355147,0.23780099566379187,0.4597018328256496,6.637644046094749,5.3164922410682065
job_offers,share_of_national,constant,2006,population,pre,23,0.043478260869565216,0.3701192963059635,0.23919793031301892,0.2997207458972064,0.6674672092521816,0.1265490435449751,0.2589748739024832,0.4862231115810516,6.947916666666666,5.526155021000382
job_offers,share_of_national,constant,2007,population,pre,23,0.043478260869565216,0.37212124811945324,0.2400462589680334,0.29950490204684743,0.6707094929305114,0.1266612260607004,0.25881491092316355,0.4873710329815032,6.773356401384083,5.422939068100359
job_offers,share_of_national,constant,2008,population,pre,23,0.043478260869565216,0.36600233091063933,0.22729085839126373,0.27869087603827963,0.6553715201286168,0.11935280611510068,0.24322619602256934,0.45789123284187905,7.085388127853881,4.73634131368938
job_offers,share_of_national,constant,2009,population,pre,23,0.043478260869565216,0.36436838246541436,0.21954091378856438,0.2737861397729293,0.6437719674668656,0.11602436923542991,0.23950530256026525,0.47192608596106067,6.211002533478103,5.358620689655172
job_offers,share_of_national,constant,2010,population,pre,23,0.043478260869565216,0.32150087236273844,0.18006063763511027,0.23020712537168472,0.5694358787150705,0.09710237870658867,0.20563094852246677,0.42968728551693125,5.8474864130434785,4.589644725970808
job_offers,share_of_national,constant,2011,population,post,23,0.043478260869565216,0.3831023871412469,0.24816566945278512,0.3427274769536164,0.6735679068581818,0.13555548751269053,0.29016836931816026,0.5855827640106381,9.346526655896607,6.088563049853372
job_offers,share_of_national,constant,2012,population,post,23,0.043478260869565216,0.37584121961446654,0.24240112445184414,0.33259467702050777,0.6619768709916435,0.13270795799097002,0.28293922352772793,0.5555477116493562,10.710320901994796,6.6615483045425465
job_offers,share_of_national,constant,2013,population,post,23,0.04347826086956523,0.33905722998697435,0.19187323338597953,0.23765890643595156,0.5990116907727628,0.10178585965159981,0.21152841218426877,0.4198999921202182,6.116788321167884,5.4914317302377
job_offers,share_of_national,constant,2014,population,post,23,0.04347826086956523,0.329616179760535,0.18187612365285094,0.2265642235855957,0.578691727415066,0.09703946812706554,0.20273186274973698,0.40447328794662785,7.289089645587214,4.9948051948051955
job_offers,share_of_national,constant,2015,population,post,23,0.04347826086956521,0.36803960330431446,0.22544174381179913,0.2828099864884988,0.651264474994045,0.11948076073024005,0.24633701959557752,0.4693275170725548,9.53910323253389,5.766355140186915
job_offers,share_of_national,constant,2016,population,post,23,0.043478260869565216,0.36451571273985994,0.22970814822134203,0.30082870323754135,0.644799188825896,0.12413541018575602,0.25979544346833705,0.49793880093498166,8.369094488188976,6.332830188679245
job_offers,share_of_national,constant,2017,population,post,23,0.04347826086956521,0.3692626985303676,0.22980079546233714,0.3014076630607537,0.6496233842477307,0.1239341807734069,0.2602238681352259,0.5064075922790792,8.332389046270066,5.25748502994012
job_offers,share_of_national,constant,2018,population,post,23,0.043478260869565216,0.38961057528246285,0.25186945773043534,0.3174876741479553,0.6890190280866063,0.13324253073514913,0.27202434636078865,0.4976987477406847,10.326892109500804,6.872875594833446
job_offers,share_of_national,constant,2019,population,post,23,0.043478260869565216,0.3954874093857737,0.2650782362203953,0.3407664447999713,0.7052672335909372,0.14095212989585082,0.2887750008931095,0.5267631613428019,10.294358974358975,6.854495538778312
job_offers,share_of_national,constant,2020,population,post,23,0.04347826086956523,0.48452388462009455,0.3944795143131495,0.5695668764335734,0.8963237545550385,0.2093255648217628,0.4342295658527269,0.7957882323518635,27.901960784313726,10.031250000000002
job_offers,share_of_national,constant,2021,population,post,23,0.04347826086956523,0.4809491554993127,0.4138988223519437,0.6557347768099565,0.866232929505837,0.23022622917858648,0.4809394712063987,0.7967623232296854,33.54205607476636,14.239837398373982
job_offers,share_of_national,constant,2022,population,post,23,0.043478260869565216,0.4677364266320274,0.36753683116463615,0.5315499828650927,0.8537662339340989,0.1974278959910769,0.41230665125802923,0.7443012257226989,26.732456140350877,8.082758620689656
job_offers,share_of_national,constant,2023,population,post,23,0.043478260869565216,0.4496195289555339,0.3452510258940248,0.519816933323264,0.8015059799674816,0.19035991600248692,0.40537060516602463,0.7434158083115711,16.740412979351035,10.244075829383885
job_offers,share_of_national,constant,1995,unweighted,pre,23,0.04347826086956521,0.3833195266247219,0.250119234126465,0.24530211071689467,0.7897339934514297,0.11716949637170082,0.2175318894718251,0.3695082673039245,5.784090909090909,2.95004712535344
job_offers,share_of_national,constant,1996,unweighted,pre,23,0.0434782608695652,0.39618267110708677,0.26032726933455985,0.26141367970325935,0.7944136296352972,0.12320378011034627,0.2300376640668289,0.3905724457783464,6.909333333333334,3.6049295774647887
job_offers,share_of_national,constant,1997,unweighted,pre,23,0.043478260869565216,0.4363036822807633,0.30900046279148763,0.34699333720076053,0.8284485477005291,0.15239759031137534,0.2931899624245585,0.5104999870430763,8.654761904761905,5.083992094861661
job_offers,share_of_national,constant,1998,unweighted,pre,23,0.043478260869565216,0.4031458604302783,0.26553920365224565,0.29302967610882397,0.7589105098579769,0.1314378557196365,0.2539999980085136,0.4466002528864108,7.704340704340705,4.122558922558922
job_offers,share_of_national,constant,1999,unweighted,pre,23,0.04347826086956521,0.4236096249548087,0.29375410434780064,0.31488050490399166,0.8175591017654756,0.14250553802501598,0.27012391432878324,0.46380886512269126,6.821238938053097,5.5867579908675795
job_offers,share_of_national,constant,2000,unweighted,pre,23,0.043478260869565216,0.40457396789390615,0.26467805704471153,0.3158348918031419,0.7412515284518915,0.1349405507055541,0.2708201662032679,0.5174836713237058,7.846354166666667,4.827201051248358
job_offers,share_of_national,constant,2001,unweighted,pre,23,0.04347826086956523,0.43396440036145967,0.31030499328594385,0.37919684367497397,0.8110704158226534,0.15766003073961832,0.31558912254648375,0.6016761220772073,11.911229946524065,5.458100558659218
job_offers,share_of_national,constant,2002,unweighted,pre,23,0.04347826086956521,0.41667612454129305,0.28788584264983585,0.3130017178282903,0.7976976968116535,0.14080602265457354,0.2687513435918263,0.4684722953374941,7.883961566888396,5.866930917327293
job_offers,share_of_national,constant,2003,unweighted,pre,23,0.04347826086956523,0.4002827521206408,0.26344408488686955,0.2936745148983672,0.7567826744039285,0.1305538476093181,0.2544808926803648,0.4679464836754529,7.530023094688222,5.954157782515991
job_offers,share_of_national,constant,2004,unweighted,pre,23,0.043478260869565216,0.40520111766361616,0.27063477997818963,0.29763986634234624,0.7641439196904095,0.1336512796086753,0.25743128441303165,0.4534905078405953,8.228218100056212,5.951545530492899
job_offers,share_of_national,constant,2005,unweighted,pre,23,0.04347826086956521,0.43236256517195754,0.3117140965397904,0.35050775562983894,0.8203494472604681,0.15408721529361646,0.29566962880164016,0.515496582251906,8.505773672055428,5.931548924967091
job_offers,share_of_national,constant,2006,unweighted,pre,23,0.043478260869565216,0.443300983521136,0.3309333450197056,0.3712776878484345,0.8435329545670804,0.16326114877931563,0.3101476486562993,0.5216823329392668,9.277564102564103,6.4928977272727275
job_offers,share_of_national,constant,2007,unweighted,pre,23,0.043478260869565216,0.44347446529899587,0.33050926976192224,0.37111059445947386,0.8454039993380847,0.16292530108768588,0.31003236925808597,0.5259938875942148,9.88888888888889,5.958910034602076
job_offers,share_of_national,constant,2008,unweighted,pre,23,0.043478260869565216,0.43344582303127804,0.311325177602596,0.3428884208535705,0.8231686201348085,0.15284216473029721,0.29028260319624244,0.4915002560013796,8.483232545354591,6.439269406392694
job_offers,share_of_national,constant,2009,unweighted,pre,23,0.043478260869565216,0.42599303501608005,0.29860847709218064,0.34085580606474836,0.8011769171213711,0.14863198724105442,0.28883855401893466,0.5223497589471067,6.786026200873363,4.743394860658704
job_offers,share_of_national,constant,2010,unweighted,pre,23,0.043478260869565216,0.3962977987952151,0.25789689368048696,0.3041851693669571,0.726057541663365,0.13137344861581068,0.26227575012995874,0.49647927961524474,6.382612026043662,4.703804347826087
job_offers,share_of_national,constant,2011,unweighted,post,23,0.043478260869565216,0.4415718090498412,0.3184919615952106,0.39148938463535804,0.8159042249540746,0.16255711245579463,0.3239507730343306,0.5944281107033547,8.38529886914378,5.280555555555556
job_offers,share_of_national,constant,2012,unweighted,post,23,0.043478260869565216,0.4515996062784438,0.3341489146531466,0.39814051026337616,0.8352637353200929,0.16901745107734722,0.32843234111635067,0.5565628943179877,9.841209829867674,6.455510204081633
job_offers,share_of_national,constant,2013,unweighted,post,23,0.04347826086956523,0.4076786385379501,0.2685249229899112,0.3028467039024895,0.7543850555492365,0.13419014736055002,0.2612876705915491,0.4645049848363415,7.797488226059655,4.00560398505604
job_offers,share_of_national,constant,2014,unweighted,post,23,0.04347826086956523,0.4038927334891558,0.2631932379030111,0.29408576556858607,0.7435633369692122,0.1314213897957841,0.25478742487780426,0.4455875945628638,6.952277657266812,5.474635163307853
job_offers,share_of_national,constant,2015,unweighted,post,23,0.04347826086956521,0.4321916597220349,0.3035040536726476,0.3381077926287173,0.8095316522200987,0.15006166998012205,0.28688158515334006,0.4857642743374889,9.492307692307692,5.10535876475931
job_offers,share_of_national,constant,2016,unweighted,post,23,0.043478260869565216,0.4380357957839424,0.3145723106007418,0.36085215045189484,0.8137738328827152,0.1573161315486875,0.30291794588498655,0.5144212057508522,9.600686498855836,6.250984251968504
job_offers,share_of_national,constant,2017,unweighted,post,23,0.04347826086956521,0.4452724158270242,0.3209737994451841,0.3786347872567138,0.8210810959753486,0.16194903408106542,0.3152043368945914,0.5407314250008908,12.706222865412446,6.7044381491973555
job_offers,share_of_national,constant,2018,unweighted,post,23,0.043478260869565216,0.46177673862309127,0.351842524425796,0.3794185144619004,0.8863523376644864,0.17033330812473801,0.3157408196302426,0.5002919206121521,9.729656419529837,6.219208211143695
job_offers,share_of_national,constant,2019,unweighted,post,23,0.043478260869565216,0.4732006922731038,0.3724429930386433,0.4120214925765527,0.9060463186194941,0.1816583360816687,0.33768995885011055,0.532129346009222,11.505760368663594,6.486153846153846
job_offers,share_of_national,constant,2020,unweighted,post,23,0.04347826086956523,0.5731755471991542,0.5631337314048858,0.8090267429699909,1.133061053286791,0.28582254919491323,0.5547087617770967,0.8651487383353824,34.58888888888889,17.84313725490196
job_offers,share_of_national,constant,2021,unweighted,post,23,0.04347826086956523,0.5942364637112257,0.6252507179339527,0.8445603241306915,1.1668472643402554,0.313206474402151,0.5702537342583733,0.8008705340340153,41.21176470588235,27.422018348623855
job_offers,share_of_national,constant,2022,unweighted,post,23,0.043478260869565216,0.56658731531136,0.5465165292571147,0.7038492107651158,1.1177855993308932,0.2712301879884088,0.5053224836122878,0.7608151462455439,30.97237569060773,15.073275862068966
job_offers,share_of_national,constant,2023,unweighted,post,23,0.043478260869565216,0.5541609195402298,0.5236489639441184,0.684196206012403,1.0678527016972565,0.2636351495877267,0.4955044228432849,0.7537581801733245,23.0,10.091445427728614
job_placements,per_head,as_printed,2005,population,pre,24,10.99130222413884,0.29078006276610524,0.13155239033435162,0.1390884326784266,0.5207923679093658,0.0657631363106368,0.12984892473450804,0.24392376641398672,4.6874938375541335,3.2145337144066897
job_placements,per_head,as_printed,2006,population,pre,24,11.33700657849564,0.2822115136381572,0.12380524233582092,0.1317413286973207,0.5014322557079453,0.062214789032594586,0.1234322913329533,0.23364785003105193,4.27782719811569,3.0807446161711525
job_placements,per_head,as_printed,2007,population,pre,24,11.454441060919478,0.28935405870658765,0.1312751750207703,0.13990021040881556,0.5157820418015581,0.06595776003476816,0.13055500736962866,0.2447490601577904,4.659865490103722,3.321874832563949
job_placements,per_head,as_printed,2008,population,pre,24,12.248932529269434,0.25908589867701415,0.10454900518972238,0.11265314369955383,0.4564690887881974,0.053032199882439124,0.10653949121690143,0.20811913580390673,4.012929896581578,2.641034566264688
job_placements,per_head,as_printed,2009,population,pre,24,11.741243958399103,0.24350662025579392,0.09307114323360668,0.10152291261485341,0.42620446257464517,0.04762521280366838,0.09653952153691248,0.19172414528414083,3.677594923706475,2.8479457532835375
job_placements,per_head,as_printed,2010,population,pre,24,11.115332555331818,0.23293194982574683,0.08541229182943519,0.09189650820797163,0.4123139245860439,0.04341385180828161,0.08780045017372207,0.17607664649707944,3.580230478103315,2.1575243223284
job_placements,per_head,as_printed,2011,population,post,24,4.1217718493781765,0.29363264072017325,0.15707148942394336,0.21650498717463085,0.5403397245453302,0.08684087824878872,0.19467148140130097,0.4635335058317622,6.183142540789341,2.238838117086224
job_placements,per_head,as_printed,2012,population,post,24,4.635238109837705,0.27477882218878275,0.13008500347440372,0.17697682724528543,0.4839805361622274,0.07203514032822333,0.16220080158661887,0.4066078557366547,4.5503654978868795,2.5918361024390064
job_placements,per_head,as_printed,2013,population,post,24,4.942870435745115,0.24372813437350155,0.09790068369416532,0.11169991397087081,0.43400278053395636,0.05093720130309365,0.10568741204944743,0.22383237517280474,2.9999706246712297,2.521137120371305
job_placements,per_head,as_printed,2014,population,post,24,5.094820301862048,0.2541302260588776,0.10375969910684332,0.11292359237862426,0.45039370452237787,0.05295962240212626,0.10678109375928635,0.20849082312595946,3.563177515329525,3.173768172170619
job_placements,per_head,as_printed,2015,population,post,24,4.7173666587615966,0.2728058117438229,0.12324024716456808,0.1410087101108476,0.4866144263051627,0.06401700845635039,0.1315182529075628,0.2651549089668759,4.240563285172581,3.2876990195578673
job_placements,per_head,as_printed,2016,population,post,24,4.044539463899413,0.3115636440860815,0.16292572036056696,0.20065698965928536,0.5561484703992372,0.08639400442396539,0.18180696790262574,0.3813632163984473,5.828104993597951,3.05384634434626
job_placements,per_head,as_printed,2017,population,post,24,4.0799051146241725,0.2990623116507585,0.14675525673645368,0.1727985089903993,0.5343261928129687,0.07661079310298136,0.15869288641248558,0.32514442241089436,5.815041401971523,3.0848188050930463
job_placements,per_head,as_printed,2018,population,post,24,4.7109850898990056,0.29566414370761734,0.14144209190049326,0.16438329785310507,0.5221643304559035,0.07364844670691895,0.15158323677516572,0.30499984585864137,5.738586866526994,3.322493992747871
job_placements,per_head,as_printed,2019,population,post,24,4.412657102035137,0.31637486153525846,0.1622360417474128,0.1874057996709525,0.564053805065286,0.08390036153937008,0.17089278332548297,0.33322049054462066,5.916281298210466,3.4552296615665195
job_placements,per_head,as_printed,2020,population,post,24,3.1982303634288876,0.2962160617829948,0.14331282139001741,0.15872285221802906,0.5434805731860172,0.07275646170124206,0.14676720221921835,0.28864642339057855,5.147199713319089,3.095104279881549
job_placements,per_head,as_printed,2021,population,post,24,2.92779188623105,0.30924094729658197,0.15531605880620986,0.16139187405016184,0.5836677580699884,0.07637100121640261,0.14904146280871278,0.2764592657287499,5.2861327249821235,2.7744070203165565
job_placements,per_head,as_printed,2022,population,post,24,3.7487063711966804,0.30497653143035214,0.15034399772116155,0.15659336444943497,0.5726057636967603,0.07407615794965006,0.144948317453494,0.2713144429081559,3.847720430780902,2.6143569525237744
job_placements,per_head,as_printed,2023,population,post,24,4.3388554233933165,0.27722372503830556,0.12871825135037374,0.13258131630444972,0.5351106778584446,0.0632395946845542,0.12416828818764902,0.23671064822606036,3.4263976177604896,2.524153266644728
job_placements,per_head,as_printed,2005,unweighted,pre,24,10.99130222413884,0.30150048854386474,0.14213031194256331,0.14572892275275395,0.5506435098133128,0.06986894661587906,0.13560801157072655,0.24727257805934189,4.623463935700847,3.2405987710626984
job_placements,per_head,as_printed,2006,unweighted,pre,24,11.33700657849564,0.2956320591960444,0.13631261480614276,0.13996086715196793,0.536448508683013,0.06718048476576588,0.13060774347181525,0.23838774019819642,4.228778494113495,3.4740747328873964
job_placements,per_head,as_printed,2007,unweighted,pre,24,11.454441060919478,0.307553279771487,0.1494140266714403,0.15429065131936776,0.560097584345919,0.07371774445922008,0.14297711002562075,0.25763503845980185,4.691101259811588,3.614274845986331
job_placements,per_head,as_printed,2008,unweighted,pre,24,12.248932529269434,0.2761472632797738,0.11872640780319443,0.12457619787865497,0.49414332354123847,0.059296854888289396,0.11712901409295495,0.2213687234255276,4.318989972463241,2.9073796626338155
job_placements,per_head,as_printed,2009,unweighted,pre,24,11.741243958399103,0.26745922222421104,0.11070928940253083,0.11661556544280136,0.47462329301587153,0.055509297935846025,0.11007275380247372,0.209404533269408,3.9394712756686885,2.8553962271376943
job_placements,per_head,as_printed,2010,unweighted,pre,24,11.115332555331818,0.24663673637075784,0.09572883495398485,0.1016407143117192,0.4399566366740194,0.048259914588629105,0.09664594444580366,0.1895591460958317,3.7048494145011226,2.3680197522093236
job_placements,per_head,as_printed,2011,unweighted,post,24,4.1217718493781765,0.34968069661995804,0.21036766754517314,0.25521737569559233,0.6657377669846476,0.10875528592118489,0.2252519317447641,0.4638030956270326,6.183142540789341,4.0862600727376455
job_placements,per_head,as_printed,2012,unweighted,post,24,4.635238109837705,0.29926196960237855,0.14811321427820187,0.18202434957924624,0.5400884387545271,0.0780935784906912,0.1664189571790431,0.3798647339126916,4.5503654978868795,2.994981290576095
job_placements,per_head,as_printed,2013,unweighted,post,24,4.942870435745115,0.2766869525877081,0.12308002347884722,0.1289071978997846,0.5116434338588871,0.06111348636954872,0.12094446003929982,0.2349600908140278,3.097512370785904,2.8707792261515714
job_placements,per_head,as_printed,2014,unweighted,post,24,5.094820301862048,0.27085718320685015,0.11565489061290248,0.1178923527849896,0.4929802454505836,0.05703578421512612,0.11120827658107246,0.205228441387021,3.6450366788042268,3.405243699595841
job_placements,per_head,as_printed,2015,unweighted,post,24,4.7173666587615966,0.299861360042513,0.14372901340446373,0.15511574749833795,0.5459224534164041,0.07222496009414425,0.14368394469403611,0.2744693233462169,4.240563285172581,3.447978154585739
job_placements,per_head,as_printed,2016,unweighted,post,24,4.044539463899413,0.34811566017761364,0.19780756921490397,0.22037612328882256,0.649011879833957,0.09932477168456288,0.19778299128861232,0.3799540604257443,5.828104993597951,3.2549346292578845
job_placements,per_head,as_printed,2017,unweighted,post,24,4.0799051146241725,0.3485665295743766,0.19560853240551906,0.2114274589231918,0.6500146065388389,0.09712929764477174,0.19057200429850518,0.35285089945748793,5.896096385542169,3.3047233429353238
job_placements,per_head,as_printed,2018,unweighted,post,24,4.7109850898990056,0.33466465423570374,0.1770094271398511,0.19683424572179664,0.6010967891894083,0.08965523895595551,0.1786732395451337,0.33616184059614596,6.280748027240298,3.4031887503106852
job_placements,per_head,as_printed,2019,unweighted,post,24,4.412657102035137,0.3624098924519075,0.20770967363892875,0.2278725105279714,0.6586965793378278,0.10398103237507317,0.2037742362327869,0.3680143321628364,6.611982204310587,4.105042425916621
job_placements,per_head,as_printed,2020,unweighted,post,24,3.1982303634288876,0.33133392166362635,0.18108882508358115,0.187208985015,0.6410185368926973,0.08821647898541574,0.17072958681467965,0.3120347603717112,5.011914976467423,3.6099863941117656
job_placements,per_head,as_printed,2021,unweighted,post,24,2.92779188623105,0.3483231530103088,0.20440052307971204,0.19687944757843492,0.7071234519905719,0.09593068775416758,0.17871036420055486,0.30597399386205637,5.210310132621486,3.2963450489288175
job_placements,per_head,as_printed,2022,unweighted,post,24,3.7487063711966804,0.3393046055493558,0.19335303795595737,0.1861871440863314,0.6842317953691152,0.09093506543226781,0.16988177127301374,0.29400222646951957,3.847720430780902,2.8107859923160037
job_placements,per_head,as_printed,2023,unweighted,post,24,4.3388554233933165,0.32475094141509797,0.18139414434202591,0.17112889966130548,0.6712369516458142,0.08455370263508888,0.15728705894225048,0.27279580009679805,3.552571738961744,2.668251759206282
job_placements,per_head,constant,2005,population,pre,23,11.163387957911477,0.28976509958619057,0.13070012469228343,0.1375878885244836,0.519856008355415,0.06521697369451573,0.1285422445049612,0.24087134885770478,4.6874938375541335,2.6791811124964804
job_placements,per_head,constant,2006,population,pre,23,11.510679433269434,0.28178889948373337,0.12355579963849253,0.13131872088532034,0.5011380109738485,0.062057609678947134,0.12306176868415497,0.23280440703245198,4.27782719811569,3.0807446161711525
job_placements,per_head,constant,2007,population,pre,23,11.62252523553355,0.2893149074795281,0.1312651805840804,0.13988410542108765,0.5157700156952844,0.06595162934142174,0.13054100485593623,0.24471945127894446,4.659865490103722,3.321874832563949
job_placements,per_head,constant,2008,population,pre,23,12.41301869796473,0.25878086234140385,0.10435762398064007,0.11236360501205857,0.45619153151649866,0.05291767865910868,0.10628076237966233,0.20756869752312956,4.012929896581578,2.641034566264688
job_placements,per_head,constant,2009,population,pre,23,11.835018355910682,0.24262347655501187,0.09208663417741411,0.10025979843618264,0.42439029824344265,0.04708137682111335,0.09539762677678654,0.18958927569067852,3.677594923706475,2.8479457532835375
job_placements,per_head,constant,2010,population,pre,23,11.209763322144946,0.23266630328329801,0.08536272273850758,0.0918323241107709,0.41222104231900836,0.04338626892417741,0.08774189959016088,0.175963764467429,3.580230478103315,2.1575243223284
job_placements,per_head,constant,2011,population,post,23,4.151160390604522,0.2936311122883078,0.15707147907594426,0.21650497410302824,0.5403397093847073,0.0868408726918466,0.19467147087436654,0.46353349632754115,6.183142540789341,2.238838117086224
job_placements,per_head,constant,2012,population,post,23,4.6484608018091,0.27269083567748703,0.1289554615412382,0.17572325836712768,0.4818617358254734,0.07146229623423661,0.16114990403672924,0.40562116167386264,4.5503654978868795,2.5918361024390064
job_placements,per_head,constant,2013,population,post,23,4.98485317167491,0.23707335987118494,0.09262994612283135,0.10497208432578328,0.4240880907174228,0.04804551772519361,0.09965034389686467,0.21300418137092292,2.9270829888885883,2.3539545968214917
job_placements,per_head,constant,2014,population,post,23,5.136068993636929,0.24631072017677927,0.0980739099952476,0.10567635744452186,0.4400496039673826,0.049846505487792236,0.10028421272253651,0.19633174493730943,3.563177515329525,2.3779982391719816
job_placements,per_head,constant,2015,population,post,23,4.780957483464711,0.2700935241388611,0.12165458594419457,0.13870541866779373,0.4843440451834722,0.06309346430716789,0.12951558084769987,0.26148721324698365,4.240563285172581,3.2876990195578673
job_placements,per_head,constant,2016,population,post,23,4.067488933286499,0.3088959141771655,0.15919539341213476,0.19627231355183636,0.5503041450982548,0.08446477024720789,0.17821157991783487,0.3773144785665494,5.828104993597951,3.05384634434626
job_placements,per_head,constant,2017,population,post,23,4.113917013469573,0.296737596066036,0.14507638090818797,0.1706894398553915,0.5317972436149874,0.07570746662332484,0.15691663909037545,0.32270064163335854,5.815041401971523,3.0848188050930463
job_placements,per_head,constant,2018,population,post,23,4.770251155227821,0.29261810170827535,0.13915702025158735,0.16126840155880262,0.518902331270353,0.0723662077531606,0.1489363863511899,0.30081794774430237,5.738586866526994,3.322493992747871
job_placements,per_head,constant,2019,population,post,23,4.5002470262881955,0.31126615338020747,0.15707489041668515,0.1785319511425604,0.5584990303658303,0.08067479831744695,0.16350267059501533,0.3187822721858904,5.916281298210466,3.4050347674330577
job_placements,per_head,constant,2020,population,post,23,3.2427061996626585,0.29506039623860314,0.1420747491614575,0.15691897777722053,0.5419033974935623,0.07203746250692711,0.14522668835417996,0.2859565317388293,5.147199713319089,3.095104279881549
job_placements,per_head,constant,2021,population,post,23,2.946454556096189,0.30857151463697463,0.1550326881344803,0.16105016131607022,0.5832644707545576,0.07622149083510066,0.1487506297525214,0.27602698119370794,5.2861327249821235,2.7744070203165565
job_placements,per_head,constant,2022,population,post,23,3.795944204197105,0.30324272866649754,0.1494914484798667,0.15540994235866826,0.5715270804917804,0.07359311462538054,0.14393583142261845,0.26955734098774264,3.847720430780902,2.6143569525237744
job_placements,per_head,constant,2023,population,post,23,4.394495557613962,0.2749072719659085,0.12731826550059108,0.13072257754885913,0.5331217448212073,0.06245951908088476,0.1225388319439279,0.23380204791797998,3.4263976177604896,2.524153266644728
job_placements,per_head,constant,2005,unweighted,pre,23,11.163387957911477,0.3013651578576076,0.14171135890647893,0.1465330408866698,0.5475197861834146,0.06995215975413183,0.13630280545781404,0.25007605644759134,4.623463935700847,3.2405987710626984
job_placements,per_head,constant,2006,unweighted,pre,23,11.510679433269434,0.2961924530266745,0.13664628903091752,0.1418981658576588,0.5342903123252356,0.06770713287086982,0.1322903855487021,0.2432478896045277,4.228778494113495,3.4740747328873964
job_placements,per_head,constant,2007,unweighted,pre,23,11.62252523553355,0.3089207087945719,0.1507649267137166,0.15764702252242863,0.5593877602148413,0.07481760613160371,0.14584877509109895,0.2644866408537364,4.691101259811588,3.614274845986331
job_placements,per_head,constant,2008,unweighted,pre,23,12.41301869796473,0.2771877467997802,0.119659945253318,0.1269701309705712,0.49356727568191533,0.06007638801813242,0.1192400203499766,0.22690325636395836,4.318989972463241,2.9073796626338155
job_placements,per_head,constant,2009,unweighted,pre,23,11.835018355910682,0.26976240100795046,0.11266641480885065,0.11943818178723495,0.4774648496145321,0.056647360627344545,0.11258113522835234,0.21466717207728314,3.9394712756686885,2.8553962271376943
job_placements,per_head,constant,2010,unweighted,pre,23,11.209763322144946,0.24999258313817524,0.09807686831259357,0.10499934735487997,0.44361982532517585,0.04962663223187813,0.09967488982113626,0.19602363137048762,3.7048494145011226,2.3680197522093236
job_placements,per_head,constant,2011,unweighted,post,23,4.151160390604522,0.3558645021488632,0.21731970662406774,0.2656308604871464,0.6743505041955148,0.11264055479304269,0.23327789730737425,0.47577303917440705,6.183142540789341,4.0862600727376455
job_placements,per_head,constant,2012,unweighted,post,23,4.6484608018091,0.3038107926869625,0.15276194270264415,0.18852343430701454,0.5477723743557004,0.0806411149565277,0.17181890463881677,0.389510145559291,4.5503654978868795,2.994981290576095
job_placements,per_head,constant,2013,unweighted,post,23,4.98485317167491,0.27292030944427403,0.12056503862380508,0.1263316362804268,0.5069576492759913,0.059867139561123106,0.11867748020934299,0.23246763225267386,3.097512370785904,2.5131229658502865
job_placements,per_head,constant,2014,unweighted,post,23,5.136068993636929,0.26541726107096036,0.11253595551499751,0.11445552111804541,0.48696756486270215,0.05545077138062182,0.10814839390175979,0.2003483208468292,3.6450366788042268,3.405243699595841
job_placements,per_head,constant,2015,unweighted,post,23,4.780957483464711,0.29890320786242164,0.1439283048053178,0.1567647700958573,0.5442288975176769,0.07262941642995091,0.14509486557991869,0.27901543019031105,4.240563285172581,3.447978154585739
job_placements,per_head,constant,2016,unweighted,post,23,4.067488933286499,0.35143023206798485,0.2008316635988786,0.22505180640350894,0.6530766088985572,0.10104173609299505,0.20152514842250868,0.38723382377652016,5.828104993597951,3.2549346292578845
job_placements,per_head,constant,2017,unweighted,post,23,4.113917013469573,0.3523300214239524,0.19980187846070546,0.21756370994085267,0.6550430078212006,0.09949003981080873,0.1955236498535594,0.36163322427133127,5.896096385542169,3.3047233429353238
job_placements,per_head,constant,2018,unweighted,post,23,4.770251155227821,0.3351939933770977,0.17808132926831372,0.1999472764956093,0.6005809840616699,0.09058176428166342,0.1812260794296029,0.3425716398112245,6.280748027240298,3.4031887503106852
job_placements,per_head,constant,2019,unweighted,post,23,4.5002470262881955,0.35690165160072695,0.20206392432079684,0.22192800767348167,0.6485223371942933,0.10130134977326632,0.1990269738293382,0.36230529228559705,6.611982204310587,4.007895816181957
job_placements,per_head,constant,2020,unweighted,post,23,3.2427061996626585,0.3328030224276596,0.1825886253692739,0.1906492626660742,0.6410004219778992,0.08933659828536511,0.17357760548738432,0.3187745278340798,5.011914976467423,3.6099863941117656
job_placements,per_head,constant,2021,unweighted,post,23,2.946454556096189,0.35478386417337254,0.21114684617109863,0.20457517292552013,0.7167475684005866,0.0992912111400448,0.18500652582903365,0.31557045595232036,5.210310132621486,3.2963450489288175
job_placements,per_head,constant,2022,unweighted,post,23,3.795944204197105,0.342732899974301,0.19634201599294177,0.1907868065011936,0.6866871179505328,0.09269877231856427,0.1736912669760564,0.3014227294292158,3.847720430780902,2.8107859923160037
job_placements,per_head,constant,2023,unweighted,post,23,4.394495557613962,0.32747067326065277,0.18342982343595277,0.17432283956647934,0.6727571037928944,0.08577210021525872,0.15997433964230068,0.2784124557217035,3.552571738961744,2.668251759206282
job_placements,share_of_national,as_printed,2005,population,pre,24,0.041666666666666664,0.3878787535675113,0.25989899224332236,0.31282249340863044,0.7072011810731799,0.13466664576048293,0.26862027423069035,0.4824218826362172,7.031101739588825,6.235703630034809
job_placements,share_of_national,as_printed,2006,population,pre,24,0.041666666666666664,0.38645069952160993,0.25701037254047765,0.3084804864714107,0.7035712053362596,0.13309478161289257,0.26543771403851346,0.4763896281067307,6.706861755802219,5.521720613287905
job_placements,share_of_national,as_printed,2007,population,pre,24,0.041666666666666664,0.3945876701230311,0.2630754438506249,0.3158260554080526,0.7147354436583571,0.13598382137430898,0.2708137228536973,0.4844424706494468,8.44638403990025,5.418167266906763
job_placements,share_of_national,as_printed,2008,population,pre,24,0.041666666666666664,0.37485063831920534,0.23930512375240687,0.2848545823985706,0.6805567924496272,0.12375301891080792,0.24787638161997638,0.4562136695470783,6.405192396847473,4.890986818667616
job_placements,share_of_national,as_printed,2009,population,pre,24,0.041666666666666664,0.371057106309156,0.23395532500063454,0.2822985349504684,0.6693040301036428,0.12181812323572916,0.24595145891569625,0.4584828966068131,6.617213504517356,4.709937018894332
job_placements,share_of_national,as_printed,2010,population,pre,24,0.041666666666666664,0.3551541661492911,0.21116185961064643,0.25026324309693193,0.6382514516658687,0.10948148884993414,0.22140420387674054,0.4225309277453888,5.750996898537881,4.630223880597015
job_placements,share_of_national,as_printed,2011,population,post,24,0.041666666666666664,0.4082294159388319,0.2776893681063486,0.3829918960171673,0.7305074746920087,0.14983913241263536,0.31818157529158964,0.6233927514016656,14.80050505050505,4.134709931170108
job_placements,share_of_national,as_printed,2012,population,post,24,0.041666666666666664,0.4083767650686961,0.2722787392397978,0.352108142639484,0.7342089405361284,0.14340182464280204,0.29679592848012326,0.5755527828064176,10.927140255009109,4.810193321616872
job_placements,share_of_national,as_printed,2013,population,post,24,0.041666666666666664,0.3814559532346715,0.2375381275988523,0.28992181008866447,0.6886789908599207,0.12343753104005672,0.2516779234720554,0.4820291219220988,6.2523560209424085,4.244370308590492
job_placements,share_of_national,as_printed,2014,population,post,24,0.041666666666666664,0.39782091737520936,0.25787295893147083,0.3039019718854693,0.7240437623616525,0.1318059558104121,0.26206679889452755,0.47718505522055277,7.402360515021458,4.951742627345845
job_placements,share_of_national,as_printed,2015,population,post,24,0.041666666666666664,0.40326552108318087,0.2626293159569928,0.3173658921872506,0.7271563584886829,0.13549602626579493,0.27193568665987655,0.49556240114631034,8.675213675213675,5.125
job_placements,share_of_national,as_printed,2016,population,post,24,0.041666666666666664,0.41836525233729693,0.29503122565209383,0.3914164166806366,0.7449679238661779,0.15763598520351374,0.3239014413051525,0.5875356451348889,12.0920245398773,6.38282208588957
job_placements,share_of_national,as_printed,2017,population,post,24,0.041666666666666664,0.3989227592358705,0.26409983589356634,0.34525406028858946,0.7090345375091168,0.14077236504623236,0.2919595543449037,0.5548785427370926,11.303030303030303,5.644444444444445
job_placements,share_of_national,as_printed,2018,population,post,24,0.041666666666666664,0.4103984548651466,0.274763739366089,0.3407671201696103,0.7355152998933389,0.14310095339275553,0.28877548123271923,0.526724973779046,9.356936416184972,5.964705882352941
job_placements,share_of_national,as_printed,2019,population,post,24,0.041666666666666664,0.40299734420276084,0.27232888672323696,0.34979699036935974,0.713453700809645,0.14472847575785885,0.2951688372903697,0.5303119201156494,9.950998185117967,7.972519083969466
job_placements,share_of_national,as_printed,2020,population,post,24,0.041666666666666664,0.42111729036098583,0.29188349380676326,0.3483190357521544,0.7810082587416821,0.14863411004329374,0.29412635864078773,0.5233233616441051,8.490364025695932,5.32370820668693
job_placements,share_of_national,as_printed,2021,population,post,24,0.041666666666666664,0.42570531520733706,0.30352178141320946,0.3555849635508349,0.8137479334467289,0.15253050705855686,0.2992365977573155,0.5281489689454277,8.48820754716981,4.530211480362539
job_placements,share_of_national,as_printed,2022,population,post,24,0.041666666666666664,0.4154273955079632,0.28038562150484064,0.3321548977554103,0.7576768717516453,0.14308308580768214,0.2826238057143967,0.4980736331316825,8.075286415711949,5.725848563968669
job_placements,share_of_national,as_printed,2023,population,post,24,0.041666666666666664,0.3882874202215636,0.24478336754917077,0.28811305117136876,0.6986484597677806,0.12573367585990092,0.2503231643962003,0.4488673199958785,8.135135135135135,5.289334741288279
job_placements,share_of_national,as_printed,2001,unweighted,pre,24,0.041666666666666664,0.4442082653097703,0.32577360643627895,0.3825155080318695,0.8453334342481301,0.16237316276789704,0.31785668780580056,0.5851728196796179,10.03584672435105,5.655849056603773
job_placements,share_of_national,as_printed,2002,unweighted,pre,24,0.041666666666666664,0.4308499757198954,0.307158476212279,0.32359865902557006,0.840130890020799,0.14759759225756997,0.2764594294067173,0.4661706910426735,7.5989628349178915,6.119462025316456
job_placements,share_of_national,as_printed,2003,unweighted,pre,24,0.041666666666666664,0.4157217974275223,0.28861503676470657,0.300561518134861,0.8141173568215633,0.13841497067785102,0.25959764541472596,0.4442921679676525,7.899209486166008,4.9673852957435045
job_placements,share_of_national,as_printed,2004,unweighted,pre,24,0.041666666666666664,0.4146742137622847,0.2874043184100074,0.2968579876518557,0.8121376934741447,0.1375519549051729,0.2568504587200626,0.4323265473906933,8.99856424982053,4.436469014712438
job_placements,share_of_national,as_printed,2005,unweighted,pre,24,0.041666666666666664,0.44418520824918095,0.3369392919132074,0.3603389121205743,0.8700920027092307,0.16247806197449322,0.30256008482858954,0.4993583278027133,8.830985915492958,5.877174486030575
job_placements,share_of_national,as_printed,2006,unweighted,pre,24,0.041666666666666664,0.44046509302941383,0.330806318810394,0.3519993446946751,0.8623582062849068,0.15940458961141069,0.29671941716029904,0.4885288189822826,9.74812030075188,5.851160443995963
job_placements,share_of_national,as_printed,2007,unweighted,pre,24,0.041666666666666664,0.44553216881268115,0.33527776099860473,0.3574814231937711,0.8705313217964693,0.16148333147019112,0.3005643078966347,0.49404566911481607,9.461914744933612,6.91645885286783
job_placements,share_of_national,as_printed,2008,unweighted,pre,24,0.041666666666666664,0.42512702646322553,0.3043627341999193,0.3262038704589819,0.8249638253636166,0.14754618491804872,0.2783419523239067,0.47653814913058445,8.305505142165758,5.97913769123783
job_placements,share_of_national,as_printed,2009,unweighted,pre,24,0.041666666666666664,0.42603637917957227,0.30309049456299864,0.3293427095720458,0.8181289660773781,0.14791203953097387,0.28060356954706456,0.4822296957914727,8.268427518427519,5.56300523062292
job_placements,share_of_national,as_printed,2010,unweighted,pre,24,0.041666666666666664,0.4059638014060277,0.2738473993041829,0.2972571438500953,0.7768035434549901,0.1340929481058999,0.25714703227215985,0.45751308904923416,6.664339419978518,4.6814355338945495
job_placements,share_of_national,as_printed,2011,unweighted,post,24,0.041666666666666664,0.4560146829922604,0.3482929412737873,0.45738856732106337,0.8572617950813018,0.18105082114192084,0.3670656453316903,0.6538299079739636,18.94144144144144,8.737373737373739
job_placements,share_of_national,as_printed,2012,unweighted,post,24,0.041666666666666664,0.45123237576819586,0.33500832106152434,0.4017002826044032,0.8598046215596811,0.16816872740439637,0.3308187190924049,0.5914108418450769,18.61904761904762,6.806678383128295
job_placements,share_of_national,as_printed,2013,unweighted,post,24,0.041666666666666664,0.43608484483796095,0.30973383781035946,0.35665035470290113,0.8233549549800798,0.15444130245370746,0.29998278732329564,0.5231919284735329,10.758985200845665,5.426470588235294
job_placements,share_of_national,as_printed,2014,unweighted,post,24,0.041666666666666664,0.44651996183288867,0.33100864982370315,0.36208348778085264,0.8695171130733828,0.16072220024149253,0.30377576080141744,0.5172004151942122,9.391525423728813,5.179184549356222
job_placements,share_of_national,as_printed,2015,unweighted,post,24,0.041666666666666664,0.44912022489495673,0.3272771652531394,0.358923335422784,0.8588757781333901,0.15970639008923315,0.3015721060216565,0.49871392403903736,9.761904761904763,6.517915309446254
job_placements,share_of_national,as_printed,2016,unweighted,post,24,0.041666666666666664,0.48483791616120775,0.389743762668047,0.4543323255343702,0.9208670494617456,0.19313119867361828,0.36512828589729995,0.5881397573375658,16.67307692307692,8.651685393258427
job_placements,share_of_national,as_printed,2017,unweighted,post,24,0.041666666666666664,0.465222548841954,0.3533193251244747,0.43060817764077297,0.8646896397599957,0.17918003865583465,0.34988641008243315,0.5958487811314325,12.87887323943662,6.7897727272727275
job_placements,share_of_national,as_printed,2018,unweighted,post,24,0.041666666666666664,0.45609844876242517,0.3400141593055974,0.37655199001244694,0.8756175524049656,0.16592570478596336,0.3137765600058513,0.5253777896720839,10.270718232044198,5.222371967654986
job_placements,share_of_national,as_printed,2019,unweighted,post,24,0.041666666666666664,0.4581882867554547,0.3433611559985616,0.380311420195967,0.8642601302375855,0.1684773575177203,0.3163515258838493,0.509310949945381,10.381709741550695,7.308797127468582
job_placements,share_of_national,as_printed,2020,unweighted,post,24,0.041666666666666664,0.4622551535369087,0.3541979153383533,0.3827395595292423,0.9141663076847337,0.17032854646441908,0.3180095059161181,0.5223177646730871,8.936224489795917,6.715203426124197
job_placements,share_of_national,as_printed,2021,unweighted,post,24,0.041666666666666664,0.47281841514276557,0.37505748474123113,0.4068618217030422,0.9507156526289998,0.1798546805226099,0.33426382576293767,0.5388957851274303,10.486013986013987,6.697619047619048
job_placements,share_of_national,as_printed,2022,unweighted,post,24,0.041666666666666664,0.4600486588607456,0.35005039667745297,0.3701906720502664,0.901841179816909,0.16758477325683685,0.309397360538345,0.49396342217140665,9.331914893617022,5.788870703764322
job_placements,share_of_national,as_printed,2023,unweighted,post,24,0.041666666666666664,0.4261287261801217,0.29860230115474173,0.3113268966616835,0.821714189065329,0.14373628895672141,0.26752560670549874,0.43423240069240754,8.066022544283413,5.8139904610492845
job_placements,share_of_national,constant,2005,population,pre,23,0.043478260869565216,0.37143368463778903,0.23512936785837715,0.28824771244369374,0.6678528190951523,0.12322787848951233,0.250424110035829,0.4697134260551389,7.031101739588825,6.235703630034809
job_placements,share_of_national,constant,2006,population,pre,23,0.043478260869565216,0.3710071732557343,0.2328274419351342,0.2857478013516822,0.6638349518131037,0.12216697885819605,0.2485478927431185,0.46585036431394344,6.706861755802219,5.521720613287905
job_placements,share_of_national,constant,2007,population,pre,23,0.04347826086956521,0.37856840998722313,0.23916437959939657,0.29502706556499547,0.6741442647827264,0.1255449033518624,0.25548856342946435,0.47706510926347834,8.44638403990025,5.418167266906763
job_placements,share_of_national,constant,2008,population,pre,23,0.043478260869565216,0.3586800239196134,0.21692089992812638,0.266156051861828,0.6397189199028602,0.11408732038382086,0.23368046742005777,0.44957366475542837,6.405192396847473,4.511666118961551
job_placements,share_of_national,constant,2009,population,pre,23,0.043478260869565216,0.3540406412557204,0.21439151629432457,0.2690467303857331,0.6293887934205185,0.11400911704855954,0.23589245222656563,0.4582420308023418,6.617213504517356,4.709937018894332
job_placements,share_of_national,constant,2010,population,pre,23,0.043478260869565216,0.33864253050401744,0.19332087921463129,0.2390962628687545,0.5990395234547069,0.10250951841722722,0.21266091279460164,0.42371547468188664,5.750996898537881,4.630223880597015
job_placements,share_of_national,constant,2011,population,post,23,0.04347826086956521,0.38893934935123714,0.2573448094422105,0.373063999458394,0.6884282229453699,0.14249229615477665,0.3113788399476285,0.6307506786263948,14.80050505050505,4.134709931170108
job_placements,share_of_national,constant,2012,population,post,23,0.04347826086956521,0.39216494857518663,0.2558585536846021,0.3472376375500371,0.6954870630182493,0.13816401790741561,0.29336261527317586,0.5856067048833528,10.927140255009109,4.810193321616872
job_placements,share_of_national,constant,2013,population,post,23,0.043478260869565216,0.3606411285381674,0.2173224496030057,0.2744440615218081,0.6478937558012683,0.1150686435891981,0.24000548400345023,0.4793690288529484,6.2523560209424085,3.858225928733889
job_placements,share_of_national,constant,2014,population,post,23,0.043478260869565216,0.37826479193760504,0.2364164248774309,0.2879063589202543,0.6816180958367931,0.1231065848747146,0.2501681959886082,0.47355350515452344,7.402360515021458,4.87335092348285
job_placements,share_of_national,constant,2015,population,post,23,0.043478260869565216,0.38100060813358555,0.23944151455446103,0.29992767126232023,0.6833180990141653,0.12599736704661413,0.2591281949337082,0.49270074556277377,8.675213675213675,5.125
job_placements,share_of_national,constant,2016,population,post,23,0.043478260869565216,0.3976114665416258,0.2750656163012597,0.38228979698612087,0.7037135095684398,0.1506126573052956,0.3177027031480898,0.5951271792470538,12.0920245398773,6.38282208588957
job_placements,share_of_national,constant,2017,population,post,23,0.043478260869565216,0.3774110722904234,0.24485530508150039,0.3356700145757865,0.6678877786680025,0.1338033997011564,0.2851410400631458,0.5617869966799551,11.303030303030303,5.644444444444445
job_placements,share_of_national,constant,2018,population,post,23,0.043478260869565216,0.38863967549895545,0.2523895731763617,0.3265139582810949,0.6912585203660904,0.13447608487710938,0.2785656950044887,0.5288130594083544,9.356936416184972,5.964705882352941
job_placements,share_of_national,constant,2019,population,post,23,0.043478260869565216,0.37923785512692637,0.24442841988329786,0.32177385806416475,0.6674795512142283,0.13195764886059524,0.27513790648644554,0.5165306965040599,9.950998185117967,6.862023653088042
job_placements,share_of_national,constant,2020,population,post,23,0.04347826086956523,0.39867608057657206,0.267125819071658,0.3317257779914784,0.7340205544031986,0.13901144162752788,0.2823158993516274,0.5235032959538819,8.490364025695932,5.32370820668693
job_placements,share_of_national,constant,2021,population,post,23,0.043478260869565216,0.40444903066237436,0.28347261391529044,0.34961361087993836,0.7671201959558356,0.14634814786744987,0.2950395738598549,0.5380399050190303,8.48820754716981,4.530211480362539
job_placements,share_of_national,constant,2022,population,post,23,0.043478260869565216,0.3945476280442762,0.25776785282842535,0.3191599215890195,0.7117656615644761,0.13470503801454958,0.27324068449213146,0.5008790590696439,8.075286415711949,5.725848563968669
job_placements,share_of_national,constant,2023,population,post,23,0.04347826086956521,0.36774364825193595,0.22575960894666652,0.2779047724073828,0.6565425851480982,0.1187697354488293,0.24263105949865083,0.45226384521788254,8.135135135135135,5.289334741288279
job_placements,share_of_national,constant,1995,unweighted,pre,23,0.04347826086956521,0.3918133854317583,0.2659841563494485,0.2576346499899232,0.8293262451267687,0.12330996925475435,0.22712244864770725,0.3814353445552453,6.061512884455528,3.6058651026392963
job_placements,share_of_national,constant,1996,unweighted,pre,23,0.043478260869565216,0.384449376187385,0.2550089991742605,0.24285557835824795,0.8114180776645797,0.1176792542376972,0.2156152122694368,0.35984776663407103,5.141421947449769,3.4358974358974357
job_placements,share_of_national,constant,1997,unweighted,pre,23,0.043478260869565216,0.4499872338151495,0.33843487977137865,0.36042169523973716,0.9030332266311756,0.16165519778736037,0.30261781869046867,0.5108683355613031,7.668393782383419,5.177345537757437
job_placements,share_of_national,constant,1998,unweighted,pre,23,0.043478260869565216,0.4085543390082365,0.27251249633653346,0.29246418021981757,0.7807113351598537,0.13301393326262267,0.25357801877167263,0.4366180563649461,6.111483654652137,4.44251968503937
job_placements,share_of_national,constant,1999,unweighted,pre,23,0.043478260869565216,0.4226425252768546,0.2949167731284955,0.3039414663406411,0.8353222778978633,0.14048036894348725,0.26209594258874747,0.44151185508021773,6.042190305206463,4.695141065830722
job_placements,share_of_national,constant,2000,unweighted,pre,23,0.043478260869565216,0.41072679096649156,0.2728111784227374,0.3066801956497706,0.7745098184172076,0.13539423773881132,0.2641140972070496,0.47822263795377595,7.81096196868009,5.08078231292517
job_placements,share_of_national,constant,2001,unweighted,pre,23,0.043478260869565216,0.43460334253669913,0.30977709256916725,0.3773023967875069,0.8126162529772061,0.15719945157161175,0.31429131356299433,0.5956587031757925,10.03584672435105,5.422575976845152
job_placements,share_of_national,constant,2002,unweighted,pre,23,0.043478260869565216,0.4222244499072601,0.29156091793128297,0.31652631186709657,0.8077294145624644,0.14230139609570658,0.27132416151427274,0.47108743737534775,7.5989628349178915,6.119462025316456
job_placements,share_of_national,constant,2003,unweighted,pre,23,0.04347826086956521,0.4104955917066221,0.2761155665326667,0.2975927511576451,0.784335511761994,0.13472848167049822,0.25739629732663794,0.45301648664946403,7.899209486166008,4.9673852957435045
job_placements,share_of_national,constant,2004,unweighted,pre,23,0.043478260869565216,0.4118925648023077,0.27714719900312773,0.29690832196281874,0.7844769022257168,0.13508025989100392,0.25688786369878036,0.44331076837992645,8.99856424982053,4.436469014712438
job_placements,share_of_national,constant,2005,unweighted,pre,23,0.043478260869565216,0.44025617459211697,0.32469098062033186,0.3603239215555552,0.8401765202968272,0.15949445853949962,0.3025496297318302,0.5109462563361169,8.830985915492958,5.877174486030575
job_placements,share_of_national,constant,2006,unweighted,pre,23,0.043478260869565216,0.4383027104219399,0.32016003879581195,0.3539241305688903,0.833901795147663,0.15722591291098564,0.2980717797700153,0.5014061939021914,9.74812030075188,5.851160443995963
job_placements,share_of_national,constant,2007,unweighted,pre,23,0.04347826086956521,0.44436742711391614,0.3265612072762255,0.3620502781945167,0.8438903974576126,0.16033607580207987,0.30375263909850714,0.5086036709306546,9.461914744933612,6.91645885286783
job_placements,share_of_national,constant,2008,unweighted,pre,23,0.043478260869565216,0.42433155218790647,0.29772401991963143,0.3315475959847884,0.80132821504354,0.14706296785088457,0.28218800956491275,0.4916873904226142,8.305505142165758,5.97913769123783
job_placements,share_of_national,constant,2009,unweighted,pre,23,0.043478260869565216,0.4272002260553247,0.3023262364669023,0.34077897823688036,0.8022217917758173,0.1501460721838047,0.2887839149309026,0.5007562087717924,8.268427518427519,5.56300523062292
job_placements,share_of_national,constant,2010,unweighted,pre,23,0.043478260869565216,0.4086726133210365,0.27440726993264003,0.30934608141154013,0.7629039949961428,0.1368146307398893,0.2660732723287488,0.4773867985895296,6.664339419978518,4.6814355338945495
job_placements,share_of_national,constant,2011,unweighted,post,23,0.04347826086956521,0.4581875746725634,0.35065237286843604,0.47836065653954163,0.8435800146735427,0.185523621596553,0.38020137775873875,0.6727873801149302,18.94144144144144,8.737373737373739
job_placements,share_of_national,constant,2012,unweighted,post,23,0.04347826086956521,0.4565043131362007,0.34218007065642153,0.4234824298634807,0.8541832159282816,0.17420530599342743,0.3452373201649591,0.6123261931816284,18.61904761904762,7.448154657293498
job_placements,share_of_national,constant,2013,unweighted,post,23,0.043478260869565216,0.43315605156245907,0.3070714828527127,0.36421447465666623,0.8080590977293716,0.15527032584138056,0.3052578258263634,0.537870181347198,10.758985200845665,5.827540106951871
job_placements,share_of_national,constant,2014,unweighted,post,23,0.043478260869565216,0.4453459790175174,0.32848365231365845,0.3697214162287576,0.8536653767849864,0.16167927058427178,0.3090732151818286,0.5314903608402259,9.391525423728813,5.179184549356222
job_placements,share_of_national,constant,2015,unweighted,post,23,0.043478260869565216,0.44632781669626764,0.32305410043215266,0.3667564281691757,0.838889007927577,0.16031241877294966,0.30702158548904235,0.513930931854081,9.761904761904763,6.517915309446254
job_placements,share_of_national,constant,2016,unweighted,post,23,0.043478260869565216,0.485448056400429,0.39337335310618604,0.47336317273152884,0.9106089623079673,0.19771080146340902,0.3770961915836698,0.6069119539257832,16.67307692307692,9.134831460674157
job_placements,share_of_national,constant,2017,unweighted,post,23,0.043478260869565216,0.46515707656470345,0.35609870920619285,0.44889926570103056,0.8535668142339656,0.18337896725708425,0.36166960277974414,0.614985536412846,12.87887323943662,7.0852272727272725
job_placements,share_of_national,constant,2018,unweighted,post,23,0.043478260869565216,0.45550224725862587,0.33891966826091735,0.38807817782773135,0.8596279226762844,0.16802215814442445,0.3216406914661013,0.5424811520305313,10.270718232044198,5.3382749326145555
job_placements,share_of_national,constant,2019,unweighted,post,23,0.043478260869565216,0.45048930368289336,0.3311972680777809,0.3760188493300624,0.8375113756985273,0.16470577448546608,0.3134106088297227,0.5133794789415156,10.381709741550695,7.308797127468582
job_placements,share_of_national,constant,2020,unweighted,post,23,0.04347826086956523,0.46131360801508403,0.35184738929859444,0.39386717820228595,0.8951137399162982,0.17207807940115805,0.3255563688928941,0.5393635113338946,8.936224489795917,6.715203426124197
job_placements,share_of_national,constant,2021,unweighted,post,23,0.043478260869565216,0.4765427818195948,0.38281324724399285,0.4297860847589593,0.942262804330361,0.18643550172693257,0.3493517365822649,0.5611317154640725,10.486013986013987,6.750000000000001
job_placements,share_of_national,constant,2022,unweighted,post,23,0.043478260869565216,0.46079831286658907,0.3503869299220998,0.38394980954065927,0.8859542023867764,0.17058856185540638,0.31883438566332367,0.5125910985306754,9.331914893617022,5.788870703764322
job_placements,share_of_national,constant,2023,unweighted,post,23,0.04347826086956521,0.42730016742241667,0.30039829346708147,0.3235773524626369,0.8103212388678717,0.14683944615417632,0.27644401307978095,0.4523516458147011,8.066022544283413,5.890302066772654
library_book_stock,per_head,as_printed,2005,population,pre,24,565.3349595468843,0.182998471529184,0.05481709861938038,0.0541976588427616,0.34128301141394063,0.026903748378542813,0.05275514332556608,0.10122028199601607,2.022830651417242,1.7748418541382875
library_book_stock,per_head,as_printed,2006,population,pre,24,600.4139082762043,0.18027666384674182,0.0530193844119337,0.05179547179446568,0.337786354750113,0.02587644760726515,0.05047694877009923,0.095851290806233,2.234360901954152,1.6701936519589857
library_book_stock,per_head,as_printed,2007,population,pre,24,647.9335133344836,0.1644886586489133,0.044508292209158286,0.042446199009862094,0.3117645707504195,0.021515191167933656,0.04155797073599188,0.07731021588573517,2.0882930929314685,1.6192341534315473
library_book_stock,per_head,as_printed,2008,population,pre,24,661.0180860830566,0.16193037065034274,0.04230122734043096,0.04054924435369636,0.3015624351680476,0.020527821007378044,0.03973812412838351,0.07398095624755074,2.1200438922880687,1.7064687011085626
library_book_stock,per_head,as_printed,2009,population,pre,24,698.9028365887266,0.16663278782045285,0.04631297947678051,0.04374621900759494,0.32016131398129616,0.02226679135816656,0.042803154983122926,0.07900986998102189,2.190085929567951,1.6433969991043864
library_book_stock,per_head,as_printed,2010,population,pre,24,748.0791664777003,0.1828417744169526,0.05533054169412961,0.05245048289687088,0.3503826019272845,0.026597470893807595,0.05109869326363958,0.09419930881038108,2.2741573168066567,1.6536901757855398
library_book_stock,per_head,as_printed,2011,population,post,24,778.7181571422261,0.1851842839856101,0.056953084911831625,0.053858703530216066,0.3562114420656405,0.02733410980772566,0.05243401522815305,0.09639455295752664,2.292063212644731,1.6364411890827366
library_book_stock,per_head,as_printed,2012,population,post,24,808.9245223503322,0.18538038859528352,0.05755355181473009,0.05411481439411321,0.3591233694574864,0.027541234358188338,0.052676666097023817,0.09631468648078911,2.205773384455422,1.6268867023742069
library_book_stock,per_head,as_printed,2013,population,post,24,789.0613059694823,0.1912972028467475,0.0592540149890982,0.05688494650205963,0.36029488940031373,0.028650437780883387,0.05529724552948134,0.10246312223314802,2.379074374640905,1.7648694457993825
library_book_stock,per_head,as_printed,2014,population,post,24,787.6314237533055,0.18528670297875469,0.05583668224166161,0.053960198471025726,0.34862783872916875,0.02709349445776632,0.052530183501312444,0.09853262752802316,2.3743628971357347,1.7017771726892186
library_book_stock,per_head,as_printed,2015,population,post,24,788.6889590766622,0.17558031722461015,0.05146796805020066,0.048977515888183304,0.3375844490913237,0.02479671838347053,0.04779746111382255,0.08885885077414624,2.4447967095529344,1.67516055038431
library_book_stock,per_head,as_printed,2016,population,post,24,798.7129005455892,0.17639232654518522,0.05224533369845182,0.04912827461501085,0.3415754378053128,0.025029692148958005,0.04794100313588878,0.08792247493557592,2.3293663197568275,1.586106580401769
library_book_stock,per_head,as_printed,2017,population,post,24,787.3986799375301,0.1907998171790118,0.06149725974733302,0.057325155049367804,0.3742135122478081,0.029269249101547823,0.0557130202361622,0.10100426144742669,2.3582829215927203,1.6558892514431585
library_book_stock,per_head,as_printed,2018,population,post,24,808.8426433515124,0.1914921962380938,0.06209982902243163,0.05775909567252361,0.37626059246822813,0.02952451653550292,0.05612269582272911,0.10142448415497396,2.355191096850009,1.6489463345726776
library_book_stock,per_head,as_printed,2019,population,post,24,827.8901301084574,0.18368130796602594,0.057766727290308205,0.05377051374154209,0.36197882502181206,0.027503650790516865,0.05235044589927362,0.09479616322783802,2.189922328206417,1.6469890536801737
library_book_stock,per_head,as_printed,2020,population,post,24,829.353062668964,0.18453967362529117,0.05842337440841919,0.054303026887661664,0.3644076797918346,0.027792097400965554,0.052854947405982844,0.09556565166849806,2.188440856556247,1.6408657110695126
library_book_stock,per_head,as_printed,2021,population,post,24,858.0750693280979,0.18690681798021952,0.06033924597112299,0.055843673769512985,0.3715503600536154,0.02862851026232538,0.05431303998661907,0.09779629775915133,2.1899957660409575,1.650760208737018
library_book_stock,per_head,as_printed,2022,population,post,24,878.7315040287598,0.1886901947713756,0.061748053279574576,0.057002689129381064,0.37664809693912116,0.029249748817211207,0.05540847076572608,0.09951553026719195,2.182176715810291,1.6592469262099978
library_book_stock,per_head,as_printed,2023,population,post,24,803.9327269412411,0.2127326974182894,0.07727383200156873,0.07150493114541259,0.42429412186160814,0.03650848670428952,0.06900831327184287,0.12362658027333329,2.8004962059401777,1.8603646893374328
library_book_stock,per_head,as_printed,2005,unweighted,pre,24,565.3349595468843,0.20823530400717533,0.0697944457910959,0.07037194621956631,0.38353709665803615,0.03447280914078277,0.06795291596296749,0.1312043020220971,2.3759351047563233,1.8234417446008622
library_book_stock,per_head,as_printed,2006,unweighted,pre,24,600.4139082762043,0.20132604307946908,0.06642030201792432,0.06524963918186136,0.37938892726504775,0.032399398450102534,0.06316643618104201,0.11983935364806986,2.2196068686942927,1.744278879184873
library_book_stock,per_head,as_printed,2007,unweighted,pre,24,647.9335133344836,0.188969367630378,0.05885227464184878,0.05647063055482795,0.3594932276315472,0.028442907334760514,0.05490575901895978,0.10194643782553137,2.256204577834198,1.9571408923389086
library_book_stock,per_head,as_printed,2008,unweighted,pre,24,661.0180860830566,0.18231710732256937,0.05203068574613024,0.05122488893104559,0.33092706559205454,0.02553672283614139,0.04993501259359945,0.09446889147158899,2.179789581404285,1.9548072143485127
library_book_stock,per_head,as_printed,2009,unweighted,pre,24,698.9028365887266,0.19458430913693456,0.0624661124345537,0.059847010597716514,0.370914347704462,0.03014743418024879,0.0580913754007486,0.10740213264308218,2.332342455662329,2.106942090385977
library_book_stock,per_head,as_printed,2010,unweighted,pre,24,748.0791664777003,0.20877701518337138,0.07017228720732221,0.06801511425176839,0.390945880437122,0.03402242438224268,0.06575364696409125,0.12184808156098825,2.369669855456686,2.0814027746867514
library_book_stock,per_head,as_printed,2011,unweighted,post,24,778.7181571422261,0.2123861738629786,0.07252293140069421,0.07035022569617652,0.3975204566549287,0.03516058484437867,0.06793267119261615,0.12573431539824853,2.4119388208066934,2.1228798656028682
library_book_stock,per_head,as_printed,2012,unweighted,post,24,808.9245223503322,0.21359885076667706,0.07307669738116766,0.07084090477291755,0.3988269590820571,0.035421631588053226,0.06838990494228447,0.12628373182744046,2.42550228728259,2.2213185807457476
library_book_stock,per_head,as_printed,2013,unweighted,post,24,789.0613059694823,0.21674428405722904,0.07430391168686304,0.07328199114354825,0.3992723410627382,0.03630674680036994,0.07066127221831742,0.13236467739474367,2.5531927706069113,2.2622548528103814
library_book_stock,per_head,as_printed,2014,unweighted,post,24,787.6314237533055,0.2090751084268891,0.06967623053625938,0.06926933002163155,0.3848813828795445,0.03420010994734235,0.0669246589686383,0.1270873566138182,2.4551026075909945,1.9813959959214154
library_book_stock,per_head,as_printed,2015,unweighted,post,24,788.6889590766622,0.20367247883735434,0.06765831406644296,0.06535316368430089,0.38521259842971667,0.03274431522204824,0.06326341638960442,0.1176133595281671,2.4217621454422043,2.0752926564460195
library_book_stock,per_head,as_printed,2016,unweighted,post,24,798.7129005455892,0.20817681763703508,0.06979636804774525,0.06771060099613585,0.38951587934103804,0.03386126428053737,0.06546911324561944,0.12134212662993149,2.349669582521893,2.1340099205929697
library_book_stock,per_head,as_printed,2017,unweighted,post,24,787.3986799375301,0.22588258991637059,0.08292364423884771,0.07993904838217315,0.42865504723048536,0.03998119223743524,0.07682738646384091,0.14072389935548457,2.5169532304498317,2.2034697587378957
library_book_stock,per_head,as_printed,2018,unweighted,post,24,808.8426433515124,0.22698407817640964,0.08336521851534143,0.08051995693533112,0.4289972459874086,0.040238085340246976,0.07736350959675187,0.14166635651516124,2.532313970553018,2.217463249210165
library_book_stock,per_head,as_printed,2019,unweighted,post,24,827.8901301084574,0.21854165225222,0.07722914779710215,0.07451154453255078,0.4123882497915201,0.037301823512456256,0.07180324160056129,0.1319052826586412,2.675737707027193,2.192403406637392
library_book_stock,per_head,as_printed,2020,unweighted,post,24,829.353062668964,0.22003976557840732,0.07825628705633884,0.07550230458548615,0.41520791528772655,0.03779105042782027,0.07272240645894701,0.13347771542344244,2.6834075817947514,2.211625220839151
library_book_stock,per_head,as_printed,2021,unweighted,post,24,858.0750693280979,0.2239699008382002,0.08123162443240128,0.07823963360181996,0.4237170664650186,0.03917303962545071,0.07525719945796971,0.13762965061901977,2.719186634034059,2.2628219447870177
library_book_stock,per_head,as_printed,2022,unweighted,post,24,878.7315040287598,0.22664429616461848,0.08332249161914876,0.08017828284815501,0.4295967878942953,0.0401464394719373,0.07704821475512635,0.14059000480975736,2.746934058752737,2.3009414357567106
library_book_stock,per_head,as_printed,2023,unweighted,post,24,803.9327269412411,0.25101072374252714,0.10232208425205191,0.0986507098068199,0.4794048627744366,0.049133635321938485,0.09394086967260806,0.1701817353105699,3.0935519280704833,2.366189593993373
library_book_stock,per_head,constant,2005,population,pre,23,578.1675130790853,0.18278972694005263,0.05445550282311576,0.05350625223962915,0.3407267810379635,0.026657206172367998,0.052099985512759184,0.09907287234862461,2.022830651417242,1.7748418541382875
library_book_stock,per_head,constant,2006,population,pre,23,612.1674597976895,0.1793861543780441,0.05229688145703282,0.05058861608090653,0.3364967546823904,0.025415877623463645,0.04933031968180568,0.09252613198465498,2.234360901954152,1.6701936519589857
library_book_stock,per_head,constant,2007,population,pre,23,659.1699992043025,0.16445537736545576,0.04450174146844896,0.04243662479605281,0.31175019340121,0.02151127427217503,0.04154879436315051,0.07728638795357401,2.0513387941264725,1.6192341534315473
library_book_stock,per_head,constant,2008,population,pre,23,672.1345216248861,0.16159099367388047,0.042215824927452766,0.040426826825260984,0.30136469756081447,0.020477226886212452,0.03962056404732617,0.07367975524917869,2.0841677310244804,1.7064687011085626
library_book_stock,per_head,constant,2009,population,pre,23,710.6136334159119,0.1665528207458226,0.04629331709836666,0.04371861850583069,0.3201175550467497,0.022255274033057715,0.04277673550531891,0.07894413149125312,2.190085929567951,1.674952024223758
library_book_stock,per_head,constant,2010,population,pre,23,761.629295666666,0.18283685365700503,0.05533041278314481,0.05245029382828878,0.3503823510747743,0.026597393879599696,0.0510985138561979,0.09419885377552895,2.268378112906696,1.6536901757855398
library_book_stock,per_head,constant,2011,population,post,23,792.930960173896,0.18514753466802042,0.056946119454546355,0.05384845816635176,0.356198146997701,0.02732994410265921,0.052424307020119465,0.0963699423084825,2.262159455803718,1.6364411890827366
library_book_stock,per_head,constant,2012,population,post,23,822.7830391440013,0.18505224105824672,0.0574986061661471,0.05403729750816175,0.35901486937240135,0.02750905652476443,0.05260322969594633,0.09613597720322176,2.1275490707444042,1.6268867023742069
library_book_stock,per_head,constant,2013,population,post,23,804.0574930903276,0.19079746171332937,0.05907410957566403,0.05660846012292452,0.359969474259452,0.02854054514930049,0.05503601197344399,0.10177723596381638,2.2765289205214354,1.7648694457993825
library_book_stock,per_head,constant,2014,population,post,23,801.6431996050051,0.18273552422197958,0.05455777074779911,0.05199099002895716,0.3462185375441988,0.02631143409912884,0.050662579692976606,0.09353914487916093,2.3743628971357347,1.7017771726892186
library_book_stock,per_head,constant,2015,population,post,23,802.6954039454839,0.1749163374763179,0.05120325573844128,0.0485861692230121,0.3370528079350486,0.024637820038999503,0.04742474690018783,0.08789573749202162,2.285118313475284,1.67516055038431
library_book_stock,per_head,constant,2016,population,post,23,812.9896849604893,0.17600225184525756,0.05205938660659338,0.0488554759924409,0.3412037726291607,0.024918509806010736,0.04768124732403456,0.08725540871589132,2.2134242351237763,1.586106580401769
library_book_stock,per_head,constant,2017,population,post,23,801.8127160364238,0.18922377240218663,0.06105280526851153,0.056663857094275696,0.3734123618808334,0.029002241812623453,0.05508835866647721,0.09940696441055352,2.3045412572741553,1.6558892514431585
library_book_stock,per_head,constant,2018,population,post,23,823.5526328906299,0.190005054683772,0.061716619499679305,0.05719491934761095,0.3755666717899295,0.02929553716152844,0.055590032350156915,0.10007826441959555,2.2791067849212827,1.6489463345726776
library_book_stock,per_head,constant,2019,population,post,23,841.9591158597984,0.18317142483222712,0.05760164859509337,0.05354016131085433,0.36165157048897617,0.02740750752661325,0.052132127376912196,0.09426862791236656,2.1805211150760693,1.621401311459997
library_book_stock,per_head,constant,2020,population,post,23,843.5191009060808,0.18392221800041442,0.05824658120063126,0.054055791259332055,0.3640602642966966,0.027689035453151378,0.05262075045406345,0.09499912565108037,2.1685643414007894,1.6256059358647976
library_book_stock,per_head,constant,2021,population,post,23,872.6391524878737,0.18633309831915212,0.0601271633397988,0.0555493306255895,0.37113839001861654,0.028505399689608635,0.05403464254346291,0.09713003448584279,2.171844154348877,1.6273523505384875
library_book_stock,per_head,constant,2022,population,post,23,893.5997679798209,0.1880990587951292,0.061507872380449004,0.05667077047487509,0.3761857980243521,0.029110671522471487,0.055094891177706606,0.09877009480543009,2.1756832427287582,1.6300853663050763
library_book_stock,per_head,constant,2023,population,post,23,817.6067139023794,0.2103874812651908,0.07613221162889904,0.06988446443039838,0.4223827797584054,0.03584133656385291,0.0674984492197207,0.1200577277209306,2.650707728772421,1.66784306351762
library_book_stock,per_head,constant,2005,unweighted,pre,23,578.1675130790853,0.1982840387646717,0.06341759039495788,0.06300946031345729,0.3668972758490355,0.031153939567789224,0.06106540896843071,0.11654617784715471,2.2522407378468645,1.7882185098900334
library_book_stock,per_head,constant,2006,unweighted,pre,23,612.1674597976895,0.1943000206820676,0.06192811506565826,0.06014255348944099,0.367303670697877,0.030079658576157464,0.05836970866766589,0.10956830726618094,2.09272511270414,1.7204689018300743
library_book_stock,per_head,constant,2007,unweighted,pre,23,659.1699992043025,0.18433667129576747,0.056239636881289884,0.05398099883292245,0.3511618636750621,0.027196470709923704,0.05254989101141794,0.09785285104713959,2.009854143151937,1.903079268920024
library_book_stock,per_head,constant,2008,unweighted,pre,23,672.1345216248861,0.17775320218053628,0.04946001437364289,0.04873314252004525,0.32227696785980514,0.02429694520863368,0.047564739737951944,0.0902338578276074,2.171009973396773,1.9013327122442545
library_book_stock,per_head,constant,2009,unweighted,pre,23,710.6136334159119,0.19092444562353258,0.0602657638427517,0.05787290910122105,0.36376713394516363,0.02912854348313665,0.05623011562196334,0.10442362691323614,2.262297284627577,1.8088547736248919
library_book_stock,per_head,constant,2010,unweighted,pre,23,761.629295666666,0.2044377932869419,0.06739505656729906,0.06549325364343615,0.3824434485610493,0.032732020492517666,0.0633946345879326,0.11809794392238193,2.2039853192444245,1.8709838304931194
library_book_stock,per_head,constant,2011,unweighted,post,23,792.930960173896,0.20808493677024023,0.06971285668254557,0.0678176014420827,0.3889950706414783,0.033860580882906666,0.06556910311767694,0.12203111427072999,2.2929288595123443,1.9287512655288723
library_book_stock,per_head,constant,2012,unweighted,post,23,822.7830391440013,0.21046693902973193,0.07091148120335813,0.06904909795440062,0.39188079250617275,0.034458652821228175,0.06671914322765415,0.12396901642266,2.42550228728259,2.034153542364544
library_book_stock,per_head,constant,2013,unweighted,post,23,804.0574930903276,0.21163712380966215,0.07091362028124358,0.07003194662559656,0.3894754397112509,0.03469413066966898,0.06763596645453607,0.12724308445589672,2.5531927706069113,1.9845632820866013
library_book_stock,per_head,constant,2014,unweighted,post,23,801.6431996050051,0.20382417950674914,0.0660384747866237,0.06512754403175397,0.3751439770213282,0.03232666424933672,0.06305204636336259,0.11874158416695435,2.4551026075909945,1.9607755624365129
library_book_stock,per_head,constant,2015,unweighted,post,23,802.6954039454839,0.19901373784977613,0.0648160958952577,0.06258984988447619,0.3767364996172704,0.03138197210773319,0.060671339549865366,0.11301609972341575,2.4217621454422043,1.901827533918554
library_book_stock,per_head,constant,2016,unweighted,post,23,812.9896849604893,0.20390674648843934,0.06700565504015754,0.06508529368791295,0.38109948095125884,0.03254492001965659,0.06301245915387965,0.11717715624367886,2.349669582521893,2.107693070466157
library_book_stock,per_head,constant,2017,unweighted,post,23,801.8127160364238,0.22172873338000643,0.07999770071341708,0.07716683125759433,0.42043457953124713,0.038606565469039844,0.07426460087789977,0.13632744852249512,2.5169532304498317,2.1621744004219656
library_book_stock,per_head,constant,2018,unweighted,post,23,823.5526328906299,0.22307512459789497,0.08057690063134482,0.0779585912049187,0.4210195185505449,0.038946569918750784,0.07499727100104092,0.1377805105989005,2.532313970553018,2.2142945213501797
library_book_stock,per_head,constant,2019,unweighted,post,23,841.9591158597984,0.21570127324599125,0.07517156512515677,0.07283438958715358,0.4058651347749439,0.03639524629119906,0.07024520564826908,0.1297821471301166,2.6341672505974847,2.192403406637392
library_book_stock,per_head,constant,2020,unweighted,post,23,843.5191009060808,0.2171606738530151,0.07616682669625571,0.07379600326754707,0.40862513128919736,0.036870157136246084,0.07113884084315292,0.13131245600916963,2.658452342493587,2.211625220839151
library_book_stock,per_head,constant,2021,unweighted,post,23,872.6391524878737,0.22137728093357747,0.07925669234386792,0.07668052178722057,0.41745301070627605,0.0383169439138451,0.0738142975017212,0.13576086775932028,2.6806284383567434,2.2628219447870177
library_book_stock,per_head,constant,2022,unweighted,post,23,893.5997679798209,0.22420842472347954,0.08141276452568968,0.07870412875853827,0.4235157138989333,0.03932763519613103,0.07568663826618638,0.13889206136974386,2.6986562039959647,2.3009414357567106
library_book_stock,per_head,constant,2023,unweighted,post,23,817.6067139023794,0.24885135827458243,0.10019965522238491,0.09675493197541746,0.47349708878575897,0.04817743577007205,0.09222155365372753,0.16736485199368445,2.7734127369948562,2.366189593993373
library_book_stock,share_of_national,as_printed,2005,population,pre,24,0.041666666666666664,0.2321740026819391,0.08451198968353041,0.08930379789455935,0.412461054588182,0.04262395714297851,0.08543231237192739,0.16803522567007934,3.079089988181665,2.2500146142804254
library_book_stock,share_of_national,as_printed,2006,population,pre,24,0.041666666666666664,0.21266112279951882,0.0716926613843418,0.07437829146758197,0.38219837887306224,0.035921278671526835,0.07167954829653633,0.14080331115061484,2.924754626393996,1.8545308275779033
library_book_stock,share_of_national,as_printed,2007,population,pre,24,0.041666666666666664,0.19943955384866993,0.06307472345696089,0.06425404229650822,0.3610408433758378,0.03137047710424823,0.06223326314780675,0.12153838454285171,2.1925850824793116,1.8148108118730166
library_book_stock,share_of_national,as_printed,2008,population,pre,24,0.041666666666666664,0.19742455521732472,0.06253669921333843,0.06418392511411988,0.35861694279865564,0.03120872005166697,0.06216750728120035,0.12261000073520623,2.2918558868610432,1.837200907590759
library_book_stock,share_of_national,as_printed,2009,population,pre,24,0.041666666666666664,0.1813900306781639,0.05235024882207147,0.05360996161312222,0.3264462052159164,0.026172666936106426,0.052198286531938365,0.10300863714239306,1.9748677441805003,1.7378067349801194
library_book_stock,share_of_national,as_printed,2010,population,pre,24,0.041666666666666664,0.17746357066147755,0.05125425759685817,0.051879388742631524,0.32613408386418513,0.025457681457276227,0.0505566265035674,0.09956777514704085,1.9273174439923089,1.5928875597308454
library_book_stock,share_of_national,as_printed,2011,population,post,24,0.041666666666666664,0.17298114569288311,0.048656183924094085,0.0492341881156123,0.3173971958107496,0.024179532755736366,0.048041833697272995,0.09469959329122657,1.9090270941231864,1.5738967688048136
library_book_stock,share_of_national,as_printed,2012,population,post,24,0.041666666666666664,0.1665562883782491,0.045023787813613936,0.04538825331571873,0.30530015106049835,0.02235403528698121,0.04437361531452977,0.08732842186912027,1.8587834842760644,1.5852083704627815
library_book_stock,share_of_national,as_printed,2013,population,post,24,0.041666666666666664,0.17629432357733896,0.04996995335955978,0.050685248431846845,0.3208381190443375,0.024868618390488817,0.049422180689537076,0.09705192408024654,2.0662369687911095,1.8422289687591813
library_book_stock,share_of_national,as_printed,2014,population,post,24,0.041666666666666664,0.17637487124894927,0.049924452856769067,0.05044030643523607,0.3213027658842347,0.0247985259444079,0.04918931574250229,0.09623616363966392,2.2267238881823492,1.6682898872111447
library_book_stock,share_of_national,as_printed,2015,population,post,24,0.041666666666666664,0.16904372851102503,0.04631674464227403,0.047281375331327674,0.3079647900435578,0.023130751375788905,0.04618102130224322,0.0918751401997433,1.8499574338579727,1.6641339145961977
library_book_stock,share_of_national,as_printed,2016,population,post,24,0.041666666666666664,0.1699648003296113,0.046132713912149854,0.046369477789187076,0.30918196319811087,0.022874714701825116,0.0453108394218632,0.08857768106380848,1.9287937992955204,1.7674478426795464
library_book_stock,share_of_national,as_printed,2017,population,post,24,0.041666666666666664,0.16379096476394508,0.043191655792565564,0.04305940713424038,0.30002708990636195,0.02134513477841371,0.042145515013208845,0.08188849514792984,1.9361053634747964,1.6978305032772432
library_book_stock,share_of_national,as_printed,2018,population,post,24,0.041666666666666664,0.16165654954092187,0.042284430496751145,0.04196138695091011,0.29748253928968577,0.020852444984303387,0.041093193826776675,0.07959901123458779,1.8964509514200698,1.7035927810374196
library_book_stock,share_of_national,as_printed,2019,population,post,24,0.041666666666666664,0.1593904731519179,0.04102508488992538,0.04103249981019304,0.2918133757434908,0.02031315860869609,0.04020206380984348,0.07860988910585587,1.8864572244678393,1.5702616845629254
library_book_stock,share_of_national,as_printed,2020,population,post,24,0.041666666666666664,0.15838182843635557,0.040517019648532195,0.040499592397276823,0.2900210412325333,0.020058018903947317,0.03969044406387667,0.07758629045589205,1.8783911109442744,1.5656621113961622
library_book_stock,share_of_national,as_printed,2021,population,post,24,0.041666666666666664,0.1538150232260126,0.03822160559082349,0.03811950947359036,0.28169446693991385,0.018911393570290258,0.037402105550878084,0.07304279349740717,1.8426899931936287,1.5451883636876758
library_book_stock,share_of_national,as_printed,2022,population,post,24,0.041666666666666664,0.15093969545393202,0.03683229269085529,0.036663625749596175,0.27661500824982493,0.01821288115090902,0.03599965428833485,0.0702283960962965,1.8272284430948316,1.5311906309369063
library_book_stock,share_of_national,as_printed,2023,population,post,24,0.041666666666666664,0.15963974611557005,0.03987347106468867,0.04052154571659916,0.28417262065018944,0.019923818024772166,0.039711525814798754,0.07828304185815393,2.0104735539616625,1.6612788110332088
library_book_stock,share_of_national,as_printed,2000,unweighted,pre,24,0.041666666666666664,0.2543535654853749,0.10327408647268357,0.10454639586470668,0.4695224040521087,0.050792552581748196,0.09926699384927051,0.18611062514827537,3.3346968608945424,2.9180636008984515
library_book_stock,share_of_national,as_printed,2001,unweighted,pre,24,0.041666666666666664,0.25092208782932507,0.09985816224626201,0.10128284876571944,0.460074505723606,0.0492075256250224,0.0963226073013207,0.18105793070598952,3.2342407215034465,2.938134675271923
library_book_stock,share_of_national,as_printed,2002,unweighted,pre,24,0.041666666666666664,0.2512383806872575,0.1012396021377481,0.10007401390421143,0.4694294940114032,0.04925591443164523,0.09522955003571076,0.1751336373648429,3.2860597806945457,2.7806057706309417
library_book_stock,share_of_national,as_printed,2003,unweighted,pre,24,0.041666666666666664,0.2454876312355064,0.09600458209482635,0.09584911365402872,0.45352671853351517,0.04699785966645109,0.09139889877358343,0.16984139366029427,3.1735588041840828,2.776112678263595
library_book_stock,share_of_national,as_printed,2004,unweighted,pre,24,0.041666666666666664,0.24114993157609854,0.09259471390208385,0.09168848985077874,0.4466166613108316,0.04517967388662325,0.08761067618438256,0.16217938870182025,3.1942537356487626,2.688701453332485
library_book_stock,share_of_national,as_printed,2005,unweighted,pre,24,0.041666666666666664,0.24261065104860927,0.09274292553595337,0.09238504573501825,0.4457300146268228,0.045382265586698445,0.08824598504685321,0.16410268602003297,3.3634977813595364,2.5018786500379067
library_book_stock,share_of_national,as_printed,2006,unweighted,pre,24,0.041666666666666664,0.2248715651062676,0.08092141973083206,0.08086129019637814,0.415103974073532,0.03973121479469788,0.07767838237744806,0.14669695541792227,2.840327893585456,2.424490845427251
library_book_stock,share_of_national,as_printed,2007,unweighted,pre,24,0.041666666666666664,0.21087813126326183,0.07178027447999674,0.07124481554403694,0.39206061810881193,0.035171573525124455,0.06876611631113472,0.1306095116692645,2.7246791562177313,2.217942059289737
library_book_stock,share_of_national,as_printed,2008,unweighted,pre,24,0.041666666666666664,0.21320723253469004,0.07354726828424574,0.07400815090267998,0.39481715210724927,0.036258854567981835,0.07133587564046151,0.13706440303013623,2.973512094448997,2.090478086429206
library_book_stock,share_of_national,as_printed,2009,unweighted,pre,24,0.041666666666666664,0.1936791615579589,0.060265798717605956,0.06016419858039439,0.35603857497177127,0.029701026718674695,0.05839009012038732,0.11198737350889354,2.658735054401323,2.1275955243639264
library_book_stock,share_of_national,as_printed,2010,unweighted,pre,24,0.041666666666666664,0.18920964659877365,0.05867251460716459,0.05859060419450303,0.3524375483913847,0.028905162337976242,0.05690721163386259,0.10987138257346152,2.4837391420045236,2.1614473176830766
library_book_stock,share_of_national,as_printed,2011,unweighted,post,24,0.041666666666666664,0.18417117972564565,0.05555798926813811,0.055451739258843655,0.342515792776395,0.02738476599895323,0.05394231998646426,0.10427002264996621,2.4251249754219972,2.1249351394914937
library_book_stock,share_of_national,as_printed,2012,unweighted,post,24,0.041666666666666664,0.17759000500536484,0.05168298730750602,0.051604334199202455,0.32981293255263044,0.025500531877260424,0.05029544187159529,0.09756088549543651,2.308525421620949,2.0411699762402633
library_book_stock,share_of_national,as_printed,2013,unweighted,post,24,0.041666666666666664,0.18783646886442243,0.05629623448654346,0.05554420266829256,0.34586688713255054,0.027606780053522684,0.05402979166106692,0.10281638590149544,2.4358212148338314,1.8993667692975054
library_book_stock,share_of_national,as_printed,2014,unweighted,post,24,0.041666666666666664,0.18561081933792153,0.055361839368449905,0.05439898091682456,0.3437934572732776,0.02709566328596613,0.0529458254298546,0.10052816806060083,2.3843213465461024,1.8758083602991362
library_book_stock,share_of_national,as_printed,2015,unweighted,post,24,0.041666666666666664,0.18440960408658572,0.05487729868258281,0.055003310292293245,0.33943897898670616,0.027110617685131122,0.05351798518382089,0.10393498993467742,2.3345159363176156,2.0189857269357185
library_book_stock,share_of_national,as_printed,2016,unweighted,post,24,0.041666666666666664,0.179064589074475,0.05188828177879401,0.05093047750007382,0.3327642431401085,0.025396088353229263,0.04965526142218968,0.09457914743098605,2.3980090950289883,1.9088677463153545
library_book_stock,share_of_national,as_printed,2017,unweighted,post,24,0.041666666666666664,0.16965982315566566,0.046640775456895996,0.045382975016718397,0.31619090621745316,0.022756879450124834,0.04436857121942672,0.08410508822613616,2.2097079144945253,1.8682942066943797
library_book_stock,share_of_national,as_printed,2018,unweighted,post,24,0.041666666666666664,0.16726336496782845,0.04557129685760834,0.04424097196547523,0.3128888613265935,0.02221298086930279,0.04327661382123016,0.08198129468254678,2.194864806713046,1.8641832495796706
library_book_stock,share_of_national,as_printed,2019,unweighted,post,24,0.041666666666666664,0.16883736659151646,0.04636822537027732,0.04569906729691686,0.31344619314327477,0.02276397840867972,0.044670591201172116,0.08582332734375042,2.1912202520268877,1.8640058560125794
library_book_stock,share_of_national,as_printed,2020,unweighted,post,24,0.041666666666666664,0.16762380790999143,0.04570813278017995,0.04502653325182609,0.31118974445005115,0.02243797850773288,0.044027883552315794,0.08458314982471493,2.1778553311239888,1.8546450041343556
library_book_stock,share_of_national,as_printed,2021,unweighted,post,24,0.041666666666666664,0.16215715372130804,0.042798455512599066,0.0420705694695449,0.3010473365431904,0.021001798294233542,0.0411978839717394,0.07912562316896277,2.1193817135718622,1.8136038907161487
library_book_stock,share_of_national,as_printed,2022,unweighted,post,24,0.041666666666666664,0.15865769213664282,0.04100264104324063,0.040230885953417284,0.2947059316153535,0.020110490395092606,0.039432368026302234,0.07568765096245578,2.0803474392066295,1.7861286410261683
library_book_stock,share_of_national,as_printed,2023,unweighted,post,24,0.041666666666666664,0.16473163658539747,0.043301958151837884,0.04310061654783115,0.3001792135293906,0.02138848686683581,0.04218498682152971,0.0817553191142294,1.877954825532795,1.8239393144973741
library_book_stock,share_of_national,constant,2005,population,pre,23,0.043478260869565216,0.2043760443575694,0.06587581541913282,0.06695380917855329,0.3685204690826187,0.032734741087127706,0.06476160023098365,0.12519242077731207,2.3691307426003028,1.8869702581980605
library_book_stock,share_of_national,constant,2006,population,pre,23,0.043478260869565216,0.18633757115023816,0.0557171954567968,0.05687121430820951,0.33849345388608987,0.027771271772753625,0.055284272599052775,0.10921452312919355,2.206409426166093,1.651474465503209
library_book_stock,share_of_national,constant,2007,population,pre,23,0.043478260869565216,0.1792465930739335,0.05148233907050638,0.05281882676303077,0.32450662773916916,0.02574122585873373,0.051448150875334386,0.10262924691489139,2.095421906343129,1.6555241351803138
library_book_stock,share_of_national,constant,2008,population,pre,23,0.04347826086956521,0.17849325425892457,0.05174525858728478,0.053685058524742556,0.3239504428253642,0.02600566025837392,0.05226946084092987,0.1055353163513092,2.0094772760200437,1.6807711277421566
library_book_stock,share_of_national,constant,2009,population,pre,23,0.04347826086956521,0.16414736702507624,0.04337376174116945,0.04501274776264256,0.2946654802971311,0.021862003159592858,0.04401470491820825,0.0888166732332557,1.9109112314574992,1.71327686602193
library_book_stock,share_of_national,constant,2010,population,pre,23,0.043478260869565216,0.15819901263485578,0.041606210766219835,0.042388749023102995,0.29225826876362715,0.020767528977952865,0.04150290667240153,0.08312556124919424,1.7513165165946105,1.5439536202659274
library_book_stock,share_of_national,constant,2011,population,post,23,0.04347826086956523,0.15411136574573303,0.03944734680506697,0.04021841595912371,0.28411393528090445,0.019708847444799837,0.03942038967872841,0.07905578587938322,1.7246678318974185,1.513610805343171
library_book_stock,share_of_national,constant,2012,population,post,23,0.04347826086956523,0.15231770960401433,0.03808025396516384,0.039028467806462436,0.27803120845205975,0.01908503150665708,0.0382766693969806,0.07709218656168193,1.6970868235014553,1.5711535381932704
library_book_stock,share_of_national,constant,2013,population,post,23,0.043478260869565216,0.1543702120182085,0.039595269358236276,0.04047370011099712,0.28402342150106974,0.01981418440886451,0.03966557913203339,0.07944696638345428,1.8659416741536197,1.5464540642168059
library_book_stock,share_of_national,constant,2014,population,post,23,0.04347826086956521,0.1539003051103538,0.03907327201579318,0.03983432745473685,0.2826314269971306,0.019526002289209865,0.03905137122951963,0.07818708028862231,1.9252247968549665,1.594307438418884
library_book_stock,share_of_national,constant,2015,population,post,23,0.043478260869565216,0.15062389892547504,0.03805888693731125,0.03958214367068396,0.2763832847110903,0.019204591582799524,0.03880900500890572,0.07950912863182824,1.7833330029535948,1.5176644136164181
library_book_stock,share_of_national,constant,2016,population,post,23,0.043478260869565216,0.15472964949985119,0.03866849796205746,0.03957821579581459,0.28006367428446677,0.019371730990569436,0.03880522956353705,0.0777614611290881,1.8511210106229377,1.544280145721934
library_book_stock,share_of_national,constant,2017,population,post,23,0.043478260869565216,0.14826771007316006,0.035982475935716865,0.03651966481100916,0.2709840048508146,0.017963069436001566,0.03586086590395421,0.0713927953856307,1.8288531955702798,1.520255950997416
library_book_stock,share_of_national,constant,2018,population,post,23,0.04347826086956521,0.14890066286002476,0.03610414746389093,0.03655703926735706,0.2716674000763518,0.018003997512521575,0.03589689940656582,0.07125863574388269,1.8300730642638718,1.5162162250604572
library_book_stock,share_of_national,constant,2019,population,post,23,0.04347826086956521,0.15464259341688885,0.03796079310761811,0.03891833932567855,0.27680730287544486,0.019041699038106596,0.038170750435406964,0.07648909094825695,1.9510299464681684,1.6118872517285134
library_book_stock,share_of_national,constant,2020,population,post,23,0.04347826086956521,0.15403768272232293,0.037623031430917775,0.038548632418136074,0.2755901173108625,0.01886857750049431,0.037815089776916055,0.0757364280864492,1.9514690975279505,1.6071235868448097
library_book_stock,share_of_national,constant,2021,population,post,23,0.04347826086956521,0.151372969705547,0.03616515206993204,0.036948296465657046,0.2702975563706094,0.018119922789502918,0.03627403790068762,0.07246114705066564,1.9534142079918175,1.5858866993547107
library_book_stock,share_of_national,constant,2022,population,post,23,0.04347826086956521,0.14979672276615888,0.0353356698515007,0.03601596400770657,0.2673280840463043,0.017688391559031902,0.035375105919037475,0.07051150246795235,1.95473461190744,1.5713413528380584
library_book_stock,share_of_national,constant,2023,population,post,23,0.043478260869565216,0.1533704474924429,0.03698252200645115,0.03878113717895628,0.269403189424334,0.018775275210338505,0.03803877634423003,0.07749496714177817,1.894934906816178,1.757471647887479
library_book_stock,share_of_national,constant,1995,unweighted,pre,23,0.043478260869565216,0.2614067742932796,0.10788359561922661,0.10863764845587062,0.4801399226268075,0.05290623762666735,0.10294459197346173,0.19110488645206514,3.8636598699763596,2.569327535538091
library_book_stock,share_of_national,constant,1996,unweighted,pre,23,0.04347826086956521,0.2380838122899061,0.09095446978693632,0.0889921188743128,0.44527376631761234,0.04412661535503881,0.08514721638418687,0.15660262386852075,3.0956797290098756,2.2999643493761144
library_book_stock,share_of_national,constant,1997,unweighted,pre,23,0.043478260869565216,0.2428968535137618,0.09464659668526335,0.0947773802457797,0.4504812428844115,0.046382769801579626,0.09042459861687158,0.16949111950530216,3.3564341483304894,2.243575189473798
library_book_stock,share_of_national,constant,1998,unweighted,pre,23,0.043478260869565216,0.23858746345161141,0.09095323857081423,0.09148389699300974,0.4395925933417753,0.04471714151856032,0.08742398874841839,0.1645319976757379,3.3676976876575675,2.4147545412977514
library_book_stock,share_of_national,constant,1999,unweighted,pre,23,0.043478260869565216,0.23517360821233038,0.0885299061750918,0.0893093793428757,0.4333261386457053,0.043596515354299425,0.08543741696996099,0.16178648340590984,3.267437072116127,2.4103150253664603
library_book_stock,share_of_national,constant,2000,unweighted,pre,23,0.04347826086956521,0.2298871981793115,0.08562652018772421,0.08494960220859063,0.4294813261724772,0.04184598667075501,0.08144142344152527,0.15256855735429886,3.074275919139378,2.2170636631457934
library_book_stock,share_of_national,constant,2001,unweighted,pre,23,0.043478260869565216,0.2262601220237057,0.0823157909587233,0.08172709785128321,0.4197181062131005,0.04028686182608854,0.07847658989731598,0.1470805744112842,3.091336823577199,2.2550422169300717
library_book_stock,share_of_national,constant,2002,unweighted,pre,23,0.04347826086956521,0.2300249790407629,0.0859791517293791,0.08425857861937362,0.4328459358266863,0.041769736726462,0.08080645843441281,0.14966848677039357,2.911318674460694,2.2772482175257465
library_book_stock,share_of_national,constant,2003,unweighted,pre,23,0.043478260869565216,0.2246338278363879,0.08145803603908344,0.08094858771885236,0.41743409731626085,0.03988602949516118,0.07775889525525215,0.14610074745567758,2.930046230998276,2.211825850807301
library_book_stock,share_of_national,constant,2004,unweighted,pre,23,0.04347826086956521,0.22141971638549157,0.0789375024015701,0.07796682958552925,0.41170673358002347,0.038558247944922464,0.07500489149419753,0.14047504664202737,3.0193323214237027,2.045279496664016
library_book_stock,share_of_national,constant,2005,unweighted,pre,23,0.043478260869565216,0.22156263850688812,0.07815416232444086,0.07729345187836967,0.4092166809807138,0.03820852474577996,0.07438181064806582,0.13945916640047484,2.8859563620004502,2.123773894471829
library_book_stock,share_of_national,constant,2006,unweighted,pre,23,0.043478260869565216,0.20912864741420334,0.07070646936015688,0.07155804148894443,0.38539959371178323,0.034978725118866016,0.0690577572471448,0.13369409061660642,2.5627585476710855,1.9588420036416516
library_book_stock,share_of_national,constant,2007,unweighted,pre,23,0.043478260869565216,0.2028346941481177,0.06639846133735264,0.06734181464881014,0.3728913902639216,0.03290609487031615,0.06512440745594139,0.12684664731395723,2.6067431587563688,1.7567476599564047
library_book_stock,share_of_national,constant,2008,unweighted,pre,23,0.04347826086956521,0.2066268147650447,0.06908560041065354,0.07109592075080196,0.378220358845666,0.0344589901722091,0.06862745011148841,0.13511941799326266,2.973512094448997,1.949675500424499
library_book_stock,share_of_national,constant,2009,unweighted,pre,23,0.04347826086956521,0.1887919926670388,0.057032763704855854,0.05814163552838663,0.3425018727050233,0.028415480770212054,0.0564836974574624,0.11068206998998031,2.5678250232917783,1.7823460990008417
library_book_stock,share_of_national,constant,2010,unweighted,pre,23,0.043478260869565216,0.18180503410038887,0.05439755317535167,0.05530756661353505,0.3360572868053018,0.027056424827733405,0.053805914515390074,0.10606302385768163,2.331610470407004,1.6791262352993785
library_book_stock,share_of_national,constant,2011,unweighted,post,23,0.04347826086956523,0.17727262854980969,0.051660740516821346,0.05249551863060302,0.3270827740577895,0.02570666601345084,0.0511414267679543,0.10088637394023658,2.2849251393637267,1.6714591448016094
library_book_stock,share_of_national,constant,2012,unweighted,post,23,0.04347826086956523,0.1749218542060546,0.04998542716568969,0.05095724577697945,0.32083071484660264,0.024924622330652957,0.04968070017283066,0.0983496400927163,2.387258639241704,1.6441181135344183
library_book_stock,share_of_national,constant,2013,unweighted,post,23,0.043478260869565216,0.179871835708032,0.05178873688762916,0.05206480959373481,0.32840177908731866,0.025651130571644032,0.05073265678160921,0.09864177956543241,2.374722132267785,1.745367421829982
library_book_stock,share_of_national,constant,2014,unweighted,post,23,0.04347826086956521,0.17886107286490213,0.051491955491835245,0.05176218161413877,0.3277686258700058,0.02549894138759823,0.05044533845034371,0.09823645488066934,2.3843213465461024,1.8432553251056758
library_book_stock,share_of_national,constant,2015,unweighted,post,23,0.043478260869565216,0.18081558332375022,0.05281668820597081,0.054210872845908246,0.32902017184930776,0.026407203213951957,0.052767660139384276,0.10494614959616788,2.3345159363176156,1.6973074344748735
library_book_stock,share_of_national,constant,2016,unweighted,post,23,0.043478260869565216,0.17772304680216264,0.05048917927476488,0.05060161864436131,0.3245784412110322,0.024975730697693654,0.049342680744283496,0.09580878249694125,2.3980090950289883,1.6462396995931992
library_book_stock,share_of_national,constant,2017,unweighted,post,23,0.043478260869565216,0.16796482231173263,0.045241050874560006,0.044927124878831375,0.3080107590621751,0.022304950338908114,0.043932847195964686,0.08488638358321421,2.166791710107083,1.669726030925622
library_book_stock,share_of_national,constant,2018,unweighted,post,23,0.04347826086956521,0.1674674002302197,0.045000872737996085,0.04457161443412888,0.30754844471514253,0.022159080490532723,0.04359289491259244,0.08404808600921243,2.1748001633427054,1.649883963179286
library_book_stock,share_of_national,constant,2019,unweighted,post,23,0.04347826086956521,0.17411693229591207,0.048305921033422884,0.04847810425172473,0.3168319840873006,0.023925110106118863,0.047321801320505674,0.092104828896026,2.3310146609994944,1.6316678726072182
library_book_stock,share_of_national,constant,2020,unweighted,post,23,0.04347826086956521,0.17312579630005692,0.04774822012469246,0.04788156328477688,0.3150286568459608,0.023643202287298992,0.04675332020239653,0.090962360297701,2.3160813137577994,1.6261941853263011
library_book_stock,share_of_national,constant,2021,unweighted,post,23,0.04347826086956521,0.16865818470630817,0.04529593253091711,0.045263541660985854,0.3069897667912341,0.02240372310473493,0.0442544301350537,0.08594262263434826,2.250745585867739,1.6007432989653594
library_book_stock,share_of_national,constant,2022,unweighted,post,23,0.04347826086956521,0.16585629171414484,0.04381333252108298,0.04365998296242701,0.30212469145225107,0.0216483992864116,0.04272060655348697,0.08282179972056247,2.2071304849884528,1.5911023948602236
library_book_stock,share_of_national,constant,2023,unweighted,post,23,0.043478260869565216,0.17024632359370792,0.045345348505289644,0.046137678319709885,0.3038716514055643,0.022635537116681426,0.04508951733074407,0.0889016142330088,2.0653271744844406,1.8404806805977219
library_books_lent,per_head,as_printed,2005,population,pre,24,409.1048115023419,0.23780687096638348,0.10237953749098813,0.10277928271433678,0.4794540858934267,0.049827883960729236,0.09767388952589307,0.19241351806374896,2.8860937410161207,1.4355602395254592
library_books_lent,per_head,as_printed,2006,population,pre,24,412.03753584039185,0.24785047460784407,0.106815015484179,0.10035556052631855,0.5031438326294999,0.05046548241068838,0.09548424924314802,0.17200546983911869,3.393757253358758,2.00207941204604
library_books_lent,per_head,as_printed,2007,population,pre,24,425.317260012629,0.24211924824693998,0.10276114026501018,0.09434270681093113,0.4956128091594826,0.04809376978359903,0.09002914441240706,0.1586812349410488,2.940800456598848,1.7794102192649677
library_books_lent,per_head,as_printed,2008,population,pre,24,441.91957288024304,0.2913760944581614,0.17466787439265546,0.14347466153981406,0.7030498504859526,0.0762525414295595,0.13365724829954417,0.21195927188462493,3.0109552461897366,1.7853499723008486
library_books_lent,per_head,as_printed,2009,population,pre,24,365.3280028082398,0.22146863588813878,0.08320760954240577,0.08060578042852898,0.4314279288959614,0.04012270452829825,0.07744269008548821,0.1452369216164595,2.3265543469648975,1.9760425610086423
library_books_lent,per_head,as_printed,2010,population,pre,24,374.53471151033864,0.2549801066441289,0.10494547681680934,0.10531297848205459,0.47593405584971443,0.05133599408778344,0.09995721552488734,0.18801466714731108,3.001275841263377,2.232211782813447
library_books_lent,per_head,as_printed,2011,population,post,24,371.3808576186844,0.2546967941461399,0.10482499166133857,0.10566665277891263,0.4749732220508855,0.05137787574403996,0.10027548123931018,0.18968177925919416,2.99374979246498,2.2089621310675773
library_books_lent,per_head,as_printed,2012,population,post,24,326.35662080950055,0.32468446918514965,0.18369922863140353,0.16967024468679398,0.6745724637508504,0.08493754849969393,0.15605693457328518,0.26313323722521753,4.143375703799578,2.6347714590631472
library_books_lent,per_head,as_printed,2013,population,post,24,316.6669250442324,0.2781241501540398,0.12518106310683585,0.12082165290011415,0.5307962737549191,0.059941566672292446,0.11380800472784602,0.20169054547930865,3.3345807073882225,2.360036158117113
library_books_lent,per_head,as_printed,2014,population,post,24,878.9459620044523,0.26806913662393705,0.11497770624062721,0.12314001682904827,0.4864742190231287,0.0579149560088017,0.11586014056579153,0.2252076327164637,4.13127225603021,2.525127333782417
library_books_lent,per_head,as_printed,2015,population,post,24,284.3338247507871,0.2680264213888954,0.11543185066977794,0.11840734542537756,0.49774452484548865,0.056919482902077045,0.11166587993617716,0.2111946309015712,3.4378610249254815,2.3867412504810632
library_books_lent,per_head,as_printed,2016,population,post,24,268.66821524328907,0.22524027988364956,0.090064129116908,0.08575568137259029,0.4544365788669949,0.04300984434353117,0.08218155602819766,0.15033442848240175,2.614894712872566,1.7833577540743208
library_books_lent,per_head,as_printed,2017,population,post,24,223.16492684833034,0.2197960200172286,0.08140677252128975,0.0801020942457239,0.423140834596603,0.039591141674642505,0.07697789366969854,0.1451502968050291,3.0866027560449467,2.0976430407289373
library_books_lent,per_head,as_printed,2018,population,post,24,221.45732189964988,0.20570359052509918,0.06849745441929497,0.069188838349322,0.3792719594851324,0.03387818752361871,0.06684955115131119,0.12902396780753678,2.926699206331678,1.9532213064362087
library_books_lent,per_head,as_printed,2019,population,post,24,201.61850431036507,0.2925367016507133,0.14032663616891636,0.14744090135642285,0.54812504416728,0.06960858956764926,0.1370865661720584,0.2585184548525167,4.337973832795711,3.05483714210031
library_books_lent,per_head,as_printed,2020,population,post,24,180.2081472848927,0.29630219275711883,0.14300752681464096,0.14641818531075587,0.5620635882449149,0.06998021824641898,0.13620359932204007,0.25303708962265536,4.113572192443097,2.85976414439195
library_books_lent,per_head,as_printed,2021,population,post,24,182.31341772107717,0.27741425123385116,0.12403982563734209,0.13529391348804315,0.5060000475590058,0.06274798933117354,0.12654084746879124,0.2523853432760985,4.54163568609025,2.3193369846460548
library_books_lent,per_head,as_printed,2022,population,post,24,227.60687227183288,0.29699783022860365,0.14098225270813003,0.15506649328266875,0.5354368135093585,0.07154565601755292,0.14364176647964855,0.2774211328178171,5.381147886615638,3.39168065634736
library_books_lent,per_head,as_printed,2023,population,post,24,232.88304860138382,0.27574595096895455,0.12228018999247875,0.13215396703556045,0.5024367208764565,0.06166742557597271,0.12379392215910878,0.2440167596976568,3.908333175424026,2.124326325043087
library_books_lent,per_head,as_printed,2005,unweighted,pre,24,409.1048115023419,0.25776319143484333,0.11245904731679103,0.1147665029333424,0.4957125809772198,0.05517121030521799,0.10842570041232458,0.21182200577742627,3.036075135564721,2.083765615990684
library_books_lent,per_head,as_printed,2006,unweighted,pre,24,412.03753584039185,0.2983567071522286,0.15422384710932008,0.14319552759834098,0.6137767609683031,0.0718337553752828,0.13341538887857884,0.230737223289729,3.531677632030944,2.7146673471570537
library_books_lent,per_head,as_printed,2007,unweighted,pre,24,425.317260012629,0.26366962522098825,0.11277616572742752,0.10928701215398631,0.502213226877991,0.0542020645916409,0.10352691809944714,0.18656966846492518,3.8935896381452944,2.327571733546625
library_books_lent,per_head,as_printed,2008,unweighted,pre,24,441.91957288024304,0.3033263287072654,0.17108984483569478,0.1494977074123484,0.6685641466310327,0.07715928811449979,0.13885958774268703,0.2278716282253187,3.83364102142123,1.846642426347063
library_books_lent,per_head,as_printed,2009,unweighted,pre,24,365.3280028082398,0.24982673093272614,0.10190487326594935,0.10055199012370479,0.47352780953205786,0.049446989848030753,0.09566190545885778,0.17851933039941226,3.300933617734319,2.1818449155555615
library_books_lent,per_head,as_printed,2010,unweighted,pre,24,374.53471151033864,0.2516797489259167,0.09928892765380551,0.10510302861433381,0.4498664658345211,0.04991439341956028,0.09976823182348649,0.1960372919894957,3.001275841263377,2.4459237600052623
library_books_lent,per_head,as_printed,2011,unweighted,post,24,371.3808576186844,0.2512961551116884,0.09918737941352895,0.10536140858578547,0.4491410380086225,0.04993837402330392,0.10000080363480535,0.19739527823546765,2.99374979246498,2.4807788751210427
library_books_lent,per_head,as_printed,2012,unweighted,post,24,326.35662080950055,0.299389561367077,0.1460576073137147,0.14537797530768742,0.5743714552517268,0.07050939805425394,0.13530460217358908,0.2458359693008384,4.143375703799578,2.405686005002491
library_books_lent,per_head,as_printed,2013,unweighted,post,24,316.6669250442324,0.2744422232492655,0.11700636874587711,0.12114877520528186,0.4934339144598023,0.058093028840263794,0.11409785048607146,0.21347000640777547,4.086544329921256,2.873124436299734
library_books_lent,per_head,as_printed,2014,unweighted,post,24,878.9459620044523,0.2591235416019449,0.11024695994654794,0.11801125614943654,0.4802738887206638,0.05541551145241086,0.11131395062465632,0.22192237640982504,3.360666180135958,2.198651714006543
library_books_lent,per_head,as_printed,2015,unweighted,post,24,284.3338247507871,0.25037926937353067,0.10119510716936525,0.10775477948288165,0.45704449424112914,0.05089996082431625,0.1021522598754171,0.2031779521500413,3.7607590800179618,2.177741397694629
library_books_lent,per_head,as_printed,2016,unweighted,post,24,268.66821524328907,0.22496077743058246,0.08513218196009056,0.08355902906685184,0.43253872918390335,0.04133911711825611,0.08016321203859833,0.15025490051947465,2.748059612719104,2.0219701616526176
library_books_lent,per_head,as_printed,2017,unweighted,post,24,223.16492684833034,0.22013680059590238,0.07816715631730285,0.08037323142657823,0.40351917909023594,0.03889741893540455,0.07722812535638512,0.15093795503642338,3.159197970975245,2.228424909865808
library_books_lent,per_head,as_printed,2018,unweighted,post,24,221.45732189964988,0.21284899525679588,0.07109253574417868,0.07401645908403415,0.38003519327142754,0.035682099696328295,0.07134359111837363,0.1407301721697921,3.0694778672125187,2.069606597334431
library_books_lent,per_head,as_printed,2019,unweighted,post,24,201.61850431036507,0.27837962302460434,0.12439723216767672,0.13388504355835984,0.507180496401276,0.06259927487633576,0.12530938985587725,0.24561138487014156,5.52623242728349,2.559965655096938
library_books_lent,per_head,as_printed,2020,unweighted,post,24,180.2081472848927,0.2788986651828213,0.1231885067826918,0.13099521351126614,0.5067474027518418,0.0616774093314999,0.1227780268059131,0.23820406180913634,4.552723648636117,2.388215591648787
library_books_lent,per_head,as_printed,2021,unweighted,post,24,182.31341772107717,0.26906995708126724,0.11811564719240546,0.12471081176833981,0.502130918890061,0.0588219020425389,0.11724785279160888,0.2329891227838432,3.274815998186926,2.300597057623157
library_books_lent,per_head,as_printed,2022,unweighted,post,24,227.60687227183288,0.28258462725647643,0.12903110844558188,0.1410029866500091,0.5160006734888136,0.06526928336530868,0.13151328217206892,0.2611915208527831,4.2337585577430055,2.8167917827849918
library_books_lent,per_head,as_printed,2023,unweighted,post,24,232.88304860138382,0.2565764192220098,0.1062902967630329,0.115597249646023,0.46570562997421,0.05389114164734754,0.10916606526040529,0.22201086576588513,3.3617994258315838,2.109173617100462
library_books_lent,per_head,constant,2005,population,pre,23,409.5919354410348,0.20277068654790387,0.08062629675027184,0.07264445515625438,0.44049586601128604,0.03752863989289468,0.07006859642897201,0.1239999104886701,2.6054144664378684,1.402194812933904
library_books_lent,per_head,constant,2006,population,pre,23,411.62473658117017,0.2173015150536717,0.08777936608641775,0.07910978932306013,0.4645349577985354,0.04075855353360758,0.07606151970385511,0.13454146807623446,2.9424930597159307,1.4503621111490095
library_books_lent,per_head,constant,2007,population,pre,23,427.2163437655759,0.22358947969244464,0.09346966634388013,0.08317397828112444,0.4789904776251238,0.043147423715877986,0.07980895996250803,0.13825504384499998,2.5967826644391345,1.4532315711038086
library_books_lent,per_head,constant,2008,population,pre,23,448.1123537554546,0.27890001984049484,0.16889022122385103,0.13442321182107722,0.6975827226402583,0.07279054508041871,0.12577999393850448,0.19322718465226996,2.7949963967639344,1.7853499723008486
library_books_lent,per_head,constant,2009,population,pre,23,366.4948542787986,0.19308736794255704,0.06740760215420329,0.06068053960043315,0.39865596572954853,0.03150390470002751,0.058876156442943084,0.10321518117724149,2.2351105365101183,1.6926565739683872
library_books_lent,per_head,constant,2010,population,pre,23,375.88048678409405,0.22917895205291075,0.08779031859364907,0.08200074788766197,0.4458469093982138,0.0416908730141855,0.07872873031132432,0.13908621176155067,3.001275841263377,2.075641109807772
library_books_lent,per_head,constant,2011,population,post,23,372.72813830286196,0.22833750817871631,0.08723547228644493,0.08148788943778629,0.4443273737809651,0.04143382681318253,0.07825612737719212,0.13828976073103594,2.99374979246498,2.0759268634057517
library_books_lent,per_head,constant,2012,population,post,23,327.88308495652745,0.30148554053864485,0.16862720248395044,0.14868735945137102,0.6569168114823914,0.07650219254859891,0.13816148154923524,0.22686159475876722,4.143375703799578,2.071452740029947
library_books_lent,per_head,constant,2013,population,post,23,316.4956401120593,0.2574791700043963,0.11096274061817775,0.1055401187759159,0.503659289494852,0.052835987020357744,0.10016162829137398,0.17881071726633568,3.124923692314077,2.343897545166212
library_books_lent,per_head,constant,2014,population,post,23,890.6538401360642,0.25845684381853706,0.10573926250628081,0.10883250992805375,0.47334496166319834,0.05236590504396921,0.10311937648096547,0.19602113066916638,3.1606462689263344,2.4810334266228007
library_books_lent,per_head,constant,2015,population,post,23,286.88050977302714,0.2529193450580737,0.10385610313261258,0.10140163306908281,0.48056699644704354,0.05015027953860207,0.09642994361581803,0.17653124840710754,3.4378610249254815,2.3846257155395367
library_books_lent,per_head,constant,2016,population,post,23,271.6915981337817,0.22045502610736636,0.08660511279230373,0.08106523973647156,0.448685705658876,0.04104303827321465,0.077866470266309,0.1408827472685238,2.1704479953168927,1.776879562433156
library_books_lent,per_head,constant,2017,population,post,23,226.1598632193202,0.214259629864456,0.07713885229857391,0.07388288875585815,0.4159952582638088,0.0370723609934096,0.07121954189261204,0.1313751736676868,2.9421029814485733,1.6587131845064287
library_books_lent,per_head,constant,2018,population,post,23,224.42512746971283,0.20021253510938894,0.06460559768637897,0.06355705069899432,0.3719600205444772,0.031581997847578536,0.06157941977659431,0.11621339358743632,2.4945762868415775,1.7659299545735705
library_books_lent,per_head,constant,2019,population,post,23,204.7779493741096,0.28680956554169335,0.1342615523394411,0.13780594265759463,0.540861572528175,0.06593448181503148,0.12873224875402056,0.2406637666691659,4.280722239452273,1.9472386883595874
library_books_lent,per_head,constant,2020,population,post,23,183.69167837499754,0.2948079629580029,0.14113401808792717,0.14329127976789047,0.5600394600083437,0.0688144581849306,0.13349836226268819,0.2470991653075606,4.113572192443097,2.253623427984694
library_books_lent,per_head,constant,2021,population,post,23,180.31758299653546,0.26159718745596366,0.11336577114138131,0.1265629112856968,0.47863692244077527,0.058087818526445956,0.11888128451142455,0.24405247873857383,3.4102950690316653,2.199598181323511
library_books_lent,per_head,constant,2022,population,post,23,226.01478187990716,0.2658156650449276,0.1178754780972877,0.13159050577542328,0.48704157880623206,0.060412242698515084,0.12330007485950445,0.24918040993163648,4.569304550182009,2.539200170067691
library_books_lent,per_head,constant,2023,population,post,23,229.65146862258086,0.25408963437719373,0.10766794913141556,0.12042412263477084,0.46310068020207357,0.055349607350667074,0.11345564655694151,0.2326169087154869,3.6248425837498592,2.124326325043087
library_books_lent,per_head,constant,2005,unweighted,pre,23,409.5919354410348,0.23193060700384602,0.09490194511634686,0.0879338144078849,0.4690882039685738,0.04475858232576835,0.08417851109500729,0.1489126692831606,2.8560926070713033,1.8927569528524246
library_books_lent,per_head,constant,2006,unweighted,pre,23,411.62473658117017,0.27992104950110375,0.14328499873880565,0.1271105255175921,0.6022580283368595,0.06544063058972815,0.11936366556859401,0.20050154788123042,3.062074316340769,1.928244729604832
library_books_lent,per_head,constant,2007,unweighted,pre,23,427.2163437655759,0.25413536129845504,0.10795595845388074,0.1020877522157197,0.4959789318386541,0.051331965668653834,0.09704968769837696,0.17201650163424298,3.43811361022063,2.0305615809583513
library_books_lent,per_head,constant,2008,unweighted,pre,23,448.1123537554546,0.29783202868042474,0.1679622146726391,0.1436111836647164,0.6651004051824807,0.0751250696714757,0.133775515179694,0.21377721999836308,3.5586755581698655,1.8456946414512252
library_books_lent,per_head,constant,2009,unweighted,pre,23,366.4948542787986,0.23226798831108747,0.09124920489763766,0.08465345636043224,0.4573380440099534,0.043142047038596365,0.08116935584893081,0.1426919025629093,3.17119241978737,1.8342608825753268
library_books_lent,per_head,constant,2010,unweighted,pre,23,375.88048678409405,0.23638665482295104,0.08744727993690832,0.08679110222928274,0.430907122911801,0.0428061341149929,0.08313139256260527,0.15370197971853983,2.7130616823467997,2.4253432375985615
library_books_lent,per_head,constant,2011,unweighted,post,23,372.72813830286196,0.2359263091248518,0.08720545784004345,0.08661050709399429,0.43011289502902506,0.042704759639528245,0.08296579559985096,0.15349124187883145,2.708637484555135,2.4474772154159137
library_books_lent,per_head,constant,2012,unweighted,post,23,327.88308495652745,0.28794347848937263,0.1379302958208481,0.13153495727151637,0.566197472157517,0.06540135695020877,0.12325137413767351,0.2168833484667546,3.437166879445651,2.385789787217614
library_books_lent,per_head,constant,2013,unweighted,post,23,316.4956401120593,0.26525864525079107,0.11042448400520395,0.1120114903938673,0.4837461209142941,0.05433414739432352,0.10596601536127614,0.19699792916451075,3.690354963808813,2.2498720291859553
library_books_lent,per_head,constant,2014,unweighted,post,23,890.6538401360642,0.2531922393790075,0.10381896215900502,0.1071865288422676,0.4707624239083783,0.05142400982820561,0.10164191233299169,0.1965141048049237,3.301982049415544,2.198651714006543
library_books_lent,per_head,constant,2015,unweighted,post,23,286.88050977302714,0.24262617820658627,0.09401124345048327,0.09581697047685522,0.4466163328884247,0.04642647964308877,0.09136969297802622,0.17516376244919185,3.5474441934865597,2.177741397694629
library_books_lent,per_head,constant,2016,unweighted,post,23,271.6915981337817,0.22324635443460747,0.08330567868015075,0.08098654673098012,0.42898822845204204,0.0402920859495457,0.077793901952119,0.14457960291930683,2.738077063355765,1.9274588606400715
library_books_lent,per_head,constant,2017,unweighted,post,23,226.1598632193202,0.2164618524783062,0.07466569727105785,0.07545169305653479,0.3962058909244191,0.036894969912655395,0.07267547433453259,0.13969087154759263,2.4981387324611775,2.228424909865808
library_books_lent,per_head,constant,2018,unweighted,post,23,224.42512746971283,0.2087816744498999,0.06771597105701188,0.06941021317794549,0.3723998071679221,0.03377602353702036,0.06705610430832709,0.13025552369239957,2.845350008131914,2.069606597334431
library_books_lent,per_head,constant,2019,unweighted,post,23,204.7779493741096,0.2741824816014429,0.11991641144699215,0.12727118175790866,0.49940691226839845,0.06003020849393459,0.1195051339269777,0.23232506023212762,3.522575208665697,2.559965655096938
library_books_lent,per_head,constant,2020,unweighted,post,23,183.69167837499754,0.2748120858459224,0.11946624251975066,0.12743414653813476,0.49780325636134887,0.059944032919347245,0.11964861188807197,0.2337375636295409,3.5877520514503276,2.388215591648787
library_books_lent,per_head,constant,2021,unweighted,post,23,180.31758299653546,0.26271636248204694,0.11487996266409603,0.12116980583709484,0.49717621423101305,0.05715895813475902,0.11411648137208896,0.22868998057667145,3.274815998186926,1.9531846970609408
library_books_lent,per_head,constant,2022,unweighted,post,23,226.01478187990716,0.2660516436933115,0.11755481400982573,0.1265381442553695,0.4973429808059276,0.05907272577116829,0.11885946154723082,0.23935237469233905,3.771246481195357,2.0786588594845874
library_books_lent,per_head,constant,2023,unweighted,post,23,229.65146862258086,0.24358591988454809,0.09896331253561148,0.10846036997751328,0.44894936466177426,0.050383432266928985,0.1027855492587163,0.21313117361460365,3.0623040907323253,1.9561849004743568
library_books_lent,share_of_national,as_printed,2005,population,pre,24,0.041666666666666664,0.30334268428845923,0.14787556967160684,0.1705582548924149,0.5359525101321196,0.0766384554789854,0.15680603197605236,0.3119200881656704,4.1580299157320555,3.4071759834816167
library_books_lent,share_of_national,as_printed,2006,population,pre,24,0.041666666666666664,0.2939289328603352,0.1365003281564436,0.14423773498973183,0.5296712664219966,0.06818631799165775,0.13431807928853745,0.25092593865766555,4.217372745704834,3.4756492967565595
library_books_lent,share_of_national,as_printed,2007,population,pre,24,0.041666666666666664,0.3035761908186432,0.14753417396971522,0.14948366562115473,0.5668639684064108,0.07198734479480973,0.13884749570393262,0.2508950287773227,4.94281061290476,2.582808930217644
library_books_lent,share_of_national,as_printed,2008,population,pre,24,0.041666666666666664,0.29397172659082466,0.1575476297305235,0.15306220645362847,0.6231017988972808,0.07452911460038159,0.14192365773505966,0.26050471642080886,3.368191220409101,2.6232419761990626
library_books_lent,share_of_national,as_printed,2009,population,pre,24,0.041666666666666664,0.24351458898876147,0.09612929948079527,0.10927591388330671,0.4257888027558872,0.050109866697769845,0.10351696874331728,0.21308567535756384,3.3963294166580016,2.577199091275823
library_books_lent,share_of_national,as_printed,2010,population,pre,24,0.041666666666666664,0.2660279853673893,0.11683246841751867,0.1264498443013542,0.4911710397567604,0.05899238072474211,0.11878165344302871,0.23691606745763472,3.7709422936449966,2.210310480540304
library_books_lent,share_of_national,as_printed,2011,population,post,24,0.041666666666666664,0.2664545539154277,0.11722138918885228,0.1269875209321112,0.49184018255766143,0.05920987502306463,0.11925533659897325,0.2379198862061762,3.7709422936449966,2.210310480540304
library_books_lent,share_of_national,as_printed,2012,population,post,24,0.041666666666666664,0.33863014083166126,0.21975089080039006,0.19538088386225244,0.7793856685662182,0.09847104870758183,0.17747868670876643,0.29665409548891364,4.054254971100367,2.374052636224921
library_books_lent,share_of_national,as_printed,2013,population,post,24,0.041666666666666664,0.20264701338081414,0.06655042519199411,0.07318146552759316,0.35869017410563964,0.034310616746893396,0.07056784517444958,0.14735882533766131,2.726237264004034,2.174249696038907
library_books_lent,share_of_national,as_printed,2014,population,post,24,0.041666666666666664,0.2322601436400746,0.08558354565626902,0.0884877409711259,0.41889455283153365,0.042709347548056664,0.08468566846796122,0.163545944628799,2.9178598443311565,2.291329983822924
library_books_lent,share_of_national,as_printed,2015,population,post,24,0.041666666666666664,0.2576223075480108,0.10905466939324324,0.11490155664751027,0.4771396054144587,0.054500761486731886,0.10854610270236853,0.21235773181428164,4.740164410239125,2.2056589799274424
library_books_lent,share_of_national,as_printed,2016,population,post,24,0.041666666666666664,0.20562954492929336,0.06842356706805958,0.07606683699780728,0.3641341981389569,0.03537631760631499,0.07324573698330017,0.15715758571278093,2.866423774824975,2.106305267204921
library_books_lent,share_of_national,as_printed,2017,population,post,24,0.041666666666666664,0.19809973575638462,0.06276435977853051,0.0686176240871259,0.34836790244209614,0.03229875252559611,0.06631637004032409,0.13842357324558197,2.6596357828585315,2.1269167656877723
library_books_lent,share_of_national,as_printed,2018,population,post,24,0.041666666666666664,0.18443536459123572,0.05589762175894375,0.0634577319211383,0.3234532188583165,0.029300135772309943,0.061486212362905746,0.13542289817275732,2.4944325517332935,1.919404551118106
library_books_lent,share_of_national,as_printed,2019,population,post,24,0.041666666666666664,0.228622570832107,0.08256062944129652,0.08673070474437351,0.41124542657817875,0.04145143147893804,0.08307601433238643,0.16614615955138323,3.368585547155467,1.9912220496333488
library_books_lent,share_of_national,as_printed,2020,population,post,24,0.041666666666666664,0.2248727111010217,0.08292397654139631,0.08420006893600403,0.42141556677099945,0.04087200798125168,0.08075267513793416,0.1599934023894869,3.219347774748277,1.803151025705736
library_books_lent,share_of_national,as_printed,2021,population,post,24,0.041666666666666664,0.23226677841474186,0.08564627713404784,0.09466805409548315,0.4067720412472567,0.04411869610309649,0.09032515280391828,0.1850477880592971,2.880831654230233,2.5692820681705912
library_books_lent,share_of_national,as_printed,2022,population,post,24,0.041666666666666664,0.23908778601025535,0.09030701316362241,0.09902636601742643,0.4199835398500133,0.04629314642148763,0.09428117248965695,0.19096209556170896,3.390589751853045,2.449616114917857
library_books_lent,share_of_national,as_printed,2023,population,post,24,0.041666666666666664,0.21339298561753722,0.0735511204133697,0.08157974252788239,0.37577710285252713,0.03803545066169267,0.07834078851191673,0.16308582102634472,2.8233391262453327,2.129283341243474
library_books_lent,share_of_national,as_printed,2001,unweighted,pre,24,0.041666666666666664,0.3022529419543416,0.14705746953776083,0.14330010308261848,0.5773909526536574,0.07041351016289332,0.1335060076456207,0.23532167145079597,4.1347414026536695,2.8486265249901614
library_books_lent,share_of_national,as_printed,2002,unweighted,pre,24,0.041666666666666664,0.31703038087859275,0.15949333662772916,0.1655881416173406,0.5845030617629698,0.07851291261124527,0.1526048308675908,0.2793587611741649,5.785345848131237,3.0493423572979186
library_books_lent,share_of_national,as_printed,2003,unweighted,pre,24,0.041666666666666664,0.3127927612908752,0.15507376458746502,0.157775694025987,0.5781338972571055,0.07578775522798253,0.14595867294296194,0.2616499671034762,5.07988688582538,3.325533704911137
library_books_lent,share_of_national,as_printed,2004,unweighted,pre,24,0.041666666666666664,0.34378264853468166,0.18936035612453667,0.1984739155388107,0.6329391970586352,0.09333734841127561,0.18001884077182606,0.31809465146974114,5.813269796130124,3.659819358964112
library_books_lent,share_of_national,as_printed,2005,unweighted,pre,24,0.041666666666666664,0.339439507250231,0.18441758139889464,0.19660783645051821,0.6259801781378033,0.0914664304884194,0.17848726249914815,0.3252856569929027,5.842397953509065,3.0934041069921605
library_books_lent,share_of_national,as_printed,2006,unweighted,pre,24,0.041666666666666664,0.294855542312848,0.13998629663967554,0.13999601477213144,0.5550150619281922,0.06793897386881009,0.1306383000036231,0.23688779195325005,4.930055879952283,2.5001861231119786
library_books_lent,share_of_national,as_printed,2007,unweighted,pre,24,0.041666666666666664,0.3100473613277026,0.16011942701332915,0.15105174281895367,0.6156577697056981,0.07526162954884386,0.1401967911335702,0.23981566519219155,3.2917092357989373,2.69946745280776
library_books_lent,share_of_national,as_printed,2008,unweighted,pre,24,0.041666666666666664,0.3441999536277091,0.20972926434194672,0.19794098053611173,0.7381367329277997,0.09696596950076974,0.17958172764442248,0.30995396586926827,3.791012172513401,3.0878852881840704
library_books_lent,share_of_national,as_printed,2009,unweighted,pre,24,0.041666666666666664,0.2775153075274529,0.12015605977668536,0.12996188472376252,0.4906137106935257,0.06085487134269718,0.12187109959168096,0.23582036434024478,4.411135895676047,2.9512191951752107
library_books_lent,share_of_national,as_printed,2010,unweighted,pre,24,0.041666666666666664,0.30091111605049414,0.14575898109880936,0.15121070642415185,0.5629952286684553,0.07175004657213813,0.1403334576886205,0.2633635113292201,4.047306196688409,3.0369771107360553
library_books_lent,share_of_national,as_printed,2011,unweighted,post,24,0.041666666666666664,0.30091111605049414,0.14575898109880936,0.15121070642415185,0.5629952286684553,0.07175004657213813,0.1403334576886205,0.2633635113292201,4.047306196688409,3.0369771107360553
library_books_lent,share_of_national,as_printed,2012,unweighted,post,24,0.041666666666666664,0.3525367720050246,0.23523506763639662,0.20508569643745772,0.8229143866439393,0.10408911391252629,0.18542249297013558,0.3029771718723512,4.36955414511832,2.6139339893103597
library_books_lent,share_of_national,as_printed,2013,unweighted,post,24,0.041666666666666664,0.2459190287726419,0.09540285975029666,0.10403709598880762,0.43516274791473536,0.04867560796367176,0.0988081338022555,0.1995992068714122,3.2348220884806254,2.3592845140055827
library_books_lent,share_of_national,as_printed,2014,unweighted,post,24,0.041666666666666664,0.24571719134070924,0.09622946019177836,0.09666058655701139,0.4519291436553513,0.047253642595012746,0.09213590487616563,0.17210763649144145,3.9004552900055467,2.407352868773582
library_books_lent,share_of_national,as_printed,2015,unweighted,post,24,0.041666666666666664,0.2894704160035984,0.13640199825759738,0.13955349040440107,0.5440425353946972,0.06691038962595552,0.13025350113184364,0.24137738602775016,5.088222179756672,2.986892122165422
library_books_lent,share_of_national,as_printed,2016,unweighted,post,24,0.041666666666666664,0.25806799998762,0.10634055018530303,0.11847613635467402,0.4585845852735148,0.05462199829204528,0.11172698716398599,0.22844370778583523,3.9226366864976137,2.288577242318221
library_books_lent,share_of_national,as_printed,2017,unweighted,post,24,0.041666666666666664,0.2366107963025379,0.0881128019613395,0.094632935256468,0.42002696872954903,0.0447057813577203,0.09029320551843167,0.18098805773868787,3.11676789452955,2.1805808725240006
library_books_lent,share_of_national,as_printed,2018,unweighted,post,24,0.041666666666666664,0.22257171141062865,0.0803237033475548,0.09132992193270492,0.39055802378502497,0.041920151256792826,0.08728346398367615,0.18603712514126192,3.817430091819699,2.1918653855727586
library_books_lent,share_of_national,as_printed,2019,unweighted,post,24,0.041666666666666664,0.25801275766713744,0.10505087759944419,0.11247694285814006,0.4635575499783755,0.05296775777673812,0.10638204885315183,0.21149185222959999,3.238312512199883,2.3281243400768674
library_books_lent,share_of_national,as_printed,2020,unweighted,post,24,0.041666666666666664,0.25685500197947203,0.10754609144438153,0.11370910513620994,0.4766453136056298,0.05372439053542044,0.1074824531060341,0.21575506948258627,3.0631678871711414,2.147491358766826
library_books_lent,share_of_national,as_printed,2021,unweighted,post,24,0.041666666666666664,0.26476899166597545,0.11085773657287552,0.12303753266518427,0.46521378527588836,0.05692226046245741,0.11576952558833675,0.23133697460096603,3.7963984720790642,2.7990958978049663
library_books_lent,share_of_national,as_printed,2022,unweighted,post,24,0.041666666666666664,0.26688260820359744,0.11252274616501415,0.12464247649448858,0.47023201875205534,0.05767626415060412,0.11718752762074114,0.23402567441285327,4.441165016134416,2.491117603599973
library_books_lent,share_of_national,as_printed,2023,unweighted,post,24,0.041666666666666664,0.2539855624237046,0.10194944748199795,0.11166049310109169,0.44815750052796083,0.05211485194492538,0.10565215677448403,0.21042982264241628,4.230277405383108,2.3066323907455013
library_books_lent,share_of_national,constant,2005,population,pre,23,0.04347826086956521,0.2765846498017347,0.12399791502854243,0.14127241158843465,0.4886319320803088,0.06428352638904711,0.13174724263373727,0.2645990935084199,3.7704396238133264,3.2983172171292225
library_books_lent,share_of_national,constant,2006,population,pre,23,0.043478260869565216,0.28006076027039706,0.12459513857936777,0.134098685984777,0.49912965352731853,0.06296888790745414,0.1254962409198247,0.23940749475957446,3.519430066232537,3.4119167888762156
library_books_lent,share_of_national,constant,2007,population,pre,23,0.04347826086956523,0.2902502780119948,0.13400608504165454,0.14015833293539914,0.5305951631435254,0.06655446066168857,0.13077940174598546,0.2445196536279487,4.94281061290476,2.68872259031393
library_books_lent,share_of_national,constant,2008,population,pre,23,0.04347826086956521,0.2687367451166446,0.1373446147369941,0.13455510002741794,0.5785245151080417,0.06539755200566955,0.12589528564407637,0.23873376393585277,2.721336166876431,2.3553542839668293
library_books_lent,share_of_national,constant,2009,population,pre,23,0.04347826086956521,0.22217573743840746,0.08295627194714084,0.09516227866472747,0.3922715004976528,0.04355259248859422,0.09077462538408176,0.1913506326620691,3.2067645181876197,2.355428992791097
library_books_lent,share_of_national,constant,2010,population,pre,23,0.04347826086956521,0.24339058437986824,0.09913279895368121,0.10769254969573948,0.448817839599388,0.05033315845634878,0.10209638526314857,0.20835648678937668,3.0507511021286153,2.1336110249479328
library_books_lent,share_of_national,constant,2011,population,post,23,0.04347826086956521,0.24322179263156546,0.09905875309115912,0.10770323735552054,0.44849595598737935,0.05031562550331792,0.10210598170021645,0.2085633007095129,3.0507511021286153,2.1336110249479328
library_books_lent,share_of_national,constant,2012,population,post,23,0.04347826086956523,0.32123706682272496,0.1959168036153541,0.17742465223440257,0.7245140257256331,0.08895084043689283,0.16257590500691943,0.2791734071410643,3.2134758618702546,2.6094786378626744
library_books_lent,share_of_national,constant,2013,population,post,23,0.043478260869565216,0.21415963327410642,0.07363155721897606,0.08115479264257494,0.37844813308522235,0.03791927766025416,0.07794904630619481,0.16291008473938995,3.596971539590965,1.8793207446862894
library_books_lent,share_of_national,constant,2014,population,post,23,0.043478260869565216,0.2123179982295201,0.07006719506246463,0.07275466921530555,0.3760078023408775,0.03516477395648687,0.07017108229580438,0.13739958043534573,2.718801739921011,2.253190577128821
library_books_lent,share_of_national,constant,2015,population,post,23,0.043478260869565216,0.23818344760214327,0.09259302870369368,0.09948718678480284,0.4340961925808715,0.046845182836253385,0.0946984503822339,0.1921790180126658,3.3955600268276322,1.8463001492129543
library_books_lent,share_of_national,constant,2016,population,post,23,0.04347826086956521,0.19198601943954816,0.06231628148918005,0.07240164604278358,0.3404956388688229,0.03293578275357689,0.06984277319442334,0.1574483107453819,2.866423774824975,1.7985396614669766
library_books_lent,share_of_national,constant,2017,population,post,23,0.043478260869565216,0.17857679475799532,0.05351050217380732,0.06074523105507945,0.31607294051272183,0.028074895107572995,0.05893703714413456,0.12942643558620937,2.474808173814716,2.1161998592540465
library_books_lent,share_of_national,constant,2018,population,post,23,0.04347826086956521,0.16434608066921594,0.047666210407027426,0.0564511482226365,0.2932412684308615,0.02551902837077802,0.05488734619964286,0.12809135912228198,2.113212056458415,1.7460895087874193
library_books_lent,share_of_national,constant,2019,population,post,23,0.04347826086956521,0.20911472808072495,0.07010030829813539,0.07599742099357236,0.37292255031351035,0.03579828917433625,0.07318140317258048,0.15335148508907825,3.110261859730536,1.8476012663365533
library_books_lent,share_of_national,constant,2020,population,post,23,0.043478260869565216,0.2057139157980229,0.07062653167207869,0.0741701837312406,0.3829935843129711,0.03542433807046552,0.07148633752510336,0.14920405837048756,2.8435384469517397,1.745323841429369
library_books_lent,share_of_national,constant,2021,population,post,23,0.04347826086956521,0.2843284705761114,0.12922183102850116,0.13644062937171036,0.5202401287710098,0.06444424644028668,0.12754188289142931,0.2440593551729755,3.1832252064743263,2.6779804050716285
library_books_lent,share_of_national,constant,2022,population,post,23,0.043478260869565216,0.26084943024864876,0.10740582646698121,0.11746719655745572,0.46296112908413384,0.054727411920533875,0.11083032090546896,0.22204528895335685,3.6538631969062196,2.666286528866714
library_books_lent,share_of_national,constant,2023,population,post,23,0.04347826086956521,0.27256641798135445,0.12323919916019488,0.12686911622942718,0.5162334014744332,0.06070788163295837,0.11915104611484306,0.22678452483114542,3.2931672316189755,2.2501977535200126
library_books_lent,share_of_national,constant,1998,unweighted,pre,23,0.043478260869565216,0.31664003289408205,0.16291059098810207,0.17268554154658222,0.5946600505498046,0.08050636445324211,0.15859784072996574,0.30737309463355256,4.600975440490419,2.635650016037274
library_books_lent,share_of_national,constant,1999,unweighted,pre,23,0.043478260869565216,0.33437926536959034,0.18124911403974314,0.21355257023090496,0.6027325511792908,0.09350057902303821,0.19229030245086587,0.4027156790991566,4.830243723152551,3.723907033889628
library_books_lent,share_of_national,constant,2001,unweighted,pre,23,0.04347826086956521,0.29684779377407466,0.14151270637346403,0.1387809858584098,0.5619723454335113,0.06809479460753609,0.12958135842438545,0.22916775127489264,3.715592758419311,2.88856468380229
library_books_lent,share_of_national,constant,2002,unweighted,pre,23,0.04347826086956521,0.30736893309775526,0.14929064439795064,0.15502723922949932,0.5623117146188542,0.07369744463248984,0.14360815028823593,0.2641575969159954,4.339903899522669,3.0383621951064343
library_books_lent,share_of_national,constant,2003,unweighted,pre,23,0.04347826086956523,0.3057471178373655,0.14686191658704062,0.1513807157812294,0.5571308583662516,0.07236627775414295,0.1404795966219352,0.2551373312426367,3.8704002948347225,3.3122103223441304
library_books_lent,share_of_national,constant,2004,unweighted,pre,23,0.043478260869565216,0.3341286376900862,0.17931270962886925,0.19015084621341227,0.6101174583534836,0.08908398389280847,0.17316560030255834,0.30995711284723837,4.649954659330188,3.5109906962478274
library_books_lent,share_of_national,constant,2005,unweighted,pre,23,0.04347826086956521,0.3281298289868956,0.1724477125062941,0.18330127882595837,0.6025485058906914,0.08567313751571504,0.16748270188422287,0.3067004055267525,4.061520618556701,3.0767830045523517
library_books_lent,share_of_national,constant,2006,unweighted,pre,23,0.043478260869565216,0.2941480844281877,0.13923040044095036,0.14010380823258542,0.5504837053581667,0.06781074968226108,0.13073200645908933,0.23796510537160442,4.189574218333156,2.562186230311126
library_books_lent,share_of_national,constant,2007,unweighted,pre,23,0.04347826086956523,0.3136296377106532,0.1604130466422445,0.15517733193303157,0.6072439571439813,0.07635754162449304,0.14373667881040397,0.2491974781923737,3.482593481814467,3.0223241881032763
library_books_lent,share_of_national,constant,2008,unweighted,pre,23,0.04347826086956521,0.3370807892930866,0.20102471498039315,0.19439518645623785,0.713667141564608,0.09412878718850115,0.17666752987194512,0.3122141753116403,3.791012172513401,3.0558510974361566
library_books_lent,share_of_national,constant,2009,unweighted,pre,23,0.04347826086956521,0.2718241384277055,0.11672680065624783,0.12744313628532672,0.48081466625251873,0.059422789620109606,0.11965652598891874,0.23424487148472062,3.685907637604484,2.952125570664179
library_books_lent,share_of_national,constant,2010,unweighted,pre,23,0.04347826086956521,0.2945197704404197,0.13983543789594619,0.146501989548797,0.5472084603841262,0.0692497303529871,0.1362759860880196,0.2591111317995586,3.7709422936449966,2.688271933245872
library_books_lent,share_of_national,constant,2011,unweighted,post,23,0.04347826086956521,0.2945197704404197,0.13983543789594619,0.146501989548797,0.5472084603841262,0.0692497303529871,0.1362759860880196,0.2591111317995586,3.7709422936449966,2.688271933245872
library_books_lent,share_of_national,constant,2012,unweighted,post,23,0.04347826086956523,0.351849693219171,0.2303198294411665,0.20470794132857162,0.8034166412975015,0.1029995119992585,0.18511472402828688,0.3062362988017674,4.36955414511832,2.6149038127647755
library_books_lent,share_of_national,constant,2013,unweighted,post,23,0.043478260869565216,0.2577714243597588,0.10426113794880192,0.1140382650693923,0.4557689039008634,0.053160065559560876,0.10777618577696935,0.21670641115141753,3.6451976208073775,2.4011693307595094
library_books_lent,share_of_national,constant,2014,unweighted,post,23,0.043478260869565216,0.23992190825700938,0.09017726293430646,0.09174179673944176,0.4334997273888628,0.044624654183314516,0.08765931152417406,0.1658813141746337,3.37611708689415,2.280508797964808
library_books_lent,share_of_national,constant,2015,unweighted,post,23,0.043478260869565216,0.28718802886363093,0.1322176765378916,0.13827305603753,0.5291192901690762,0.06560325903211006,0.12913913453983772,0.24390382882380868,5.088222179756672,2.860954895919931
library_books_lent,share_of_national,constant,2016,unweighted,post,23,0.04347826086956521,0.25930940046174533,0.1084449818389648,0.12472659171260692,0.45592642864246397,0.05655614418845356,0.11726178246138841,0.24390886132978273,3.958083561426923,2.4059814671136417
library_books_lent,share_of_national,constant,2017,unweighted,post,23,0.043478260869565216,0.23428461603165032,0.08736271894467135,0.09683709308653318,0.4119200843715313,0.04501481721358924,0.09229613467565512,0.1897018871541164,3.11676789452955,2.1323652005735436
library_books_lent,share_of_national,constant,2018,unweighted,post,23,0.04347826086956521,0.21978418739964423,0.08040930698477258,0.09432650455183834,0.3851897143179768,0.042599234906506855,0.09001440070939615,0.19651644645492572,3.817430091819699,2.0630251473770613
library_books_lent,share_of_national,constant,2019,unweighted,post,23,0.04347826086956521,0.25221389933503136,0.10110699675378759,0.11162137850225504,0.4481496154339962,0.05176392088658843,0.10561717403321258,0.21611923405675848,3.238312512199883,2.338497893763485
library_books_lent,share_of_national,constant,2020,unweighted,post,23,0.043478260869565216,0.24969524034050772,0.10267832464157409,0.11249982726089001,0.4583469125003916,0.05219992707627996,0.10640249853226069,0.22120206772442852,3.0631678871711414,2.049796102379147
library_books_lent,share_of_national,constant,2021,unweighted,post,23,0.04347826086956521,0.29974975338826576,0.14408275212578017,0.15208678530365777,0.5530975629185468,0.07160470197076774,0.1410862635829362,0.26648025196865943,3.944309707148487,2.7990958978049663
library_books_lent,share_of_national,constant,2022,unweighted,post,23,0.043478260869565216,0.28291849790461576,0.12664710313998012,0.1388789710810866,0.5056845355478271,0.06434350995984794,0.12966664241044923,0.25508945651181114,4.6827639924335145,2.449616114917857
library_books_lent,share_of_national,constant,2023,unweighted,post,23,0.04347826086956521,0.2885255023105028,0.13599478979300966,0.14029587587354012,0.5441687349488965,0.06691103721664993,0.13089894867935403,0.24548189405568133,4.230277405383108,2.3066323907455013
library_capacity,per_head,as_printed,2005,population,pre,24,3.426463696342193,0.22122783495121884,0.07889828761231564,0.08287935766775896,0.4021206599969516,0.03966221857340024,0.0795378127730656,0.1578251899746469,3.116181573291656,2.4290786951899874
library_capacity,per_head,as_printed,2006,population,pre,24,3.4936792532933616,0.23703712616482808,0.09034556631079069,0.09226899928195526,0.438258784300369,0.044681529150432886,0.08814017308791977,0.1696160024977208,3.656142304000934,2.2609624543350613
library_capacity,per_head,as_printed,2007,population,pre,24,3.554961337839881,0.21287539982816833,0.07426602199905481,0.07581907162965243,0.3961333783880069,0.036828526828866615,0.07301609092413941,0.14281368624693858,2.6499911708951154,1.895194279314207
library_capacity,per_head,as_printed,2008,population,pre,24,3.6982852366149275,0.23549466964129454,0.08890186619110019,0.09288372187105101,0.4281956830238198,0.044507699986164995,0.08870054166835295,0.17305701321172895,3.468944220287393,2.078057193261954
library_capacity,per_head,as_printed,2009,population,pre,24,3.7691839398564313,0.2304264904979496,0.08619418063826292,0.0901150671274972,0.4223519530895463,0.043160439982302456,0.08617397211479605,0.1694117798357372,2.7101547445606378,2.032548176166395
library_capacity,per_head,as_printed,2010,population,pre,24,3.778264989937177,0.2364700055840277,0.0909199170210594,0.09653453108886109,0.43126232395492625,0.045813601948041405,0.09202145642936344,0.18280681114645525,3.0213802927675597,2.1045743522629192
library_capacity,per_head,as_printed,2011,population,post,24,3.750413257773395,0.23827204495703452,0.0921573108213214,0.0977564818832232,0.43440604058180193,0.04640859817223597,0.09313028392765044,0.18451080995132974,3.088916734495709,2.1103640774010612
library_capacity,per_head,as_printed,2012,population,post,24,3.8262507619547943,0.233979191515467,0.08918976625218716,0.09212230973277766,0.43370137827596245,0.04434369541123562,0.08800640296989726,0.17153015343407618,3.048793920957376,2.012042729666198
library_capacity,per_head,as_printed,2013,population,post,24,3.8767686804290924,0.2355749646080671,0.09068131618885358,0.09577805241525039,0.4333431633645197,0.04554220480039328,0.09133433015963954,0.1817039941681533,2.6491843246321642,2.0293738366234133
library_capacity,per_head,as_printed,2014,population,post,24,3.878146374181682,0.23484876760922727,0.0892281342112054,0.09184089243728673,0.43439228644282263,0.04428698822246713,0.0877497160819456,0.1706760253890246,2.7038430393413857,2.0377967924517844
library_capacity,per_head,as_printed,2015,population,post,24,3.8922532432104275,0.22514111958713895,0.08357138432701339,0.08474273963828541,0.42420718817887765,0.04118862133913159,0.08125138839851109,0.15796102150337166,2.3939278830596944,1.9556161554181024
library_capacity,per_head,as_printed,2016,population,post,24,3.9185694770030906,0.23097171730137517,0.08619936929948199,0.08694790894620441,0.430279123502193,0.042404621688398425,0.0832751524472326,0.1593660691063684,2.9430146307656346,2.0284850460303767
library_capacity,per_head,as_printed,2017,population,post,24,3.911357243524358,0.2498008911444576,0.10104114816146659,0.10008797203781283,0.47199064183169437,0.0491347633153244,0.09524217885439268,0.177076059331987,3.0568032126509443,2.375523499302001
library_capacity,per_head,as_printed,2018,population,post,24,4.351717068098829,0.2678185573957933,0.11529939004002929,0.11667287365863431,0.5007597307919442,0.05647606851638476,0.11012375248383888,0.2065844076064468,2.9777391004302993,2.4219748468355893
library_capacity,per_head,as_printed,2019,population,post,24,3.9707699217623316,0.24742463242251103,0.10003641111101301,0.09967025028201792,0.4701066867769687,0.04874421800056794,0.09486416288152344,0.17852974661149767,3.4718294168325357,2.085246469721909
library_capacity,per_head,as_printed,2020,population,post,24,3.989148602730791,0.24968051193287416,0.10155689722063764,0.1013963316629248,0.4728164655410554,0.049531269880088824,0.09642515341125835,0.18135857622557772,3.509277285844172,2.1292682926829265
library_capacity,per_head,as_printed,2021,population,post,24,3.9833081274996665,0.24877994473924486,0.10060057125055002,0.10001562085892593,0.4710291219754774,0.04898442321395635,0.09517671619130386,0.1782424401117929,3.527020274246414,2.131169252115367
library_capacity,per_head,as_printed,2022,population,post,24,3.9982069868051853,0.25290570610723156,0.10375356389234393,0.10359740663129066,0.4778349438771078,0.05059651383639052,0.09841180220459977,0.18431473153999234,3.6317983268177754,2.259769022692133
library_capacity,per_head,as_printed,2023,population,post,24,3.9779791892478387,0.25714475459334685,0.10701989680270438,0.10755171382226228,0.4838544870245664,0.05232618264563049,0.10196991931800636,0.19136916039403729,3.407684924260416,2.3984623544769104
library_capacity,per_head,as_printed,2005,unweighted,pre,24,3.426463696342193,0.23217283117217774,0.08830683670766588,0.09256161000738942,0.4285808303577294,0.04420395110561115,0.08840695401998222,0.1754661802105123,2.7429754073260613,2.0300849603715987
library_capacity,per_head,as_printed,2006,unweighted,pre,24,3.4936792532933616,0.25498013837011285,0.10481936256761745,0.10745953733823584,0.47333150719474837,0.05176568954581651,0.10188713824744366,0.19502832602821318,2.806895979636288,2.309642125090023
library_capacity,per_head,as_printed,2007,unweighted,pre,24,3.554961337839881,0.2273278807228729,0.08533973850010212,0.08519229753024415,0.4305032270232363,0.04175648578064828,0.08166432626089071,0.15593505982979938,2.301409776272137,2.053610292238221
library_capacity,per_head,as_printed,2008,unweighted,pre,24,3.6982852366149275,0.23907852527731213,0.09231935660093527,0.0972838268723869,0.43630036506973574,0.046334033279876286,0.09270154609761305,0.1829071308824851,2.484828357325654,2.3353806024351482
library_capacity,per_head,as_printed,2009,unweighted,pre,24,3.7691839398564313,0.23745944095082733,0.09125937788195253,0.09533618540028897,0.4354901239582626,0.045613437039833005,0.09093273205256514,0.17869415972545244,2.8515810179761445,2.248988640513768
library_capacity,per_head,as_printed,2010,unweighted,pre,24,3.778264989937177,0.23763135012113717,0.09127497767976342,0.09672436848665635,0.432811236444294,0.045926065531620264,0.09219380835339086,0.1837427794267089,2.5804589693856608,2.411475697490788
library_capacity,per_head,as_printed,2011,unweighted,post,24,3.750413257773395,0.23920671494185106,0.09231474228519447,0.09804025738063707,0.43486760475050806,0.04649090483531049,0.09338759482142844,0.18616489411949189,2.6244317185018398,2.41602563801343
library_capacity,per_head,as_printed,2012,unweighted,post,24,3.8262507619547943,0.24357426028890783,0.09639840243069872,0.09979966826870142,0.4510831974428653,0.047896253194737115,0.09498129615949846,0.18519019886119004,2.596910118047259,2.253608901148426
library_capacity,per_head,as_printed,2013,unweighted,post,24,3.8767686804290924,0.23963393115652648,0.09364274570495558,0.09813964042690147,0.44216615447391955,0.046809902783578106,0.09347769224688363,0.18524664009266312,2.6692076885740565,2.3016988424960645
library_capacity,per_head,as_printed,2014,unweighted,post,24,3.878146374181682,0.2428334015872498,0.09484857648481451,0.09815350813976934,0.44662800495122085,0.04714789691615917,0.09349026355078804,0.18213505228456217,2.8276339978267853,2.19579116737943
library_capacity,per_head,as_printed,2015,unweighted,post,24,3.8922532432104275,0.24074469362525378,0.09334218263783903,0.09463755297096699,0.44703513202280776,0.045954996715943164,0.09029740627498739,0.17352287856105575,2.716207225899944,2.281822402171933
library_capacity,per_head,as_printed,2016,unweighted,post,24,3.9185694770030906,0.24576312560320762,0.0961725734090352,0.09856282319013045,0.4509528405188202,0.04759867401597129,0.09386123570179372,0.1804160982399009,2.797551994669399,2.2778859626319603
library_capacity,per_head,as_printed,2017,unweighted,post,24,3.911357243524358,0.26839400499162763,0.11444319951244425,0.11696907049544288,0.49512155940284036,0.05637082491477918,0.11038729198179464,0.20795694432901157,3.4721643793756916,2.581068523630969
library_capacity,per_head,as_printed,2018,unweighted,post,24,4.351717068098829,0.2682434355625187,0.1137103569863997,0.11898525217607794,0.4873846092683957,0.05665639757186858,0.11217910590837876,0.21564953956407373,4.044251358918139,2.63188394925124
library_capacity,per_head,as_printed,2019,unweighted,post,24,3.9707699217623316,0.26742445234600165,0.11505121316907724,0.11739842982187088,0.49820351416976677,0.05657541523047471,0.11076917350682713,0.20957200536133003,3.0010540044390055,2.431489103307717
library_capacity,per_head,as_printed,2020,unweighted,post,24,3.989148602730791,0.26798694874673656,0.11507461936516993,0.11795552223420888,0.4967690721698631,0.05672106383532016,0.11126441929144104,0.21099563481048267,2.877675438596491,2.5096679104764297
library_capacity,per_head,as_printed,2021,unweighted,post,24,3.9833081274996665,0.2677470445701319,0.11459803182526343,0.11730586731590693,0.4957064186885733,0.05646436925714704,0.11068686026364538,0.20945452255835306,2.93220903758877,2.498644251626898
library_capacity,per_head,as_printed,2022,unweighted,post,24,3.9982069868051853,0.2701229454797723,0.11667259127666367,0.11973665935436788,0.5001888658922528,0.05752389804506197,0.11284597032650312,0.21380498827055638,3.236260774987419,2.5650452873075302
library_capacity,per_head,as_printed,2023,unweighted,post,24,3.9779791892478387,0.26697476522181085,0.11508477443639234,0.11888433162772123,0.4956647190006063,0.05691880911347458,0.1120895020155438,0.21421485813201746,3.219859893174778,2.293061701594723
library_capacity,per_head,constant,2005,population,pre,23,3.511221004092409,0.22035498226657943,0.0783208378498979,0.08167074906544616,0.4014303734170927,0.03925310433381335,0.0784246617090053,0.15420258796228958,3.10082464560029,2.4290786951899874
library_capacity,per_head,constant,2006,population,pre,23,3.5790388833605293,0.2366367121863037,0.08982487688858083,0.09122540084183635,0.4376629435453045,0.04432144943717942,0.08718806086994613,0.16670843520789413,3.256337834006163,2.2609624543350613
library_capacity,per_head,constant,2007,population,pre,23,3.6249543439665772,0.21267666162082527,0.07401125624967202,0.07541227744759557,0.39572969760607274,0.03667058259168543,0.07263892255331839,0.14185644383653095,2.413796224394163,1.895194279314207
library_capacity,per_head,constant,2008,population,pre,23,3.7805919216274915,0.23516528896921823,0.08813917212893503,0.09150545588824695,0.4272031813532893,0.044006893718690154,0.08744366266696613,0.16961673568151203,2.905678114709968,2.078057193261954
library_capacity,per_head,constant,2009,population,pre,23,3.850130367301462,0.2302669521126663,0.08603039702183048,0.0898395045664174,0.4221211369996627,0.043056547497062336,0.08592212117541898,0.16877085660298197,2.5153542471662584,2.032548176166395
library_capacity,per_head,constant,2010,population,pre,23,3.859913108139881,0.23623022161393584,0.09056128470983367,0.09591670087464324,0.43077810796824956,0.045583757510736844,0.09146030652144987,0.18137914236343922,2.7078359376156698,2.1045743522629192
library_capacity,per_head,constant,2011,population,post,23,3.8322756418526103,0.2380115325121387,0.09174379467313695,0.09703584854213627,0.43385785581097347,0.04614214212359924,0.09247652784330296,0.18283213711467916,2.747591034856808,2.1103640774010612
library_capacity,per_head,constant,2012,population,post,23,3.909663101068817,0.23360189762303638,0.08842156972225441,0.09077519405778481,0.43268463063807344,0.043846734232841134,0.08677701422133466,0.16825696378128663,2.5936394295416965,2.012042729666198
library_capacity,per_head,constant,2013,population,post,23,3.9576278670961518,0.2353541647124205,0.0905089063094681,0.09549720917769922,0.4330985706470017,0.04543472861775999,0.09107910171315603,0.18109018644948993,2.4722678171389108,2.0293738366234133
library_capacity,per_head,constant,2014,population,post,23,3.9551297652541466,0.23382277435524082,0.08870430923521976,0.0910118039580284,0.433627218033826,0.04396496591218069,0.08699306625986625,0.1688610919658189,2.3970389216694636,2.0377967924517844
library_capacity,per_head,constant,2015,population,post,23,3.967215226856126,0.22452976700758556,0.08336239516126623,0.08442606638167255,0.4238815242667083,0.04106268515652223,0.08096039921185183,0.15727917509775635,2.2284603297517642,1.9556161554181024
library_capacity,per_head,constant,2016,population,post,23,3.9990550305521215,0.2301774573257391,0.08531301949858494,0.08547945408388076,0.42902684456277185,0.04184673023691354,0.08192799450919841,0.15589393398004825,2.5059363916506774,2.0284850460303767
library_capacity,per_head,constant,2017,population,post,23,3.9931878527889366,0.24875100105980258,0.10039560699915004,0.09903859089807578,0.47114511896695943,0.04873363310081258,0.0942922447265464,0.1747498035334275,2.8971508606893233,2.194958681171323
library_capacity,per_head,constant,2018,population,post,23,4.3914227915280435,0.259569003580783,0.11017729041740494,0.11166454158373676,0.48996042278366964,0.05402120099212315,0.10565577751887656,0.20023090115680842,2.9777391004302993,2.198838409382308
library_capacity,per_head,constant,2019,population,post,23,4.053128934281447,0.24541059607141022,0.09846183862180884,0.09704068761420424,0.4680768833367062,0.04775287670601103,0.09248091940416292,0.17250108577883194,2.795301832808405,2.085246469721909
library_capacity,per_head,constant,2020,population,post,23,4.073304031242555,0.24789288545115323,0.09999148065352734,0.09873381283180785,0.47084637654325195,0.04853706087965548,0.09401616279856939,0.1751826954008301,2.823264549616786,2.1292682926829265
library_capacity,per_head,constant,2021,population,post,23,4.067789604346396,0.24701320669827492,0.09903733342023306,0.09734085722231789,0.4690660315436925,0.04798834098752491,0.0927532881704829,0.17195247339417707,2.836806595776659,2.131169252115367
library_capacity,per_head,constant,2022,population,post,23,4.081447667750385,0.2503601278767307,0.10192979526182276,0.10051397818398938,0.4755460509026797,0.049442497605536984,0.09562752916037509,0.17723802146225442,2.8696289085723437,2.259769022692133
library_capacity,per_head,constant,2023,population,post,23,4.055188275171735,0.2538306973185631,0.10462749739644567,0.10369071567504946,0.48073686079063244,0.050848890124500556,0.0984959246124485,0.18301951218793366,2.702771571796158,2.314798818398012
library_capacity,per_head,constant,2005,unweighted,pre,23,3.511221004092409,0.22089797098151434,0.08033267723618626,0.08309847614798882,0.4099939512640637,0.0400302691462211,0.0797394809532207,0.15746445155658184,2.730284751937585,1.7332394760508143
library_capacity,per_head,constant,2006,unweighted,pre,23,3.5790388833605293,0.2455471199238074,0.09750102183428397,0.09924135925522991,0.45685691150268504,0.04806071767420006,0.09447587498231325,0.18083993255352515,2.548525692833121,2.132803687424637
library_capacity,per_head,constant,2007,unweighted,pre,23,3.6249543439665772,0.22172082125128703,0.08166909925548915,0.08173473261934917,0.42047728544674773,0.04002814468153115,0.07848362548796273,0.1510267157521521,2.26924322522265,2.0019728692556993
library_capacity,per_head,constant,2008,unweighted,pre,23,3.7805919216274915,0.23106157916406317,0.08643997340026535,0.09087879299350125,0.42199574370675846,0.0433831546445993,0.08687161825020995,0.17220511090646395,2.4393460239244407,2.2489477417502957
library_capacity,per_head,constant,2009,unweighted,pre,23,3.850130367301462,0.2303731757202928,0.08650433301035301,0.0908230858234563,0.42298331122338706,0.043363720564639996,0.08682074903529813,0.172756230137584,2.815473823794772,2.06998442202077
library_capacity,per_head,constant,2010,unweighted,pre,23,3.859913108139881,0.2302389891833564,0.08625261976474533,0.09179048651814777,0.41982652020818173,0.043513317998986056,0.08770373210897708,0.17696104734721885,2.543664394364513,2.2486993099885613
library_capacity,per_head,constant,2011,unweighted,post,23,3.8322756418526103,0.2316475507929579,0.08710282593131496,0.09284594451425891,0.42155642242719027,0.04397250264738428,0.0886661145332921,0.17886356929297298,2.6106397716216705,2.277659089853566
library_capacity,per_head,constant,2012,unweighted,post,23,3.909663101068817,0.23630914986947232,0.09101294347509967,0.09409646138279881,0.43799989720863747,0.04523409963281544,0.08980504065835404,0.17603492798568554,2.596910118047259,2.20805066123297
library_capacity,per_head,constant,2013,unweighted,post,23,3.9576278670961518,0.23325623097759704,0.08941250910576887,0.0943602231461735,0.4308141111447032,0.04485997509612749,0.09004508362737462,0.18100388333279493,2.6692076885740565,2.2327099883225605
library_capacity,per_head,constant,2014,unweighted,post,23,3.9551297652541466,0.23734102571516452,0.0911012076762868,0.09475110324077493,0.43657982810550444,0.045415895167435494,0.09040069738547218,0.17791861918194818,2.8276339978267853,2.19579116737943
library_capacity,per_head,constant,2015,unweighted,post,23,3.967215226856126,0.2361913227517422,0.09022210888206132,0.09207965594177342,0.43815198026228563,0.04457371369246976,0.08796750215598481,0.17092771477732294,2.716207225899944,2.165037833136943
library_capacity,per_head,constant,2016,unweighted,post,23,3.9990550305521215,0.23989584808779238,0.09168928601573754,0.09398269268952235,0.43970938280180766,0.04542235008161033,0.08970148307650949,0.17322562080234305,2.797551994669399,2.2454972009719847
library_capacity,per_head,constant,2017,unweighted,post,23,3.9931878527889366,0.2631965942624861,0.1102825489740302,0.11323892412470964,0.48463979961387477,0.05447802642943511,0.10706270963308095,0.20342789191099198,3.2082432984577354,2.581068523630969
library_capacity,per_head,constant,2018,unweighted,post,23,4.3914227915280435,0.2659842015648593,0.11243429588214296,0.11796726624246821,0.48443760183077517,0.0560853327648303,0.1112748565481535,0.2152554167608962,4.044251358918139,2.63188394925124
library_capacity,per_head,constant,2019,unweighted,post,23,4.053128934281447,0.2618605326511088,0.1103799247800876,0.11244479079344545,0.4874083757588863,0.05429361970219915,0.10635331672907866,0.20158621992214998,3.0010540044390055,2.431489103307717
library_capacity,per_head,constant,2020,unweighted,post,23,4.073304031242555,0.2621954184575454,0.11014013414912883,0.11267124183610953,0.4854470722923326,0.05429918857660099,0.10655566104087366,0.20239711491938728,2.877675438596491,2.5096679104764297
library_capacity,per_head,constant,2021,unweighted,post,23,4.067789604346396,0.2618670062601925,0.10956810262894989,0.11187792440677032,0.48420056498442643,0.05398681622282997,0.10584659485453873,0.2004755032221579,2.93220903758877,2.498644251626898
library_capacity,per_head,constant,2022,unweighted,post,23,4.081447667750385,0.26441380550548643,0.11180960174730986,0.11442931246789564,0.4891731949128823,0.05511982339535326,0.1081250193687241,0.20494427021174144,3.236260774987419,2.5650452873075302
library_capacity,per_head,constant,2023,unweighted,post,23,4.055188275171735,0.26209703127720535,0.1108243125924349,0.11410447076865284,0.4860748611589882,0.05478528858686582,0.107835254123134,0.20602096969618833,3.107544240674001,2.293061701594723
library_capacity,share_of_national,as_printed,2005,population,pre,24,0.041666666666666664,0.20637230563581288,0.07125249335515957,0.07904382797614702,0.37109444327918195,0.0368364633941628,0.0760005734672039,0.15919052044986282,3.4173622704507514,2.1195039458850053
library_capacity,share_of_national,as_printed,2006,population,pre,24,0.041666666666666664,0.20401169909668726,0.06599273805735878,0.07277451860399341,0.35518172161212597,0.03411063908482137,0.07018953864822974,0.14566255913418136,3.125757575757576,2.128723404255319
library_capacity,share_of_national,as_printed,2007,population,pre,24,0.041666666666666664,0.19300117210188728,0.05927633261619704,0.06136646702198969,0.346750461355098,0.029739797623901443,0.05952147774722938,0.1182152858752945,2.792191435768262,2.15084388185654
library_capacity,share_of_national,as_printed,2008,population,pre,24,0.041666666666666664,0.19211533863440597,0.05966059808016686,0.06210237410684371,0.34757237124637946,0.029999705938080434,0.0602133279549506,0.12033418351684799,2.9262734584450403,1.7869767441860467
library_capacity,share_of_national,as_printed,2009,population,pre,24,0.041666666666666664,0.18150974644314685,0.051967598708051496,0.05364696495297857,0.32420699690044624,0.02608268871452646,0.05223335771197957,0.10386399381087796,2.5394736842105265,1.755083179297597
library_capacity,share_of_national,as_printed,2010,population,pre,24,0.041666666666666664,0.18659768426938617,0.05490805579850734,0.0572888841237141,0.3319890995829944,0.02768114529492227,0.055678769452172205,0.11164682063812326,2.7240143369175627,1.7421665174574752
library_capacity,share_of_national,as_printed,2011,population,post,24,0.041666666666666664,0.18679004779639127,0.05501748427686258,0.05741032196427075,0.3323060076759503,0.027737511780043578,0.055793438820460284,0.11187379037891909,2.7240143369175627,1.7421665174574752
library_capacity,share_of_national,as_printed,2012,population,post,24,0.041666666666666664,0.18021316421998365,0.051762230271087575,0.05359460702485107,0.32345262947458914,0.026010101400947283,0.052183733315136704,0.1043298913397418,2.790556900726392,1.7491694352159468
library_capacity,share_of_national,as_printed,2013,population,post,24,0.041666666666666664,0.18054809134794658,0.05123390737445905,0.05269751880769806,0.3223188518767901,0.02567339590742934,0.05133307701044221,0.10181943826020623,2.300893743793446,1.749169435215947
library_capacity,share_of_national,as_printed,2014,population,post,24,0.041666666666666664,0.17412267837813727,0.04857257365115382,0.049307729754366356,0.3161619047047965,0.024184868743289956,0.04811183968663879,0.09488207141449911,2.3739754098360657,1.646472392638037
library_capacity,share_of_national,as_printed,2015,population,post,24,0.041666666666666664,0.16554783405058346,0.04398966330833089,0.04491778894420766,0.2995633799233487,0.02198743153260796,0.04392392137386525,0.08741242022109541,2.4120040691759916,1.755238893545683
library_capacity,share_of_national,as_printed,2016,population,post,24,0.041666666666666664,0.1746112172339289,0.049481518533996904,0.0504328410354671,0.3182216399290986,0.024687274489177624,0.04918221753414487,0.09712676355261951,2.5612449799196786,1.9157808667211775
library_capacity,share_of_national,as_printed,2017,population,post,24,0.041666666666666664,0.16813469000093634,0.04485677161068456,0.04606681055446299,0.30147975124901416,0.022485731192280922,0.04502184256087549,0.08980403929862324,2.256701030927835,1.6944
library_capacity,share_of_national,as_printed,2018,population,post,24,0.041666666666666664,0.209433363991132,0.06936396043703602,0.06963636563302252,0.38120622140192456,0.034228188618574906,0.06726706800490811,0.12853634201313258,2.5684995340167758,1.9070796460176993
library_capacity,share_of_national,as_printed,2019,population,post,24,0.041666666666666664,0.17655764628036558,0.04927807798901357,0.04979163799660048,0.31836512794013516,0.024494495979775488,0.04857235478058841,0.09477906851121931,2.4461382113821144,1.7824109173616378
library_capacity,share_of_national,as_printed,2020,population,post,24,0.041666666666666664,0.18011202589380199,0.05123307520043496,0.05184566140815126,0.3244665387198557,0.02547661028550552,0.050524603769321774,0.09853187258749085,2.6615853658536586,1.767669172932331
library_capacity,share_of_national,as_printed,2021,population,post,24,0.041666666666666664,0.17912392604303984,0.05079553887038721,0.05160183641690616,0.3224710704658392,0.025308390089670008,0.05029306971340086,0.09847857703038776,2.6615853658536586,1.767669172932331
library_capacity,share_of_national,as_printed,2022,population,post,24,0.041666666666666664,0.1823301676278226,0.05321609711726011,0.053049433891527775,0.3337716492798519,0.026249523312417034,0.05166686847360247,0.09946880113353984,2.610547667342799,1.662453531598513
library_capacity,share_of_national,as_printed,2023,population,post,24,0.041666666666666664,0.17433915424439136,0.047379118592653834,0.048247137161584894,0.30994997773782135,0.023665942827006514,0.047101738596472265,0.09226838288915828,2.310114503816794,1.86724960254372
library_capacity,share_of_national,as_printed,2002,unweighted,pre,24,0.041666666666666664,0.2335711001403611,0.08615906295078907,0.08893947437244201,0.4224404207394816,0.04293785662282679,0.08509905314735422,0.16392967487012866,3.121478873239437,2.305810397553517
library_capacity,share_of_national,as_printed,2003,unweighted,pre,24,0.041666666666666664,0.23324009158935863,0.08589164692792899,0.08964634333609367,0.41920748941058533,0.04304395739222833,0.08574553971393661,0.16649757811167876,3.106896551724138,2.3761467889908254
library_capacity,share_of_national,as_printed,2004,unweighted,pre,24,0.041666666666666664,0.22807954780450818,0.08180309184089969,0.08647406030741206,0.40565757394142865,0.04129257926292995,0.08284066069253915,0.16294268316963167,3.1706484641638224,2.4510703363914375
library_capacity,share_of_national,as_printed,2005,unweighted,pre,24,0.041666666666666664,0.2324788545123409,0.08537536382488344,0.09065154792288116,0.41407573312925944,0.04315575325640342,0.08666409074770609,0.1705154578322151,3.2081911262798632,2.3053221288515404
library_capacity,share_of_national,as_printed,2006,unweighted,pre,24,0.041666666666666664,0.22345602794277955,0.07696824135907979,0.0815227588287682,0.39120391629713563,0.03895415276739367,0.07828826746431572,0.15440785168804927,3.3074380165289257,2.2155844155844155
library_capacity,share_of_national,as_printed,2007,unweighted,pre,24,0.041666666666666664,0.20957431411019267,0.06911475816847835,0.07045092826018498,0.3784254331723742,0.034348311263588394,0.06802652803656317,0.13194528234472136,2.733243967828418,2.0220588235294117
library_capacity,share_of_national,as_printed,2008,unweighted,pre,24,0.041666666666666664,0.20722846674532697,0.06757888845245694,0.0691237540098587,0.3731764745603401,0.03366095460884755,0.06678881569428574,0.12973523865452896,2.818705035971223,2.3155339805825244
library_capacity,share_of_national,as_printed,2009,unweighted,pre,24,0.041666666666666664,0.1944503535322839,0.058687915169975735,0.05969865596616178,0.34721464510057315,0.02921710385724885,0.057951628527995735,0.11262466869762022,2.3592233009708736,2.1283236994219656
library_capacity,share_of_national,as_printed,2010,unweighted,pre,24,0.041666666666666664,0.20312437751484,0.06417460696962715,0.06638984077154395,0.3610087897699337,0.032169302856719484,0.06423400656139411,0.1263306503706263,2.528957528957529,2.1477541371158395
library_capacity,share_of_national,as_printed,2011,unweighted,post,24,0.041666666666666664,0.20312437751484,0.06417460696962715,0.06638984077154395,0.3610087897699337,0.032169302856719484,0.06423400656139411,0.1263306503706263,2.528957528957529,2.1477541371158395
library_capacity,share_of_national,as_printed,2012,unweighted,post,24,0.041666666666666664,0.19207626663542185,0.05803909710148599,0.05936720123124158,0.34490223508452916,0.02896395327935808,0.05763933038125679,0.11295930898678386,2.609665427509294,1.9542410714285714
library_capacity,share_of_national,as_printed,2013,unweighted,post,24,0.041666666666666664,0.19273604515895268,0.05825798851974622,0.05969056886125333,0.34501830848692855,0.02910078379023473,0.05794401005318106,0.11358948229864463,2.6096654275092934,1.8262164846077458
library_capacity,share_of_national,as_printed,2014,unweighted,post,24,0.041666666666666664,0.18521364602307222,0.05467110930022068,0.05566100633699447,0.33573076075382885,0.027227897271908996,0.05414027799915333,0.10630952745877287,2.4150731158605176,1.8104508196721312
library_capacity,share_of_national,as_printed,2015,unweighted,post,24,0.041666666666666664,0.17912897986614768,0.0511439948230895,0.05205623875079422,0.32415597317355915,0.025490745992946096,0.050724520725435096,0.09978100692284364,2.33184855233853,1.8311291963377414
library_capacity,share_of_national,as_printed,2016,unweighted,post,24,0.041666666666666664,0.18480405653450807,0.054879914996499114,0.05536435006377357,0.33765106323739974,0.027211089225066876,0.05385964115475261,0.10487071439874573,2.5220667384284177,1.8212851405622488
library_capacity,share_of_national,as_printed,2017,unweighted,post,24,0.041666666666666664,0.17488622480858723,0.04824104797269184,0.0493528033762875,0.31351463867188095,0.024123065171449465,0.0481547437667601,0.09527953638601072,2.3249176728869374,1.768780487804878
library_capacity,share_of_national,as_printed,2018,unweighted,post,24,0.041666666666666664,0.2239061628386408,0.08066573614323119,0.0784433859491376,0.4195590792040527,0.03909004135439764,0.07544559878019108,0.13934109814068707,2.736842105263158,2.233923578751165
library_capacity,share_of_national,as_printed,2019,unweighted,post,24,0.041666666666666664,0.17731665808979533,0.049918207879873853,0.049704767646593456,0.3230402588534122,0.024629315095279214,0.04848970033798361,0.09332341105325159,2.456635318704284,1.90935960591133
library_capacity,share_of_national,as_printed,2020,unweighted,post,24,0.041666666666666664,0.18247042012766748,0.05278694259680114,0.052480158104044036,0.33262987050375326,0.026011242245937427,0.051126851688698904,0.09801630781023618,2.423711340206186,1.975369458128079
library_capacity,share_of_national,as_printed,2021,unweighted,post,24,0.041666666666666664,0.18265615995034798,0.05284327988040666,0.052688385265048834,0.33231154512224315,0.026076362857303748,0.05132441228107143,0.09862606535065177,2.423711340206186,2.026600985221675
library_capacity,share_of_national,as_printed,2022,unweighted,post,24,0.041666666666666664,0.18267160755249692,0.05375994029323469,0.05291109691009009,0.33800204613703705,0.026344547251315076,0.051535669856188626,0.09809898145124285,2.312306101344364,1.9694072657743786
library_capacity,share_of_national,as_printed,2023,unweighted,post,24,0.041666666666666664,0.1831616782870726,0.05234184110897083,0.052421540203285696,0.3293519903217151,0.02589851592207626,0.05107122910643569,0.09833340548594494,2.345962113659023,2.0429389312977095
library_capacity,share_of_national,constant,2005,population,pre,23,0.043478260869565216,0.1784674624574326,0.05223007659272166,0.054801237945023354,0.3239187171933659,0.026390764400199496,0.053326708016177005,0.10858429279988147,2.4514970059880237,1.7075386012715714
library_capacity,share_of_national,constant,2006,population,pre,23,0.043478260869565216,0.1752323269912386,0.04786078156484813,0.05055258088375313,0.3068385214453852,0.02431883529718848,0.04929606149519805,0.10041560460235133,2.41852286049238,1.8190909090909089
library_capacity,share_of_national,constant,2007,population,pre,23,0.04347826086956521,0.16829183411270449,0.046140752473277896,0.04773387081722755,0.3056251652121441,0.02318432534301107,0.04661252245094638,0.09439840579240433,2.341077085533263,1.6851239669421487
library_capacity,share_of_national,constant,2008,population,pre,23,0.04347826086956521,0.1623724086552594,0.04366881073896238,0.04403556684149499,0.3005336188396538,0.02168701392915784,0.04308007775141065,0.08510552672913618,2.030697674418605,1.5567260940032415
library_capacity,share_of_national,constant,2009,population,pre,23,0.04347826086956521,0.15548079748486737,0.038618385637127876,0.039310628835521624,0.28053658854227875,0.01929560855148238,0.03854799196148717,0.07685612357775673,1.963922294172063,1.5179856115107915
library_capacity,share_of_national,constant,2010,population,pre,23,0.043478260869565216,0.15992225586082237,0.04100297557455198,0.0424199737823078,0.2874851639710267,0.020629634514890416,0.041532835046083405,0.0843200621864334,2.0411817367949863,1.5911692559280455
library_capacity,share_of_national,constant,2011,population,post,23,0.043478260869565216,0.159777516375057,0.04093847552177958,0.042355600717286696,0.2872531444498931,0.020597835927269825,0.04147113359101928,0.08421145477513681,2.0411817367949863,1.5911692559280455
library_capacity,share_of_national,constant,2012,population,post,23,0.04347826086956523,0.15162815007708297,0.037511016931834056,0.03820026657842641,0.2767667215202426,0.018741154999278975,0.037479839031147044,0.07518206107024694,2.0344218887908205,1.6076335877862593
library_capacity,share_of_national,constant,2013,population,post,23,0.043478260869565216,0.1572236642158406,0.04005304114427189,0.04149722165039024,0.2835168296119126,0.02017808048138292,0.040647999246973154,0.08237439545450376,2.0130321459600347,1.6983870967741939
library_capacity,share_of_national,constant,2014,population,post,23,0.043478260869565216,0.15386605798239716,0.03862659361025902,0.039719903886467026,0.27989089365368347,0.019382077835672473,0.038941409767520585,0.07886103528544175,1.976962457337884,1.5974702380952381
library_capacity,share_of_national,constant,2015,population,post,23,0.04347826086956521,0.1497169089247184,0.03644797559350674,0.03791458114736924,0.2698939334030157,0.018406962953040118,0.037204821761716356,0.07610411538193096,1.9874266554903603,1.5240174672489082
library_capacity,share_of_national,constant,2016,population,post,23,0.04347826086956523,0.15165983226369692,0.03789793079113029,0.038880474488390444,0.2772213104459511,0.01900093864981456,0.03813433023785573,0.07705851512073458,2.0858544562551105,1.6488388458831809
library_capacity,share_of_national,constant,2017,population,post,23,0.043478260869565216,0.14730552415000442,0.03534020596466182,0.03688171545158959,0.2653049168558923,0.017879278390263598,0.03620986991268704,0.07439484791466489,1.7512,1.534782608695652
library_capacity,share_of_national,constant,2018,population,post,23,0.043478260869565216,0.23762325154198904,0.09228837274317313,0.08980626249185553,0.4499333236868086,0.04463342826818084,0.08589173482536627,0.15762800873553884,2.883137254901961,1.9699785561115084
library_capacity,share_of_national,constant,2019,population,post,23,0.043478260869565216,0.15482096246818106,0.038281628854098755,0.039125671820912776,0.27856626378998084,0.019169262586462787,0.038370148222174105,0.07673293852934437,1.8248673237300987,1.7312223858615612
library_capacity,share_of_national,constant,2020,population,post,23,0.04347826086956521,0.15729169555780284,0.03950644768083704,0.040373124063931044,0.2830489603643362,0.019777048392038754,0.039568987634807096,0.07903890628762555,1.9691729323308271,1.6452064380685794
library_capacity,share_of_national,constant,2021,population,post,23,0.043478260869565216,0.15583328223893125,0.03886070937726605,0.03983099978919926,0.2803354578216746,0.01948336421064467,0.03904817350856338,0.07830335713628633,1.9691729323308271,1.6213793103448277
library_capacity,share_of_national,constant,2022,population,post,23,0.04347826086956521,0.16043726244533782,0.04162666656380858,0.041903334390051436,0.2931881626139147,0.020670758417359436,0.04103752521521542,0.08081451801789608,1.9137546468401485,1.6202898550724636
library_capacity,share_of_national,constant,2023,population,post,23,0.043478260869565216,0.15601818949780735,0.038291142702005385,0.03983805481431688,0.2753154778015545,0.019358631023269846,0.03905495302392237,0.07889531442614783,1.9244833068362481,1.7348596750369274
library_capacity,share_of_national,constant,2002,unweighted,pre,23,0.043478260869565216,0.21075308867999576,0.07080218621990668,0.07246022620165922,0.38351607562756024,0.03522598307069158,0.06989726035659893,0.13616116559077085,2.711009174311927,2.0629274965800275
library_capacity,share_of_national,constant,2003,unweighted,pre,23,0.04347826086956523,0.210127993152351,0.0702449628424316,0.072723814074784,0.37961357519658184,0.03515378696439986,0.07014239185126525,0.13794283278325936,2.7553516819571864,2.1346153846153846
library_capacity,share_of_national,constant,2004,unweighted,pre,23,0.04347826086956521,0.20376669733651817,0.06548819903172201,0.06832061260713038,0.36406574258830793,0.032939375538806326,0.06603901409663149,0.13099636190215747,2.840978593272171,1.877049180327869
library_capacity,share_of_national,constant,2005,unweighted,pre,23,0.043478260869565216,0.20790225006157464,0.06833997937898559,0.07146943919504528,0.3718373107511349,0.034394498820346175,0.06897526997472236,0.13672765217184335,2.6330532212885154,1.97125748502994
library_capacity,share_of_national,constant,2006,unweighted,pre,23,0.043478260869565216,0.19946374006482706,0.061376202797238315,0.0643561376045903,0.3498784024919729,0.030996575221486244,0.06232899984449869,0.12418146507862249,2.5987012987012985,2.0
library_capacity,share_of_national,constant,2007,unweighted,pre,23,0.04347826086956521,0.19505714641312386,0.060864059028881604,0.06327586691518318,0.35179420592217087,0.030569203467449624,0.06131551402577162,0.12258474237329409,2.4987745098039214,1.7423442449841604
library_capacity,share_of_national,constant,2008,unweighted,pre,23,0.04347826086956521,0.18651939012174346,0.05566263193223761,0.05696420895819964,0.33806636736335377,0.02778274074272924,0.05537212202263664,0.10930622616761532,2.3774271844660193,1.9469387755102041
library_capacity,share_of_national,constant,2009,unweighted,pre,23,0.04347826086956521,0.17730610778000047,0.04925994618840994,0.05050574198431714,0.316519881137473,0.024653979232753143,0.0492515305261475,0.09758172231351214,2.247398843930636,1.730263157894737
library_capacity,share_of_national,constant,2010,unweighted,pre,23,0.043478260869565216,0.18589853513544405,0.05456790978377957,0.05726615511559051,0.3305315625581547,0.02757888414076015,0.05565730572332761,0.11254644801386282,2.322695035460993,1.7883858267716535
library_capacity,share_of_national,constant,2011,unweighted,post,23,0.043478260869565216,0.18589853513544405,0.05456790978377957,0.05726615511559051,0.3305315625581547,0.02757888414076015,0.05565730572332761,0.11254644801386282,2.322695035460993,1.7883858267716535
library_capacity,share_of_national,constant,2012,unweighted,post,23,0.04347826086956523,0.17406841849879712,0.04863214710164196,0.05022984502544099,0.3140758706280647,0.0244152371942834,0.048989185726361795,0.09822639176652781,2.3504464285714284,1.5454545454545454
library_capacity,share_of_national,constant,2013,unweighted,post,23,0.043478260869565216,0.17956703323491296,0.05160146472091117,0.05386572979991453,0.3216455848972094,0.026036279338139012,0.05244067305892852,0.1055138830875163,2.332225913621263,1.623124448367167
library_capacity,share_of_national,constant,2014,unweighted,post,23,0.043478260869565216,0.1751108735249861,0.049679012907120595,0.05174085440157383,0.31655282362218345,0.02503284016732299,0.050425086880281134,0.10187051502497524,2.377630121816168,1.6265060240963856
library_capacity,share_of_national,constant,2015,unweighted,post,23,0.04347826086956521,0.17320689155576224,0.04806168983407682,0.04999635149787472,0.3108155028586233,0.024222531494776045,0.04876710493037806,0.0982605959188394,2.2419700214132763,1.5893169877408055
library_capacity,share_of_national,constant,2016,unweighted,post,23,0.04347826086956523,0.17374545106301476,0.04902575523153899,0.050466099150962486,0.3160014855531543,0.024566959228808027,0.0492138394159235,0.09848241645341738,2.4154639175257735,1.5658453695836874
library_capacity,share_of_national,constant,2017,unweighted,post,23,0.043478260869565216,0.16448584034088767,0.0434320321591575,0.04537394378058851,0.29446305085193974,0.021955276431564252,0.04435994064736826,0.09016658538157463,2.183505154639175,1.5988467874794068
library_capacity,share_of_national,constant,2018,unweighted,post,23,0.043478260869565216,0.23724445409901576,0.0941873535652165,0.0892577015383185,0.46251858111535116,0.044913094889204586,0.08539015316230625,0.1538808097957356,2.582942830365511,1.9826302729528535
library_capacity,share_of_national,constant,2019,unweighted,post,23,0.043478260869565216,0.16774947213969185,0.04488089334783206,0.04552917676894755,0.3033866980024648,0.022363531207268306,0.044508275996009594,0.08771112442804496,2.456635318704284,1.5163297045101087
library_capacity,share_of_national,constant,2020,unweighted,post,23,0.04347826086956521,0.17227800725315076,0.04722849892982439,0.04781715525515212,0.31167202354037543,0.023500075089555206,0.04669192148474033,0.09166594784615123,2.423711340206186,1.5590979782270606
library_capacity,share_of_national,constant,2021,unweighted,post,23,0.043478260869565216,0.17215980385920882,0.04713326870988456,0.04785597045900164,0.3109158273199001,0.02348582549758904,0.04672892361401171,0.0919790276975555,2.423711340206186,1.5995334370139969
library_capacity,share_of_national,constant,2022,unweighted,post,23,0.04347826086956521,0.17341588602204988,0.0485630858612507,0.04867985569063181,0.3181944972526392,0.024031058370660663,0.047513986130471864,0.09256181446102019,2.312306101344364,1.5606060606060606
library_capacity,share_of_national,constant,2023,unweighted,post,23,0.043478260869565216,0.1771818949887215,0.04897801350966854,0.05021718945604696,0.31483681498577615,0.024527488474822667,0.048977150066847996,0.09671262561993488,2.27783155856728,1.7019077901430841
library_readers,per_head,as_printed,2005,population,pre,24,608.0524718005372,0.24463050636436867,0.11223433754589461,0.10952294961548634,0.5299210956976921,0.053444073248128166,0.1037384047329023,0.2034624792339219,2.877318805038078,1.9666322247288637
library_readers,per_head,as_printed,2006,population,pre,24,618.1651654575743,0.2574228688227409,0.1353160427908818,0.11526441982851998,0.6445645277368689,0.059827251996332764,0.10886951981763593,0.1908456369934669,2.743894744332277,2.1113105160225514
library_readers,per_head,as_printed,2007,population,pre,24,581.4325811723226,0.25024864915504175,0.11742853963264886,0.10382295173726948,0.5685371905547755,0.053397921775624635,0.09861512807978146,0.17291884417871162,3.140009754319594,2.0032028561834965
library_readers,per_head,as_printed,2008,population,pre,24,531.7579676555274,0.25428733498154255,0.11808474150084383,0.1062400771297093,0.5624744346296465,0.054197543098074896,0.10079125729396876,0.17826532085160773,3.4298384888702373,2.0954586149598717
library_readers,per_head,as_printed,2009,population,pre,24,477.9175251943557,0.2651145747754749,0.1361409376977568,0.1173000246314674,0.6292292790218383,0.060822990499764584,0.1106816642724231,0.18989602127203398,3.171118984696403,2.0381257384183056
library_readers,per_head,as_printed,2010,population,pre,24,448.33125074540413,0.26274783405165275,0.12620544532710648,0.1149363573870088,0.5797169710464202,0.058169946450306265,0.10857712541741371,0.19329897135034135,3.229206289463804,2.051617302778158
library_readers,per_head,as_printed,2011,population,post,24,444.8477133934378,0.26411258194032156,0.12725968239630395,0.11621636320296684,0.5815389967898489,0.058720372482058414,0.10971742193258216,0.19571757739822193,3.2218036594922834,2.057551541716296
library_readers,per_head,as_printed,2012,population,post,24,370.4194433718474,0.267936283610206,0.12097581135791938,0.11545721129302843,0.5376518667495278,0.05743243608646875,0.10904130560802872,0.19533243648987053,3.2545495751776894,2.5394855740513136
library_readers,per_head,as_printed,2013,population,post,24,348.52173887497315,0.286819869047509,0.13262559356569253,0.13245632271624688,0.5387017273381193,0.06450878310934638,0.1240588079973094,0.2226921972920669,3.7523410679704896,3.1902988737440476
library_readers,per_head,as_printed,2014,population,post,24,499.8908198108623,0.2515024096303368,0.104086994670333,0.10378426590935126,0.47947261144562614,0.05074647023133494,0.09858025658522596,0.18324434235136455,2.9419318612606937,2.131948961481588
library_readers,per_head,as_printed,2015,population,post,24,337.37373376620843,0.26650685585540373,0.11914836434941839,0.11929973633735726,0.5215051662307612,0.05787827072320173,0.11245826761935473,0.21034537782416807,2.8088121632803915,2.568755303841845
library_readers,per_head,as_printed,2016,population,post,24,316.45413567809993,0.25419042328793423,0.10776952798189993,0.1030047716802554,0.5027125565847244,0.05135204726097509,0.09787733116967934,0.17723527125797034,3.029615132518932,2.363218243620655
library_readers,per_head,as_printed,2017,population,post,24,273.2296125294571,0.2758446579127651,0.1319048267279409,0.12423216974066667,0.5693920509929379,0.06197016653905252,0.11682522937934159,0.20911111226034584,3.634494624123684,2.1268970635090074
library_readers,per_head,as_printed,2018,population,post,24,267.81923957975386,0.2644486752884171,0.12213712303834479,0.11349321488333636,0.5541607971214612,0.05705313546884472,0.1072897464661472,0.19205456422468226,2.8175980935653757,2.126928251895735
library_readers,per_head,as_printed,2019,population,post,24,263.1415259143823,0.27550288336625317,0.14334641326830028,0.12695316147147906,0.6343257963341693,0.06484670739496134,0.11922507416748684,0.20834761129164892,3.174905417588177,2.1054033703597885
library_readers,per_head,as_printed,2020,population,post,24,160.98679132457258,0.3620373599751663,0.2582600206824826,0.3350896987983032,0.8046421932114834,0.1330850900309285,0.2847260757364928,0.6050071492317558,13.441793418222673,2.660427667033194
library_readers,per_head,as_printed,2021,population,post,24,174.73481033669057,0.2774339284992674,0.14415292677798047,0.1376491565355892,0.6216077627384204,0.06750434058332189,0.12859563535281104,0.23751820719740746,3.380661192360669,2.7041819396676523
library_readers,per_head,as_printed,2022,population,post,24,222.74464522646784,0.29311908372817963,0.16279899424762104,0.14319507009221247,0.6933497586403233,0.07301357173825229,0.13341499241071764,0.22938734416941298,3.553153070315605,2.8065620951609747
library_readers,per_head,as_printed,2023,population,post,24,238.59379263244054,0.2638082216369413,0.13820332795662657,0.12108663383165594,0.6426525158537705,0.06193440650013737,0.11404279759908797,0.20310569648397037,3.1492107991674585,1.9718591849807021
library_readers,per_head,as_printed,2005,unweighted,pre,24,608.0524718005372,0.3077920384815041,0.18780489076131046,0.16868379949577167,0.7228395615032246,0.08468201125121588,0.1552240202502747,0.2748686397931618,3.1579564751071283,2.0396976294132427
library_readers,per_head,as_printed,2006,unweighted,pre,24,618.1651654575743,0.34226000657514355,0.2593344480880915,0.20548638804270675,0.924724092121725,0.10870092792408426,0.18574882195601916,0.2911591304879909,2.843382271112682,2.261798342698035
library_readers,per_head,as_printed,2007,unweighted,pre,24,581.4325811723226,0.3100643317190569,0.19945064847209132,0.16535236103982973,0.7735147524896563,0.08656861995639853,0.15240500798898227,0.24767870409751336,3.1514221730071683,2.1609091812514962
library_readers,per_head,as_printed,2008,unweighted,pre,24,531.7579676555274,0.3104659954906001,0.19534044420397512,0.16418146957682972,0.7582460404729183,0.08544534622211108,0.15141198500113717,0.2482185186906285,3.4086596972806564,2.270325325476232
library_readers,per_head,as_printed,2009,unweighted,pre,24,477.9175251943557,0.3389565847515993,0.2411107273275257,0.1950937500375868,0.8713572144968396,0.1026704244979455,0.17724247910823987,0.2783710237230934,3.3330861428526863,2.545231854540426
library_readers,per_head,as_printed,2010,unweighted,pre,24,448.33125074540413,0.32084401833830356,0.20469286654542518,0.17631901994041604,0.7704164801281753,0.09040275814851662,0.16164950985190296,0.2689746697705542,3.2444157992383493,2.4506943312749936
library_readers,per_head,as_printed,2011,unweighted,post,24,444.8477133934378,0.3216911923138709,0.20503519656570593,0.17723342806352146,0.7699024808009518,0.09069695583652049,0.16241575396679198,0.27092473888375546,3.281373220681686,2.396570706027608
library_readers,per_head,as_printed,2012,unweighted,post,24,370.4194433718474,0.29691674881803193,0.16183321570632242,0.14699366380173334,0.6497989399264588,0.07419484706586321,0.1367005525645486,0.2353492621126172,3.4273339171306176,2.5785479612005027
library_readers,per_head,as_printed,2013,unweighted,post,24,348.52173887497315,0.2938826466672215,0.14182180531218463,0.14250967755547678,0.5633829346815813,0.06887055362824657,0.13282083792280241,0.24156997348489606,3.485483349545154,3.3514522168399172
library_readers,per_head,as_printed,2014,unweighted,post,24,499.8908198108623,0.2608328359805747,0.11834368094064973,0.1142136562932022,0.526114148493538,0.056484745525284485,0.10793266028112913,0.19718065149514064,2.813191217937875,2.1951901053288694
library_readers,per_head,as_printed,2015,unweighted,post,24,337.37373376620843,0.29069885846854826,0.1540220360511229,0.14173826351279106,0.627611663281935,0.07116769832652814,0.13215162565296623,0.23128014366374539,2.9321336787760006,2.613061366964211
library_readers,per_head,as_printed,2016,unweighted,post,24,316.45413567809993,0.28077485180004297,0.1423451567021717,0.12760241194977515,0.6050290850593117,0.06518804008740864,0.11979673211467623,0.20524794684661485,3.0944013586136836,2.3329431939201832
library_readers,per_head,as_printed,2017,unweighted,post,24,273.2296125294571,0.3004625983519987,0.17052692739723888,0.15020682614011105,0.6774019030425878,0.07688561999742205,0.13947002207546333,0.23583509148100557,3.185838340922844,2.370932350026964
library_readers,per_head,as_printed,2018,unweighted,post,24,267.81923957975386,0.2958115499996322,0.1694780393779667,0.14498034542302773,0.6877866658495801,0.075297257151827,0.13496070507493452,0.22422754843207404,3.0530577336190348,2.2541692751100646
library_readers,per_head,as_printed,2019,unweighted,post,24,263.1415259143823,0.3239123246984783,0.2205224355801646,0.17807456663782312,0.8247250786702277,0.09424321002853842,0.1631199821670849,0.25779684690697324,3.6113670015757604,2.2880109773786974
library_readers,per_head,as_printed,2020,unweighted,post,24,160.98679132457258,0.40528118414236436,0.32839866080787583,0.34166346771718314,0.9789224513918819,0.15112958633978113,0.2894126999585047,0.5727470803476359,3.9844668840331208,2.776614957254125
library_readers,per_head,as_printed,2021,unweighted,post,24,174.73481033669057,0.32303028229904596,0.22869265207198902,0.1862783925267154,0.8515845320178335,0.09758745034805483,0.16995751481092747,0.27565735066043995,3.2701316378553846,2.3148662991568942
library_readers,per_head,as_printed,2022,unweighted,post,24,222.74464522646784,0.34324024476442816,0.263007933574124,0.20440487825831766,0.9395197192668437,0.10922053440352886,0.18486772496838955,0.28449722576052305,3.561266672950316,2.0848865619946073
library_readers,per_head,as_printed,2023,unweighted,post,24,238.59379263244054,0.31781618357892333,0.23437260596488924,0.18007096200839628,0.883987816608204,0.097257206574207,0.16478905893748752,0.25574664304636474,2.5670970866183724,1.9264318906147377
library_readers,per_head,constant,2005,population,pre,23,617.4421787362778,0.23199904378306055,0.10080078541863449,0.08942926141574536,0.5163532640683158,0.04614008391304847,0.08554705005653152,0.1510446600191344,2.877318805038078,1.9480181987163816
library_readers,per_head,constant,2006,population,pre,23,625.1693727909123,0.23929829709144387,0.12337938091135643,0.09847687454116036,0.6302602968389169,0.05301531550321148,0.0937833509522259,0.15607643694486428,2.743894744332277,1.861261804299779
library_readers,per_head,constant,2007,population,pre,23,587.7898642089374,0.23767786647295353,0.10965100402691841,0.09363228659315216,0.557534861451773,0.049085584225567636,0.08938245303488979,0.1533835426246405,3.140009754319594,2.0032028561834965
library_readers,per_head,constant,2008,population,pre,23,537.8540311799215,0.24508309904969824,0.11238765448167443,0.09880611746365711,0.5544118873683345,0.051042676340452675,0.09408166725821288,0.16452416873154596,3.4298384888702373,2.0954586149598717
library_readers,per_head,constant,2009,population,pre,23,483.4617732548486,0.2490693082299856,0.1266285257270022,0.10422035775943345,0.617518729330308,0.05544741388832519,0.09897327268704326,0.16415113392575775,3.171118984696403,2.0381257384183056
library_readers,per_head,constant,2010,population,pre,23,453.71022291577435,0.2477698482968154,0.11628904197218523,0.1006130450619707,0.5670336721924845,0.05242050906467022,0.09571711807987071,0.16368009701065822,3.1722996467785918,1.9156582795892223
library_readers,per_head,constant,2011,population,post,23,450.2285899894185,0.24868894253543863,0.1170282621604477,0.10126691979623462,0.5686181225135379,0.05275678354594915,0.09630821253706068,0.16451553488816628,3.179525883316845,1.969991820244218
library_readers,per_head,constant,2012,population,post,23,374.32931099861065,0.26036361001231356,0.1155501738544378,0.10840954634054699,0.5296035923415906,0.05443878131427138,0.10273994839840028,0.18295463074203122,3.2545495751776894,2.4046947225555346
library_readers,per_head,constant,2013,population,post,23,351.0631939402501,0.27500630153587396,0.12321110191352731,0.12043222207901291,0.5241684408394675,0.05938674533643851,0.11346282704442312,0.2027355249409858,3.4253251480054505,3.1902988737440476
library_readers,per_head,constant,2014,population,post,23,503.5587304852486,0.24659840055665086,0.09980416562848067,0.09886849445596718,0.4714737591041557,0.048515250206848326,0.09413817395671087,0.17549963603638308,2.9419318612606937,2.131948961481588
library_readers,per_head,constant,2015,population,post,23,337.1040817092897,0.25161370640951897,0.10841771733745903,0.10809073774476174,0.5005288545134582,0.05257676333760486,0.10245384857817597,0.1948035022002571,2.763249013476863,2.424637345365903
library_readers,per_head,constant,2016,population,post,23,320.9241292984377,0.25071691869979024,0.10595458268394212,0.10046125987557358,0.5001043131942003,0.050306696907804094,0.09557985091678733,0.17233328548800264,3.013875955405136,2.0554486683749142
library_readers,per_head,constant,2017,population,post,23,277.86550078026545,0.27570032746187917,0.13182016442413802,0.12411210208314025,0.5692871482975955,0.061921344422704805,0.11671918228716094,0.2088979339193172,3.634494624123684,2.1268970635090074
library_readers,per_head,constant,2018,population,post,23,272.2798074846441,0.2634292934839633,0.12147407255712782,0.11253768313098045,0.5533268786239715,0.05666680703604343,0.10643632580290485,0.19024622724766316,2.8175980935653757,2.1257203828752247
library_readers,per_head,constant,2019,population,post,23,267.77876331611674,0.27320587720570394,0.14190623048589218,0.12482423394891179,0.6327756934088901,0.0640007135814804,0.11734797078714254,0.20435163808187506,3.174905417588177,1.7365729059182535
library_readers,per_head,constant,2020,population,post,23,165.18727906204643,0.35706283917962034,0.24617644674383746,0.2992582800729052,0.7988599154663,0.12353502343294309,0.2586320958512587,0.5628542347375449,4.528700963019621,2.660427667033194
library_readers,per_head,constant,2021,population,post,23,175.97093340877765,0.26556386006784577,0.13468621137620726,0.12571815048940366,0.6088590917880053,0.062393886908048146,0.1181366354828296,0.21880873676862966,3.380661192360669,2.5954634612640306
library_readers,per_head,constant,2022,population,post,23,226.61406841086736,0.28648781566867704,0.15829422880878904,0.13599660353164927,0.6891630588482419,0.07027920975036006,0.12715440292387048,0.21510367607172354,3.399278160560913,2.240374421752525
library_readers,per_head,constant,2023,population,post,23,241.7617986576882,0.2634422502805139,0.13791520846907912,0.12075833385735159,0.6422584328973513,0.06178548557405261,0.11375189012245923,0.20262968095908773,3.1492107991674585,1.9718591849807021
library_readers,per_head,constant,2005,unweighted,pre,23,617.4421787362778,0.299581794739332,0.1790714940194453,0.15086648891582352,0.7151906111686614,0.07879838711718423,0.14003749447849723,0.22991854206307805,2.872150146791104,2.020392044843799
library_readers,per_head,constant,2006,unweighted,pre,23,625.1693727909123,0.33518462313378655,0.2553951761929343,0.19485083476843282,0.9251883454405326,0.10545811229529534,0.17704259446707182,0.26727502344488585,2.647734267472364,2.041634000145794
library_readers,per_head,constant,2007,unweighted,pre,23,587.7898642089374,0.3062317248307085,0.1974693114330912,0.16013346513414403,0.7739017181146367,0.08492129573510299,0.14796993492963795,0.23580036513700342,2.985484636994482,2.0833348261160647
library_readers,per_head,constant,2008,unweighted,pre,23,537.8540311799215,0.30893076217502213,0.19479700699826338,0.16167432567306664,0.7593545615821164,0.08475171299595063,0.14928178348748777,0.2421610847578184,3.1589347187828714,2.058588775917477
library_readers,per_head,constant,2009,unweighted,pre,23,483.4617732548486,0.3337611307835681,0.238841253871156,0.18826626047137623,0.8721432495335372,0.10064095114211402,0.17160589074029353,0.26266534402486874,3.087200687095621,2.258173922026984
library_readers,per_head,constant,2010,unweighted,pre,23,453.71022291577435,0.3160352774320323,0.20089411117116432,0.16772325249331071,0.7688203334347954,0.0876170090571835,0.15441218337385532,0.24942790952161575,3.187241127179795,2.2882887954259727
library_readers,per_head,constant,2011,unweighted,post,23,450.2285899894185,0.316771209842644,0.20107629802001215,0.16826130655731575,0.7681576001733976,0.0877978057717892,0.1548670329572579,0.25037012581065765,3.238313749269353,2.294583922584565
library_readers,per_head,constant,2012,unweighted,post,23,374.32931099861065,0.2958071740398061,0.1611277518470573,0.14491803768322395,0.6501219595132238,0.07355558444824806,0.1349068047524401,0.23051349762803164,3.055833464419997,2.5362018730150133
library_readers,per_head,constant,2013,unweighted,post,23,351.0631939402501,0.2902937311528482,0.13841060294956622,0.1365797172526182,0.5602416197786351,0.06668631167473904,0.12766322280346898,0.2297642660396747,3.4432881273024027,2.875334507316653
library_readers,per_head,constant,2014,unweighted,post,23,503.5587304852486,0.26146565054054105,0.11842338883266587,0.11376465036652739,0.5273283775043188,0.05639310039794043,0.10753202682193364,0.19597889540100366,2.813191217937875,2.147004294765145
library_readers,per_head,constant,2015,unweighted,post,23,337.1040817092897,0.28564197891625326,0.1520220902848789,0.13753938719934206,0.6292605079561271,0.06965141943491482,0.12849997662399992,0.22373552558426246,2.834385493745064,2.426021253940958
library_readers,per_head,constant,2016,unweighted,post,23,320.9241292984377,0.28072836739950224,0.1423211062987388,0.12769735385516512,0.6040577376292923,0.0652195595606907,0.11988029632312458,0.20533408093239647,2.9837439507278445,2.168068396369117
library_readers,per_head,constant,2017,unweighted,post,23,277.86550078026545,0.30163662303176403,0.1709757349768708,0.1519389588528979,0.6754399706901042,0.07740337177842194,0.14095928402853597,0.2399950958934991,3.185838340922844,2.2722413510772235
library_readers,per_head,constant,2018,unweighted,post,23,272.2798074846441,0.2964660638281616,0.16965395061578578,0.14590928436213416,0.6859490077912239,0.07557136992651048,0.1357639006422705,0.22646430031134845,3.0513239215588577,2.0948051550023137
library_readers,per_head,constant,2019,unweighted,post,23,267.77876331611674,0.3246886828615376,0.22079143514100197,0.1787383351360124,0.8227962485418331,0.09449768224829991,0.1636752924405641,0.2587785895596635,2.9787176065895626,2.2880109773786974
library_readers,per_head,constant,2020,unweighted,post,23,165.18727906204643,0.39815984357836914,0.3157734160005256,0.31216056425545186,0.9640722958682265,0.14295551078487745,0.26813599240571306,0.5298842256843768,3.9844668840331208,2.776614957254125
library_readers,per_head,constant,2021,unweighted,post,23,175.97093340877765,0.3200874813893997,0.22912321851831896,0.18325084825715704,0.8570627983690693,0.0969643630119994,0.1674407165046774,0.2683061972754113,3.174256044536483,2.084529825006016
library_readers,per_head,constant,2022,unweighted,post,23,226.61406841086736,0.34180499322022107,0.2623324671960041,0.20195579147066797,0.93776536196375,0.10859616903088942,0.18286894869420012,0.27776922106452895,2.8428270932875903,2.0848865619946073
library_readers,per_head,constant,2023,unweighted,post,23,241.7617986576882,0.32252783539002694,0.2388116444895741,0.18493585846143853,0.8886821537971652,0.09942298818955986,0.16884240613072787,0.2627244829679125,2.5670970866183724,1.9264318906147377
library_readers,share_of_national,as_printed,2005,population,pre,24,0.041666666666666664,0.2808061961460174,0.12885476157002504,0.14777139553477803,0.5072430913955402,0.06645822196445994,0.13737170691708966,0.293288374497385,3.6486004747896175,2.7846810367158845
library_readers,share_of_national,as_printed,2006,population,pre,24,0.041666666666666664,0.2537717249155135,0.10466017327943093,0.12078276184651932,0.44939527278105956,0.05456112142472913,0.11377353911726584,0.24603639735172378,3.563928923328713,2.579881741726226
library_readers,share_of_national,as_printed,2007,population,pre,24,0.041666666666666664,0.21954258885804434,0.07805604346069762,0.09046499784898275,0.383273402862051,0.04104294816960119,0.08649369197288281,0.1929274609341517,3.2201887077697444,2.246107510689219
library_readers,share_of_national,as_printed,2008,population,pre,24,0.041666666666666664,0.22498849374632865,0.0825881199553434,0.09555526171739118,0.39557986434048414,0.04331714169082679,0.091131865348134,0.20372443124618167,3.196971153846154,2.460161492095985
library_readers,share_of_national,as_printed,2009,population,pre,24,0.041666666666666664,0.24203773501786763,0.09492141931589478,0.10895898685023811,0.42706088912399254,0.04948327105654282,0.10323280400865953,0.2241540018362277,3.312412802414146,2.531548187022901
library_readers,share_of_national,as_printed,2010,population,pre,24,0.041666666666666664,0.2350188786711717,0.09017424568496657,0.10479814544554263,0.41376335610563475,0.04732481430459945,0.09949372446514748,0.2201019546290296,3.3889931134131133,2.3341054107540624
library_readers,share_of_national,as_printed,2011,population,post,24,0.041666666666666664,0.23511921944278893,0.09026943885155374,0.1049286183539952,0.41395624997414254,0.04737837670698164,0.09961120847358962,0.22034164267443723,3.3889931134131133,2.3341054107540624
library_readers,share_of_national,as_printed,2012,population,post,24,0.041666666666666664,0.23381440612333074,0.0892847338290748,0.09806246516801378,0.4224208109550115,0.0456519447366609,0.09340772845339296,0.19507703889021422,3.022402725009826,2.5490953399084995
library_readers,share_of_national,as_printed,2013,population,post,24,0.041666666666666664,0.23874180300382886,0.09504044668361802,0.10447429497706645,0.43519564219346274,0.04860651254254944,0.09920204785869624,0.20407697435038497,3.59571367452805,2.6374966479804884
library_readers,share_of_national,as_printed,2014,population,post,24,0.041666666666666664,0.218842576128638,0.075584767174778,0.07779398139407308,0.39361419803609643,0.03770884434207822,0.07484499394398325,0.14534808715910819,2.9716950330266476,2.3097524745194358
library_readers,share_of_national,as_printed,2015,population,post,24,0.041666666666666664,0.24840351774094732,0.09815437992114003,0.10887559871137972,0.4392046364934857,0.05040887128415683,0.10315802114323813,0.21314137752044493,3.1071821388386707,2.472459755743598
library_readers,share_of_national,as_printed,2016,population,post,24,0.041666666666666664,0.2376845439057853,0.09058986393975446,0.09930772531306974,0.42585743973490525,0.0462429860252872,0.09453596905464445,0.19862101313497738,3.255426728271293,2.2678833376477696
library_readers,share_of_national,as_printed,2017,population,post,24,0.041666666666666664,0.24734004412686716,0.1006366956830262,0.10620430225645791,0.46084835387884915,0.050298301783065824,0.10075908763974195,0.20318392827064313,3.188936781609195,2.1726560320559964
library_readers,share_of_national,as_printed,2018,population,post,24,0.041666666666666664,0.2409456871484233,0.09413478771704094,0.09934724616968527,0.4424002092702779,0.047179377535062295,0.09457175306166965,0.18985871633191864,3.3621807765959155,2.2787505159580843
library_readers,share_of_national,as_printed,2019,population,post,24,0.041666666666666664,0.23218096931046256,0.091853762956635,0.09433908249631887,0.44403373319879713,0.045410186115278806,0.09002584638576094,0.17848603398235763,3.1805878621272994,1.843524250096099
library_readers,share_of_national,as_printed,2020,population,post,24,0.041666666666666664,0.3419849790902574,0.19675034746737163,0.25980374498361825,0.6030726935449434,0.10676732469234651,0.22879707660493542,0.47264267868903687,12.114914895663045,3.0159073055773757
library_readers,share_of_national,as_printed,2021,population,post,24,0.041666666666666664,0.2965256695685074,0.14360948775295293,0.14971024147760081,0.558813296702169,0.07082994338038429,0.13904258996746455,0.26348604440100776,3.9317001807177077,2.4610207274987674
library_readers,share_of_national,as_printed,2022,population,post,24,0.041666666666666664,0.2906400107904474,0.13992155251209953,0.13731765061533033,0.5643198890627245,0.06716727298301983,0.12830671175969655,0.23232521470230094,4.249060712150969,2.4519733972961184
library_readers,share_of_national,as_printed,2023,population,post,24,0.041666666666666664,0.23486413209780826,0.08725352557601473,0.0929554003331531,0.42003287423196367,0.044074126821675,0.08876585987105867,0.17842433899782528,3.6479792684615537,2.203389588712784
library_readers,share_of_national,as_printed,2000,unweighted,pre,24,0.041666666666666664,0.3006476654601228,0.1432469305096506,0.15704264489387937,0.5420570509951028,0.07239607656125935,0.14533238916903535,0.28710653857878365,3.965884075008932,2.9289366674456647
library_readers,share_of_national,as_printed,2001,unweighted,pre,24,0.041666666666666664,0.29236745881111015,0.13588655019036192,0.15633014502225834,0.5173311750982241,0.07029153964446777,0.14472322161590856,0.29882581393924157,4.010023992986665,3.0895523815901504
library_readers,share_of_national,as_printed,2002,unweighted,pre,24,0.041666666666666664,0.2911791721129262,0.13741776907005468,0.15617667288937517,0.5276857809157678,0.0705102656296901,0.14459195039154515,0.29913339957234597,4.664936428321474,2.5742525305190487
library_readers,share_of_national,as_printed,2003,unweighted,pre,24,0.041666666666666664,0.2897499476164256,0.1354879356723422,0.15664234249507653,0.5179728045847588,0.07016808855595191,0.14499019518827438,0.3022185663271041,5.008698633071946,2.8265283732235087
library_readers,share_of_national,as_printed,2004,unweighted,pre,24,0.041666666666666664,0.298253375585552,0.14616773643192177,0.1663739951294494,0.5469125923406389,0.07482207307082112,0.15327049774481327,0.31762883593315716,5.746604443825311,2.9486487888375947
library_readers,share_of_national,as_printed,2005,unweighted,pre,24,0.041666666666666664,0.29790831768664494,0.14630730659352514,0.1699668230044397,0.5436100521826525,0.07555168969663517,0.15630719267541993,0.3294948160524217,6.1742718519974,2.366755262514492
library_readers,share_of_national,as_printed,2006,unweighted,pre,24,0.041666666666666664,0.28255024723084654,0.1288760594909396,0.15234290649758636,0.498324578689422,0.06755939005240086,0.14130622142545424,0.3013787545337743,4.510205361735225,2.6459610213931426
library_readers,share_of_national,as_printed,2007,unweighted,pre,24,0.041666666666666664,0.2540039880425437,0.10412681885874753,0.12298478034641906,0.4437470828359666,0.05489297188701625,0.11572287915014567,0.25371210280931134,3.342577585689417,2.555505162340261
library_readers,share_of_national,as_printed,2008,unweighted,pre,24,0.041666666666666664,0.2609289053346469,0.1107753854587419,0.1322145669445495,0.45772275691671804,0.05854432855555014,0.12384701855884661,0.2733684750404535,3.799255330359338,2.7551057692307697
library_readers,share_of_national,as_printed,2009,unweighted,pre,24,0.041666666666666664,0.2744354319152111,0.12299832347412937,0.1460828675770904,0.4851447284093416,0.06471264069647875,0.13591390450342566,0.2915646191331589,4.636845965388637,2.801814743238635
library_readers,share_of_national,as_printed,2010,unweighted,pre,24,0.041666666666666664,0.26682481654749357,0.11558697011522387,0.13680182959462894,0.4700535154590732,0.060787142669358696,0.12785695805178188,0.27864371012116484,3.9171286277532382,2.99179668837903
library_readers,share_of_national,as_printed,2011,unweighted,post,24,0.041666666666666664,0.26682481654749357,0.11558697011522387,0.13680182959462894,0.4700535154590732,0.060787142669358696,0.12785695805178188,0.27864371012116484,3.9171286277532382,2.99179668837903
library_readers,share_of_national,as_printed,2012,unweighted,post,24,0.041666666666666664,0.26785699840941213,0.11596905777847562,0.1287182953319585,0.48397330520162796,0.05924064379837868,0.12077838850536349,0.2469017983545756,4.198660520135689,2.142527065493134
library_readers,share_of_national,as_printed,2013,unweighted,post,24,0.041666666666666664,0.280229915879834,0.12599975213905334,0.13819583998918683,0.5053959741436587,0.06398266361354077,0.12907188750890897,0.25600303133611213,3.4736316484649334,2.619444890101075
library_readers,share_of_national,as_printed,2014,unweighted,post,24,0.041666666666666664,0.24277902445980054,0.09264925420731265,0.09398174833446836,0.44112517163907833,0.045736559101709595,0.08970062343109808,0.16975491625232952,2.8478383031103105,2.562792488844612
library_readers,share_of_national,as_printed,2015,unweighted,post,24,0.041666666666666664,0.2850939208224346,0.12948349227685907,0.1455459751670607,0.5065011965004612,0.06647285551525473,0.1354498586769468,0.2725835810912982,4.946037991284849,2.401635924600817
library_readers,share_of_national,as_printed,2016,unweighted,post,24,0.041666666666666664,0.27890129093341137,0.12519690419910415,0.14006751165228987,0.5023138007947741,0.06404750994215647,0.13070045443095146,0.2672822904135821,4.7682120659741285,2.338541931546559
library_readers,share_of_national,as_printed,2017,unweighted,post,24,0.041666666666666664,0.2856929894982679,0.13342678100975425,0.1438011675337356,0.5316487458619051,0.06690315163000216,0.1339400682270514,0.26442717956240214,4.84777511595902,2.396061912225705
library_readers,share_of_national,as_printed,2018,unweighted,post,24,0.041666666666666664,0.2790761818578301,0.12509926821354378,0.1335167550412367,0.5122266169283893,0.062656768549743,0.12498719202088593,0.24417224527016734,3.943722002348541,2.663715442253036
library_readers,share_of_national,as_printed,2019,unweighted,post,24,0.041666666666666664,0.2664430035713487,0.11863242173737543,0.12719490308738357,0.4991017861594495,0.059574957876191825,0.11943796838757248,0.2361932354289502,3.677925895366527,2.252786650153184
library_readers,share_of_national,as_printed,2020,unweighted,post,24,0.041666666666666664,0.3332425737399921,0.18179978631540974,0.22467402844233975,0.5912644801476754,0.09613749542486771,0.20122344523621583,0.4110754721674855,9.378265839320704,3.4396744811109445
library_readers,share_of_national,as_printed,2021,unweighted,post,24,0.041666666666666664,0.32132597594225587,0.16699713102864203,0.17588303091490115,0.6027149272114736,0.08248305785628018,0.16128391854755608,0.29764461429555,4.449889590516406,3.718841767397391
library_readers,share_of_national,as_printed,2022,unweighted,post,24,0.041666666666666664,0.31334336737788393,0.15926140314083706,0.15830799405623958,0.6013775391522083,0.07668688258970624,0.1464131581952035,0.26156256052577,3.528809120320444,2.9476386036960984
library_readers,share_of_national,as_printed,2023,unweighted,post,24,0.041666666666666664,0.27528867332135326,0.11835201770443651,0.12785766393524356,0.48874986893817385,0.05987300249056726,0.12002137707466443,0.23397185960129996,3.6702127659574466,2.8032948465221064
library_readers,share_of_national,constant,2005,population,pre,23,0.043478260869565216,0.2518104561859134,0.10385338671117669,0.11519352802578052,0.458408609843,0.05299612143866839,0.10880634373211273,0.23646909429979956,3.621438188877755,2.4773098032081022
library_readers,share_of_national,constant,2006,population,pre,23,0.04347826086956521,0.23219563704974683,0.08767142879992132,0.10211859388520975,0.40837072179206885,0.046026329715463166,0.09707753576403166,0.2191024204761457,3.3661608593466568,2.3759681725660204
library_readers,share_of_national,constant,2007,population,pre,23,0.04347826086956521,0.20183938400422302,0.06781514107590529,0.08069513047292307,0.3528779974284513,0.03615166195096642,0.07752511693960917,0.18134500279208476,2.9748934037676324,2.123735848816735
library_readers,share_of_national,constant,2008,population,pre,23,0.04347826086956523,0.20825497824784434,0.07326563454653272,0.08786099604022668,0.3666111750300624,0.039130080454038874,0.08411182004098261,0.1979397928687886,2.7172909226129667,2.1797131629328588
library_readers,share_of_national,constant,2009,population,pre,23,0.043478260869565216,0.2227562244663899,0.08137668358784646,0.09569538711790428,0.39064648573931865,0.04298859541466926,0.09125921193706243,0.20814160495188827,2.7779906047946747,2.3170309490576484
library_readers,share_of_national,constant,2010,population,pre,23,0.04347826086956521,0.21233646597590566,0.0750827752631299,0.08927682773916441,0.37341894953949545,0.0399066932661275,0.08540764600664619,0.1996350492303104,3.0594769729229343,1.977221812933199
library_readers,share_of_national,constant,2011,population,post,23,0.04347826086956521,0.21196685599268847,0.07486241376636316,0.08905373605817382,0.372810681446959,0.03979843185733012,0.08520358529969552,0.19935264546371045,3.0594769729229343,1.977221812933199
library_readers,share_of_national,constant,2012,population,post,23,0.043478260869565216,0.2221596298273416,0.08190856215990623,0.09378359082898322,0.3965631949374851,0.0427717571318762,0.08952022290412343,0.19566147913106002,3.022402725009826,2.1367481836927404
library_readers,share_of_national,constant,2013,population,post,23,0.04347826086956521,0.2296077234614333,0.0878561689505025,0.1002370789412622,0.4107022310950967,0.04579322459365198,0.09537707443429422,0.20440562653591687,3.59571367452805,2.5189520038312834
library_readers,share_of_national,constant,2014,population,post,23,0.043478260869565216,0.22298857902613142,0.07865940748802644,0.08423232804999355,0.3936265184117065,0.04000016313483645,0.08078232876386893,0.16106332061674122,2.9716950330266476,2.5641610165752353
library_readers,share_of_national,constant,2015,population,post,23,0.043478260869565216,0.25601243046316147,0.10476381494364773,0.11970575942566147,0.44776584466037755,0.05451348044723614,0.1128185569067005,0.236132737445238,3.5059482420763852,2.7436982294759873
library_readers,share_of_national,constant,2016,population,post,23,0.04347826086956521,0.2240911661086352,0.08200204978395596,0.09430586791916826,0.3962778752367205,0.04288149989549195,0.08999562147708018,0.19925413909211598,3.255426728271293,2.2678833376477696
library_readers,share_of_national,constant,2017,population,post,23,0.043478260869565216,0.2362025919601302,0.09291242343465865,0.1024989500102203,0.4332728163368507,0.04749712363513081,0.09742090254874414,0.20541507180888874,3.188936781609195,2.1423659302049343
library_readers,share_of_national,constant,2018,population,post,23,0.043478260869565216,0.22856789596415023,0.08586717745799757,0.09494055404093966,0.4132240749514066,0.044064004153868463,0.09057300537872359,0.19089313354798054,3.3621807765959155,1.7614891361404736
library_readers,share_of_national,constant,2019,population,post,23,0.04347826086956521,0.22092636071642013,0.0832863643976875,0.08958799429091795,0.4135445665825579,0.04215235502306425,0.08569219228276015,0.17857706190234268,3.1805878621272994,1.714543221837928
library_readers,share_of_national,constant,2020,population,post,23,0.043478260869565216,0.3069352027444212,0.15809909969077032,0.20281295904516827,0.544462935953353,0.08518782593963081,0.18356906683334595,0.40338885977768746,10.286005878510776,2.979145785508746
library_readers,share_of_national,constant,2021,population,post,23,0.043478260869565216,0.2878304502629835,0.13507080875510372,0.14844639747975563,0.5271462184141487,0.06844264078258988,0.13795378621828125,0.2728279144239645,3.9317001807177077,2.4445812574589403
library_readers,share_of_national,constant,2022,population,post,23,0.043478260869565216,0.2715299445565508,0.12272268970261152,0.12477049912091535,0.5193575552922197,0.06005307489520395,0.11730054035784931,0.22262419546817191,4.249060712150969,2.197563636955849
library_readers,share_of_national,constant,2023,population,post,23,0.04347826086956521,0.24535608534189032,0.09607346639879091,0.10476129413264303,0.4357103439519537,0.04902171916554465,0.09946053901516072,0.20101636410714951,3.762418151965342,2.604058404880253
library_readers,share_of_national,constant,1995,unweighted,pre,23,0.04347826086956523,0.3030147780346372,0.14429921189314676,0.16106672873978606,0.5340097160980819,0.0738083321532228,0.14876473264470147,0.2873401272126054,4.666322797172017,3.2694546694734865
library_readers,share_of_national,constant,1996,unweighted,pre,23,0.04347826086956523,0.2851187402011869,0.13251449194222895,0.15555347880794299,0.5159940551044435,0.06872203331986626,0.14405869901552715,0.324682263114338,4.086622016142882,2.656327661108265
library_readers,share_of_national,constant,1997,unweighted,pre,23,0.04347826086956521,0.26955824631079944,0.11839648732753148,0.13420397308779314,0.48752878939789546,0.06083481006665803,0.12558831004026416,0.2713017767595849,3.788088450409473,2.435592692110073
library_readers,share_of_national,constant,1998,unweighted,pre,23,0.043478260869565216,0.2882522484112054,0.13501417043872346,0.15431352012647415,0.5249979565925591,0.06925832479455285,0.14299670889267468,0.3093737202819282,3.776512981805684,2.739947963759157
library_readers,share_of_national,constant,1999,unweighted,pre,23,0.043478260869565216,0.290790259093249,0.13706121211682729,0.15650745479364897,0.5256292878566633,0.0704798878975822,0.14487485710233572,0.30265396198922323,3.6739753018535066,2.889098679335303
library_readers,share_of_national,constant,2000,unweighted,pre,23,0.043478260869565216,0.2860924978899103,0.13028200374101512,0.14677305365847781,0.5111025993608447,0.06677935578609073,0.1365100789403424,0.2813806366081748,3.359814087917667,2.634715483388132
library_readers,share_of_national,constant,2001,unweighted,pre,23,0.043478260869565216,0.2700964840487593,0.1168687836386411,0.13471036376557105,0.4785519557430789,0.06066338898636636,0.126030991874163,0.2704141825299513,3.8429488951039676,2.4767170772109575
library_readers,share_of_national,constant,2002,unweighted,pre,23,0.043478260869565216,0.2734738246409302,0.1223254127679813,0.13983214077482242,0.495597569809305,0.06307010104981137,0.13049582255288183,0.2790889985813503,3.097042737524805,2.4082904430315875
library_readers,share_of_national,constant,2003,unweighted,pre,23,0.043478260869565216,0.2712106188338071,0.12029694305975916,0.14148502027049215,0.4844721899548163,0.06290607486482436,0.1319318210859871,0.2872181267290713,3.150195391456677,2.561419743644651
library_readers,share_of_national,constant,2004,unweighted,pre,23,0.043478260869565216,0.2832178567801449,0.13282626633759928,0.1537623513270508,0.5172630677586357,0.06863080589967341,0.1425242252204454,0.3071385255854183,3.7547899695080327,2.8058736426456066
library_readers,share_of_national,constant,2005,unweighted,pre,23,0.043478260869565216,0.2802476854476809,0.13014674225410888,0.15154139603924338,0.5110278647631109,0.06742452292307666,0.1406176934871013,0.3072875781760871,3.5564997083380487,2.349135771543086
library_readers,share_of_national,constant,2006,unweighted,pre,23,0.04347826086956521,0.27225243617362455,0.12076305978474008,0.14563086818760268,0.4780255677177503,0.06395454286167457,0.13552324983461117,0.2985369195567975,3.4156263656919186,2.499132451062353
library_readers,share_of_national,constant,2007,unweighted,pre,23,0.04347826086956521,0.24843096423250027,0.10116618418094331,0.12267140919351346,0.43242097524594464,0.05400846231381429,0.11544572878610015,0.26002654926384516,3.3140635229234037,2.5676834728600655
library_readers,share_of_national,constant,2008,unweighted,pre,23,0.04347826086956523,0.256788165877782,0.10930900072083564,0.13456547156892373,0.4484232552116051,0.058629257430686144,0.1259043514103887,0.2846534518176512,3.799255330359338,2.3757712959406336
library_readers,share_of_national,constant,2009,unweighted,pre,23,0.043478260869565216,0.2675384124206989,0.1182552586195004,0.1442899834737566,0.4701112669292208,0.06303790431953915,0.13436330867494928,0.29665053047798084,4.636845965388637,2.3497720535977398
library_readers,share_of_national,constant,2010,unweighted,pre,23,0.04347826086956521,0.2585704629028082,0.10978954951187365,0.13346966338862054,0.4527944445279928,0.058501377692649736,0.12494598525145784,0.28131877665928195,3.9171286277532382,2.70090046495971
library_readers,share_of_national,constant,2011,unweighted,post,23,0.04347826086956521,0.2585704629028082,0.10978954951187365,0.13346966338862054,0.4527944445279928,0.058501377692649736,0.12494598525145784,0.28131877665928195,3.9171286277532382,2.70090046495971
library_readers,share_of_national,constant,2012,unweighted,post,23,0.043478260869565216,0.26941015938493124,0.11734993936947134,0.13427438996778818,0.4795848000393774,0.06082477277970433,0.12564988121545206,0.26132852891524816,4.198660520135689,2.6399842787894667
library_readers,share_of_national,constant,2013,unweighted,post,23,0.04347826086956521,0.28268343557862236,0.12755396447224113,0.14359764758106722,0.5020150762868735,0.06557616659669141,0.1337637898132501,0.26928292193209835,3.6069231017041976,2.7614444622707097
library_readers,share_of_national,constant,2014,unweighted,post,23,0.043478260869565216,0.25520293913767905,0.10166021645347906,0.10536046999920881,0.4571036168669932,0.05065853573319401,0.09999995890724345,0.18994318403307964,3.1102211201398613,2.629523897228106
library_readers,share_of_national,constant,2015,unweighted,post,23,0.043478260869565216,0.3000030989418099,0.1426642176020799,0.16172086083342624,0.5305076609082158,0.07336622982648744,0.14932137087500297,0.297108562821798,5.1989465668232,2.800010113907888
library_readers,share_of_national,constant,2016,unweighted,post,23,0.04347826086956521,0.2801548823977182,0.1260421393432221,0.1461493483767365,0.49522120510097545,0.0656038046646269,0.13597134772856045,0.2833835004682078,4.7682120659741285,2.4698418349183746
library_readers,share_of_national,constant,2017,unweighted,post,23,0.043478260869565216,0.28610789624835714,0.13373523126857645,0.14916535139743653,0.5232146798413188,0.06818280035457669,0.13857333498071034,0.2790064613045947,4.84777511595902,2.7361709770114944
library_readers,share_of_national,constant,2018,unweighted,post,23,0.043478260869565216,0.27927269379252156,0.12554217093504408,0.1388428051023303,0.5041396507800769,0.06397505130915493,0.12963516538353193,0.25863157891004296,3.943722002348541,2.803720609766601
library_readers,share_of_national,constant,2019,unweighted,post,23,0.04347826086956521,0.26499622998840777,0.1184656552464375,0.13169674730273012,0.4899737254074645,0.06054873319800658,0.12339321185094465,0.24971300483610792,3.924090452002166,2.2664917541229386
library_readers,share_of_national,constant,2020,unweighted,post,23,0.043478260869565216,0.30992400824902683,0.15712512432314102,0.19091151387278224,0.5501472804094018,0.08285519918506312,0.17379430734119183,0.36468834365294256,5.036613171972289,3.0159073055773757
library_readers,share_of_national,constant,2021,unweighted,post,23,0.043478260869565216,0.32777319716815356,0.17293313452644826,0.1873887348258847,0.6039820487971385,0.08654624325978078,0.17087863461856323,0.31754178390424326,4.999302676945725,3.9204398005873107
library_readers,share_of_national,constant,2022,unweighted,post,23,0.043478260869565216,0.31037472746051764,0.15581442018618114,0.16031834684829915,0.5848084878865835,0.07632440776994953,0.14812744514775011,0.27128723045980174,3.528809120320444,2.9476386036960984
library_readers,share_of_national,constant,2023,unweighted,post,23,0.04347826086956521,0.2872573671663883,0.12929919931252568,0.14133079359811207,0.5087788387029467,0.06565682631353409,0.13179793149494667,0.25571788930542694,4.321140687974506,3.1067908436255385
library_subscribers,per_head,as_printed,2005,population,pre,24,17.915680398075995,0.2530032637428773,0.10656782827504752,0.11965165830852148,0.4554091553872069,0.0550374967215147,0.11277055810114023,0.22809535709952589,3.790286572280461,2.274967495319326
library_subscribers,per_head,as_printed,2006,population,pre,24,19.123797158510367,0.2543366136170362,0.10441283555468636,0.11418286227217547,0.4560934194375296,0.05326468152069441,0.10790518951774764,0.21489622069889824,3.0580179294350605,2.424993747137032
library_subscribers,per_head,as_printed,2007,population,pre,24,18.496307251804463,0.24937312762967506,0.10463982904049333,0.11166785591701386,0.466914026176672,0.05266208491085511,0.10565874166878264,0.20798566218285164,3.232898789288111,2.594128766409828
library_subscribers,per_head,as_printed,2008,population,pre,24,16.516200936999596,0.2765100557983278,0.12981550425605878,0.1319418108231583,0.5430586926854406,0.06330214831110625,0.12360800987582521,0.23398773546821616,3.4752216008930468,2.4550312110204544
library_subscribers,per_head,as_printed,2009,population,pre,24,15.41812874653863,0.2690698326593745,0.12412212451675456,0.13410856641605856,0.5112487882889557,0.06248705928804921,0.12550488135143578,0.2472924422857692,3.926351822085028,2.3092020610220483
library_subscribers,per_head,as_printed,2010,population,pre,24,17.508461049197887,0.29929746462987417,0.15027885791981757,0.17811849646199163,0.5427069047206653,0.07854119206098209,0.16315674535161162,0.3346714057389214,5.791065104403225,2.620533269352138
library_subscribers,per_head,as_printed,2011,population,post,24,17.36630933160794,0.29996860107408513,0.15056337936508618,0.1778797315563571,0.5439276200636542,0.07856958962353033,0.16295691269532153,0.33348011553753387,5.772066928739332,2.639973633682203
library_subscribers,per_head,as_printed,2012,population,post,24,15.003143260421306,0.2443646700392944,0.1025383151232966,0.12183886400685938,0.43977409341113594,0.054272450091774505,0.11470899074396668,0.24865705054596154,4.1717817673579205,1.8597854522491712
library_subscribers,per_head,as_printed,2013,population,post,24,15.241582440132108,0.2670558156657868,0.1125578712580565,0.1197434901547196,0.48143168525442126,0.05655377524064975,0.11285203027786339,0.21889618063295002,3.9657655488929904,2.7803814762975905
library_subscribers,per_head,as_printed,2014,population,post,24,21.657100866091483,0.3833732933118849,0.33824454617754496,0.27505077663264277,1.0982813703602767,0.1403617346925604,0.24046644431052544,0.3882701282208534,4.94733910429966,2.0515929004369315
library_subscribers,per_head,as_printed,2015,population,post,24,18.440623786151544,0.2521667399400278,0.10926770041979723,0.11326320462674216,0.4886941687221447,0.05406492191550172,0.1070843903355646,0.20793868304162177,3.1941880576342205,2.5011460840221833
library_subscribers,per_head,as_printed,2016,population,post,24,17.00723513882363,0.2285231524485215,0.09037098070741376,0.11001222848095502,0.40636348618188944,0.04851689732392639,0.10417681932715472,0.2337775088771007,4.4583534849958895,1.689450531796769
library_subscribers,per_head,as_printed,2017,population,post,24,16.080761739864062,0.19396254399735868,0.06631066807971707,0.07828320835751852,0.3495226998479889,0.03529792989500746,0.07529749402166819,0.16951386236827526,2.4504383363354236,1.7303376952451623
library_subscribers,per_head,as_printed,2018,population,post,24,18.31815773593946,0.21881990434724607,0.08352833931098813,0.09091348368256315,0.41476989947698123,0.04245797455714795,0.08690329475353176,0.1836809701036347,2.3483063240269564,1.7738114483330525
library_subscribers,per_head,as_printed,2019,population,post,24,13.407213688622704,0.2179305460815923,0.07549936837786493,0.0833048041676616,0.38141250508086844,0.03894454298677341,0.07992933689672488,0.16459799630419003,3.195537055518315,2.241021936627603
library_subscribers,per_head,as_printed,2020,population,post,24,11.685452502241576,0.21447824145379274,0.07667111885775409,0.08317979815342327,0.39103234510534296,0.03913420944304713,0.07981431534126937,0.16413122251371448,2.7737003478335556,1.8517964480886568
library_subscribers,per_head,as_printed,2021,population,post,24,12.078893968793318,0.21019984420063126,0.0717930657176311,0.08120521197893402,0.3669794712089059,0.037513600653585666,0.07799553433141193,0.16450921311952538,3.158260313155093,2.1665106618802397
library_subscribers,per_head,as_printed,2022,population,post,24,14.05887233691117,0.21428161956463707,0.07585105836109426,0.08483386545602602,0.3827888424244336,0.03930000865795025,0.08133510630255225,0.17187659706407987,2.3876648682831996,2.13918354596425
library_subscribers,per_head,as_printed,2023,population,post,24,16.804619593518225,0.20567002985774147,0.07026550235904225,0.0749704772688547,0.37830896408685166,0.03557606341060915,0.07222912374561774,0.14917686563264554,2.1009845653059016,1.8926726601665116
library_subscribers,per_head,as_printed,2005,unweighted,pre,24,17.915680398075995,0.25250830512522765,0.10532606131443153,0.11942451130599835,0.4506586672930149,0.05465728373172685,0.11256900370249079,0.22999040056247155,3.9493661436847143,2.556536093501832
library_subscribers,per_head,as_printed,2006,unweighted,pre,24,19.123797158510367,0.2581284810207933,0.10596679054517917,0.11635570043909539,0.45969839439265997,0.054101684597383404,0.10984146280442642,0.22065230026985938,3.868349049133456,2.552924851324563
library_subscribers,per_head,as_printed,2007,unweighted,pre,24,18.496307251804463,0.26283049493931154,0.11713067993826304,0.12247089277837822,0.5040113527655367,0.05809151024615056,0.11526834335089298,0.2247049021149775,3.628881891143187,2.6855448242110818
library_subscribers,per_head,as_printed,2008,unweighted,pre,24,16.516200936999596,0.29923559172541403,0.15529353350076275,0.15157243012651056,0.6107334474463575,0.07379816139558382,0.14064436321875973,0.2571874123080581,3.96086451824359,2.326987572716075
library_subscribers,per_head,as_printed,2009,unweighted,pre,24,15.41812874653863,0.27620656898885215,0.13252519701461907,0.1405941916880352,0.5373659757745767,0.06587348216151911,0.13115817659954088,0.2577133293864796,3.9390546085911042,2.724660026947813
library_subscribers,per_head,as_printed,2010,unweighted,pre,24,17.508461049197887,0.2781518677110768,0.12927658461825525,0.15781115226866832,0.49483463284858503,0.06871251554725233,0.14598895521071575,0.3178658624328332,7.516038639695767,2.308016881931694
library_subscribers,per_head,as_printed,2011,unweighted,post,24,17.36630933160794,0.27916958364982736,0.1299023607006594,0.1583737434203579,0.4962134538995522,0.06900212266126504,0.14646927914229335,0.3181883684713208,7.538683227485891,2.3331021726169303
library_subscribers,per_head,as_printed,2012,unweighted,post,24,15.003143260421306,0.24687001549950804,0.10284740040795104,0.12321793872803392,0.44159821324336296,0.05450124291177183,0.11592903173850655,0.258713492264517,5.252916933853832,2.134475363164123
library_subscribers,per_head,as_printed,2013,unweighted,post,24,15.241582440132108,0.2586030858753664,0.10629726093486583,0.11506173765450901,0.4646006871129524,0.0538603880447075,0.10868888524949927,0.21718130271176905,3.3987710262236313,2.3829902702887806
library_subscribers,per_head,as_printed,2014,unweighted,post,24,21.657100866091483,0.3680100870288148,0.2965387215603822,0.24832041537671468,0.990898589020378,0.12597390615597448,0.2198900559932203,0.36620254680903186,4.04102244924706,2.1167968526962895
library_subscribers,per_head,as_printed,2015,unweighted,post,24,18.440623786151544,0.2549973014837693,0.11250926972025954,0.11823269724622733,0.49310261196114713,0.05596080113509072,0.11151072045086485,0.21982171691702534,3.3801284411175194,2.649078049901596
library_subscribers,per_head,as_printed,2016,unweighted,post,24,17.00723513882363,0.20193456016065098,0.06974437302091124,0.08393683751197523,0.35718859410045967,0.03737086653084365,0.08051066850509891,0.1868359302024185,2.635220024315715,1.897618087431446
library_subscribers,per_head,as_printed,2017,unweighted,post,24,16.080761739864062,0.1930007742554444,0.06242516597754731,0.07000887079456278,0.34682412753324526,0.032429852169497675,0.06761445113139475,0.14768738083725585,2.9996339721675307,1.7826312000992994
library_subscribers,per_head,as_printed,2018,unweighted,post,24,18.31815773593946,0.22971700546362114,0.08720732304277809,0.09057596041174348,0.42923571171768904,0.04338744245958426,0.0865950513502679,0.17468188247971828,2.6283511001974094,1.9089752878267108
library_subscribers,per_head,as_printed,2019,unweighted,post,24,13.407213688622704,0.2020856274048203,0.06514175248916032,0.07212680819629734,0.35338508904212373,0.033707021762126255,0.0695870956519904,0.1463379034785237,2.743348613146213,1.966096226787575
library_subscribers,per_head,as_printed,2020,unweighted,post,24,11.685452502241576,0.195104287321873,0.06460467520197216,0.06870478868657186,0.3615853928300915,0.03271807304068952,0.06639775065313303,0.13691689492390202,2.78996383264401,1.6588108554672953
library_subscribers,per_head,as_printed,2021,unweighted,post,24,12.078893968793318,0.17436038239616405,0.051097532707308865,0.05850750025939871,0.3071580808783499,0.026944445866446953,0.0568288336552667,0.125500654145551,2.4710416233649144,1.8671099309920787
library_subscribers,per_head,as_printed,2022,unweighted,post,24,14.05887233691117,0.19598421868638674,0.06354053708559501,0.070259530184942,0.35146836898932815,0.032801449181949605,0.06784813303616688,0.1453165767631348,2.9281531589392493,1.6818169963566576
library_subscribers,per_head,as_printed,2023,unweighted,post,24,16.804619593518225,0.1925159047638354,0.06224435977908792,0.06529655168100629,0.3582934573494076,0.03129531111713579,0.06321038435393511,0.13050415599989984,2.3584742134931864,1.7695331108565404
library_subscribers,per_head,constant,2005,population,pre,23,17.738248841821243,0.21734965649531693,0.08228837595631314,0.09362610096727007,0.3957910052637823,0.04296381490628054,0.08937682027800231,0.18852360477102037,2.8785473674012563,2.128753460880955
library_subscribers,per_head,constant,2006,population,pre,23,18.860021598034262,0.22515665137653537,0.08602871890921951,0.0979307922261993,0.40428269266130434,0.044911976380038854,0.09328834692248666,0.1953734863324661,3.0580179294350605,2.322129461336096
library_subscribers,per_head,constant,2007,population,pre,23,18.288000048153496,0.23525249210525134,0.09793832732280751,0.10643335557778294,0.44773729820259894,0.04978550202279686,0.10096503816966151,0.2027065814252399,2.8791396037611783,2.545778678549841
library_subscribers,per_head,constant,2008,population,pre,23,16.177170804878273,0.2589938992329017,0.11622498189994238,0.12230511977701843,0.5049949782831409,0.05778400786454985,0.11512166657158296,0.22554348729907303,3.2779322918866294,2.62121663784288
library_subscribers,per_head,constant,2009,population,pre,23,15.087801617096167,0.2548741665816221,0.1132861457073641,0.1267359767012318,0.4780615096473177,0.05817145693585235,0.11903376249334108,0.24138546459193366,3.903176873970475,2.7974805400676637
library_subscribers,per_head,constant,2010,population,pre,23,17.19195475028402,0.2808282263344046,0.13578546937465863,0.16738612855453316,0.5036451115430891,0.07257817402585776,0.15412706742152626,0.32723748821655374,5.791065104403225,2.6173594426810234
library_subscribers,per_head,constant,2011,population,post,23,17.056294002958417,0.2807668045475185,0.13554133591737422,0.1666270334541555,0.503899243607775,0.07235425395024753,0.1534847256544638,0.3255493469913352,5.772066928739332,2.616925986595631
library_subscribers,per_head,constant,2012,population,post,23,14.910094596218142,0.23529469720370746,0.0987415566020801,0.11866769003185718,0.4291783629287954,0.052587148771306214,0.11189712283036102,0.24561654087725804,4.014718873014865,1.6673652979775069
library_subscribers,per_head,constant,2013,population,post,23,15.186452802232909,0.25994152413715865,0.10800745909967668,0.11576561057872106,0.47032058987641584,0.05449044934193481,0.1093160342677223,0.21456241625430428,3.9657655488929904,2.414268975213882
library_subscribers,per_head,constant,2014,population,post,23,21.79250954219339,0.3733604277319174,0.3324557377609416,0.26819013861317986,1.0937051116112777,0.137447455903015,0.23523764357598387,0.38195713842291246,4.940539026686736,1.6963761754308546
library_subscribers,per_head,constant,2015,population,post,23,18.535208156236706,0.24214994439687562,0.10255305742511196,0.10545724071777353,0.47636218684754267,0.050554125089963375,0.1000870483440065,0.19603204696516163,3.1941880576342205,2.5011460840221833
library_subscribers,per_head,constant,2016,population,post,23,16.98612329036537,0.22482749531630702,0.08831012486478639,0.108089385913785,0.4008501379870527,0.04754666521930562,0.10245263524666581,0.23164948593637213,4.4583534849958895,1.6848648192730433
library_subscribers,per_head,constant,2017,population,post,23,16.15426563554177,0.1939576321505298,0.06631059911177845,0.07828313959324255,0.34952250194312445,0.03529789607515932,0.07529743043516779,0.16951376779390825,2.4504383363354236,1.7303376952451623
library_subscribers,per_head,constant,2018,population,post,23,18.508666707591246,0.21879916602225052,0.08352698457431261,0.09091194820283684,0.41476701768538493,0.04245726889281276,0.08690189271097548,0.18367865064325406,2.3483063240269564,1.7738114483330525
library_subscribers,per_head,constant,2019,population,post,23,13.491518281967815,0.21671432487817952,0.07480778185532516,0.08253503883378294,0.37977515380339605,0.038586999361052476,0.07922082573686973,0.16339691172631443,3.195537055518315,2.241021936627603
library_subscribers,per_head,constant,2020,population,post,23,11.784363293170248,0.20819094539991886,0.07169173610069843,0.07646908616968424,0.38122530333624716,0.036307661304516015,0.0736184481517268,0.15097654303333619,2.5217701763422378,1.610274065181376
library_subscribers,per_head,constant,2021,population,post,23,12.102577677206188,0.19398529945599152,0.06142815478471717,0.06881878085280597,0.3413666039802394,0.03197895823599106,0.06650416793045466,0.14231461707564297,2.443223454700673,1.700199295717302
library_subscribers,per_head,constant,2022,population,post,23,14.14300772035919,0.20564027643084823,0.07130475537244425,0.07955390025440665,0.372216340908929,0.036903220942438475,0.07647175978005194,0.16321316342128234,2.3876648682831996,1.8441126837937838
library_subscribers,per_head,constant,2023,population,post,23,16.87426035799739,0.1970755283529157,0.06678534697586133,0.07120967042141614,0.36957677525486343,0.03380189691905222,0.06873338740697577,0.14316953164016166,2.1009845653059016,1.6615401488079573
library_subscribers,per_head,constant,2005,unweighted,pre,23,17.738248841821243,0.22250710443780516,0.08435210628834637,0.0960263346204564,0.4008155232508855,0.04403130799448707,0.09155990767134237,0.19288635263461262,2.934877531896349,2.326080089653827
library_subscribers,per_head,constant,2006,unweighted,pre,23,18.860021598034262,0.23596839355086127,0.09130695964373597,0.10234923999303554,0.42222987311394217,0.04719008760618526,0.09728576730125715,0.20251247522685478,3.4835534458065744,2.4369958540494676
library_subscribers,per_head,constant,2007,unweighted,pre,23,18.288000048153496,0.25660359277874684,0.11572180644180333,0.12093388042354195,0.5026144230381329,0.05735582099773673,0.11390745428016535,0.22291522580517953,3.3585973649365393,2.3916797168786674
library_subscribers,per_head,constant,2008,unweighted,pre,23,16.177170804878273,0.2867976975031763,0.1478689236252658,0.14425308987457985,0.5997130339376922,0.0702398368406929,0.1343313716326947,0.24872062188995914,3.4752216008930468,2.326987572716075
library_subscribers,per_head,constant,2009,unweighted,pre,23,15.087801617096167,0.26468081901368296,0.12606613911477613,0.134858962553445,0.5236394979638179,0.0629506321161224,0.126160852960571,0.251258097121265,3.926351822085028,2.626913710738749
library_subscribers,per_head,constant,2010,unweighted,pre,23,17.19195475028402,0.2653189238316353,0.12075486363157062,0.15086778566412679,0.47265977046828717,0.06501314287275983,0.1400386096326931,0.31207463881724906,6.149297216968348,2.1272154171365036
library_subscribers,per_head,constant,2011,unweighted,post,23,17.056294002958417,0.26614429816634844,0.12122107555173496,0.15118688495647192,0.4740031617858973,0.06520451253261028,0.1403129789259514,0.3121198007239525,6.136283322345531,2.153687909078844
library_subscribers,per_head,constant,2012,unweighted,post,23,14.910094596218142,0.24699223448135765,0.10419479297604443,0.1250108677443823,0.44481894971742525,0.05522695439504344,0.11751268811404503,0.26207168804709646,5.252916933853832,2.054114764950276
library_subscribers,per_head,constant,2013,unweighted,post,23,15.186452802232909,0.2596335998376459,0.10731798124622204,0.1160443858428361,0.4677366186950574,0.05432289707863913,0.10956430031868669,0.2189012929503793,3.3987710262236313,2.3829902702887806
library_subscribers,per_head,constant,2014,unweighted,post,23,21.79250954219339,0.3694578769729837,0.3021618370488043,0.25210314347097024,1.0017402571645306,0.1280182590032043,0.22283542551688584,0.3701643507128517,4.04102244924706,2.0644576373315844
library_subscribers,per_head,constant,2015,unweighted,post,23,18.535208156236706,0.2534643871827216,0.11092870179977904,0.11575095129703035,0.4917295945583501,0.054974223178416604,0.10930297738486905,0.21572993273274643,3.3801284411175194,2.150192985179475
library_subscribers,per_head,constant,2016,unweighted,post,23,16.98612329036537,0.20382723718578286,0.07108110095860323,0.0857474163457799,0.3605076081465095,0.038115871719928585,0.08217397020280248,0.19070327844037038,2.635220024315715,1.897618087431446
library_subscribers,per_head,constant,2017,unweighted,post,23,16.15426563554177,0.19646648414241763,0.06458443718330126,0.07278368988327458,0.3519662145984029,0.033621731348560835,0.07019806616054514,0.1533160412615494,2.9996339721675307,1.7826312000992994
library_subscribers,per_head,constant,2018,unweighted,post,23,18.508666707591246,0.23215007615255973,0.08866491478724041,0.09297257705520373,0.4310129732813321,0.04430435805303712,0.08878151175218163,0.18015138011988352,2.6283511001974094,1.9089752878267108
library_subscribers,per_head,constant,2019,unweighted,post,23,13.491518281967815,0.2038867838224667,0.06646808777724128,0.07402513465508323,0.35606829883414154,0.034482674587887785,0.07135164770808167,0.15048884989450817,2.743348613146213,1.966096226787575
library_subscribers,per_head,constant,2020,unweighted,post,23,11.784363293170248,0.1919759801295281,0.061735346755248284,0.06472149035451136,0.3555374880338042,0.031062015073650362,0.06267151794915093,0.1283826338845403,2.4345856019211563,1.6588108554672953
library_subscribers,per_head,constant,2021,unweighted,post,23,12.102577677206188,0.1639231450960668,0.04464221638341628,0.050162082047605194,0.2896900535959915,0.02334044088158682,0.04892474021814697,0.10793941957606368,2.1310701085832724,1.6337984502721814
library_subscribers,per_head,constant,2022,unweighted,post,23,14.14300772035919,0.1930089655372613,0.061842957137753875,0.06812688796293849,0.3476440293200272,0.03186244607932476,0.06585806531039462,0.1415837987079105,2.5242548217416716,1.6351995676372828
library_subscribers,per_head,constant,2023,unweighted,post,23,16.87426035799739,0.1909044533245746,0.06169159848930075,0.06454216363729609,0.357488964080129,0.030967928695540436,0.06250341483727295,0.12929873845121242,2.177608759382227,1.7235374343344088
library_subscribers,share_of_national,as_printed,2005,population,pre,24,0.041666666666666664,0.3084953692374774,0.15422432930448257,0.17919255755788246,0.5498047511321703,0.079954989598914,0.16405508361333887,0.33121794168744456,4.822294607310893,3.354508748317631
library_subscribers,share_of_national,as_printed,2006,population,pre,24,0.041666666666666664,0.29365259116803877,0.13979016085148777,0.15735331516777548,0.5295819152836261,0.07160850646678352,0.14559786774949512,0.2909388442771448,4.078805970149253,2.729608938547486
library_subscribers,share_of_national,as_printed,2007,population,pre,24,0.041666666666666664,0.27590493089879065,0.12407643142041802,0.1332634373153727,0.50768693688718,0.06234339395818922,0.12476550768916694,0.24604251986456338,4.089002097692538,2.6669877197206837
library_subscribers,share_of_national,as_printed,2008,population,pre,24,0.041666666666666664,0.28849895568587575,0.13202792491051088,0.14746876012951854,0.5139249369018896,0.06750521251928598,0.13711060554675736,0.27579075705936895,4.363375224416517,2.992655367231639
library_subscribers,share_of_national,as_printed,2009,population,pre,24,0.041666666666666664,0.28757034156045674,0.1330751916044992,0.14841933395763707,0.5168220113597818,0.06800146481460467,0.1379304558958091,0.2745264099860817,4.318022576878163,3.367167919799499
library_subscribers,share_of_national,as_printed,2010,population,pre,24,0.041666666666666664,0.27299785226722195,0.12130145768978412,0.1437052114519815,0.47943500570620673,0.06384836616485323,0.1338569605221529,0.28557485920793235,6.087108013937281,2.4919821826280626
library_subscribers,share_of_national,as_printed,2011,population,post,24,0.041666666666666664,0.2725690817957912,0.12095382747304949,0.14336906171398936,0.4786184871904053,0.063684641201054,0.1335657578252557,0.2852269218245823,6.087108013937281,2.4919821826280626
library_subscribers,share_of_national,as_printed,2012,population,post,24,0.041666666666666664,0.2800857709964867,0.1274818288616861,0.13991383280204267,0.5134138032287427,0.06448566881390005,0.13056685121053657,0.26823652946775867,3.592768791627022,2.699205166418281
library_subscribers,share_of_national,as_printed,2013,population,post,24,0.041666666666666664,0.23376031425101598,0.08576471299699892,0.09077687095106293,0.41629654785826375,0.043253670842394065,0.08677854559753695,0.17141903099204636,3.2849281565270556,2.226171669299631
library_subscribers,share_of_national,as_printed,2014,population,post,24,0.041666666666666664,0.3640245821001847,0.267496486513083,0.2281559504470178,0.9115899713258209,0.11589553696129651,0.20399988641816535,0.3333708023273275,4.885260370697264,2.716555722568177
library_subscribers,share_of_national,as_printed,2015,population,post,24,0.041666666666666664,0.2568765951917787,0.10529272183798971,0.11488139200021173,0.4583339845353313,0.05364386155097056,0.10852812666770695,0.21575446030530798,3.821767497034401,2.3860759493670884
library_subscribers,share_of_national,as_printed,2016,population,post,24,0.041666666666666664,0.25246507944253904,0.10174023700448925,0.11001998588996584,0.45056351812713674,0.0516999497798154,0.1041837685670145,0.20501092572886503,3.3194328607172645,2.420828667413214
library_subscribers,share_of_national,as_printed,2017,population,post,24,0.041666666666666664,0.24778604757371975,0.09539758409808166,0.10136572866653942,0.4365403792181035,0.04819189690713199,0.09639750089037136,0.1869256564020073,3.7640385706182644,2.488888888888889
library_subscribers,share_of_national,as_printed,2018,population,post,24,0.041666666666666664,0.2372523390937366,0.09202755644522786,0.09207268883724705,0.4458268767808502,0.04506442299192637,0.08796114790810605,0.16596827333272746,2.3637623762376236,2.228823088455772
library_subscribers,share_of_national,as_printed,2019,population,post,24,0.041666666666666664,0.25278252658999395,0.10344710642409191,0.10979135511688753,0.4622894187568817,0.05194530385260021,0.10397893399463454,0.20544699996690685,4.714657738095239,1.9310420797532497
library_subscribers,share_of_national,as_printed,2020,population,post,24,0.041666666666666664,0.2735030362670523,0.11734756192027346,0.12405731913411643,0.49091044308051,0.05878131769476347,0.11667079223368737,0.2238255214354289,3.656147986942328,2.495342465753424
library_subscribers,share_of_national,as_printed,2021,population,post,24,0.041666666666666664,0.2387404534645968,0.09178471117139604,0.09399091083198309,0.44096997125940696,0.04542073559898785,0.08970896400866324,0.1740300857411835,3.111684370257967,1.9753830695805072
library_subscribers,share_of_national,as_printed,2022,population,post,24,0.041666666666666664,0.20298728460014223,0.06885519251711708,0.07173596352562603,0.37713000124213397,0.03450404865533263,0.06922337765281161,0.1393088399603406,2.7329650092081033,1.8373807458803122
library_subscribers,share_of_national,as_printed,2023,population,post,24,0.041666666666666664,0.16918004257911506,0.048045813501772214,0.05465361184867555,0.29979266177829034,0.025236003848528532,0.0531869440174112,0.11871760156246469,2.417258671124112,1.7953138075313806
library_subscribers,share_of_national,as_printed,2000,unweighted,pre,24,0.041666666666666664,0.3325657231637585,0.18109657928405443,0.1999127680306515,0.6181241372098258,0.09074790115340048,0.18119782431093878,0.3630402720088569,4.438940092165899,3.602264426588751
library_subscribers,share_of_national,as_printed,2001,unweighted,pre,24,0.041666666666666664,0.3314067671938213,0.1768751198598858,0.1884684507778206,0.6138594050334584,0.08765086906403574,0.17177336706748525,0.3227529151234214,4.71294405879951,3.2670394966794825
library_subscribers,share_of_national,as_printed,2002,unweighted,pre,24,0.041666666666666664,0.33143399810066476,0.17759800010326307,0.1864502489837188,0.6199433659754064,0.08736039876530521,0.17010015071479212,0.3175221758348191,4.58321325648415,3.1759581881533103
library_subscribers,share_of_national,as_printed,2003,unweighted,pre,24,0.041666666666666664,0.3224435274996524,0.16863487380782277,0.17910673936608243,0.6069822980250482,0.08325692153043152,0.16398334125381375,0.31875749177797075,4.234903782349037,2.9319175515302938
library_subscribers,share_of_national,as_printed,2004,unweighted,pre,24,0.041666666666666664,0.3579045160134914,0.20774754071393298,0.22251608630912667,0.6776780129279744,0.10220726718858819,0.19949787047805656,0.37530712551615464,4.470028208744711,3.304237824161923
library_subscribers,share_of_national,as_printed,2005,unweighted,pre,24,0.041666666666666664,0.3394082981372242,0.18499765884029234,0.21462970136563425,0.612059963112799,0.09494706772214889,0.19315984332507363,0.3863181360172716,5.063795205201138,3.7285168682367917
library_subscribers,share_of_national,as_printed,2006,unweighted,pre,24,0.041666666666666664,0.31748988252226584,0.162166423855018,0.1817886530203198,0.5762690879546346,0.08247655875654358,0.1662224618399354,0.3249481711724983,5.340823970037453,3.308663729809105
library_subscribers,share_of_national,as_printed,2007,unweighted,pre,24,0.041666666666666664,0.28201162522470924,0.13118982889089786,0.14330759477342567,0.5228815611845715,0.06623198686604159,0.13351249912638152,0.26777467167455793,3.414303329223181,3.1188707280832095
library_subscribers,share_of_national,as_printed,2008,unweighted,pre,24,0.041666666666666664,0.31177924036385857,0.15475732477268353,0.1762567976454593,0.5579926947040581,0.07936035198582692,0.1615973441375087,0.3244567515666452,5.807598636142231,3.1935994930291507
library_subscribers,share_of_national,as_printed,2009,unweighted,pre,24,0.041666666666666664,0.3050722760539188,0.14935274881898475,0.16428527277180494,0.5522073534866723,0.07564913931756079,0.1515000665766576,0.291184912710194,4.496030087755955,3.2775398987933047
library_subscribers,share_of_national,as_printed,2010,unweighted,pre,24,0.041666666666666664,0.29078596235261844,0.13672487936093303,0.16103222517509677,0.5137881493004935,0.07149237605616443,0.14873536148688615,0.31076476360116334,5.80886012941762,3.0705268935236005
library_subscribers,share_of_national,as_printed,2011,unweighted,post,24,0.041666666666666664,0.29078596235261844,0.13672487936093303,0.16103222517509677,0.5137881493004935,0.07149237605616443,0.14873536148688615,0.31076476360116334,5.80886012941762,3.0705268935236005
library_subscribers,share_of_national,as_printed,2012,unweighted,post,24,0.041666666666666664,0.2793825149026095,0.12720805941285185,0.13373011652390152,0.5235147380650714,0.06306910146604983,0.1251738661357058,0.24797391876960284,3.9033764367816093,2.244230207420391
library_subscribers,share_of_national,as_printed,2013,unweighted,post,24,0.041666666666666664,0.2527936803720262,0.10043709989914114,0.10317098783962808,0.45858739310412666,0.049787658593613004,0.09802726607382928,0.18638840746560137,3.2275,2.073474801061008
library_subscribers,share_of_national,as_printed,2014,unweighted,post,24,0.041666666666666664,0.3934081329513778,0.32541548915233526,0.2610530608654427,1.044632003502884,0.1358074187993974,0.229759951072823,0.3500874024503018,3.8387761106207705,2.411419423692636
library_subscribers,share_of_national,as_printed,2015,unweighted,post,24,0.041666666666666664,0.27793925203069647,0.12145262200498412,0.1281203699489066,0.5011528841801475,0.06073435924391024,0.12025252238783957,0.22822540238210687,3.824469720258223,3.3177514792899405
library_subscribers,share_of_national,as_printed,2016,unweighted,post,24,0.041666666666666664,0.2733279222675091,0.11762130668771524,0.12360545313267268,0.4925201798826444,0.05878869875425552,0.11627155560267832,0.22006223657228619,3.4628430465618254,2.9619127050319713
library_subscribers,share_of_national,as_printed,2017,unweighted,post,24,0.041666666666666664,0.2663399639991457,0.11032104264257697,0.11146392060570157,0.48289167977446673,0.054234448637366595,0.10547633530692824,0.1939420801648426,3.6382791922739246,2.840896199659671
library_subscribers,share_of_national,as_printed,2018,unweighted,post,24,0.041666666666666664,0.24537255991039789,0.09816123143420566,0.09665407403582699,0.4655541168226015,0.04763699521534159,0.0921299923727611,0.17050213771361733,3.1893268972914988,2.2977099236641223
library_subscribers,share_of_national,as_printed,2019,unweighted,post,24,0.041666666666666664,0.28752612394536664,0.13097564623939845,0.13542820731465355,0.528546221051325,0.06469498207705138,0.12665813976478013,0.23614158928908946,4.018166455428813,3.2470238095238098
library_subscribers,share_of_national,as_printed,2020,unweighted,post,24,0.041666666666666664,0.30520825968435034,0.14709081465757728,0.15218771280103716,0.5611493184730051,0.07245784910808217,0.14117294722236295,0.26039147537126583,4.379462318201851,3.181917608457893
library_subscribers,share_of_national,as_printed,2021,unweighted,post,24,0.041666666666666664,0.27093711945090226,0.11673300962095012,0.12114435299657289,0.4978019647995966,0.05787323144856338,0.11409393283320712,0.21739212911909955,3.4935289042277824,2.59214501510574
library_subscribers,share_of_national,as_printed,2022,unweighted,post,24,0.041666666666666664,0.23685064823530216,0.09030736062363677,0.09475923313732938,0.43106925270564617,0.04529006052361495,0.09040809230364821,0.17663758525502804,3.316390423572744,2.292165071770335
library_subscribers,share_of_national,as_printed,2023,unweighted,post,24,0.041666666666666664,0.21698621797807696,0.07846682589752592,0.09064684578803306,0.38251104194789887,0.04131296790578021,0.08665979610900232,0.1857748758322798,3.7433102081268586,2.255619215513442
library_subscribers,share_of_national,constant,2005,population,pre,23,0.043478260869565216,0.2950193452594577,0.1411375145596026,0.16764035009521402,0.5192984263959552,0.07408997810396134,0.15434207921019472,0.3231346745302869,4.607893061744112,3.291501976284585
library_subscribers,share_of_national,constant,2006,population,pre,23,0.043478260869565216,0.29783961291139716,0.14302850829699726,0.16542249711536133,0.5290367181814328,0.07415715033508608,0.15246445289072097,0.3094023703445836,5.166865671641791,2.754283410602701
library_subscribers,share_of_national,constant,2007,population,pre,23,0.043478260869565216,0.2988073306144152,0.14386246087529847,0.15728341212211616,0.5419344500613986,0.07270203487286064,0.14553814035069512,0.2829173086037692,5.175007491759065,3.285576691548279
library_subscribers,share_of_national,constant,2008,population,pre,23,0.04347826086956521,0.32095318914612225,0.16280755528530882,0.18075958343651558,0.5771780282175029,0.08247959134808547,0.1653640051056564,0.3212179711042231,5.327468581687612,3.432768361581921
library_subscribers,share_of_national,constant,2009,population,pre,23,0.04347826086956523,0.32657690830509134,0.17008765041317456,0.18699646994546343,0.5939669902356844,0.08566767823984789,0.17055333562780417,0.3247681471300553,5.595951732191514,3.3706140350877196
library_subscribers,share_of_national,constant,2010,population,pre,23,0.043478260869565216,0.312348142970713,0.15723754370896398,0.18073024484631947,0.5622121966498627,0.08086296478220023,0.16533951770302868,0.33464231268299727,6.606769537083125,2.599109131403118
library_subscribers,share_of_national,constant,2011,population,post,23,0.043478260869565216,0.31221246966914573,0.1571114383573487,0.18070558814723323,0.5618205922321589,0.08082401150914387,0.16531893747695847,0.3348333162664566,6.606769537083125,2.599109131403118
library_subscribers,share_of_national,constant,2012,population,post,23,0.04347826086956521,0.3028362265640131,0.147470638503343,0.16516826361596526,0.5455146375534623,0.07516397419111753,0.15224895357030466,0.3066685017094648,4.496986996511259,2.81371087928465
library_subscribers,share_of_national,constant,2013,population,post,23,0.04347826086956523,0.2664713688294968,0.11048101308031881,0.11717344887503559,0.4742012340989021,0.05552499887472717,0.11056909100699641,0.2130387066942423,3.8740446346682966,2.8291205897840968
library_subscribers,share_of_national,constant,2014,population,post,23,0.043478260869565216,0.36661947682577306,0.2562771693212257,0.23313841353968232,0.8601983189057344,0.1148162670179893,0.2079560636679586,0.3517075404002502,4.885260370697264,2.8018037363109296
library_subscribers,share_of_national,constant,2015,population,post,23,0.04347826086956523,0.25224934914289027,0.10360732208129986,0.11828544181593818,0.4444625796634312,0.05397723274121613,0.11155758219974421,0.22931736764911947,4.008303677342823,2.471614883007288
library_subscribers,share_of_national,constant,2016,population,post,23,0.04347826086956523,0.27416118516262417,0.11999515363108997,0.13234038448158014,0.48558507498097553,0.06137474277040489,0.12395724703455124,0.2418289606138765,4.4790102863497365,2.674132138857783
library_subscribers,share_of_national,constant,2017,population,post,23,0.04347826086956521,0.2613813219994409,0.10770420016201648,0.11735714972727125,0.45904625061489107,0.05496275877597234,0.1107324652165329,0.2155283399520096,4.069483834373227,2.6570570570570573
library_subscribers,share_of_national,constant,2018,population,post,23,0.043478260869565216,0.248393504163332,0.09729821047432238,0.10139553350429624,0.44806644173658067,0.04859890781381215,0.09642443221491082,0.1857358603801329,2.892277227722772,2.2370689655172415
library_subscribers,share_of_national,constant,2019,population,post,23,0.043478260869565216,0.26067418486163174,0.10777787422202938,0.11953385939755803,0.4607895641186959,0.05528728851145248,0.1126660372830105,0.22738343938596228,4.714657738095239,2.550782110597048
library_subscribers,share_of_national,constant,2020,population,post,23,0.043478260869565216,0.25860048499957716,0.10683454076581106,0.11871719749683304,0.4570967016932211,0.05490464358636038,0.11194108946409997,0.22555815906637233,3.656147986942328,2.2031930333817122
library_subscribers,share_of_national,constant,2021,population,post,23,0.043478260869565216,0.23862050891665157,0.09021988766252145,0.09630149065318845,0.4274272470705076,0.04558671242624168,0.0918098360568943,0.1839645018891043,3.111684370257967,2.2717902755993724
library_subscribers,share_of_national,constant,2022,population,post,23,0.04347826086956521,0.21513105815814446,0.07484608261956317,0.08082569571552269,0.3857052858059596,0.03815102355586708,0.07764555223400427,0.15923010841477292,3.018679294922389,2.2523850823937552
library_subscribers,share_of_national,constant,2023,population,post,23,0.04347826086956521,0.1957779289309897,0.06268853975627195,0.070368283051091,0.34654413408066614,0.03260127253251943,0.06794950171121827,0.14772978291201178,2.6055160885917257,1.9362343096234311
library_subscribers,share_of_national,constant,1995,unweighted,pre,23,0.043478260869565216,0.31946387732852477,0.16629348484347442,0.16970022401679863,0.6120323219668661,0.08080913013412738,0.15608223504170127,0.2870241408431937,3.6976635514018694,2.8253629376601195
library_subscribers,share_of_national,constant,1996,unweighted,pre,23,0.043478260869565216,0.3515801089076247,0.19824992487803159,0.22085561151770344,0.6456599562001745,0.09961996689459474,0.19816755269759478,0.38242014501629595,5.490259740259741,3.453287197231834
library_subscribers,share_of_national,constant,1997,unweighted,pre,23,0.04347826086956521,0.3329885515025726,0.17719720726627733,0.19453779675891436,0.6077605399782463,0.08897898214743227,0.17678493719276833,0.33981506367026093,4.654955427372838,2.986938775510204
library_subscribers,share_of_national,constant,1998,unweighted,pre,23,0.043478260869565216,0.3496584808068536,0.1991801527709406,0.22934529111733104,0.6437344171734795,0.10123423991303426,0.20494603896643993,0.41456068049259065,5.705389221556886,2.9868980169971673
library_subscribers,share_of_national,constant,1999,unweighted,pre,23,0.043478260869565216,0.36700659721799017,0.21944055244347818,0.25071097665827147,0.6795485219569443,0.11071645435251776,0.22175272931629186,0.43898801060418335,6.344352617079889,3.35078125
library_subscribers,share_of_national,constant,2000,unweighted,pre,23,0.04347826086956523,0.3396751555635076,0.1895751397159231,0.2153144494134237,0.6225796149315012,0.09624226324842544,0.1937121364348413,0.38692964060986057,4.438940092165899,3.6329437545653764
library_subscribers,share_of_national,constant,2001,unweighted,pre,23,0.043478260869565216,0.34135695668164434,0.18787302354064672,0.2045055500142596,0.6256965423594477,0.0939326218540748,0.18494978163537823,0.3462214683155822,4.71294405879951,3.8682278923453333
library_subscribers,share_of_national,constant,2002,unweighted,pre,23,0.043478260869565216,0.34324664322479476,0.19029943289345327,0.2029950269440421,0.6368853599307291,0.0941559785756545,0.18371769916692415,0.34076797074003107,4.58321325648415,3.2707317073170734
library_subscribers,share_of_national,constant,2003,unweighted,pre,23,0.043478260869565216,0.3311266574159728,0.17659019850634367,0.19094036038587198,0.6153553978815169,0.08783794293302527,0.17381814015077224,0.33797887248881586,4.3307896483078965,3.135540287320425
library_subscribers,share_of_national,constant,2004,unweighted,pre,23,0.043478260869565216,0.3642471991476428,0.21378009951473437,0.23260917482436125,0.6824345251514493,0.10583716004056198,0.2075367724098195,0.3916735994819708,5.464739069111425,3.304237824161923
library_subscribers,share_of_national,constant,2005,unweighted,pre,23,0.043478260869565216,0.33860604690150303,0.18349336894448876,0.21590072387042974,0.6064102892946818,0.09474718696717654,0.19418470387359799,0.39444864945704006,5.414059325477448,3.628050573360776
library_subscribers,share_of_national,constant,2006,unweighted,pre,23,0.043478260869565216,0.3303294992314216,0.17464982482223754,0.19686169893551234,0.5986437998616908,0.08880980118135196,0.17869578729471292,0.3464989255451867,5.686225551394091,3.308663729809105
library_subscribers,share_of_national,constant,2007,unweighted,pre,23,0.043478260869565216,0.3102466389579991,0.15735538560491388,0.16887658614357726,0.5797391545489687,0.0784012494398616,0.15538686608180152,0.2997163430948361,4.206226880394575,3.1188707280832095
library_subscribers,share_of_national,constant,2008,unweighted,pre,23,0.04347826086956521,0.3411957052192608,0.18669315638533393,0.20593500931428113,0.6300965698967548,0.09360046475252015,0.1861140304286243,0.3569689856391788,5.919142717973697,3.1935994930291507
library_subscribers,share_of_national,constant,2009,unweighted,pre,23,0.04347826086956523,0.3393984297758144,0.18630171454841352,0.19677615313503982,0.638270054939221,0.09176598870585073,0.17862552516313346,0.3262810827211372,4.496030087755955,3.2775398987933047
library_subscribers,share_of_national,constant,2010,unweighted,pre,23,0.043478260869565216,0.32155419269471525,0.16757572355607445,0.18952154567008123,0.5890575293741132,0.08526550165705138,0.17264510921009746,0.34321874927981566,5.80886012941762,3.0705268935236005
library_subscribers,share_of_national,constant,2011,unweighted,post,23,0.043478260869565216,0.32155419269471525,0.16757572355607445,0.18952154567008123,0.5890575293741132,0.08526550165705138,0.17264510921009746,0.34321874927981566,5.80886012941762,3.0705268935236005
library_subscribers,share_of_national,constant,2012,unweighted,post,23,0.04347826086956521,0.30779160288873514,0.15406934315872614,0.15987594928591267,0.5802523887944216,0.07561432225440479,0.14775049543134977,0.28110188310490936,4.06896551724138,2.7227578147823546
library_subscribers,share_of_national,constant,2013,unweighted,post,23,0.04347826086956523,0.2812999148838115,0.1248488881908986,0.12637465632883962,0.5174620088192353,0.061180138909615045,0.11871539393128006,0.21825436993240244,3.3578125,2.242705570291777
library_subscribers,share_of_national,constant,2014,unweighted,post,23,0.043478260869565216,0.4085472816703717,0.33242492918893374,0.27774122564761494,1.0314446403782518,0.14146502193181254,0.24250718413305195,0.3727796085227,4.477199176228302,3.375400213447172
library_subscribers,share_of_national,constant,2015,unweighted,post,23,0.04347826086956523,0.28752101613868764,0.12980408451803485,0.14009677677041937,0.5121314460935932,0.06556506116442307,0.13072589421259206,0.24900612591410898,3.9615739317553027,3.5937869822485204
library_subscribers,share_of_national,constant,2016,unweighted,post,23,0.04347826086956523,0.2980226167995568,0.14026724500787469,0.14667146077283286,0.5409015755129017,0.06967002919350118,0.13642235005129644,0.25137465605820053,3.6817761332099908,3.005004170141785
library_subscribers,share_of_national,constant,2017,unweighted,post,23,0.04347826086956521,0.2865705140534653,0.12824182635455614,0.13013495777781683,0.5208676372245153,0.06299146457892024,0.12202306689122666,0.22110849873244942,3.8841088674275683,2.917186613726602
library_subscribers,share_of_national,constant,2018,unweighted,post,23,0.043478260869565216,0.2624065027665115,0.10940413056101385,0.10961947042154695,0.486626204607238,0.05348011599542868,0.1038249084497479,0.19191052985724166,3.201126307320998,2.3486753480017963
library_subscribers,share_of_national,constant,2019,unweighted,post,23,0.043478260869565216,0.3040948089261517,0.14452221197192422,0.1523654147676107,0.5492748789241407,0.07194891613999688,0.14132554891937466,0.2619975990102471,4.89142374313477,3.2607886904761907
library_subscribers,share_of_national,constant,2020,unweighted,post,23,0.043478260869565216,0.30967241273897705,0.1507890436249806,0.1612735223195079,0.5584623690191908,0.07546390349941723,0.1489407444331421,0.2784685306341953,4.379462318201851,3.181917608457893
library_subscribers,share_of_national,constant,2021,unweighted,post,23,0.043478260869565216,0.2822176455121246,0.1252074313001777,0.13242272654410794,0.5104627119949144,0.06257982244092475,0.12402937923189505,0.23681047469955385,4.374029335634167,2.639812017455522
library_subscribers,share_of_national,constant,2022,unweighted,post,23,0.04347826086956521,0.25357783289476393,0.10189721819948877,0.1083417668816268,0.45495812906451777,0.0513486064053178,0.10267913053651423,0.19954441953785718,3.8261510128913443,2.5340909090909087
library_subscribers,share_of_national,constant,2023,unweighted,post,23,0.04347826086956521,0.24106001409847427,0.09445349202638081,0.10755555501806659,0.4251113192377848,0.049201774775116114,0.10197336882076002,0.2125970963204148,3.8219359101420554,2.363816659321287
marriages,per_head,as_printed,2005,population,pre,24,7.077716766492768,0.0912135834914394,0.01659267379392553,0.019011161098406087,0.1729361912481662,0.008822130642941572,0.01883158873549695,0.04328895768714636,1.4211888379511803,1.3097517861590697
marriages,per_head,as_printed,2006,population,pre,24,8.036299297139562,0.11677387060412009,0.02551668840655219,0.02938788773634282,0.2147057538923491,0.01357002867448065,0.028960262998138364,0.06640167121269891,1.6735094313499868,1.458102257586305
marriages,per_head,as_printed,2007,population,pre,24,7.486220998652726,0.09654867098000611,0.015751128000169916,0.016811288876191047,0.1731905681886612,0.008102229726211774,0.016670767708594658,0.03527234864054263,1.6856028265509098,1.350317513633314
marriages,per_head,as_printed,2008,population,pre,24,7.560295978009026,0.09712194944179535,0.018806091647660284,0.02153329853366306,0.1842940493161193,0.009991364296041527,0.021303112244707045,0.04876622906902128,1.6115243590693369,1.246477407669392
marriages,per_head,as_printed,2010,population,pre,24,8.92891450763921,0.08166507364653694,0.011231065997835663,0.011830624564560183,0.14677678704527197,0.005747423345257241,0.01176091788773781,0.024589980503275655,1.4608565261898618,1.3298626388251424
marriages,per_head,as_printed,2011,population,post,24,9.490051805147012,0.05834399407467122,0.006840813734443148,0.0073425015802621365,0.11337857786697904,0.003536604812643729,0.0073156112698332665,0.015656496234812467,1.3199197972653092,1.1763368255533715
marriages,per_head,as_printed,2012,population,post,24,10.286892372648504,0.06345312622489224,0.008222691537657811,0.008831785336995978,0.1247072273736274,0.004247718565675074,0.0087928996816663,0.018930983639517174,1.3372729181252554,1.1602462075479234
marriages,per_head,as_printed,2013,population,post,24,10.334607493090163,0.08207603335405,0.01336160950918254,0.014958573255542082,0.1563997735114871,0.007033267333339421,0.014847249571028565,0.03329511906035365,1.4348812888432902,1.285289161105569
marriages,per_head,as_printed,2015,population,post,24,9.941979014630583,0.07847136512234082,0.012213599319179612,0.013538506726027869,0.15029180178300594,0.006397999392035558,0.01344727332924911,0.029948218279458927,1.3641686648730365,1.2810506179642023
marriages,per_head,as_printed,2016,population,post,24,9.003709509421476,0.08260526312464693,0.012745089129951757,0.013867254056454312,0.15476088556276515,0.006616560056120435,0.013771546599560258,0.03001862251650278,1.34806118719385,1.2804161955038125
marriages,per_head,as_printed,2017,population,post,24,8.790628815872767,0.09104741241209585,0.01483756037782324,0.01603930390974934,0.16762983532698703,0.007674562336934199,0.01591135923595577,0.03438828308676689,1.3794744417906688,1.3079867886156225
marriages,per_head,as_printed,2018,population,post,24,8.366586357482262,0.08882471462462103,0.01478628463069618,0.01608439352675082,0.1670125190065671,0.007669611532770904,0.015955730415515568,0.03478177482302136,1.4991097613131377,1.221116698409749
marriages,per_head,as_printed,2019,population,post,24,7.445073564062397,0.09170564765615233,0.015341743264986392,0.016734732606306917,0.1697292761492433,0.007969981563453632,0.01659548480885009,0.03616796384608456,1.4968786694915521,1.3269565985307727
marriages,per_head,as_printed,2020,population,post,24,5.854644734824294,0.099444961967865,0.018339717642736755,0.020233846883014585,0.18509827753343625,0.009569430919924016,0.020030516299050505,0.04421188579445445,1.5278577315944109,1.320510556681801
marriages,per_head,as_printed,2021,population,post,24,6.750934806226227,0.08083296448152368,0.012404186657101593,0.01334763523776776,0.15357112459350605,0.006404280215866587,0.013258950569911887,0.028604913587659042,1.3830696897052368,1.2196805792626577
marriages,per_head,as_printed,2022,population,post,24,6.783955268991808,0.08393936567332172,0.013390693259034196,0.01470328246617528,0.15801414977674327,0.006981779641714758,0.014595717042122147,0.03208924866379381,1.4979039065538842,1.2104532885422141
marriages,per_head,as_printed,2023,population,post,24,6.247340252181853,0.0796280842010444,0.011466673643689827,0.012256706488480883,0.14777702759001732,0.005905050243132592,0.012181899004546914,0.026023337964750426,1.3956532422146368,1.2188534150920884
marriages,per_head,as_printed,2005,unweighted,pre,24,7.077716766492768,0.10430012380503237,0.02145589602903771,0.024777917796158042,0.19609736635566055,0.01144249265314079,0.024473464943805756,0.056194210058238436,1.4441982113254563,1.3599927184776819
marriages,per_head,as_printed,2006,unweighted,pre,24,8.036299297139562,0.12278448080386233,0.028689152847756704,0.033158666835804644,0.22705689642121005,0.01528219099756678,0.032614944514409716,0.07431493367882502,1.6735094313499868,1.5323783152406845
marriages,per_head,as_printed,2007,unweighted,pre,24,7.486220998652726,0.10145468461220952,0.018507050691615304,0.02041383906563633,0.1852533885881566,0.009665702751399885,0.020206887272150253,0.044182294810461986,1.6856028265509098,1.350317513633314
marriages,per_head,as_printed,2008,unweighted,pre,24,7.560295978009026,0.09731495788839713,0.018163228251170595,0.020448001173638646,0.18231874679184223,0.009574242640821518,0.020240358498559985,0.04549804504559485,1.6115243590693369,1.246477407669392
marriages,per_head,as_printed,2010,unweighted,pre,24,8.92891450763921,0.09148563968078846,0.013944058039812905,0.014799554116831547,0.1631925041833661,0.007157162217410251,0.014690578972675783,0.03090209400783428,1.5190903871391073,1.3703449149106584
marriages,per_head,as_printed,2011,unweighted,post,24,9.490051805147012,0.06194672092874902,0.007358966916075668,0.007855220042391836,0.11789746007021049,0.0037939527869031986,0.007824448426754116,0.016633828797828154,1.3199197972653092,1.194776232360674
marriages,per_head,as_printed,2012,unweighted,post,24,10.286892372648504,0.06417633986083936,0.008074681960598667,0.00867633441469484,0.1234839731979001,0.004172772824220572,0.008638803646855986,0.01859152968305655,1.3372729181252554,1.1683301249472984
marriages,per_head,as_printed,2013,unweighted,post,24,10.334607493090163,0.08355873184562405,0.013774825695198419,0.015418472456455553,0.15864872927707688,0.007251596289490347,0.015300216366211927,0.034214296559227586,1.5040789776612884,1.2874039097437187
marriages,per_head,as_printed,2015,unweighted,post,24,9.941979014630583,0.07080109627590711,0.010184903818441188,0.011391111903061812,0.13663148644917542,0.005360454848564622,0.011326478834823295,0.02554977195859165,1.3127898037731554,1.2581216691288177
marriages,per_head,as_printed,2016,unweighted,post,24,9.003709509421476,0.0739212284639414,0.010643358386058465,0.011772441455727096,0.14029988369521368,0.005572074420896911,0.011703417392908144,0.02603552559427247,1.3095056624400458,1.274900775680469
marriages,per_head,as_printed,2017,unweighted,post,24,8.790628815872767,0.08714752603784444,0.013823292280470623,0.015061423075735061,0.16129188142790835,0.007177354941602321,0.014948567143936775,0.032684802848657823,1.4192756449371529,1.2636175238757734
marriages,per_head,as_printed,2018,unweighted,post,24,8.366586357482262,0.0850085761209613,0.013301284278928401,0.014569302031642452,0.1578119637672356,0.0069247157154808114,0.014463683303330033,0.031827373246106405,1.3702452184659903,1.302653603699249
marriages,per_head,as_printed,2019,unweighted,post,24,7.445073564062397,0.0859374643936772,0.013620350803038174,0.014971975672670577,0.1593250074573768,0.0071041283772833586,0.014860452910647082,0.03275402390775928,1.379017595604129,1.2770466315336446
marriages,per_head,as_printed,2020,unweighted,post,24,5.854644734824294,0.09163952635361901,0.015682116679985394,0.017533199315773965,0.16999291989588527,0.008240048402386457,0.01738038717526391,0.03905308874308633,1.4355234180002934,1.327117640727586
marriages,per_head,as_printed,2021,unweighted,post,24,6.750934806226227,0.08161781624245325,0.012496962894449237,0.013187614405456946,0.15578489396764056,0.006388058079492165,0.013101038811658028,0.027799186101496787,1.3539761506478851,1.2225006967107968
marriages,per_head,as_printed,2022,unweighted,post,24,6.783955268991808,0.08310351659148399,0.012501127808563078,0.01354502372535717,0.15365952408210395,0.006475723558673097,0.013453702671757162,0.029260057736371414,1.3787420671298891,1.2576457542177706
marriages,per_head,as_printed,2023,unweighted,post,24,6.247340252181853,0.07773539538719101,0.010590494283558533,0.011225825828715355,0.14255206869599593,0.005432223813488513,0.011163051363929255,0.023679027030386823,1.427527621166536,1.227274373823902
marriages,per_head,constant,2005,population,pre,23,7.134351360942319,0.08797176331838324,0.013387701143740695,0.014530305514272921,0.15884892208307447,0.006939378956185682,0.01442525006986084,0.03145170230744754,1.4764062042727542,1.3097517861590697
marriages,per_head,constant,2006,population,pre,23,8.161037142599929,0.11547416375877823,0.022731674945867867,0.02462369849691133,0.20682327183858795,0.011764916074666898,0.024323008323813955,0.05167338537147015,1.6735094313499868,1.5323783152406845
marriages,per_head,constant,2007,population,pre,23,7.567466108110978,0.09605330944690951,0.0154300162171308,0.016372274702213918,0.17182650849449976,0.007915294904142445,0.01623897746384806,0.03415174565537227,1.6507426053363716,1.350317513633314
marriages,per_head,constant,2008,population,pre,23,7.589855320517712,0.0941583589531272,0.01762549125194808,0.020164877983117717,0.17864907265069613,0.009359374852286217,0.019962926551058913,0.04587064184017087,1.3507911194508258,1.246477407669392
marriages,per_head,constant,2010,population,pre,23,8.96177468837074,0.07794463487928131,0.009998476090472955,0.010379072836022084,0.1394188605450084,0.005080932082527356,0.010325396124894581,0.021306921748616592,1.3631907868544897,1.3298626388251424
marriages,per_head,constant,2011,population,post,23,9.531818079765358,0.05537882495429051,0.005365690668375211,0.005581922642653774,0.10180915560709355,0.002732812616940583,0.005566372658848406,0.011538392057260038,1.3183140654562175,1.1967718823956668
marriages,per_head,constant,2012,population,post,23,10.343256278284187,0.05884227904845642,0.005884037216462964,0.005944703230224073,0.10825510324882318,0.002952703163391357,0.005927068443805195,0.011941615680051365,1.4359108109902405,1.1602462075479234
marriages,per_head,constant,2013,population,post,23,10.406444185661085,0.07605360527048367,0.009327749255536156,0.009613163482194546,0.1350692798821282,0.004724384857991204,0.00956710473437572,0.01958475759785916,1.523561971932032,1.285289161105569
marriages,per_head,constant,2015,population,post,23,10.028245757004687,0.07554303213118066,0.00928298257224277,0.009535795980775088,0.13501682343765153,0.004693554528906518,0.009490474451636643,0.019386763831786835,1.3641686648730365,1.2810506179642023
marriages,per_head,constant,2016,population,post,23,9.073753021692795,0.07780926211030352,0.009597852894424497,0.009714579162691772,0.13821817592349547,0.004817709332695874,0.009667545067237326,0.01943030825194736,1.34806118719385,1.2804161955038125
marriages,per_head,constant,2017,population,post,23,8.857414099154028,0.08441699715530358,0.011089882171503702,0.011135146325029726,0.1492147938485798,0.0055430323996296105,0.011073380054587467,0.022043342887277717,1.3794744417906688,1.3079867886156225
marriages,per_head,constant,2018,population,post,23,8.417309059659186,0.08000946386117315,0.010211291165249749,0.010180649926075279,0.14368391887717144,0.005086473942558789,0.010129002526242714,0.020051658947145667,1.4991097613131377,1.2338914632548896
marriages,per_head,constant,2019,population,post,23,7.471519384827091,0.07720422576718793,0.009302577114943724,0.009290697689062268,0.13688445104547164,0.0046395382663462215,0.009247672505044768,0.018324578759579935,1.4806686972587257,1.3178241661058978
marriages,per_head,constant,2020,population,post,23,5.876092748267607,0.0832088929122002,0.010912786674937168,0.010849085846740771,0.14865096072314338,0.005428605282591148,0.010790446766606565,0.021252568064653365,1.5274825253822473,1.372439925449225
marriages,per_head,constant,2021,population,post,23,6.778851806178954,0.07021051717047774,0.007987580221173117,0.007909862145649454,0.12753392550969342,0.003966396597441135,0.007878661504521545,0.015543576517434654,1.3697143029995738,1.2115737852857484
marriages,per_head,constant,2022,population,post,23,6.819961401156209,0.0756176739923876,0.009045276656678883,0.009135028538114638,0.13433683911793282,0.004535620387645545,0.009093430926407575,0.018251354405838693,1.4979039065538842,1.2278660118193405
marriages,per_head,constant,2023,population,post,23,6.257660088770528,0.06550386654094638,0.006755319470023145,0.006722247280452649,0.11684486587179954,0.0033642261773242366,0.006699703519400302,0.013273533126965997,1.35740460399643,1.2499054642251028
marriages,per_head,constant,2005,unweighted,pre,23,7.134351360942319,0.09754564067813207,0.017733179646038533,0.02008845550616003,0.17993717468507472,0.009371262028130767,0.019888026828420502,0.04526910390853289,1.4441982113254563,1.3599927184776819
marriages,per_head,constant,2006,unweighted,pre,23,8.161037142599929,0.11329770731595039,0.02323818241668704,0.025667584797345166,0.20734074880439923,0.012139392699138551,0.02534097275707059,0.05491071353986954,1.6735094313499868,1.5323783152406845
marriages,per_head,constant,2007,unweighted,pre,23,7.567466108110978,0.09652836729972696,0.0172315903183427,0.019134617485988596,0.17824917251212682,0.009029774767023158,0.018952712766240887,0.04185584712932611,1.6507426053363716,1.337156484038311
marriages,per_head,constant,2008,unweighted,pre,23,7.589855320517712,0.09481272120162854,0.01742024019418804,0.019688359317478088,0.1783753821519606,0.00919893601032995,0.01949580930633754,0.04414492227668798,1.3952003882011366,1.246477407669392
marriages,per_head,constant,2010,unweighted,pre,23,8.96177468837074,0.08839481210269821,0.013027520051146792,0.013778727305696296,0.15803348825359576,0.006675567431531748,0.013684235134432843,0.028750454204476306,1.4772595122830794,1.3604211662789538
marriages,per_head,constant,2011,unweighted,post,23,9.531818079765358,0.05769703778922917,0.005890279554331933,0.0061662045595519376,0.10639066543001952,0.003008802921512066,0.006147232535374303,0.012823985868125498,1.3183140654562175,1.194776232360674
marriages,per_head,constant,2012,unweighted,post,23,10.343256278284187,0.058256129002448705,0.005687524828416578,0.005797750376911656,0.10595292130627361,0.00286695180508989,0.005780975856013559,0.011753093227307998,1.3372729181252554,1.1683301249472984
marriages,per_head,constant,2013,unweighted,post,23,10.406444185661085,0.07621019319416522,0.00979212486481217,0.010269717227708221,0.13720947747898438,0.00500251836706378,0.010217163738754031,0.021265200144471308,1.5040789776612884,1.2874039097437187
marriages,per_head,constant,2015,unweighted,post,23,10.028245757004687,0.0646166267858802,0.0068347620880622635,0.0070587635223607545,0.1154820927044862,0.003466503674582677,0.007033908966324165,0.014487477172771546,1.3127898037731554,1.2581216691288177
marriages,per_head,constant,2016,unweighted,post,23,9.073753021692795,0.06774900085577935,0.007377988952055281,0.007580661785041128,0.12024878576111464,0.0037325575904869623,0.007552001036699396,0.015447985205391257,1.3095056624400458,1.274900775680469
marriages,per_head,constant,2017,unweighted,post,23,8.857414099154028,0.0805999572635295,0.010257320437665475,0.010417670227985855,0.14273261584097624,0.0051563389164474005,0.01036359424631883,0.020901040509999746,1.4192756449371529,1.2636175238757734
marriages,per_head,constant,2018,unweighted,post,23,8.417309059659186,0.07713647764424715,0.009268688072598454,0.009361791991739761,0.13594803318531645,0.004648005469406025,0.009318106847123642,0.01869315308489894,1.3702452184659903,1.302653603699249
marriages,per_head,constant,2019,unweighted,post,23,7.471519384827091,0.07468448227356209,0.00870420438389033,0.008810438542073648,0.13153602966181693,0.004370482746263282,0.008771740361129488,0.017629172948590677,1.3621333068617167,1.2767736429927552
marriages,per_head,constant,2020,unweighted,post,23,5.876092748267607,0.07914137447690155,0.009689873325355857,0.009827782466135394,0.1386548061561037,0.00486955505429465,0.009779647627333521,0.01966727313770711,1.426634633252807,1.3129022364010512
marriages,per_head,constant,2021,unweighted,post,23,6.778851806178954,0.07246714918749576,0.008859601613641582,0.008677735484482946,0.13517179748174496,0.004373957017017593,0.008640192612103692,0.016873387637405646,1.3539761506478851,1.2007025566058256
marriages,per_head,constant,2022,unweighted,post,23,6.819961401156209,0.07501602846375179,0.008757453386413604,0.008799879103006919,0.1324970193549497,0.004380556920599354,0.008761273491458499,0.01750252861576962,1.3787420671298891,1.2576457542177706
marriages,per_head,constant,2023,unweighted,post,23,6.257660088770528,0.065757742353533,0.006780027997707022,0.006755704676908519,0.1169811767935688,0.0033787289213819127,0.006732936205276596,0.01335663657607944,1.3421256626401323,1.2188534150920884
marriages,share_of_national,as_printed,2005,population,pre,24,0.041666666666666664,0.2935706211643731,0.14004803322281462,0.15696094717469722,0.5369825873492529,0.07124563444247156,0.14526256192224796,0.3042108288821239,3.6111430212521536,2.3687549563838224
marriages,share_of_national,as_printed,2006,population,pre,24,0.041666666666666664,0.25584716989675393,0.10693768490814987,0.12534216681675012,0.45153228024638076,0.0561092530114512,0.11780500691670126,0.2582270047900135,3.0530665506742065,2.547047619047619
marriages,share_of_national,as_printed,2007,population,pre,24,0.041666666666666664,0.2401005903554605,0.09402306573258909,0.1109162733062854,0.4203357031499229,0.04961831626511415,0.10498631767152444,0.23639958589265564,3.250916710319539,2.6485539000876424
marriages,share_of_national,as_printed,2008,population,pre,24,0.041666666666666664,0.263304342147672,0.1104846048396351,0.12634268807986918,0.46209033290813567,0.057369070982960624,0.11868722035525237,0.2498079477689482,3.165077772202709,2.643789473684211
marriages,share_of_national,as_printed,2010,population,pre,24,0.041666666666666664,0.26725712001282736,0.11513377184291605,0.13047459074768236,0.4790773821890512,0.05928839491746041,0.12232120617266096,0.2605674142929243,3.02778849864917,2.175295186194369
marriages,share_of_national,as_printed,2011,population,post,24,0.041666666666666664,0.27109655222435525,0.11695585299153065,0.1279022389959626,0.486526988177048,0.059376010449073924,0.12006060130099472,0.2418822902088288,3.4818043972706594,2.258232235701906
marriages,share_of_national,as_printed,2012,population,post,24,0.041666666666666664,0.24767022189513777,0.0980060405369077,0.1087442099018893,0.44050562200632387,0.050285300736127136,0.10304017840189572,0.21438366655495222,3.2424242424242427,2.0391076115485562
marriages,share_of_national,as_printed,2013,population,post,24,0.041666666666666664,0.2418993798039618,0.09497685679137871,0.10688827617255764,0.430166379713589,0.049113698077522305,0.10137393467444977,0.21278659456874782,3.9248672927725603,2.024780588538978
marriages,share_of_national,as_printed,2015,population,post,24,0.041666666666666664,0.2277505807743941,0.08550649240938886,0.09698643156749315,0.40697710731058867,0.04441425050192249,0.09243167967076993,0.19998368352949325,3.129075182967399,1.923812052030794
marriages,share_of_national,as_printed,2016,population,post,24,0.041666666666666664,0.21788575802659002,0.07794552716018306,0.08790503210803444,0.38910497653755627,0.04043347324283819,0.08415215126695885,0.18299619550567603,2.7778177889809146,1.8148148148148147
marriages,share_of_national,as_printed,2017,population,post,24,0.041666666666666664,0.2134962953445141,0.07428322344387486,0.08288803287556926,0.37995111332454207,0.038417863814339315,0.07954579793918515,0.16998196156602752,2.7171330011498656,1.7601756954612007
marriages,share_of_national,as_printed,2018,population,post,24,0.041666666666666664,0.22340711746529585,0.08198346812197693,0.09205520797521524,0.39871187941564273,0.0424573797925718,0.08794520454341315,0.18747999651633174,3.193836171938362,1.9871216999356085
marriages,share_of_national,as_printed,2019,population,post,24,0.041666666666666664,0.21707584753809003,0.07747273006110553,0.08800360481606409,0.38553282816335227,0.04037132265870924,0.08424242442024343,0.18255960853481534,2.8433734939759034,1.8960109103307194
marriages,share_of_national,as_printed,2020,population,post,24,0.041666666666666664,0.2135964613500336,0.07638165642573075,0.08743493902376726,0.38090480599008547,0.03997605846811181,0.08372151631570235,0.18204184488565744,3.2467929138668294,1.7737133134836238
marriages,share_of_national,as_printed,2021,population,post,24,0.041666666666666664,0.22830159962384425,0.08544925910482559,0.0967093470050072,0.40755084138677006,0.0443368802212567,0.0921801716569205,0.1987981733288291,3.2349304482225656,2.003386004514673
marriages,share_of_national,as_printed,2022,population,post,24,0.041666666666666664,0.23440922965251998,0.08951210479989276,0.1020862068898288,0.4155077719718939,0.04658913496281025,0.09704829234480272,0.20946918268746173,3.4287909836065578,2.120333598093725
marriages,share_of_national,as_printed,2023,population,post,24,0.041666666666666664,0.2314418661547979,0.0879103981142288,0.10141209895638546,0.409677064002779,0.04601452936024164,0.09643940022871111,0.2105154814803042,3.5208211143695016,2.0091524074810985
marriages,share_of_national,as_printed,2001,unweighted,pre,24,0.041666666666666664,0.3275658590150139,0.17782352401365903,0.19244201829049742,0.6258052807535049,0.088301959225483,0.17505785162704413,0.337834787613711,7.314893617021276,2.7193987115246956
marriages,share_of_national,as_printed,2002,unweighted,pre,24,0.041666666666666664,0.3332246175923812,0.18096803606725956,0.20556666305194737,0.6136308857322609,0.09196578016963108,0.18581418335338196,0.36623791998264765,8.745819397993312,3.1302588996763756
marriages,share_of_national,as_printed,2003,unweighted,pre,24,0.041666666666666664,0.3301178361287351,0.17628023583899183,0.19949342661260377,0.6048431214400927,0.08955022030932391,0.1808543946433756,0.35715029776392315,7.830132939438699,3.1051073279052557
marriages,share_of_national,as_printed,2004,unweighted,pre,24,0.041666666666666664,0.30806125802211404,0.15468180073037185,0.18013948392502396,0.5579131039247074,0.07992891202372288,0.1648462872312384,0.3403414303244081,7.255006675567424,3.0152883947185543
marriages,share_of_national,as_printed,2005,unweighted,pre,24,0.041666666666666664,0.3285043012351687,0.17951880830294206,0.20550318878195387,0.6155087636859744,0.09134540943953573,0.18576250186282606,0.3741173349288496,7.028235294117647,2.648831488314883
marriages,share_of_national,as_printed,2006,unweighted,pre,24,0.041666666666666664,0.2993975903614458,0.14694240182454288,0.17278310059499455,0.5380271435820464,0.07649444362316327,0.15867992311995127,0.3297048039695184,7.143162393162393,3.3423913043478266
marriages,share_of_national,as_printed,2007,unweighted,pre,24,0.041666666666666664,0.29374107634955965,0.13924359397724514,0.1653559594704749,0.5192027054824914,0.07295562677634648,0.1524080579952879,0.32252118555623055,5.91389432485323,2.6626833242802825
marriages,share_of_national,as_printed,2008,unweighted,pre,24,0.041666666666666664,0.30798242495047495,0.1509288579051382,0.1713469609784773,0.5507448316202003,0.07738545758179949,0.15747080200182006,0.3143112577269772,5.962962962962964,3.158056580565806
marriages,share_of_national,as_printed,2010,unweighted,pre,24,0.041666666666666664,0.31240376663864006,0.15877780523384005,0.1816978040564986,0.5694711785681759,0.08138706273810425,0.1661467105736264,0.3351004220270958,4.948347107438017,3.4707568807339446
marriages,share_of_national,as_printed,2011,unweighted,post,24,0.041666666666666664,0.3064602521392644,0.1512653022433582,0.1627978850926566,0.5657321455555607,0.07564077492707832,0.15023707918682905,0.288335657082993,5.143421052631578,3.4139297848244623
marriages,share_of_national,as_printed,2012,unweighted,post,24,0.041666666666666664,0.287389170865948,0.13316952599023035,0.14694139641549153,0.5210937456760639,0.06767158760937753,0.13665542897965033,0.27025892807630636,4.459816303099886,3.2462159434914226
marriages,share_of_national,as_printed,2013,unweighted,post,24,0.041666666666666664,0.2835406090986417,0.12983169270172173,0.14388743754039607,0.5111291018471696,0.06623374600672183,0.1340147800003948,0.2645190577003367,4.374790853318461,3.383800952885124
marriages,share_of_national,as_printed,2015,unweighted,post,24,0.041666666666666664,0.2750035345572122,0.12400632247234077,0.14189006546052768,0.4938008854279287,0.0642090226610752,0.1322833567277627,0.27157588354131346,4.336923997606224,2.6338983050847458
marriages,share_of_national,as_printed,2016,unweighted,post,24,0.041666666666666664,0.26324118895966025,0.11394555528885096,0.1305375884304234,0.47171443457382733,0.05916418298814885,0.12237649616127422,0.2541303678375303,4.205461638491547,2.4573785517873508
marriages,share_of_national,as_printed,2017,unweighted,post,24,0.041666666666666664,0.2567087284271769,0.10652628202793682,0.11869639206332819,0.45863562510141465,0.05474782762995234,0.11192261282128235,0.22752526343213875,3.4785879629629632,2.7968671045982822
marriages,share_of_national,as_printed,2018,unweighted,post,24,0.041666666666666664,0.2689152298850575,0.11767283413379159,0.13160821178652202,0.4829455784074738,0.060435150606972354,0.12331559758068567,0.24858820340444943,4.082010582010582,2.9956140350877196
marriages,share_of_national,as_printed,2019,unweighted,post,24,0.041666666666666664,0.265097868158755,0.11477760823771306,0.13001015092154058,0.47350800520807634,0.059354874562591586,0.12191348251202327,0.2482900687023213,3.9300353356890456,3.175
marriages,share_of_national,as_printed,2020,unweighted,post,24,0.041666666666666664,0.2635138910051298,0.11413690338847383,0.1296668903952618,0.4704058845124924,0.05915321314382804,0.12161201833449586,0.2471641623835763,3.904494382022472,3.033898305084746
marriages,share_of_national,as_printed,2021,unweighted,post,24,0.041666666666666664,0.2767162032184741,0.12506361326374998,0.14160475530931055,0.4975816415030576,0.06445964214581701,0.13203575304081372,0.2676329463531978,4.3117408906882595,3.0138985406532317
marriages,share_of_national,as_printed,2022,unweighted,post,24,0.041666666666666664,0.28515676389083394,0.1317966245504922,0.1499224734073405,0.5106240648117389,0.06796736686859595,0.13922529323159982,0.28211619017574974,4.0818042813455655,3.4637068357998593
marriages,share_of_national,as_printed,2023,unweighted,post,24,0.041666666666666664,0.2863744465614848,0.13349889885201835,0.15297959947237744,0.511798705789135,0.06909141808874864,0.14185277171094235,0.2870578432150006,4.330188679245283,3.613899613899614
marriages,share_of_national,constant,2005,population,pre,23,0.043478260869565216,0.27066693075045134,0.12160536869741198,0.13961127798153175,0.49600289021978966,0.06265828422650588,0.1303037602225422,0.2889280688869409,3.4298963447899613,2.3464257659073056
marriages,share_of_national,constant,2006,population,pre,23,0.04347826086956523,0.22857685762887478,0.08679254625677749,0.10211757652571882,0.40680177746307555,0.045689374321737364,0.09707661716682559,0.22530566480032266,2.852092645266152,2.278800272665303
marriages,share_of_national,constant,2007,population,pre,23,0.043478260869565216,0.21848029825129442,0.08073532691859193,0.09919665630648766,0.3833786512107309,0.04348193409369161,0.09443539447897642,0.2266897257558821,3.250916710319539,2.0467321368100237
marriages,share_of_national,constant,2008,population,pre,23,0.043478260869565216,0.24835292710650278,0.1016734303301039,0.12177373454322148,0.4338729754527603,0.05404380967285616,0.11465133033769526,0.2527478216757847,3.165077772202709,2.643789473684211
marriages,share_of_national,constant,2010,population,pre,23,0.043478260869565216,0.25300237319406715,0.1056054053002306,0.1254847952984984,0.44896629662196147,0.05569697168290322,0.11793082407640332,0.2636502233029905,3.02778849864917,2.1238545669524096
marriages,share_of_national,constant,2011,population,post,23,0.043478260869565216,0.2582400704415793,0.10693929678931267,0.12250884564077578,0.45523594208127616,0.055589264369579894,0.11530192081253232,0.24362069769013084,3.4818043972706594,2.1442676906198574
marriages,share_of_national,constant,2012,population,post,23,0.043478260869565216,0.23244891801479745,0.08838708057217115,0.10269086741505669,0.409601308725407,0.04641900832630208,0.09759410656582279,0.21374501352744957,3.2424242424242427,1.842741935483871
marriages,share_of_national,constant,2013,population,post,23,0.04347826086956523,0.22172638687142612,0.08248523956535063,0.09687779141037785,0.39344175057707254,0.043594920343125954,0.09233307594979179,0.20521439790802287,3.9248672927725603,1.8605313092979125
marriages,share_of_national,constant,2015,population,post,23,0.04347826086956521,0.20684625218984912,0.07372495291929765,0.08752577353269368,0.37065631446532765,0.039183406781056696,0.08380474224185663,0.19290969189263385,3.129075182967399,1.5861238783103526
marriages,share_of_national,constant,2016,population,post,23,0.043478260869565216,0.20058430193800186,0.06873323028303364,0.08124524837801349,0.3578905335089266,0.03650270561899771,0.07803244733121506,0.1798023667200076,2.7778177889809146,1.5725612686208552
marriages,share_of_national,constant,2017,population,post,23,0.043478260869565216,0.19738883602566507,0.06616077917855268,0.07730016997989239,0.3511640145427054,0.03501607330338419,0.07438802902414599,0.1678166032834827,2.7171330011498656,1.6984293193717277
marriages,share_of_national,constant,2018,population,post,23,0.043478260869565216,0.20855962919942683,0.073755049250012,0.08685629325332873,0.36997233412569114,0.039121231566789816,0.08319116221779488,0.18711034671048743,3.193836171938362,1.8112259145490086
marriages,share_of_national,constant,2019,population,post,23,0.043478260869565216,0.20627879827355788,0.07218766924694003,0.08577966546453095,0.3644264348429702,0.03846699082148375,0.08220356880616286,0.1866664707360951,2.8433734939759034,1.792551643875473
marriages,share_of_national,constant,2020,population,post,23,0.043478260869565216,0.20092652016347057,0.06965497570080306,0.08328320241133708,0.3565946763254113,0.03725378293654169,0.07990946153978795,0.18264362022326963,3.2467929138668294,1.862189440993789
marriages,share_of_national,constant,2021,population,post,23,0.04347826086956523,0.21826012273899464,0.07992826161229648,0.09501310776262145,0.38509732508944294,0.042498379831804156,0.09063898529820602,0.20493106494363889,3.2349304482225656,1.869947848761408
marriages,share_of_national,constant,2022,population,post,23,0.04347826086956523,0.21965011562333764,0.0814203890753309,0.09771600009288053,0.3870661849842885,0.04347391435400283,0.09309357147484754,0.21202478926169444,3.4287909836065578,1.9298969072164949
marriages,share_of_national,constant,2023,population,post,23,0.043478260869565216,0.2241727433685576,0.08485024811147739,0.10263163959982843,0.3934758788822005,0.04546113126335216,0.09754065745348361,0.22157393765538136,3.5208211143695016,2.1709173962695085
marriages,share_of_national,constant,1994,unweighted,pre,23,0.04347826086956521,0.32393049913219285,0.1778415005369144,0.19397846872682495,0.6255859018633215,0.08855593665938133,0.17632436113715977,0.34331269338641823,5.886039886039885,2.088235294117647
marriages,share_of_national,constant,1995,unweighted,pre,23,0.043478260869565216,0.3321636840069336,0.19315786678428726,0.20611392120175018,0.6693311490478356,0.09462695483707284,0.18625963127837475,0.35867104545280637,6.54126984126984,2.1876770538243626
marriages,share_of_national,constant,1996,unweighted,pre,23,0.043478260869565216,0.31181757787453507,0.16787507053671813,0.1849037381753938,0.6075141775386405,0.08399835739548367,0.16881570868230145,0.33743589870385815,6.686821705426357,1.9094202898550725
marriages,share_of_national,constant,1997,unweighted,pre,23,0.04347826086956521,0.31665843855176157,0.1781325537011174,0.19476896102036703,0.6364993776999214,0.0883780243363177,0.1769752131014367,0.35494282895747176,5.619113573407201,1.937726723095526
marriages,share_of_national,constant,1998,unweighted,pre,23,0.043478260869565216,0.31092914518828735,0.16974929935538394,0.18587728206687765,0.6148301919388607,0.0846128863620822,0.16962450930647666,0.33812115216187577,6.3353383458646615,1.9560770156438025
marriages,share_of_national,constant,1999,unweighted,pre,23,0.043478260869565216,0.31402011453911544,0.171450328407662,0.1919841827288316,0.6128849983996351,0.0862774827072138,0.17468007730254054,0.35372765248596005,7.004746835443039,2.0929544108940203
marriages,share_of_national,constant,2000,unweighted,pre,23,0.043478260869565216,0.3175419426213781,0.1734433265333225,0.19372401578487292,0.6147823960122499,0.0872637721594457,0.1761147477804006,0.3519306034053822,7.461651917404129,2.2652173913043474
marriages,share_of_national,constant,2001,unweighted,pre,23,0.04347826086956521,0.31539642573651755,0.1674144136742212,0.18768620486625825,0.5987099142463844,0.08458901097237648,0.17112523670441326,0.34282608971224005,7.314893617021276,2.3108272506082725
marriages,share_of_national,constant,2002,unweighted,pre,23,0.043478260869565216,0.3224475789240829,0.17133926853763548,0.20214490266866397,0.5877755526027363,0.08871257758060136,0.183023462715606,0.3736641444609512,8.745819397993312,2.4881028938906753
marriages,share_of_national,constant,2003,unweighted,pre,23,0.043478260869565216,0.314348181145309,0.16324189657973198,0.19140599511996068,0.5742696783228423,0.08439451527051955,0.17420274957069048,0.3592313998995077,7.830132939438699,2.4081515499425947
marriages,share_of_national,constant,2004,unweighted,pre,23,0.04347826086956521,0.3061531169001442,0.15374524305256737,0.18614725806517446,0.5459846920929909,0.08095385767369667,0.16984866049945624,0.35740122802000485,7.255006675567424,3.0152883947185543
marriages,share_of_national,constant,2005,unweighted,pre,23,0.043478260869565216,0.3226011603842398,0.17450953243939699,0.20755988376285345,0.5965514311263327,0.09046300329319512,0.18743541910855133,0.38724234705488214,7.028235294117647,2.4738655944859276
marriages,share_of_national,constant,2006,unweighted,pre,23,0.04347826086956523,0.28353663099603366,0.1353937790233708,0.1650798923301115,0.5091893235709907,0.07176083822922097,0.15217403340990143,0.33059497788792447,7.143162393162393,2.121604139715395
marriages,share_of_national,constant,2007,unweighted,pre,23,0.043478260869565216,0.2885271030851797,0.1367574744810473,0.1690625944997738,0.50509733545935,0.07306669600881976,0.15554395657193887,0.3373392215519653,5.91389432485323,2.6626833242802825
marriages,share_of_national,constant,2008,unweighted,pre,23,0.043478260869565216,0.3129111905671586,0.15614555537592248,0.18294194626896218,0.5510902409080395,0.0812491453581381,0.1671834975610399,0.3358036869284786,5.962962962962964,3.206027060270603
marriages,share_of_national,constant,2010,unweighted,pre,23,0.043478260869565216,0.31890677246676186,0.16446733327473545,0.19419349557976917,0.5699525282783184,0.08554754646804097,0.17650145447703802,0.35737976287036843,4.948347107438017,3.552178899082569
marriages,share_of_national,constant,2011,unweighted,post,23,0.043478260869565216,0.3142678219972906,0.15685853358374682,0.17438084763193273,0.5661840140804411,0.07964612260801796,0.1600230664925003,0.30955372834457484,5.143421052631578,3.4473386183465458
marriages,share_of_national,constant,2012,unweighted,post,23,0.043478260869565216,0.2925116568933255,0.13761353775053567,0.15673021911511778,0.5211131751595857,0.07098315728924043,0.14506532725879906,0.28987942544232126,4.459816303099886,3.5544904137235114
marriages,share_of_national,constant,2013,unweighted,post,23,0.04347826086956523,0.2835991261627243,0.1312360175703387,0.15040905702821217,0.5054280751808254,0.0680381926677639,0.1396440302216323,0.2804404036899226,4.374790853318461,3.4716781365802007
marriages,share_of_national,constant,2015,unweighted,post,23,0.04347826086956521,0.2741375847441829,0.12538620786216517,0.1484923012075513,0.4882519133833234,0.06600425323790382,0.1379933564448088,0.2882037161989478,4.336923997606224,2.8508474576271188
marriages,share_of_national,constant,2016,unweighted,post,23,0.043478260869565216,0.2655344225976184,0.11735433122898409,0.13860981883262924,0.47152270631227877,0.06181725870758803,0.1294323587027676,0.272148098420225,4.255526657997399,2.6759853345554534
marriages,share_of_national,constant,2017,unweighted,post,23,0.043478260869565216,0.26041898493566,0.11072288043641973,0.1269407507827807,0.46100697411044156,0.05766812944154209,0.11921414307623823,0.2452002976335962,3.7546296296296293,3.036382011116726
marriages,share_of_national,constant,2018,unweighted,post,23,0.043478260869565216,0.27428129685157426,0.12289278467174719,0.1412715512871087,0.48678634542560983,0.06392062466435144,0.1317464956744171,0.2678458622636122,4.2896825396825395,3.2182017543859653
marriages,share_of_national,constant,2019,unweighted,post,23,0.043478260869565216,0.27407967395882105,0.12243172558931609,0.14160998068441005,0.48416532813282304,0.06388389260068372,0.13204028846772786,0.269370363760045,4.354063604240283,3.21375
marriages,share_of_national,constant,2020,unweighted,post,23,0.043478260869565216,0.27043173522182984,0.12040336306597878,0.13980267268700985,0.4782988992922405,0.06299750977908714,0.13047019954989847,0.2664917359727549,4.491573033707866,3.172573189522342
marriages,share_of_national,constant,2021,unweighted,post,23,0.04347826086956523,0.2866472124754361,0.13344384206040635,0.1545507474133807,0.5080351541504092,0.06946200284241011,0.1431999893455057,0.2902392126545419,4.645344129554656,3.1028492008339126
marriages,share_of_national,constant,2022,unweighted,post,23,0.04347826086956523,0.2917267479288224,0.13827374334656078,0.16156566581479076,0.5158856024614228,0.07218370089111947,0.14918933954426583,0.3035550974668302,4.293577981651376,3.5510923185341787
marriages,share_of_national,constant,2023,unweighted,post,23,0.043478260869565216,0.2992456727648951,0.14457299804478096,0.16865764236175312,0.5278680108580937,0.07535441851904812,0.15520192304275826,0.31192559003629805,4.891080617495711,3.7629343629343626
money_orders_from_abroad,per_head,as_printed,2005,population,pre,24,56.23984480718652,0.24514807808635408,0.0936348209924224,0.0982232364124725,0.4363669571303955,0.04698719516367489,0.09355347070521003,0.1808671396377709,3.337660070772307,2.432940822209461
money_orders_from_abroad,per_head,as_printed,2006,population,pre,24,58.904446771720906,0.245083758094199,0.09458486685510735,0.09935192643648286,0.4391111396523412,0.04746338213672996,0.09457599069751599,0.18355119792733632,3.6295327649885154,2.165333227442066
money_orders_from_abroad,per_head,as_printed,2007,population,pre,24,64.99016146727739,0.23545347205847295,0.08694437381001024,0.09066024853843008,0.42132728110826373,0.043548195526594946,0.08667203729774997,0.16822005105636428,3.412011508865931,2.1481639963427956
money_orders_from_abroad,per_head,as_printed,2008,population,pre,24,66.0104093486889,0.23515027543029632,0.08728897886012116,0.090054135617434,0.42437113339069343,0.04349352680079244,0.08611828961859014,0.16559715835502753,3.3028706256121434,2.1436176452155693
money_orders_from_abroad,per_head,as_printed,2009,population,pre,24,64.0577295537323,0.24494816597957358,0.09576475396172979,0.09777667417092216,0.4479648071848685,0.04739231649096909,0.09314859551698584,0.17644170100359846,3.558650046274748,2.106265901177969
money_orders_from_abroad,per_head,as_printed,2010,population,pre,24,63.51441678317118,0.2426532540496815,0.09431467463592519,0.09521283359158858,0.44669259189128957,0.046434165803819205,0.09082059004451559,0.17069855454698746,3.3490934871500113,2.0551755616823058
money_orders_from_abroad,per_head,as_printed,2015,population,post,24,52.951817531236145,0.24382438595413655,0.09576561900685594,0.09448544150859214,0.4571859810911475,0.0465678717329121,0.09015901955829375,0.16728093575680647,2.9782700222435317,2.1375853135326377
money_orders_from_abroad,per_head,as_printed,2016,population,post,24,53.46107779492085,0.24455639630986034,0.09767462631226065,0.09385911008702026,0.46798505653447553,0.046875273351987934,0.08958897906510799,0.16238945089556878,2.9102182996307544,2.1374980290344503
money_orders_from_abroad,per_head,as_printed,2017,population,post,24,56.28155447346652,0.23017004683666228,0.08398635986278372,0.08295895181438429,0.42487846506651694,0.04099423144235914,0.0796110732597678,0.14827446300515812,3.0911846834964662,1.9938702936346402
money_orders_from_abroad,per_head,as_printed,2018,population,post,24,66.6144253888424,0.23395896766940377,0.08872760058654006,0.08559343490758811,0.44299671606233376,0.042759738683868065,0.08203263114920867,0.14957634257698538,3.0548552597187384,2.0468579946050727
money_orders_from_abroad,per_head,as_printed,2019,population,post,24,75.16120458146219,0.22455953909294418,0.08299137423210862,0.0786758574635811,0.43026336961528056,0.03972479765683756,0.07566050636111599,0.13596876914580347,2.786181810232383,2.1275604702595734
money_orders_from_abroad,per_head,as_printed,2020,population,post,24,95.7451008782421,0.208099879021157,0.07428494643332648,0.06876586381230164,0.4130897042963851,0.0351588067216716,0.06645476878668122,0.11878358146428658,2.300756329018846,1.8877206598179146
money_orders_from_abroad,per_head,as_printed,2021,population,post,24,131.28649321184173,0.186692122362039,0.05961752582122007,0.05602078397019926,0.3655102693992498,0.028505806467179484,0.05448051596260439,0.0997431176344451,2.179491792684873,1.7176560714092433
money_orders_from_abroad,per_head,as_printed,2022,population,post,24,131.20035850037505,0.17077663152259692,0.049507930339722964,0.04748991285636418,0.328642652872687,0.02396040219954454,0.046379907613043,0.08716263055150186,1.9800822813052152,1.6258611226358632
money_orders_from_abroad,per_head,as_printed,2023,population,post,24,138.3706041429344,0.1722419375047619,0.05025844862262111,0.04888185619719979,0.32986311683034814,0.024468582259974725,0.047706369356364076,0.09125764225702926,2.014732717718969,1.53462102700734
money_orders_from_abroad,per_head,as_printed,2005,unweighted,pre,24,56.23984480718652,0.230259602141868,0.08313935550301409,0.08595252783469,0.4137800151840456,0.04149119429757653,0.08236220756085233,0.15951883881356133,2.9129607129669384,2.347943124258072
money_orders_from_abroad,per_head,as_printed,2006,unweighted,pre,24,58.904446771720906,0.22688469185640997,0.0812627086315746,0.08449270073615842,0.4080951085440877,0.040671055951143065,0.08102163678211183,0.15832951632426595,2.767167521956379,2.165333227442066
money_orders_from_abroad,per_head,as_printed,2007,unweighted,pre,24,64.99016146727739,0.21341808415177746,0.07196881865490351,0.07434108076105016,0.3843936714980317,0.0359676187614435,0.07164500419394026,0.14055760670641726,2.8034334899855438,2.099542054126515
money_orders_from_abroad,per_head,as_printed,2008,unweighted,pre,24,66.0104093486889,0.21326730105743166,0.07201198016004445,0.07390635177654115,0.3855674178529295,0.035881064069210544,0.07124133363206087,0.13880705584737962,2.643781098558835,2.0318176189009196
money_orders_from_abroad,per_head,as_printed,2009,unweighted,pre,24,64.0577295537323,0.2247958773467226,0.08072598501130318,0.08194424478177892,0.41158881717614265,0.03993683032498008,0.07867667415257273,0.15074401620116573,2.500383932714143,2.015227429573458
money_orders_from_abroad,per_head,as_printed,2010,unweighted,pre,24,63.51441678317118,0.22588129283793223,0.08155481042296954,0.08183571677216168,0.4158366451601804,0.04012089006924513,0.07857667933978485,0.14883727964242066,2.5433468080428527,2.0167733084306745
money_orders_from_abroad,per_head,as_printed,2015,unweighted,post,24,52.951817531236145,0.24883514865849496,0.10000034207197606,0.09833695056848564,0.4691632438732656,0.04849092814700706,0.0936565406468941,0.17316829978990966,2.9782700222435317,2.1375853135326377
money_orders_from_abroad,per_head,as_printed,2016,unweighted,post,24,53.46107779492085,0.26088835360725604,0.11397851665096881,0.10757575372209113,0.5136797863880412,0.054015102050021135,0.10199150761169817,0.1811699465243033,2.9102182996307544,2.1374980290344503
money_orders_from_abroad,per_head,as_printed,2017,unweighted,post,24,56.28155447346652,0.23529658099091996,0.08896083014506194,0.08687973745318425,0.44116737465761374,0.04311971989084207,0.08321265581546633,0.15347754132251945,3.0911846834964662,1.9938702936346402
money_orders_from_abroad,per_head,as_printed,2018,unweighted,post,24,66.6144253888424,0.24510689906881591,0.10021650008732531,0.09451112843867643,0.4790721802624109,0.04762229456523703,0.09018239027978381,0.16107468204682274,3.0548552597187384,2.0468579946050727
money_orders_from_abroad,per_head,as_printed,2019,unweighted,post,24,75.16120458146219,0.23326238795470228,0.08993026207210006,0.08478274194717866,0.4506109761821602,0.04285676199060995,0.08128813972919391,0.145121509044165,2.786181810232383,2.1785583870270466
money_orders_from_abroad,per_head,as_printed,2020,unweighted,post,24,95.7451008782421,0.23515961392692372,0.0930514891352821,0.08764652850329088,0.460335341636313,0.04426259515917108,0.08391537069366795,0.15037309932060594,2.413038076545185,2.125741143532873
money_orders_from_abroad,per_head,as_printed,2021,unweighted,post,24,131.28649321184173,0.21978983807732727,0.0808835826097819,0.07704711088295199,0.42564398360012085,0.03876709189461247,0.07415376485456471,0.1355889523791176,2.5829604895581744,1.9350439377524293
money_orders_from_abroad,per_head,as_printed,2022,unweighted,post,24,131.20035850037505,0.20273459604901378,0.0686712399577014,0.06649531430669262,0.38786393089458987,0.033252470864238104,0.06433269990393453,0.12051899044309766,2.748332345628187,1.8647025720621249
money_orders_from_abroad,per_head,as_printed,2023,unweighted,post,24,138.3706041429344,0.20868382952491243,0.07338893889134289,0.07158721752392583,0.40119551118432384,0.03560479328598187,0.06908491805436101,0.1305527172914499,2.87644959302892,1.835650051475827
money_orders_from_abroad,per_head,constant,2005,population,pre,23,56.7700982615324,0.24505186864572012,0.09358082289706746,0.0981508471899149,0.4362746119272911,0.04695667886330246,0.0934878513706271,0.1807368487075478,3.337660070772307,2.432940822209461
money_orders_from_abroad,per_head,constant,2006,population,pre,23,59.47203523992678,0.24482795371356755,0.09442170967431514,0.09912885282806376,0.4388390312286443,0.0473702935358421,0.09437399196715557,0.18314399471138987,3.6295327649885154,2.165333227442066
money_orders_from_abroad,per_head,constant,2007,population,pre,23,65.59617202567705,0.23519469400099938,0.0868570966237968,0.0905430835983569,0.4211728691429051,0.04349874974405077,0.08656502101257513,0.16800224404342512,3.412011508865931,2.1481639963427956
money_orders_from_abroad,per_head,constant,2008,population,pre,23,66.7501650729014,0.23498870134064162,0.08721045078883467,0.08994255660542556,0.4242408188057155,0.04344775507327647,0.08601631391118303,0.16537623534756984,3.3028706256121434,2.1436176452155693
money_orders_from_abroad,per_head,constant,2009,population,pre,23,64.74316727273164,0.24480865525743042,0.0956599998364552,0.09762933977846595,0.44779841096410494,0.047331693401759134,0.09301497527307101,0.17616033475085247,3.558650046274748,2.106265901177969
money_orders_from_abroad,per_head,constant,2010,population,pre,23,64.1715380437013,0.24249713282122062,0.09421619962361233,0.09507483476952104,0.4465351596612258,0.04637725149804561,0.09069511569943622,0.17043231823825045,3.3490934871500113,2.0551755616823058
money_orders_from_abroad,per_head,constant,2015,population,post,23,53.43173338419488,0.24375936195329728,0.09574892159964511,0.09446384161558181,0.45715774500424633,0.046558599985662474,0.09013936687821233,0.16724217976606925,2.9782700222435317,2.1375853135326377
money_orders_from_abroad,per_head,constant,2016,population,post,23,54.030070908315416,0.24440758478807675,0.0975975890597705,0.09375615189190702,0.4678618191699283,0.04683180144934995,0.08949523996405939,0.16219624899720653,2.9102182996307544,2.1374980290344503
money_orders_from_abroad,per_head,constant,2017,population,post,23,56.80749804602727,0.22993379225397917,0.0838744987142883,0.08281279396759937,0.42467680366792426,0.04093162666553807,0.07947654136482418,0.14799714207982573,3.0911846834964662,1.9938702936346402
money_orders_from_abroad,per_head,constant,2018,population,post,23,67.22324347548124,0.233587063023804,0.08849242427854068,0.08528907759898137,0.44258583712212324,0.04262887460137432,0.08175319854991503,0.14900555767731583,3.0548552597187384,2.0468579946050727
money_orders_from_abroad,per_head,constant,2019,population,post,23,75.84571136732974,0.22439457674519014,0.08291490553187177,0.07857702006658585,0.4301257924750117,0.03968220305317116,0.07556914253661706,0.13577791211218293,2.786181810232383,2.1275604702595734
money_orders_from_abroad,per_head,constant,2020,population,post,23,97.08094594909258,0.2080211223873016,0.07426535299776323,0.06873818168753049,0.4130561273122635,0.03514736876675617,0.06642892591342076,0.1187228295319912,2.300756329018846,1.8826931238928812
money_orders_from_abroad,per_head,constant,2021,population,post,23,133.19597264370518,0.1866617095005507,0.05961389435124631,0.056015417234167295,0.3655035463226298,0.028503630834480265,0.054475441595504104,0.09973026133230556,2.179491792684873,1.7176560714092433
money_orders_from_abroad,per_head,constant,2022,population,post,23,132.86111400474422,0.17070649780781144,0.049489543430459915,0.04746386987580469,0.32860314603220886,0.023949592858416913,0.04635507218012369,0.08710114657275703,1.9800822813052152,1.6258611226358632
money_orders_from_abroad,per_head,constant,2023,population,post,23,140.12853376963594,0.17205841587087328,0.05015918432662489,0.0487390158363395,0.32965381397854077,0.024409780576924778,0.04757033367505581,0.09091784679419757,2.0001693020849154,1.53462102700734
money_orders_from_abroad,per_head,constant,2005,unweighted,pre,23,56.7700982615324,0.23226094735817013,0.08474240887758985,0.08836530967185305,0.41610818035882774,0.042458207435440154,0.0845735984848126,0.1645640097394253,2.9129607129669384,2.347943124258072
money_orders_from_abroad,per_head,constant,2006,unweighted,pre,23,59.47203523992678,0.22842095116042885,0.08260777114616376,0.08661699154729874,0.4098896213029472,0.04150481601934497,0.08297174204604696,0.16295256363709065,2.767167521956379,2.165333227442066
money_orders_from_abroad,per_head,constant,2007,unweighted,pre,23,65.59617202567705,0.21499332801588644,0.07319251317092045,0.07623191400623787,0.3861951377464678,0.03671936142540566,0.07339871017806288,0.14475827443103806,2.8034334899855438,2.099542054126515
money_orders_from_abroad,per_head,constant,2008,unweighted,pre,23,66.7501650729014,0.21397044199926643,0.07259120020620838,0.07518431127224257,0.3855276751873234,0.03632600072963743,0.07242749149667238,0.14213311168710996,2.643781098558835,2.0318176189009196
money_orders_from_abroad,per_head,constant,2009,unweighted,pre,23,64.74316727273164,0.22605535368666066,0.08174640428946281,0.08371058045371514,0.41253619264115704,0.040607259329241696,0.08030260401671119,0.15478432859714364,2.500383932714143,2.015227429573458
money_orders_from_abroad,per_head,constant,2010,unweighted,pre,23,64.1715380437013,0.22747682959064663,0.082740620110091,0.08372730008373896,0.4172349549857438,0.0408636624465093,0.0803179808883574,0.15297066227940814,2.5433468080428527,2.0167733084306745
money_orders_from_abroad,per_head,constant,2015,unweighted,post,23,53.43173338419488,0.2525211503984073,0.10234481862412613,0.10144982448466183,0.47287930199575684,0.04980489352628492,0.0964734868866951,0.1789668207133014,2.9782700222435317,2.1375853135326377
money_orders_from_abroad,per_head,constant,2016,unweighted,post,23,54.030070908315416,0.2645172897837757,0.1161428275619115,0.11053310661546548,0.5165270067765445,0.05524664898755127,0.10464331253075254,0.1866359699770479,2.9102182996307544,2.1374980290344503
money_orders_from_abroad,per_head,constant,2017,unweighted,post,23,56.80749804602727,0.23831736529279227,0.09074382015309901,0.08929770589204192,0.443988451609504,0.04413627704629164,0.08542674080630053,0.15819242534204203,3.0911846834964662,1.9938702936346402
money_orders_from_abroad,per_head,constant,2018,unweighted,post,23,67.22324347548124,0.2488189043514369,0.10233877394358393,0.09717109740678445,0.48256012662102604,0.04877846410213893,0.09259926106260219,0.1658968310110951,3.0548552597187384,2.0468579946050727
money_orders_from_abroad,per_head,constant,2019,unweighted,post,23,75.84571136732974,0.23691510081391873,0.09186137113669444,0.08722272559423193,0.4538778978506033,0.04391870978720902,0.0835270490827209,0.14965487579135894,2.786181810232383,2.1785583870270466
money_orders_from_abroad,per_head,constant,2020,unweighted,post,23,97.08094594909258,0.2363764222171584,0.09315679474204411,0.08846134618618329,0.458814425003919,0.04448617145096767,0.08466150862418065,0.15275909319081282,2.413038076545185,2.125741143532873
money_orders_from_abroad,per_head,constant,2021,unweighted,post,23,133.19597264370518,0.21957306590481074,0.0803617304217534,0.07712515429355565,0.422766633253765,0.03865832129747415,0.07422601823296338,0.13675010341811467,2.5829604895581744,1.9184243833053027
money_orders_from_abroad,per_head,constant,2022,unweighted,post,23,132.86111400474422,0.20292374917328337,0.06863803820447092,0.06698019514520547,0.3864010349507553,0.03336011524376914,0.06478627707464846,0.12227379951802964,2.748332345628187,1.8294181556842304
money_orders_from_abroad,per_head,constant,2023,unweighted,post,23,140.12853376963594,0.20883803362180253,0.07340523234708532,0.07216570634994647,0.3998316049961781,0.03574550627444717,0.0696232862922227,0.13256018013687676,2.87644959302892,1.7668786075567893
money_orders_from_abroad,share_of_national,as_printed,2005,population,pre,24,0.041666666666666664,0.37930031218311583,0.2498673383701461,0.2513213458304854,0.780598959260159,0.1182258795084915,0.22222760251995288,0.38958558144215893,5.109227570766032,2.782712948161681
money_orders_from_abroad,share_of_national,as_printed,2006,population,pre,24,0.041666666666666664,0.3854421688925983,0.26354474028972064,0.26052208429127377,0.8132901558807585,0.12324595841609531,0.2293508630518889,0.39789933674140876,4.894541679026995,2.751582432564028
money_orders_from_abroad,share_of_national,as_printed,2007,population,pre,24,0.041666666666666664,0.3763433626773948,0.2507792618192105,0.2469645147696668,0.790712931970793,0.11744566148462154,0.21883158701937833,0.3795442502002603,4.667865399434882,2.803496868475991
money_orders_from_abroad,share_of_national,as_printed,2008,population,pre,24,0.041666666666666664,0.37887662231476954,0.25443186199278317,0.24918203160444968,0.7991881903242555,0.11877216746830832,0.22056192189354706,0.38040412653634836,4.68676716917923,2.810308140909449
money_orders_from_abroad,share_of_national,as_printed,2009,population,pre,24,0.041666666666666664,0.38569893754223156,0.2644769629489419,0.25952190052781443,0.8174836044701232,0.12327769390467158,0.22857968670304696,0.39291354206150775,5.092084964993473,2.8044151512745175
money_orders_from_abroad,share_of_national,as_printed,2010,population,pre,24,0.041666666666666664,0.3902739592733621,0.2717108021156621,0.26642543313644207,0.8311470452278013,0.12636578985068336,0.23388687175052625,0.4022023024581254,5.326967862133209,2.813194287009748
money_orders_from_abroad,share_of_national,as_printed,2015,population,post,24,0.041666666666666664,0.3615235789125507,0.2242490900303082,0.23222824132283404,0.7265556756108927,0.10792366860142766,0.20723483911309915,0.38236713229581965,6.210147164762787,2.8590729846790355
money_orders_from_abroad,share_of_national,as_printed,2016,population,post,24,0.041666666666666664,0.3512314188770539,0.212669504367265,0.21917913204096603,0.7073444319017645,0.10232563604132205,0.1968221696174589,0.3667507250821661,5.744915096100018,2.8207161286262665
money_orders_from_abroad,share_of_national,as_printed,2017,population,post,24,0.041666666666666664,0.34794641265982407,0.20867386835295884,0.21347040144949392,0.7028068354294701,0.10013387124458706,0.19222393120249937,0.35744435678793673,5.044723858029603,2.8773470956407157
money_orders_from_abroad,share_of_national,as_printed,2018,population,post,24,0.041666666666666664,0.34293934461413744,0.20408166371700842,0.2079767308355907,0.6953103885324288,0.09783248501237563,0.18777406368910154,0.3504459267846929,4.9978351073425955,2.426712358478289
money_orders_from_abroad,share_of_national,as_printed,2019,population,post,24,0.041666666666666664,0.3392608208829307,0.19870087674149428,0.2043667361045629,0.682105274418792,0.09576949881414487,0.18483663347488044,0.34818951190549086,4.499615384615385,2.3672827906658918
money_orders_from_abroad,share_of_national,as_printed,2020,population,post,24,0.041666666666666664,0.29373649655408884,0.14220818909238886,0.15632848845664776,0.5480752936966296,0.07160548039602344,0.14472180479263674,0.2990849316067603,4.055150527489493,2.331201752821584
money_orders_from_abroad,share_of_national,as_printed,2021,population,post,24,0.041666666666666664,0.2922536834013562,0.13913888044029443,0.15819966575166156,0.5316853103324809,0.0713107963479428,0.1463206855712097,0.3071124856732165,3.8220102805474703,2.650331633097157
money_orders_from_abroad,share_of_national,as_printed,2022,population,post,24,0.041666666666666664,0.2934181770257154,0.14036408085463226,0.16146681641452595,0.5312937182591155,0.07231423566177175,0.14910523326388125,0.3148924265488594,3.659591501991721,2.879201482691462
money_orders_from_abroad,share_of_national,as_printed,2023,population,post,24,0.041666666666666664,0.2975830721994091,0.14254695301090362,0.16734567400768136,0.5291967185174242,0.07414809999494076,0.15409284732317052,0.32847584392736384,4.45026102610261,2.932653541888915
money_orders_from_abroad,share_of_national,as_printed,2003,unweighted,pre,24,0.041666666666666664,0.3899186711373558,0.25673842093028887,0.2664940887541646,0.7885839983996471,0.12299595333533009,0.23393946791506004,0.4136905161457307,5.4153439153439145,3.941654199615303
money_orders_from_abroad,share_of_national,as_printed,2004,unweighted,pre,24,0.041666666666666664,0.3940083009310712,0.2643597961615678,0.27137716110526033,0.8078755212423843,0.12576473216251371,0.23767107864113823,0.4161034693831729,5.218041704442429,3.8077499064020968
money_orders_from_abroad,share_of_national,as_printed,2005,unweighted,pre,24,0.041666666666666664,0.3920052416883864,0.26464722114599154,0.26649219847675065,0.8181258062691938,0.12469537854383783,0.2339380198467701,0.4072765208973037,4.928491827637444,3.745242283703822
money_orders_from_abroad,share_of_national,as_printed,2006,unweighted,pre,24,0.041666666666666664,0.39447744500565163,0.2737965835474312,0.2723743821180389,0.8459847894523627,0.12778554968810651,0.23843091013723172,0.41456567767919505,4.803808228493709,4.008454464550578
money_orders_from_abroad,share_of_national,as_printed,2007,unweighted,pre,24,0.041666666666666664,0.3867215707939424,0.26237264842025826,0.2583908543500519,0.8252529458986387,0.12234870887707894,0.22770668109448244,0.3928145281554887,4.4731436502428865,4.059208836372976
money_orders_from_abroad,share_of_national,as_printed,2008,unweighted,pre,24,0.041666666666666664,0.3881683926483066,0.2653394041099887,0.2588774811185116,0.8350771552029584,0.12309043583018153,0.2280824082696994,0.391483074544402,4.603666408468887,3.91301746829385
money_orders_from_abroad,share_of_national,as_printed,2009,unweighted,pre,24,0.041666666666666664,0.3971311516651823,0.27770244501034985,0.27097945641537485,0.8579470737386219,0.1285189523717275,0.2373678365574764,0.4035414902656572,4.8337867247007615,3.877061825086033
money_orders_from_abroad,share_of_national,as_printed,2010,unweighted,pre,24,0.041666666666666664,0.4010214315752251,0.2849696686118378,0.2790337271573355,0.8734753038491486,0.13171995013258808,0.2434856122950131,0.41649268107422943,4.859344644476105,3.8955519329296693
money_orders_from_abroad,share_of_national,as_printed,2015,unweighted,post,24,0.041666666666666664,0.3887005950381336,0.25793736349833496,0.2690066611021065,0.7935290688068405,0.1235449889538599,0.23586183437109842,0.4231517853212434,6.15032679738562,3.400720491629582
money_orders_from_abroad,share_of_national,as_printed,2016,unweighted,post,24,0.041666666666666664,0.3777245839034113,0.2439777643982281,0.25633999278950304,0.7677217951184673,0.11751056001899496,0.22612118915675516,0.4131199539490299,5.9590534432331825,3.4387570394207567
money_orders_from_abroad,share_of_national,as_printed,2017,unweighted,post,24,0.041666666666666664,0.3743339099978622,0.2393927928932881,0.24945833861656005,0.7628205309126052,0.11498199721724756,0.2207772563494539,0.40270065518903064,5.824405423427428,3.3762997336083185
money_orders_from_abroad,share_of_national,as_printed,2018,unweighted,post,24,0.041666666666666664,0.36963704157111904,0.23480664080017444,0.24570328857668783,0.7538441191958942,0.11305116403076898,0.2178457353955361,0.40078231538500575,5.713254479039833,3.0745405474874694
money_orders_from_abroad,share_of_national,as_printed,2019,unweighted,post,24,0.041666666666666664,0.3722450126508074,0.23636725888233778,0.24832954757144554,0.7531943122656015,0.11405480149420022,0.21989718007661097,0.40343426017544504,6.20437616387337,3.3707289927657205
money_orders_from_abroad,share_of_national,as_printed,2020,unweighted,post,24,0.041666666666666664,0.3381400309844149,0.1881229901456395,0.21072129387572353,0.6370051765648906,0.09460006810943555,0.19000021267362965,0.37514835019722914,5.442546832470513,2.861555097489271
money_orders_from_abroad,share_of_national,as_printed,2021,unweighted,post,24,0.041666666666666664,0.341252307441334,0.18848445880073295,0.21437831990385886,0.6289961245836232,0.0956398621054313,0.19295699317175374,0.3794652933289324,5.648671712674384,3.5878913142108178
money_orders_from_abroad,share_of_national,as_printed,2022,unweighted,post,24,0.041666666666666664,0.34474081459046,0.19274032751906353,0.22068092171791887,0.6342143046638818,0.09805347646765761,0.1980274685126323,0.38775654311470553,6.734991549709751,4.0393174510747105
money_orders_from_abroad,share_of_national,as_printed,2023,unweighted,post,24,0.041666666666666664,0.35095603277258164,0.1983142206034754,0.2299291059160185,0.6391945029962582,0.10138346141339494,0.20541006776802495,0.40272128098379145,6.651458019105077,4.0215858365859445
money_orders_from_abroad,share_of_national,constant,2005,population,pre,23,0.04347826086956523,0.35978937686599366,0.22938646352534822,0.23750925294113,0.7387450228555101,0.11025162347250139,0.2114104058257723,0.3856159234047932,5.109227570766032,2.782712948161681
money_orders_from_abroad,share_of_national,constant,2006,population,pre,23,0.04347826086956523,0.36617525640072257,0.24193080127150662,0.24584691034555525,0.7701287172274989,0.114855941120796,0.2179580617081004,0.3934570720037175,4.894541679026995,2.751582432564028
money_orders_from_abroad,share_of_national,constant,2007,population,pre,23,0.043478260869565216,0.35708376896244387,0.23012308415498034,0.2335484461732689,0.7475716320701916,0.1095409146099956,0.2082807609562981,0.3759285125039745,4.667865399434882,2.803496868475991
money_orders_from_abroad,share_of_national,constant,2008,population,pre,23,0.04347826086956521,0.3586869173704991,0.2325245299167277,0.2336768474584645,0.7555683668425979,0.11010920456672468,0.20838241219789022,0.3740378645771165,4.68676716917923,2.8103081409094495
money_orders_from_abroad,share_of_national,constant,2009,population,pre,23,0.043478260869565216,0.36556456340960525,0.24225735574404172,0.24446589137015085,0.7730189710278543,0.11466829690797375,0.2168773008478998,0.38805994953000034,5.092084964993473,2.8044151512745175
money_orders_from_abroad,share_of_national,constant,2010,population,pre,23,0.043478260869565216,0.3698555107542786,0.24911124102768253,0.2515609916574451,0.785720245696162,0.11773389603573148,0.22241397009733554,0.3982775042780309,5.326967862133209,2.813194287009748
money_orders_from_abroad,share_of_national,constant,2015,population,post,23,0.043478260869565216,0.34769767165660015,0.20706694526146024,0.22419602053974005,0.6837669334093556,0.10199194708748305,0.20084153245923653,0.38642215768020083,6.210147164762787,2.8590729846790355
money_orders_from_abroad,share_of_national,constant,2016,population,post,23,0.043478260869565216,0.33674684149389494,0.1955107964328624,0.21060497446385074,0.6644803517625933,0.09625630023491882,0.18990598849480644,0.36978709372372875,5.744915096100018,2.8207161286262665
money_orders_from_abroad,share_of_national,constant,2017,population,post,23,0.043478260869565216,0.33457764980302374,0.19245454210639895,0.2062111509547,0.6603468995602599,0.09459468671590876,0.18633874720711763,0.3618792846849268,5.044723858029603,2.8773470956407157
money_orders_from_abroad,share_of_national,constant,2018,population,post,23,0.043478260869565216,0.33157023259509893,0.18886048228850755,0.20210333250592186,0.6533714431655904,0.09284975671055673,0.18298950016208526,0.3565597954974259,4.9978351073425955,2.7069795688196763
money_orders_from_abroad,share_of_national,constant,2019,population,post,23,0.043478260869565216,0.3280273780644206,0.1840223411389036,0.19875587749078896,0.6410710633606886,0.09096324698005254,0.18025001166783694,0.3544282766364031,4.499615384615385,2.658990741057091
money_orders_from_abroad,share_of_national,constant,2020,population,post,23,0.04347826086956521,0.2775448440437817,0.1288286989394584,0.14795376387718465,0.5112567274986337,0.06633963304479906,0.1375290086651465,0.29890412179604964,4.055150527489493,2.151944514386431
money_orders_from_abroad,share_of_national,constant,2021,population,post,23,0.043478260869565216,0.27131837627466476,0.12377022611627159,0.1470278543989222,0.4921558224247907,0.0648704367009304,0.13673006878361682,0.30362749316645365,3.8220102805474703,2.353205762334611
money_orders_from_abroad,share_of_national,constant,2022,population,post,23,0.043478260869565216,0.27396056894955123,0.12601149666066425,0.15194807571487529,0.4931161837921892,0.06649620527481315,0.14096711574847554,0.31441164640854513,3.659591501991721,2.4910042125288765
money_orders_from_abroad,share_of_national,constant,2023,population,post,23,0.043478260869565216,0.2772812806905168,0.12731387684872744,0.15693220563161778,0.4897517556215608,0.06788794229672024,0.14523799509630653,0.3277612499164072,4.45026102610261,2.4987428139718815
money_orders_from_abroad,share_of_national,constant,2003,unweighted,pre,23,0.043478260869565216,0.3858874489287186,0.2518207211772873,0.2717973776642915,0.7670145456417908,0.12295057055185887,0.23799135457998222,0.4292976124612067,5.415343915343915,3.9416541996153023
money_orders_from_abroad,share_of_national,constant,2004,unweighted,pre,23,0.043478260869565216,0.39141664979013985,0.26115869582892964,0.2788653356381827,0.7880065554646113,0.1266340280985826,0.2433582109616561,0.43331415342199975,5.218041704442429,3.8077499064020968
money_orders_from_abroad,share_of_national,constant,2005,unweighted,pre,23,0.04347826086956523,0.389837809429596,0.26189072385788736,0.2742368497994129,0.7986226364361455,0.12575480325032695,0.23984798791382567,0.42459176968596857,4.928491827637444,3.745242283703822
money_orders_from_abroad,share_of_national,constant,2006,unweighted,pre,23,0.04347826086956523,0.3927860996584301,0.27075033569770984,0.28009949628956426,0.8256011267192936,0.12877754484419368,0.24429145248144157,0.4319005313158063,4.803808228493709,4.008454464550578
money_orders_from_abroad,share_of_national,constant,2007,unweighted,pre,23,0.043478260869565216,0.3856260499102585,0.26053952595480584,0.2667802522734223,0.8067264259046796,0.1238057846233398,0.2341586551296978,0.4105125762011569,4.4731436502428865,4.059208836372976
money_orders_from_abroad,share_of_national,constant,2008,unweighted,pre,23,0.04347826086956521,0.38606989066094544,0.2616719604615759,0.26526793389112135,0.8142210309658616,0.12366711541500608,0.23299958296376266,0.40751711526923085,4.603666408468888,3.9130174682938508
money_orders_from_abroad,share_of_national,constant,2009,unweighted,pre,23,0.043478260869565216,0.3955651176359019,0.27472722393345794,0.2786710013845124,0.8374697765311636,0.1295501307595377,0.24321115525577008,0.4205592991548399,4.8337867247007615,3.877061825086033
money_orders_from_abroad,share_of_national,constant,2010,unweighted,pre,23,0.043478260869565216,0.40017446654935823,0.2827522058245141,0.28782240861442576,0.8536313536879939,0.13316754058137148,0.25010524473698925,0.434329030854928,4.859344644476105,3.8955519329296693
money_orders_from_abroad,share_of_national,constant,2015,unweighted,post,23,0.043478260869565216,0.39434801263742014,0.2612580065870264,0.28267127861889507,0.7829385365908293,0.12734518404410733,0.24623247335864085,0.444442867648136,6.15032679738562,4.194320830684466
money_orders_from_abroad,share_of_national,constant,2016,unweighted,post,23,0.043478260869565216,0.3824724711171201,0.24643631691367054,0.2687237692929789,0.7565062420689452,0.12082311734667728,0.2356456353639782,0.433898977219779,5.9590534432331825,3.8902855993563965
money_orders_from_abroad,share_of_national,constant,2017,unweighted,post,23,0.043478260869565216,0.3805655969853572,0.2433949823855362,0.2630315588115002,0.7539864170353339,0.11895149776708291,0.23128236288665582,0.4243436782021174,5.824405423427428,3.9276445819369252
money_orders_from_abroad,share_of_national,constant,2018,unweighted,post,23,0.043478260869565216,0.3773580690668921,0.2398743957326336,0.2601804151757734,0.7468006236176133,0.1174806984055411,0.22908751105584724,0.4231585476206128,5.713254479039834,3.5948464207685387
money_orders_from_abroad,share_of_national,constant,2019,unweighted,post,23,0.043478260869565216,0.38002178233807526,0.24169382453586186,0.26301076580865,0.7467715140825901,0.11858456071572976,0.2312663787724577,0.4257837332352197,6.20437616387337,3.85575959933222
money_orders_from_abroad,share_of_national,constant,2020,unweighted,post,23,0.04347826086956521,0.3399638759009738,0.18902749857802023,0.2191783713219224,0.6274628900719545,0.09663960491087942,0.19682155862455541,0.39344314722394813,5.442546832470513,3.0920150035481364
money_orders_from_abroad,share_of_national,constant,2021,unweighted,post,23,0.043478260869565216,0.3401803500713077,0.18782445359445638,0.22159937082447906,0.6167546994648968,0.09700130101884452,0.1987637013197271,0.3969388179729585,5.648671712674384,3.5878913142108178
money_orders_from_abroad,share_of_national,constant,2022,unweighted,post,23,0.043478260869565216,0.34570388184529544,0.19408290217912721,0.2302689288820649,0.6251339324762831,0.1004278839319227,0.2056800418013014,0.40711054049810613,6.734991549709751,4.0393174510747105
money_orders_from_abroad,share_of_national,constant,2023,unweighted,post,23,0.043478260869565216,0.3514434333532283,0.1992745875726154,0.23968179580510202,0.6291362350604187,0.10367793058172081,0.2131217908194335,0.4223187105497406,6.651458019105077,4.0215858365859445
primary_classrooms,per_head,as_printed,2005,population,pre,24,3.0015993484627774,0.1175715940373185,0.02137604294033691,0.02182476083419365,0.20619196734765555,0.01074973672726487,0.021588323924888964,0.04330930223074203,1.8634749913532453,1.4809496465763647
primary_classrooms,per_head,as_printed,2006,population,pre,24,2.817062462734176,0.1120883720980823,0.01931402463635504,0.019653981222856005,0.19615301939768487,0.009701324861893679,0.019462100861080023,0.038977893090347715,1.8149099298368345,1.4836348310576533
primary_classrooms,per_head,as_printed,2007,population,pre,24,2.7496702732501377,0.11056568014655567,0.018937282421533086,0.019375580030103923,0.19378951530687932,0.009537274260197903,0.019189079937509068,0.03868329929770531,1.7659621873759428,1.4190248510207784
primary_classrooms,per_head,as_printed,2008,population,pre,24,2.6923773012605037,0.10968223322534967,0.018634707671818615,0.01902081635071145,0.1924400666169136,0.009374401228203655,0.018841062118328145,0.03790858003120501,1.7308767527973938,1.3974293059125962
primary_classrooms,per_head,as_printed,2009,population,pre,24,2.6236921690504644,0.10474994123839781,0.01694076718913699,0.017218538729203432,0.18362600805071633,0.008508905108685183,0.017071146861198816,0.034210307133205387,1.6827029940245088,1.415555604453389
primary_classrooms,per_head,as_printed,2010,population,pre,24,2.6075678648123914,0.11462416939653945,0.02037364930660342,0.020880693401451975,0.20082116441765865,0.010267369657906311,0.020664201177233665,0.04164571561690744,1.7394242256717332,1.5030666137264515
primary_classrooms,per_head,as_printed,2011,population,post,24,2.605358312120161,0.11568777213070443,0.020877871521592612,0.02142338988168218,0.20328062815918033,0.010525637112129393,0.021195539077573655,0.04278124756082302,1.732142001959239,1.4436342354485154
primary_classrooms,per_head,as_printed,2012,population,post,24,2.6123616739536275,0.11858160564645812,0.02200826380487423,0.022505538823333927,0.2091281757776036,0.011074035811397653,0.02225417838303312,0.04472736780896491,1.6756389559034266,1.4998234100164107
primary_classrooms,per_head,as_printed,2013,population,post,24,2.6254207902952045,0.12416920915091005,0.024093531067488662,0.0247265668661207,0.2185524632219451,0.012139978390090622,0.024423369462740818,0.049147974118796234,1.7529381768809602,1.5293349293004368
primary_classrooms,per_head,as_printed,2014,population,post,24,2.6543426335944886,0.13108094638505746,0.0270910856956814,0.027719947504753283,0.23239797605847357,0.0136202773168832,0.02733927527480362,0.054764381108133864,1.789587684690957,1.5774616913303634
primary_classrooms,per_head,as_printed,2015,population,post,24,2.635984157186245,0.13276575888524278,0.02767753806455962,0.028191881349290238,0.23553002033944376,0.013881429108407728,0.027798198490836756,0.05544045311719448,1.7623621058870402,1.6210862515279871
primary_classrooms,per_head,as_printed,2016,population,post,24,2.605685907807889,0.1314957310909935,0.027105807370744788,0.0276895243682988,0.23279128110972963,0.013614512218077968,0.027309683434715293,0.0546835745569928,1.719810502508701,1.6512330791581862
primary_classrooms,per_head,as_printed,2017,population,post,24,2.5869038696666906,0.13102495848548812,0.026942765141299875,0.027584329769182573,0.23170859923408224,0.01354960714730502,0.027207356284762563,0.05455373164885635,1.7072396260254965,1.6851037068570005
primary_classrooms,per_head,as_printed,2018,population,post,24,2.592388781745487,0.1344940301007839,0.028244008912142904,0.028942516845093913,0.2373064298781532,0.014205292948697545,0.028527693845327162,0.05722218349712793,1.7267872976896916,1.7022374175792805
primary_classrooms,per_head,as_printed,2005,unweighted,pre,24,3.0015993484627774,0.1115522440763379,0.019650585167740056,0.02050421632230217,0.19558863424791276,0.009991288364984863,0.020295434284400504,0.0416877254897805,1.6430439465303477,1.4593944249647792
primary_classrooms,per_head,as_printed,2006,unweighted,pre,24,2.817062462734176,0.10668196297922901,0.017781356799161964,0.01842684557185594,0.18653534307416603,0.009014119798064324,0.018258109268473488,0.037308333410762784,1.6290632847472433,1.461988930432224
primary_classrooms,per_head,as_printed,2007,unweighted,pre,24,2.7496702732501377,0.10520561629019454,0.01759681334955286,0.018341000570671763,0.18518701080598607,0.008944492016729755,0.018173828017190585,0.03741445084796413,1.6189681408119716,1.4109105845475864
primary_classrooms,per_head,as_printed,2008,unweighted,pre,24,2.6923773012605037,0.10474633425465726,0.017472899279640304,0.018205824550813675,0.18456335886053937,0.008880156951844964,0.01804109969242851,0.03713944963916338,1.570684689617702,1.4283913506678472
primary_classrooms,per_head,as_printed,2009,unweighted,pre,24,2.6236921690504644,0.10013723969410954,0.01593177926991468,0.01663427085558974,0.175771981298005,0.008110166758899306,0.016496685306888303,0.03399956697488049,1.5959976223499108,1.4102266381854764
primary_classrooms,per_head,as_printed,2010,unweighted,pre,24,2.6075678648123914,0.10642798686790941,0.01829899678273407,0.019319874790939898,0.18758750509204028,0.009360777526415398,0.019134442108839633,0.0398218509798155,1.6146302771802366,1.4516714567691065
primary_classrooms,per_head,as_printed,2011,unweighted,post,24,2.605358312120161,0.10839342839525536,0.018926405881420326,0.019991385165044367,0.19085345378207494,0.009681503357473864,0.01979288240707744,0.04122501248619326,1.6081407066788127,1.445934768072513
primary_classrooms,per_head,as_printed,2012,unweighted,post,24,2.6123616739536275,0.1123790512644348,0.020381810439169687,0.02154500653481716,0.19805203757022977,0.010426949342686065,0.021314570761920226,0.04435686707759734,1.653690427163457,1.4577713168452595
primary_classrooms,per_head,as_printed,2013,unweighted,post,24,2.6254207902952045,0.11637086648580533,0.021958422400992224,0.023299393679578024,0.20528605275912828,0.011250911965185462,0.02303005864279306,0.04801816913075929,1.7223898837977154,1.449201142883311
primary_classrooms,per_head,as_printed,2014,unweighted,post,24,2.6543426335944886,0.1241145912352396,0.02497889204030821,0.026516895518457147,0.21917311931996622,0.012792266428613086,0.02616840969306833,0.05446391491215752,1.8337045441386097,1.4892470394425033
primary_classrooms,per_head,as_printed,2015,unweighted,post,24,2.635984157186245,0.1256760480027492,0.02539721749420174,0.026820512072388433,0.22167821037323787,0.012970656618557785,0.026464036203804442,0.054820467515557914,1.8995119553386468,1.4880559715043264
primary_classrooms,per_head,as_printed,2016,unweighted,post,24,2.605685907807889,0.12470793205550847,0.024942240591697775,0.02636355428630445,0.21963624809460439,0.012743841410496781,0.026019069707405196,0.05401517733847949,1.8770723379034515,1.4709052698940257
primary_classrooms,per_head,as_printed,2017,unweighted,post,24,2.5869038696666906,0.1234467820249368,0.024659503136897926,0.026151806190156557,0.21792407339061093,0.012622242605351164,0.025812809262873992,0.05372764302369548,1.9180996401159958,1.4800649818684217
primary_classrooms,per_head,as_printed,2018,unweighted,post,24,2.592388781745487,0.12703715037272453,0.025893460647645437,0.027472208624603263,0.2234354771849527,0.013251834090567072,0.027098279545320847,0.05640584072051613,1.9515649584856332,1.5070311522852053
primary_classrooms,per_head,constant,2005,population,pre,23,3.0400182945923326,0.11710956357258738,0.021078640577972745,0.02142231415093756,0.205121441434862,0.010577718874222208,0.021194486146955294,0.04230963291517664,1.742951713911213,1.5193236151923315
primary_classrooms,per_head,constant,2006,population,pre,23,2.8513691403709878,0.11162781506334923,0.019064915272088926,0.019321736229496456,0.19519713058510518,0.009558199864158845,0.01913626792810874,0.03815751594218997,1.7180555690272272,1.5187418810911815
primary_classrooms,per_head,constant,2007,population,pre,23,2.7834975681037912,0.1096332004578886,0.01848937809853652,0.01877146343286932,0.19206379439868265,0.009278493777407415,0.018596376769065226,0.03717109295496768,1.7100445173383318,1.4914895493429756
primary_classrooms,per_head,constant,2008,population,pre,23,2.7247394562155116,0.10851312164217475,0.01807199486205907,0.018266735556934414,0.1902385324065568,0.009050329484127762,0.018100909975444446,0.036028275562626555,1.694516267892566,1.4873707546333244
primary_classrooms,per_head,constant,2009,population,pre,23,2.657591073748454,0.10424064646523931,0.016697015253701215,0.01688472865094563,0.18265276432360192,0.00836690848787669,0.016742980534244056,0.03335556589786093,1.6827029940245088,1.415555604453389
primary_classrooms,per_head,constant,2010,population,pre,23,2.6433769918665995,0.11391634411813807,0.019960496868763493,0.020294906521441444,0.19936133222886612,0.010022717062070918,0.020090351054631528,0.04011396132045475,1.7394242256717332,1.5030666137264515
primary_classrooms,per_head,constant,2011,population,post,23,2.6408838472102265,0.11480540439793592,0.020335843598701022,0.020655323703339567,0.2013841806826278,0.010204827115625426,0.0204434636910662,0.040776360618808516,1.732142001959239,1.4436342354485154
primary_classrooms,per_head,constant,2012,population,post,23,2.6485511737857963,0.117753085575627,0.02137566754609069,0.02160336919989868,0.20698842654856048,0.010698541590342558,0.021371687785079918,0.0423648272460716,1.6756389559034266,1.4998234100164107
primary_classrooms,per_head,constant,2013,population,post,23,2.662466381193495,0.12308756826032755,0.023448776652210235,0.023802026538108496,0.21647764092359123,0.011756430430824416,0.023520992447049305,0.04673579676480544,1.7529381768809602,1.5293349293004368
primary_classrooms,per_head,constant,2014,population,post,23,2.6932767755497697,0.129916410297934,0.026304453397645262,0.02656929053404636,0.23006167060709062,0.013148043828760447,0.026219432277747368,0.051733422204243706,1.789587684690957,1.5774616913303634
primary_classrooms,per_head,constant,2015,population,post,23,2.674137000589455,0.131501584510717,0.026854767243817676,0.026992860159083847,0.23310920470619853,0.013388496291250385,0.02663180880643512,0.05229757055562789,1.7623621058870402,1.6210862515279871
primary_classrooms,per_head,constant,2016,population,post,23,2.6429614941316486,0.13014453637945775,0.026178717127435823,0.026338647402495013,0.23002738903103118,0.013059068228811976,0.025994810575433402,0.05113401169606968,1.719810502508701,1.6512330791581862
primary_classrooms,per_head,constant,2017,population,post,23,2.624096057384777,0.12974316867523258,0.026049868113924245,0.0262814132824582,0.22903911929884246,0.013014236069468721,0.025939062650178868,0.05112557139905671,1.7072396260254965,1.6851037068570005
primary_classrooms,per_head,constant,2018,population,post,23,2.630472086543054,0.13320480233931603,0.027284688443105946,0.027525885655303922,0.23453795582122416,0.01362686925921841,0.027150500619289364,0.05346864601822254,1.7267872976896916,1.7022374175792805
primary_classrooms,per_head,constant,2005,unweighted,pre,23,3.0400182945923326,0.1060739790407711,0.017782785752986748,0.01850592070973275,0.18617394759745243,0.009033490686984114,0.018335737574567523,0.03762276444834034,1.6430439465303477,1.4491878317810483
primary_classrooms,per_head,constant,2006,unweighted,pre,23,2.8513691403709878,0.10158872511433745,0.016133080565391415,0.016678429143501088,0.17778025669238237,0.008171779259630085,0.016540114170541242,0.033763311001983154,1.6290632847472433,1.4529460165348802
primary_classrooms,per_head,constant,2007,unweighted,pre,23,2.7834975681037912,0.09960065159703284,0.01570194644030939,0.016250767402322813,0.17534607471352126,0.007957683202729382,0.01611943605583277,0.03297764286327565,1.6189681408119716,1.3723174742934052
primary_classrooms,per_head,constant,2008,unweighted,pre,23,2.7247394562155116,0.09929637823551542,0.015565729213829572,0.01607157256862625,0.17474274722564714,0.00788002845717084,0.015943113944265286,0.03253088970578977,1.570684689617702,1.3928045992022104
primary_classrooms,per_head,constant,2009,unweighted,pre,23,2.657591073748454,0.09390805145747838,0.013970825171895284,0.014508140751417034,0.1648798697305252,0.007096453642377543,0.014403404797155295,0.02955956876915644,1.5282537736618182,1.3818110901948328
primary_classrooms,per_head,constant,2010,unweighted,pre,23,2.6433769918665995,0.09960569422098053,0.015935209561417675,0.01668871708079613,0.17549847742926875,0.008124595132293577,0.01655023189213345,0.03419546035009935,1.5634369969089337,1.4129023838791985
primary_classrooms,per_head,constant,2011,unweighted,post,23,2.6408838472102265,0.10170984247018784,0.016504911959413254,0.017258579309670643,0.1788068167870734,0.008407229483908707,0.017110503115107645,0.035292245837533764,1.5632791091534193,1.4114525387070322
primary_classrooms,per_head,constant,2012,unweighted,post,23,2.6485511737857963,0.10575504328977405,0.017840448314606874,0.018652635520625273,0.1859325935862653,0.009085161345148474,0.01847975169642846,0.03803542421446782,1.653690427163457,1.4147065540077646
primary_classrooms,per_head,constant,2013,unweighted,post,23,2.662466381193495,0.10960909129586292,0.019355757833669083,0.02034769688502913,0.19326960570558213,0.009880021873562406,0.020142079475889862,0.04162626139031389,1.7223898837977154,1.3995928410037637
primary_classrooms,per_head,constant,2014,unweighted,post,23,2.6932767755497697,0.11720925430141657,0.02210914412683728,0.023216472869370574,0.2068522257314128,0.011272789943230443,0.022949044144859765,0.04724864482668434,1.8337045441386097,1.4258060762213733
primary_classrooms,per_head,constant,2015,unweighted,post,23,2.674137000589455,0.11901423117733781,0.022600003635696586,0.02360072507661592,0.2098098149142046,0.011489368545530398,0.023324406009807452,0.047773919688041455,1.8995119553386468,1.4522969093982832
primary_classrooms,per_head,constant,2016,unweighted,post,23,2.6429614941316486,0.11809294339302454,0.022121526356308163,0.023080002452392848,0.20766746708652073,0.011241749719938854,0.02281569649470816,0.04672685543609478,1.8770723379034515,1.4452289956148947
primary_classrooms,per_head,constant,2017,unweighted,post,23,2.624096057384777,0.11670158244453954,0.02183824722992198,0.022881559359650333,0.20582183639148874,0.011122699802996516,0.022621761777475102,0.04650317621644562,1.9180996401159958,1.4655360545980132
primary_classrooms,per_head,constant,2018,unweighted,post,23,2.630472086543054,0.12018938773829388,0.022923898684591208,0.024006282248976024,0.21105440638642523,0.011669187470462306,0.02372042349272596,0.04870979999372105,1.9515649584856332,1.4942304794894512
primary_classrooms,share_of_national,as_printed,2005,population,pre,24,0.041666666666666664,0.18729757724932627,0.057173583001740906,0.06342235970662499,0.33236692601762247,0.02958857580283769,0.061453014464747935,0.13391967954626371,2.328449328449328,1.8657357679914068
primary_classrooms,share_of_national,as_printed,2006,population,pre,24,0.041666666666666664,0.18951584671044408,0.05876241612461905,0.06581854176490878,0.336036887568485,0.030528307792802023,0.06369925164096679,0.14047389304868396,2.2788697788697787,1.8620689655172415
primary_classrooms,share_of_national,as_printed,2007,population,pre,24,0.041666666666666664,0.18951944494221656,0.059006240056943125,0.0660876833612968,0.336643307587162,0.030656359211857054,0.06395121521061975,0.14077480054395963,2.339719029374202,2.0106761565836297
primary_classrooms,share_of_national,as_printed,2008,population,pre,24,0.041666666666666664,0.18791936808227147,0.057910509077991314,0.06489437467691367,0.3331740279719617,0.030104550931595808,0.06283355334154517,0.1384739723415369,2.33674775928297,2.034021871202916
primary_classrooms,share_of_national,as_printed,2009,population,pre,24,0.041666666666666664,0.19280718533445096,0.06101907341479434,0.06825302154393179,0.3422976698995358,0.0316828251182667,0.06597588454713577,0.14399604362397933,2.5936199722607487,2.0416666666666665
primary_classrooms,share_of_national,as_printed,2010,population,pre,24,0.041666666666666664,0.19033661821392536,0.05968354588167418,0.06751750651477173,0.3367034073249516,0.03116617220956075,0.0652886430653854,0.14420347432413694,2.5678670360110805,2.0597014925373136
primary_classrooms,share_of_national,as_printed,2011,population,post,24,0.041666666666666664,0.1876930874458391,0.05828117299164272,0.06599567801484758,0.33230554698144976,0.030460772461244345,0.06386508975594152,0.14127763988889042,2.5392022008253092,2.0970149253731343
primary_classrooms,share_of_national,as_printed,2012,population,post,24,0.041666666666666664,0.1866974846223307,0.0575622682768365,0.06479608601538478,0.3310321971961853,0.030005787974397236,0.06274143597890103,0.13805121326440206,2.5723951285520976,2.0012048192771084
primary_classrooms,share_of_national,as_printed,2013,population,post,24,0.041666666666666664,0.18370140789647557,0.055795792787554956,0.06293899989691382,0.32529026972640995,0.02913044957389399,0.06099924891523423,0.1344718710991334,2.4057971014492754,2.06578947368421
primary_classrooms,share_of_national,as_printed,2014,population,post,24,0.041666666666666664,0.18340527983400146,0.05551206395186828,0.06231489246968536,0.3251324002270461,0.02891782665706588,0.060413028659128565,0.13254062633688413,2.344345616264295,2.0316901408450705
primary_classrooms,share_of_national,as_printed,2015,population,post,24,0.041666666666666664,0.18258716490406843,0.055269028084403815,0.062418314942375284,0.3237534847920489,0.028869109504052193,0.06051019804217683,0.13387266050640745,2.3683544303797466,2.0331360946745565
primary_classrooms,share_of_national,as_printed,2016,population,post,24,0.041666666666666664,0.18400190032185354,0.056029890579117635,0.06328539364632071,0.32610497143983475,0.029261394516638894,0.06132445657789576,0.1356624067882688,2.4015345268542196,2.014101057579319
primary_classrooms,share_of_national,as_printed,2017,population,post,24,0.041666666666666664,0.18413995897397734,0.05605215725641029,0.06324379380245834,0.32646863635847767,0.029253494512530787,0.06128540700962892,0.1356829233888147,2.4033078880407124,1.9700460829493085
primary_classrooms,share_of_national,as_printed,2018,population,post,24,0.041666666666666664,0.18282440460291985,0.05544504613793377,0.06277461805801951,0.324220767242175,0.028985950916072034,0.060844881557800434,0.13531942880491432,2.380653266331658,1.9644495412844036
primary_classrooms,share_of_national,as_printed,2000,unweighted,pre,24,0.041666666666666664,0.2282059887046645,0.08557173013625899,0.09691880031830616,0.40840750102607254,0.044403429440710074,0.0923702976158941,0.19941025161870618,3.1513513513513516,1.91523178807947
primary_classrooms,share_of_national,as_printed,2001,unweighted,pre,24,0.041666666666666664,0.22756831199153627,0.08547539195765186,0.09746497166203609,0.4073527169734843,0.0444821635098106,0.09286588360030368,0.20219805049329254,3.143884892086331,1.9580514208389714
primary_classrooms,share_of_national,as_printed,2002,unweighted,pre,24,0.041666666666666664,0.22691577080262226,0.08480921541780417,0.09631541425880813,0.40561525820905575,0.04408835064125782,0.09182248125053105,0.1981041413699396,3.163043478260869,1.9493333333333334
primary_classrooms,share_of_national,as_printed,2003,unweighted,pre,24,0.041666666666666664,0.22520674698220908,0.0837305947465245,0.0955544933690825,0.4019689498242065,0.043639999638940274,0.091131167020572,0.19762157790905033,3.169398907103825,1.9103896103896103
primary_classrooms,share_of_national,as_printed,2004,unweighted,pre,24,0.041666666666666664,0.2235520147172275,0.08224930304155974,0.09381390253013057,0.3978117658408034,0.04288618930715726,0.08954782067675782,0.1938969063548449,3.1872727272727275,1.8946015424164526
primary_classrooms,share_of_national,as_printed,2005,unweighted,pre,24,0.041666666666666664,0.22340419239595902,0.08224361446580483,0.09390399675614634,0.3973979565871927,0.04291282988296752,0.08962984346623304,0.19386438603106204,3.1467391304347823,1.8921319796954317
primary_classrooms,share_of_national,as_printed,2006,unweighted,pre,24,0.041666666666666664,0.22837893941083887,0.08626949887188468,0.09970216373507619,0.4057769238497026,0.04521617240609466,0.09489304843065105,0.20699086563003866,3.1825095057034223,1.881578947368421
primary_classrooms,share_of_national,as_printed,2007,unweighted,pre,24,0.041666666666666664,0.22827352848599308,0.08649824699152008,0.09974531846225124,0.4065195408005633,0.04529537769672787,0.09493210723141865,0.20623409094348533,3.3431952662721893,1.7841352405721718
primary_classrooms,share_of_national,as_printed,2008,unweighted,pre,24,0.041666666666666664,0.2267611338614821,0.08531989300942348,0.0983834939183105,0.4034697535338631,0.044692441756317036,0.09369872392590062,0.2037338415393386,3.3214285714285716,1.7467866323907455
primary_classrooms,share_of_national,as_printed,2009,unweighted,pre,24,0.041666666666666664,0.2325358280768288,0.08902142667998317,0.10158007318918129,0.4136962260192196,0.04639508050935004,0.09659116238081922,0.2059819622925192,3.3861788617886184,1.915107913669065
primary_classrooms,share_of_national,as_printed,2010,unweighted,pre,24,0.041666666666666664,0.23286037167252638,0.08925252387087815,0.1028289437471244,0.41216181296942667,0.04673415034712769,0.09771869885980244,0.20981022562268015,3.3522267206477734,1.9760225669957687
primary_classrooms,share_of_national,as_printed,2011,unweighted,post,24,0.041666666666666664,0.2306061537673251,0.08771427492979429,0.10098936660197813,0.4083446569782313,0.045935550343096265,0.09605735518330838,0.20626688694719353,3.3652694610778444,1.8924137931034484
primary_classrooms,share_of_national,as_printed,2012,unweighted,post,24,0.041666666666666664,0.22777915601185705,0.08561272102828012,0.09810043398778853,0.40397762866140247,0.044757746427973366,0.09344215003848255,0.20014683527267574,3.256862745098039,1.89280868385346
primary_classrooms,share_of_national,as_printed,2013,unweighted,post,24,0.041666666666666664,0.22607441555824265,0.08413086459738014,0.09624910811100595,0.40010065339575224,0.043980106068645886,0.09176226150129385,0.1960153725626428,3.359922178988327,1.899057873485868
primary_classrooms,share_of_national,as_printed,2014,unweighted,post,24,0.041666666666666664,0.22417398967331945,0.08283673403205882,0.09444767997103212,0.3974603041187085,0.043247039794404585,0.09012466191524193,0.19219871120354926,3.303435114503817,1.9283819628647214
primary_classrooms,share_of_national,as_printed,2015,unweighted,post,24,0.041666666666666664,0.2250449584903801,0.08399936595089638,0.09664258650446353,0.3989359071695212,0.04402503349262865,0.09211956312767156,0.1979493346378497,3.272380952380953,1.928478543563069
primary_classrooms,share_of_national,as_printed,2016,unweighted,post,24,0.041666666666666664,0.2271512321755927,0.08531173813005255,0.09810263233947068,0.4023642611655949,0.044686559738449705,0.09344414296926662,0.20051698855439215,3.2400756143667295,1.9518229166666665
primary_classrooms,share_of_national,as_printed,2017,unweighted,post,24,0.041666666666666664,0.22744504921971734,0.08554829528463109,0.09848982085159466,0.40303751144898053,0.044821971770371505,0.09379508303834172,0.20186787799988226,3.2571428571428567,1.9522580645161292
primary_classrooms,share_of_national,as_printed,2018,unweighted,post,24,0.041666666666666664,0.22704366451863445,0.08541076983108584,0.09871596120002307,0.401974935645452,0.04483522754752001,0.09399998936434362,0.20292554126685514,3.232075471698113,1.950632911392405
primary_classrooms,share_of_national,constant,2005,population,pre,23,0.043478260869565216,0.16577682527921633,0.046937155493891936,0.05365400372672961,0.2976743528377914,0.024658762680305202,0.052240028803465455,0.12021843120029929,2.091008771929825,1.5091225021720243
primary_classrooms,share_of_national,constant,2006,population,pre,23,0.04347826086956521,0.16912295005381695,0.049058256307292956,0.056871261151855625,0.30289022578890534,0.02592609858017003,0.0552843168529813,0.12904224158209798,2.2484848484848485,1.5273722627737227
primary_classrooms,share_of_national,constant,2007,population,pre,23,0.043478260869565216,0.16896267497233622,0.049096881879630364,0.05695163734745159,0.3028418562921472,0.02595682994406423,0.05536024645400606,0.12910724357035497,2.2152357920193473,1.5353260869565217
primary_classrooms,share_of_national,constant,2008,population,pre,23,0.043478260869565216,0.16817964236112712,0.048536057497128006,0.05642652881874663,0.30050762429776195,0.025696671814956495,0.054864077803071454,0.12808118184479755,2.2201946472019465,1.6080691642651297
primary_classrooms,share_of_national,constant,2009,population,pre,23,0.04347826086956521,0.1723170184636395,0.05088334501487297,0.05897068929303548,0.30812602904698155,0.026893558044423282,0.057265599036084636,0.1323168646441748,2.352201257861635,1.588179218303146
primary_classrooms,share_of_national,constant,2010,population,pre,23,0.043478260869565216,0.1676795204153519,0.04889842842472243,0.05737170804434259,0.3004405572879004,0.026003147638095414,0.05575697859998119,0.1308921087878775,2.3059701492537314,1.553470919324578
primary_classrooms,share_of_national,constant,2011,population,post,23,0.043478260869565216,0.16561537564972498,0.04785441114292787,0.05629499596927388,0.2965854952522466,0.02549088701319746,0.05473975320588087,0.1287719245954917,2.2960199004975124,1.5134649910233395
primary_classrooms,share_of_national,constant,2012,population,post,23,0.04347826086956521,0.16467285040811785,0.047249630730024306,0.055246647952343936,0.29538810081058114,0.025101013595005717,0.05374827188273723,0.12569211964559746,2.290361445783133,1.4817127564674397
primary_classrooms,share_of_national,constant,2013,population,post,23,0.043478260869565216,0.161749956415595,0.04579891432216156,0.05371989669879401,0.29009759491451526,0.024381114259311665,0.05230247746728445,0.12256735119256612,2.18421052631579,1.5310283687943262
primary_classrooms,share_of_national,constant,2014,population,post,23,0.04347826086956521,0.16073759945656518,0.04517298764172415,0.05269403665229906,0.28881066243341086,0.023987101794844756,0.05132977359904345,0.11976317428590466,2.165492957746479,1.4595278246205734
primary_classrooms,share_of_national,constant,2015,population,post,23,0.043478260869565216,0.16049553661378396,0.04538197427261704,0.05339527175328222,0.2885497008354365,0.024191984061129546,0.05199478127044155,0.12250506746679779,2.2569360675512664,1.4400670578373849
primary_classrooms,share_of_national,constant,2016,population,post,23,0.043478260869565216,0.16219496373542727,0.04632039269707362,0.05457790562437617,0.29142911674050476,0.024703871322802273,0.05311526166245972,0.12516755714886485,2.287454323995128,1.4550084889643464
primary_classrooms,share_of_national,constant,2017,population,post,23,0.043478260869565216,0.16280348149493276,0.04661877351304686,0.05490899131599543,0.2925103596378452,0.024854375686341856,0.053428709758982174,0.125985696745196,2.2980535279805356,1.4442567567567566
primary_classrooms,share_of_national,constant,2018,population,post,23,0.043478260869565216,0.16095705552557862,0.0459022575733203,0.05430268869663492,0.28975472987915235,0.024524459600393178,0.05285462708997102,0.1254034633841663,2.232037691401649,1.4334728033472803
primary_classrooms,share_of_national,constant,2000,unweighted,pre,23,0.043478260869565216,0.21955078405360687,0.08187531482766865,0.09631896021194274,0.39286148685016076,0.0432798502232451,0.09182570159974057,0.2056402935638073,3.1513513513513516,1.744920993227991
primary_classrooms,share_of_national,constant,2001,unweighted,pre,23,0.04347826086956521,0.21808128440978156,0.0814281255743122,0.09649010924723508,0.39098773101080697,0.04317835933055003,0.09198112145443094,0.20803573197056657,3.143884892086331,1.7066069428891377
primary_classrooms,share_of_national,constant,2002,unweighted,pre,23,0.043478260869565216,0.217098979363732,0.08070615796498909,0.09522874022214424,0.38911872593203267,0.042747197975495865,0.0908350519104788,0.20355122209505216,3.163043478260869,1.732884399551066
primary_classrooms,share_of_national,constant,2003,unweighted,pre,23,0.043478260869565216,0.21618983522931273,0.08020822171354318,0.09508985876322953,0.38686453344730115,0.042589107460390796,0.09070877698767454,0.2040092701541043,3.169398907103825,1.7608938547486033
primary_classrooms,share_of_national,constant,2004,unweighted,pre,23,0.043478260869565216,0.21494995781439882,0.07901401172558223,0.09359159728387789,0.3834282418453538,0.04196580263202587,0.08934539988206314,0.20048501123433726,3.1872727272727275,1.7652270210409748
primary_classrooms,share_of_national,constant,2005,unweighted,pre,23,0.043478260869565216,0.21497807416825337,0.07920378485276196,0.09390356006469475,0.3834939112179664,0.042093506245774126,0.08962944591528077,0.20077385313405005,3.1467391304347823,1.7659340659340659
primary_classrooms,share_of_national,constant,2006,unweighted,pre,23,0.04347826086956521,0.22190934498917775,0.08423809124162264,0.10103957507480725,0.3942885213133311,0.04495628170590682,0.09610273962367821,0.2162983490251471,3.1825095057034223,1.9148418491484185
primary_classrooms,share_of_national,constant,2007,unweighted,pre,23,0.043478260869565216,0.2220766104200024,0.08456946464232741,0.10120784345034615,0.3952490447978207,0.045091805081559744,0.09625482415146958,0.21568428864012823,3.3431952662721893,1.9019607843137254
primary_classrooms,share_of_national,constant,2008,unweighted,pre,23,0.043478260869565216,0.22192233516981802,0.08411714521489537,0.1005578057993561,0.39405314570887773,0.044839647931017135,0.095667164780601,0.21407902000538792,3.3214285714285716,1.905867970660147
primary_classrooms,share_of_national,constant,2009,unweighted,pre,23,0.04347826086956521,0.2267074736305466,0.08718099214623785,0.10318507105982874,0.4025929396853925,0.04625257300949215,0.09803996866500919,0.2154502116588789,3.3861788617886184,2.1884892086330936
primary_classrooms,share_of_national,constant,2010,unweighted,pre,23,0.043478260869565216,0.225331718485694,0.08672680344925893,0.10374841885592773,0.39942851271832436,0.04625311730555692,0.09854794276435208,0.21850304202849302,3.3522267206477734,2.074792243767313
primary_classrooms,share_of_national,constant,2011,unweighted,post,23,0.043478260869565216,0.2240478792192559,0.08568759901984226,0.10237650293223696,0.39685293178706393,0.04569109069690447,0.0973103776090225,0.21550124860752629,3.3652694610778444,2.1020689655172413
primary_classrooms,share_of_national,constant,2012,unweighted,post,23,0.04347826086956521,0.22151826266173044,0.0837894569240754,0.0995816146179157,0.3930467762227936,0.044590551016163826,0.09478393200989199,0.20929715561719342,3.256862745098039,2.0866035182679297
primary_classrooms,share_of_national,constant,2013,unweighted,post,23,0.043478260869565216,0.22008569475842496,0.08253509570084802,0.09788309961270367,0.3898159967718897,0.04390829811909125,0.09324510244284989,0.20521124167373805,3.359922178988327,2.064558629776021
primary_classrooms,share_of_national,constant,2014,unweighted,post,23,0.04347826086956521,0.21771833028972548,0.08097128837650162,0.09572406446574588,0.3865219833174894,0.043025782858573836,0.09128527183907231,0.20076643644192438,3.303435114503817,1.9885641677255401
primary_classrooms,share_of_national,constant,2015,unweighted,post,23,0.043478260869565216,0.21936101640998285,0.08271347647278467,0.09862686857811792,0.38944456533557126,0.04411041171355001,0.09391926785215832,0.2077386596345956,3.272380952380953,1.9835443037974683
primary_classrooms,share_of_national,constant,2016,unweighted,post,23,0.043478260869565216,0.22228106409645357,0.08447696648608365,0.10062827145029847,0.3939401461080646,0.045011799274753184,0.09573088693736542,0.21112370420261484,3.2400756143667295,2.0390625
primary_classrooms,share_of_national,constant,2017,unweighted,post,23,0.043478260869565216,0.22321963949068824,0.08507731148040554,0.10140156429334563,0.3955395498126994,0.04532836276967356,0.09642988147211784,0.2130369641747113,3.2571428571428567,2.0206451612903225
primary_classrooms,share_of_national,constant,2018,unweighted,post,23,0.043478260869565216,0.22260388355354488,0.0848811362157129,0.10158154324075361,0.3943429975218453,0.045313968584828834,0.09659249043742568,0.21408939280831363,3.232075471698113,2.0025316455696203
primary_pupils,per_head,as_printed,2005,population,pre,24,114.54992544499423,0.07737241757713946,0.009455186230138204,0.009610448879404621,0.13695335962705646,0.004755723904919851,0.009564416098824857,0.019317195040426394,1.4677358908946707,1.2613440899933084
primary_pupils,per_head,as_printed,2006,population,pre,24,106.33804925793432,0.07322706012527382,0.008511730644145139,0.008633654653235628,0.13002338042712666,0.004277718862368829,0.008596491684550456,0.017338606950254243,1.457154302238174,1.2551451010602528
primary_pupils,per_head,as_printed,2007,population,pre,24,101.790296138729,0.07034217119135629,0.007861868094449404,0.007977696488496066,0.12489496965011719,0.003952566841952887,0.007945959120971513,0.016038103610255372,1.416386163376313,1.2580700253683814
primary_pupils,per_head,as_printed,2008,population,pre,24,99.17613401353516,0.06647537399482724,0.006997131917451497,0.0070939853670453,0.11782947581081069,0.003517020946409488,0.007068882447840319,0.014262928415406106,1.3586791558174143,1.243609059983076
primary_pupils,per_head,as_printed,2009,population,pre,24,98.18660901233152,0.06386006122282277,0.006435762229131008,0.006510040071356539,0.11310532569793076,0.003231611577893534,0.006488895669007899,0.013068511574644726,1.3523862936597768,1.2272934941049158
primary_pupils,per_head,as_printed,2010,population,pre,24,96.54708185582827,0.06518327997730111,0.006955294077733107,0.0071098955061994085,0.11701364932189977,0.003510276117885569,0.007084679994419862,0.014415891932704539,1.4127485126879151,1.212669776192366
primary_pupils,per_head,as_printed,2011,population,post,24,96.67521413204008,0.0668505523070619,0.0073115374045206166,0.007479657728022154,0.11994133608207638,0.0036911814842355284,0.00745175469986481,0.015168729646366397,1.4422302908146765,1.2272049935279985
primary_pupils,per_head,as_printed,2012,population,post,24,97.04992815142081,0.06774591505085895,0.007509569313608029,0.007691009404666671,0.12149244581195838,0.0037931655842701195,0.0076615092688893105,0.015610071596548702,1.4646155969941248,1.2259395078288347
primary_pupils,per_head,as_printed,2013,population,post,24,98.08821609564696,0.0697779227043921,0.008030796392404808,0.008265298122905529,0.12535263745014588,0.004065939951768183,0.008231234459757042,0.0168437351547841,1.5002844763505205,1.2220353994746957
primary_pupils,per_head,as_printed,2014,population,post,24,98.79070494649147,0.07169853848347335,0.008551733291920018,0.008822643511890396,0.12922401550941515,0.004334390424979961,0.008783838198293425,0.01800877816991009,1.5488202312735884,1.2269478665608522
primary_pupils,per_head,as_printed,2015,population,post,24,98.6888029658187,0.07370384224760913,0.009006301001615914,0.009297161784685773,0.13259671257238367,0.0045656871191789294,0.00925407680212964,0.01897664500930729,1.5645807470869042,1.249667884879237
primary_pupils,per_head,as_printed,2016,population,post,24,99.63265311047707,0.0749046779120797,0.009293414266301852,0.009631186646082673,0.13443113326789635,0.00472026994740804,0.00958495530790493,0.019721474140667827,1.5570437270373665,1.2696617669640473
primary_pupils,per_head,as_printed,2017,population,post,24,100.62776235477031,0.0766116322150934,0.009671278946511912,0.010043999255282765,0.13698995277481665,0.004917154731165385,0.009993726747888787,0.020592039416880703,1.5664757947493955,1.294605022277221
primary_pupils,per_head,as_printed,2018,population,post,24,102.17686779775924,0.07828782854790821,0.010118667079749837,0.010538428056929328,0.13994452446896852,0.00515140958723137,0.010483093374747732,0.021650520488975977,1.5703104043432028,1.30855511445149
primary_pupils,per_head,as_printed,2019,population,post,24,103.40707085897293,0.0807677433145863,0.010733869936872871,0.011195278303320951,0.14405125633810073,0.0054679261023617975,0.011132844380758344,0.023007785265137692,1.5776158524086177,1.3205923696662711
primary_pupils,per_head,as_printed,2020,population,post,24,105.50252835071733,0.08254531386225923,0.011008060517908227,0.011432770926778293,0.14619069308945387,0.005595553753446558,0.011367665150592732,0.023387873228866263,1.583429397444471,1.3311993306683418
primary_pupils,per_head,as_printed,2021,population,post,24,105.85943233290307,0.08630600699128262,0.011949186426040547,0.012397408190494156,0.15243919496705485,0.006069590761244359,0.012320876915193124,0.025302203733391093,1.6072672399236427,1.3639348427756084
primary_pupils,per_head,as_printed,2022,population,post,24,106.29522737302459,0.09104925011660837,0.0132543766288428,0.013765726930295957,0.16055194605212061,0.006733978065057267,0.013671412575877673,0.02807561713201645,1.6164277764736676,1.3861933126923178
primary_pupils,per_head,as_printed,2023,population,post,24,105.34346023253745,0.09630216638392036,0.014713800369533733,0.0152674034745083,0.16932236359781372,0.00746967730631809,0.0151514475354797,0.031046953011886314,1.6503390945609158,1.4217712262586655
primary_pupils,per_head,as_printed,2005,unweighted,pre,24,114.54992544499423,0.06879613892698286,0.007601808001849664,0.007729162937909646,0.12273390154494021,0.0038253738286841976,0.0076993697662232075,0.01558962064875935,1.4284844214520338,1.2064184518538439
primary_pupils,per_head,as_printed,2006,unweighted,pre,24,106.33804925793432,0.06499845447383075,0.006831328502055721,0.006930287679801667,0.11643508360177,0.003434478903581173,0.006906328615825075,0.013959436128939906,1.4322904322606096,1.1882139956935283
primary_pupils,per_head,as_printed,2007,unweighted,pre,24,101.790296138729,0.06238822742630004,0.006281882514024239,0.006383935047348247,0.11152356151629841,0.0031614442547540644,0.006363601027367771,0.012886990188313296,1.4053206850657276,1.183122159542718
primary_pupils,per_head,as_printed,2008,unweighted,pre,24,99.17613401353516,0.059182932754539,0.005586071709544899,0.005669441472956373,0.10518987402666159,0.0028099875607074942,0.005653400518383811,0.011436713069926663,1.3411946260999388,1.173749846617083
primary_pupils,per_head,as_printed,2009,unweighted,pre,24,98.18660901233152,0.05708795017419996,0.0051766223321910105,0.005242133582385291,0.1013533118433118,0.0026013854399142833,0.0052284175776465824,0.01055573001663368,1.3451550916010488,1.1831766173476213
primary_pupils,per_head,as_printed,2010,unweighted,pre,24,96.54708185582827,0.05646415291084177,0.005291342235427854,0.005405376740797666,0.10206808187723058,0.002670340061356802,0.005390793978881425,0.010985524322893125,1.319978695505979,1.136758646766406
primary_pupils,per_head,as_printed,2011,unweighted,post,24,96.67521413204008,0.05807089847823977,0.00559559423603781,0.005719331403065119,0.10494494233136395,0.0028244693307484248,0.00570300716328942,0.011625200889015863,1.3474274233129806,1.1455199190531098
primary_pupils,per_head,as_printed,2012,unweighted,post,24,97.04992815142081,0.05916323790624828,0.0057816835201641905,0.0059123648841360454,0.1066579793465031,0.0029189737796347925,0.005894921249517404,0.012020478202464768,1.3494222902168789,1.15919997034117
primary_pupils,per_head,as_printed,2013,unweighted,post,24,98.08821609564696,0.060727484837626654,0.00615276016276038,0.006329219578460042,0.1097254131444759,0.0031152028334677784,0.0063092322585016625,0.012938723982775957,1.3526313568176,1.1614203355176402
primary_pupils,per_head,as_printed,2014,unweighted,post,24,98.79070494649147,0.06203850887198746,0.006505573653428782,0.006718410276328631,0.11263445812592911,0.0032999277107111924,0.0066958922147544175,0.013783755101107076,1.359757664845863,1.1576759195330333
primary_pupils,per_head,as_printed,2015,unweighted,post,24,98.6888029658187,0.06390495925006737,0.006896036530851518,0.007131683705196584,0.11590496089406378,0.0035001091651269967,0.007106313595319991,0.014645321205466133,1.3679278875460614,1.1769717234905732
primary_pupils,per_head,as_printed,2016,unweighted,post,24,99.63265311047707,0.06484529692279183,0.00713577763514507,0.007417316680626358,0.11760673355124775,0.0036308702193458275,0.007389876273899421,0.015301161814313735,1.3679682897107408,1.1989788663020715
primary_pupils,per_head,as_printed,2017,unweighted,post,24,100.62776235477031,0.06628779372702216,0.00744741920560782,0.007766175762041391,0.1199503630701513,0.003795406122840239,0.007736096935243242,0.016059362900276986,1.3800152349527972,1.2270220750045921
primary_pupils,per_head,as_printed,2018,unweighted,post,24,102.17686779775924,0.067605790684867,0.007789513790355969,0.008151933413898978,0.12247536118813065,0.003976480154793571,0.008118796509122395,0.016908923673871312,1.3811264727391719,1.2421305138415575
primary_pupils,per_head,as_printed,2019,unweighted,post,24,103.40707085897293,0.07004711788392283,0.008336983112816998,0.008744144716118995,0.1265822169767272,0.00426021337811211,0.008706025869195666,0.018159254249957013,1.390043070286095,1.2606779076869519
primary_pupils,per_head,as_printed,2020,unweighted,post,24,105.50252835071733,0.07259093651011664,0.008729146852817416,0.009116875759073773,0.12979215596398555,0.004451051458223665,0.009075443055144516,0.018838128736185733,1.394531557151817,1.2797643602205448
primary_pupils,per_head,as_printed,2021,unweighted,post,24,105.85943233290307,0.07638717813961657,0.009578434195154131,0.009997876293002937,0.1360380516578594,0.004881763400708117,0.00994806367284029,0.020620899196654552,1.4041326340095996,1.279274627160188
primary_pupils,per_head,as_printed,2022,unweighted,post,24,106.29522737302459,0.08097691018220102,0.010698190438813126,0.01116974735451377,0.14381192166157364,0.005451817918727175,0.01110759734174227,0.023009832089026516,1.4143593011716018,1.3075613894789675
primary_pupils,per_head,as_printed,2023,unweighted,post,24,105.34346023253745,0.08654979493110392,0.01209583530345975,0.01262568954860718,0.15300504469210027,0.006161446724752384,0.012546319913594783,0.025948964386084516,1.4642103100490949,1.3360445220001267
primary_pupils,per_head,constant,2005,population,pre,23,115.47612526985912,0.07733896006107195,0.009449335383624457,0.009603423358737697,0.1369177755269629,0.004752525877826264,0.009557457748718079,0.019300967751116227,1.4502223099952023,1.2613440899933084
primary_pupils,per_head,constant,2006,population,pre,23,107.16758621833142,0.07320523000439122,0.008509334829656491,0.008630794666561645,0.13000794381186856,0.004276412850318101,0.008593656279674455,0.017332013375796262,1.4461850535629865,1.2551451010602528
primary_pupils,per_head,constant,2007,population,pre,23,102.57513797900943,0.07033194160448099,0.007861363587748528,0.007977095420822408,0.12489157908122353,0.0039522920493352265,0.007945362829176128,0.016036716956304486,1.4115628081464673,1.2580700253683814
primary_pupils,per_head,constant,2008,population,pre,23,99.89872114338611,0.06645796489485828,0.006995730524429607,0.007092329228670235,0.11781941134014885,0.003516260562472895,0.007067238015151078,0.0142591248560755,1.3510929456623242,1.243609059983076
primary_pupils,per_head,constant,2009,population,pre,23,98.87500785195232,0.06385270442727736,0.006435518984237191,0.006509754562818289,0.11310349342843716,0.0032314800255772713,0.006488612013062944,0.013067858745873795,1.3492758770978728,1.2272934941049158
primary_pupils,per_head,constant,2010,population,pre,23,97.24330973968964,0.06508801759213222,0.006916154733917421,0.007063382764094311,0.11673179401556341,0.003488980464964153,0.007038495706137793,0.014308473424041845,1.372794962721834,1.212669776192366
primary_pupils,per_head,constant,2011,population,post,23,97.39836166135193,0.06675383881637234,0.00727225337262235,0.007432597857463412,0.11966756161922681,0.0036697233394867856,0.007405044408836492,0.015059341161751227,1.4018240044963421,1.2272049935279985
primary_pupils,per_head,constant,2012,population,post,23,97.78352842323991,0.06762736147644537,0.007452244901308762,0.0076220059669366135,0.12109972451096203,0.003761779435443091,0.007593032139085576,0.015449022007218205,1.4156231419299858,1.2259395078288347
primary_pupils,per_head,constant,2013,population,post,23,98.86454693268117,0.06962635934849032,0.007939192806244078,0.008153749461838906,0.12475081639035726,0.004015502318950315,0.008120597811304697,0.016580948561944586,1.4373306009650142,1.2220353994746957
primary_pupils,per_head,constant,2014,population,post,23,99.59096127282106,0.07149957848936765,0.008405278678695964,0.00864275476186039,0.12829733071742316,0.004253415592750942,0.00860551352311656,0.01758214899228916,1.4683183863428098,1.2269478665608522
primary_pupils,per_head,constant,2015,population,post,23,99.49371925401637,0.07334785259656959,0.008804980548245,0.009048719396416355,0.13135940867889967,0.00445413138353723,0.009007902940057488,0.018385574159799356,1.4897841045220708,1.249667884879237
primary_pupils,per_head,constant,2016,population,post,23,100.46272505999059,0.0744220333970149,0.009055109024664785,0.009335185678777792,0.13299463302175082,0.004587803021915082,0.009291748103975705,0.019013532961135948,1.4886339710868255,1.2696617669640473
primary_pupils,per_head,constant,2017,population,post,23,101.47926846279105,0.07610195624935973,0.009422382210183258,0.009733812493292908,0.1355224361148047,0.004778584277385978,0.009686592275577555,0.01984896039731643,1.4946635578130993,1.294605022277221
primary_pupils,per_head,constant,2018,population,post,23,103.06051327088204,0.07772143218073811,0.009838899504353576,0.01018786896482923,0.1383377150910648,0.004995248877353253,0.010136148417541069,0.020807768607894794,1.4950607735045047,1.30855511445149
primary_pupils,per_head,constant,2019,population,post,23,104.34365491979052,0.08023106613035935,0.010472107771312675,0.010864259432185368,0.1426052217780513,0.005321166421738965,0.010805456508411027,0.022207006205802182,1.5030445461241997,1.3205923696662711
primary_pupils,per_head,constant,2020,population,post,23,106.45464733993207,0.08213212463550455,0.010784469430520824,0.011151329618416615,0.14496921583713526,0.005470490913800252,0.011089384014716708,0.022710918738310548,1.497293678506679,1.3311993306683418
primary_pupils,per_head,constant,2021,population,post,23,106.86564214972114,0.08603145806359624,0.01176324886762726,0.01216121720465707,0.15147505401099604,0.00596513655864106,0.0120875684578301,0.02473128756797771,1.514951432796478,1.3639348427756084
primary_pupils,per_head,constant,2022,population,post,23,107.34124728093643,0.09082462998015356,0.013090416661586366,0.013556182507222639,0.1597502388237458,0.006641619603252047,0.013464711265268714,0.027568999808096906,1.5291735756719582,1.3861933126923178
primary_pupils,per_head,constant,2023,population,post,23,106.4186771831147,0.09605050131845505,0.01455067224965028,0.015057434422019327,0.1685716089824258,0.007377494295899734,0.014944638107042163,0.030538806208142644,1.5613267117162315,1.4217712262586655
primary_pupils,per_head,constant,2005,unweighted,pre,23,115.47612526985912,0.06559894174919362,0.007033140996566976,0.007164502492718102,0.11795433264656924,0.0035426991747057324,0.007138898627542134,0.01449836560118889,1.3794211277040458,1.1790962015748379
primary_pupils,per_head,constant,2006,unweighted,pre,23,107.16758621833142,0.061857173483451856,0.006300350181861255,0.006401460242275184,0.11174180232618577,0.003170093422746434,0.006381014546358421,0.012930780691331245,1.3726188517207478,1.1556262283851062
primary_pupils,per_head,constant,2007,unweighted,pre,23,102.57513797900943,0.05918127342816366,0.005752360957719455,0.005854223330377879,0.10665129607850887,0.0028971605003222933,0.005837120755349479,0.011849806945818941,1.344261758335057,1.1672076617221452
primary_pupils,per_head,constant,2008,unweighted,pre,23,99.89872114338611,0.05618847066220496,0.005115954441704772,0.005199159157061038,0.1006055172051655,0.002575306329020477,0.00518566692197675,0.010513444826250162,1.2764023790861139,1.1623190859664365
primary_pupils,per_head,constant,2009,unweighted,pre,23,98.87500785195232,0.05425350561592147,0.00474525157697822,0.004810772590620379,0.0969875654050706,0.002386062994983007,0.004799219358243234,0.009707774654204804,1.2730426666285004,1.157185592264349
primary_pupils,per_head,constant,2010,unweighted,pre,23,97.24330973968964,0.053198948416642036,0.0047864688704193446,0.00489221158616537,0.09705438484446165,0.0024163138055209865,0.004880264210034069,0.009959395256565307,1.2756777601748113,1.1277964720876839
primary_pupils,per_head,constant,2011,unweighted,post,23,97.39836166135193,0.05465449056006108,0.005049318721201362,0.005163241060498118,0.09967170710049582,0.0025494363479802162,0.005149934442982507,0.010512452088369706,1.2996183018277685,1.1409250353452147
primary_pupils,per_head,constant,2012,unweighted,post,23,97.78352842323991,0.05572557512871456,0.0052087107171457005,0.005325888364520401,0.1012385763025457,0.002629758362869161,0.005311730965810946,0.01084000183524192,1.3003746089861052,1.1523976301466916
primary_pupils,per_head,constant,2013,unweighted,post,23,98.86454693268117,0.05698521409654078,0.0054863919315128054,0.0056393909214731835,0.10364498361185526,0.0027770291217933396,0.005623519405734023,0.0115345409374078,1.3083796859528443,1.1562319135292671
primary_pupils,per_head,constant,2014,unweighted,post,23,99.59096127282106,0.05814853476201254,0.005760117901470148,0.005936346016712918,0.10607333871666282,0.002919215805124886,0.005918760729355599,0.012169395327646049,1.3409150682209185,1.1532138077455647
primary_pupils,per_head,constant,2015,unweighted,post,23,99.49371925401637,0.060009878048756765,0.006101608264033433,0.006289743922336034,0.10916662049582686,0.003092458184315694,0.006270004889202485,0.012889073246631022,1.3679278875460614,1.1599092824573147
primary_pupils,per_head,constant,2016,unweighted,post,23,100.46272505999059,0.06076056241747265,0.006278357738946069,0.00650251182474057,0.11047200843882088,0.003189494860536879,0.006481416244246585,0.013380487840202293,1.3679682897107408,1.1649072530710196
primary_pupils,per_head,constant,2017,unweighted,post,23,101.47926846279105,0.06214363547694956,0.006564040946872562,0.006823864005356081,0.11274223667366967,0.0033407668101477217,0.00680063431415856,0.014083551898080304,1.3800152349527972,1.1800014049033252
primary_pupils,per_head,constant,2018,unweighted,post,23,103.06051327088204,0.06331086925514964,0.006849385658952919,0.007144555206282773,0.11498613949309014,0.0034916330613057323,0.007119093545234767,0.014788653313995037,1.3811264727391719,1.193610295777828
primary_pupils,per_head,constant,2019,unweighted,post,23,104.34365491979052,0.06553032867831986,0.007335977540692512,0.007675488439852978,0.1188379045601895,0.003744997693602592,0.007646107098564503,0.015923379434238827,1.390043070286095,1.2120722844231289
primary_pupils,per_head,constant,2020,unweighted,post,23,106.45464733993207,0.06836054636160349,0.007785289979468722,0.008120493435242664,0.12261642168598726,0.003967983363291405,0.008087611295026775,0.016781372777611825,1.394531557151817,1.2357402174739935
primary_pupils,per_head,constant,2021,unweighted,post,23,106.86564214972114,0.0720135773295696,0.008575599451829355,0.008947558134020685,0.12871422798618207,0.004370615725655558,0.00890764785761411,0.018478309303588403,1.4041326340095996,1.2514710676799081
primary_pupils,per_head,constant,2022,unweighted,post,23,107.34124728093643,0.07659230171820113,0.009663352663007493,0.010096239379954535,0.13661114104903868,0.004926991498653832,0.010045443448173486,0.020852698054001917,1.4143593011716018,1.270735080114907
primary_pupils,per_head,constant,2023,unweighted,post,23,106.4186771831147,0.08215088386726555,0.011006622806614939,0.011502271432127627,0.14584742302187637,0.005610870447412708,0.011436373209819162,0.023716511890420677,1.4642103100490949,1.2777456154533808
primary_pupils,share_of_national,as_printed,2005,population,pre,24,0.041666666666666664,0.20935127605685874,0.07132526698742052,0.08134601082834517,0.3681654015457542,0.03729225363338429,0.07812534236070556,0.1714696860024677,2.968946316390634,1.8870671161507817
primary_pupils,share_of_national,as_printed,2006,population,pre,24,0.041666666666666664,0.21191548367833274,0.07297569506958637,0.08331524557081976,0.3724727549523201,0.03815850099834617,0.07993894367529719,0.17533417517913552,3.037502884837295,1.9336884745574607
primary_pupils,share_of_national,as_printed,2007,population,pre,24,0.041666666666666664,0.2135062341579358,0.07398311495583584,0.08455479758405204,0.37505056969975986,0.038694417882460086,0.08107870066998724,0.17780942798969845,3.10740021050927,1.8887327436554517
primary_pupils,share_of_national,as_printed,2008,population,pre,24,0.041666666666666664,0.21692939062025818,0.07621466981391442,0.08714996234982766,0.3808806912614566,0.03985159295942453,0.08346036111121591,0.18257165520201635,3.2152207770341374,1.9579464617318516
primary_pupils,share_of_national,as_printed,2009,population,pre,24,0.041666666666666664,0.21793894759027632,0.07698726939078862,0.08819270291246589,0.3826061678097411,0.040283634807071755,0.0844155760627121,0.1847154960805759,3.2914704119208698,1.988176887536947
primary_pupils,share_of_national,as_printed,2010,population,pre,24,0.041666666666666664,0.21921310079743755,0.07794737782429217,0.08944846164457904,0.3848403162056346,0.040810299726104504,0.08556460759387363,0.18730773849791693,2.719562584597848,2.017729267729268
primary_pupils,share_of_national,as_printed,2011,population,post,24,0.041666666666666664,0.2202715607644113,0.07884390086284913,0.09059761256252861,0.3869703750925276,0.04129734758673376,0.08661482831783573,0.18958016903843788,2.7445780545415506,2.0359254076591373
primary_pupils,share_of_national,as_printed,2012,population,post,24,0.041666666666666664,0.2220806510757682,0.08026813687984073,0.09221068769742351,0.390696174664678,0.04202569691014435,0.08808699954623966,0.1923516206166207,2.7750134432694034,2.0632979022552163
primary_pupils,share_of_national,as_printed,2013,population,post,24,0.041666666666666664,0.221818604822865,0.08026402351773518,0.09218859100786819,0.39068638234892145,0.04202288988601277,0.08806684906513873,0.19207823210407704,2.7550168111838613,2.0580956031320157
primary_pupils,share_of_national,as_printed,2014,population,post,24,0.041666666666666664,0.22201113483694496,0.08057683763891058,0.09252569725991673,0.39156033004728213,0.04217817409488389,0.08837421562126402,0.19265673144272144,2.753131469071261,2.0733890854508417
primary_pupils,share_of_national,as_printed,2015,population,post,24,0.041666666666666664,0.22205387412770336,0.080772672967589,0.09267676669906569,0.3922702092010732,0.04226141003494266,0.08851192401519725,0.19280920820175174,2.745497613822413,2.1113319011815253
primary_pupils,share_of_national,as_printed,2016,population,post,24,0.041666666666666664,0.22310952836736725,0.08138298822039372,0.09302325759975387,0.39463537274421623,0.04249519306237126,0.08882769163115023,0.1928071894007104,2.7948717948717947,2.117077864799123
primary_pupils,share_of_national,as_printed,2017,population,post,24,0.041666666666666664,0.2237588869954336,0.08179781222795873,0.0931468254380426,0.39655923658076037,0.042626160175099126,0.08894027626754053,0.19253605868909207,2.8212386401884886,2.1196911196911192
primary_pupils,share_of_national,as_printed,2018,population,post,24,0.041666666666666664,0.2228972336020264,0.0813194201954397,0.09244610429269359,0.3958596275096191,0.04234096618628114,0.08830165373241927,0.19120899925782264,2.8467334192525033,2.102755182366833
primary_pupils,share_of_national,as_printed,2019,population,post,24,0.041666666666666664,0.22209938583755512,0.08094611704036636,0.0918892852634642,0.39535261204011074,0.04211579929920661,0.08779386138319845,0.19014465297830085,2.84914755265116,2.100674122073579
primary_pupils,share_of_national,as_printed,2020,population,post,24,0.041666666666666664,0.22085577067329754,0.08042530544993921,0.09124621287051575,0.3942858460654363,0.041834099686464565,0.08720705814051588,0.18901240556911514,2.867150530758409,2.0789660775949623
primary_pupils,share_of_national,as_printed,2021,population,post,24,0.041666666666666664,0.21931882886560378,0.0796320375698687,0.09013969130035318,0.39280307185032937,0.04138008585068975,0.08619647404782005,0.1867241194239857,2.8519463130041123,2.021225060553849
primary_pupils,share_of_national,as_printed,2022,population,post,24,0.041666666666666664,0.2176618395610194,0.07897106771020607,0.08928206798897091,0.3915585583564545,0.04101299345689735,0.08541243868649473,0.18509857129148033,2.8524130011801856,1.9397289149243855
primary_pupils,share_of_national,as_printed,2023,population,post,24,0.041666666666666664,0.2148917520449419,0.07758619652309832,0.08762830756911962,0.38831225161392047,0.040282354045611424,0.08389867862386924,0.18205375842816673,2.842001103072381,1.863910484632711
primary_pupils,share_of_national,as_printed,2000,unweighted,pre,24,0.041666666666666664,0.24609714513716882,0.09837638264407769,0.1119174633876664,0.43684396837314854,0.05108500880970113,0.10588194807002338,0.223390921170727,3.7689154568744656,2.0981644513493296
primary_pupils,share_of_national,as_printed,2001,unweighted,pre,24,0.041666666666666664,0.2477673387910482,0.09963573192576691,0.11354732418595198,0.4392272642132533,0.0517773738588736,0.10733804908858091,0.22604720636782472,3.9296564937730945,2.1483668795950344
primary_pupils,share_of_national,as_printed,2002,unweighted,pre,24,0.041666666666666664,0.24897837048182136,0.10064336536846093,0.1150715848879631,0.440800508858553,0.05237634281292414,0.10869766215491206,0.22899606132219508,3.9878325527497465,2.180441640378549
primary_pupils,share_of_national,as_printed,2003,unweighted,pre,24,0.041666666666666664,0.2523075041999483,0.10309681239849441,0.1180428108095596,0.4461291697516582,0.05366292979176224,0.11134199236847342,0.23405833638507012,4.0256076171385615,2.2120793447152867
primary_pupils,share_of_national,as_printed,2004,unweighted,pre,24,0.041666666666666664,0.25495732776325575,0.10507514830586753,0.12040738494787023,0.4503339060014671,0.054697445842157966,0.11344080773094822,0.23780015518819275,4.053959465106561,2.254028925619835
primary_pupils,share_of_national,as_printed,2005,unweighted,pre,24,0.041666666666666664,0.2567824769908535,0.1065384355408255,0.12218438053664961,0.4533826396336897,0.05546872642843104,0.11501482058366397,0.24058642095363747,4.034398034398035,2.3036381442925027
primary_pupils,share_of_national,as_printed,2006,unweighted,pre,24,0.041666666666666664,0.2600782438593427,0.10908120333957727,0.12505584408569656,0.4592082987231196,0.05675175675820021,0.11755237827202425,0.2450901978183916,4.057166142740714,2.3595325568670367
primary_pupils,share_of_national,as_printed,2007,unweighted,pre,24,0.041666666666666664,0.2624000535598148,0.11091253229082439,0.12714368658122752,0.4632477105917766,0.057684151719884724,0.11939286792192538,0.24815727293085077,4.096826250672404,2.409637571853724
primary_pupils,share_of_national,as_printed,2008,unweighted,pre,24,0.041666666666666664,0.2665444926649233,0.11412085190719073,0.13055078237562723,0.47067232013369686,0.05926081943039441,0.12238807540130459,0.25276469019279235,4.2567701863354035,2.502256336721353
primary_pupils,share_of_national,as_printed,2009,unweighted,pre,24,0.041666666666666664,0.26836737391764154,0.1156162796616583,0.13225677665321006,0.47380125810428897,0.06002467146227786,0.12388399994044352,0.2551329981707652,4.41962235264098,2.58850187750874
primary_pupils,share_of_national,as_printed,2010,unweighted,pre,24,0.041666666666666664,0.2710437194318076,0.11772304907833013,0.1344829502100346,0.47860745195489623,0.06105516527771804,0.12583221687338852,0.2581566804343125,4.587277620954508,2.6832223701731026
primary_pupils,share_of_national,as_printed,2011,unweighted,post,24,0.041666666666666664,0.2732152452875801,0.11954707391804137,0.13647044195138683,0.48258661850228873,0.06196221749157582,0.12756789273084823,0.2608588777602078,4.729467958073505,2.7592171548303686
primary_pupils,share_of_national,as_printed,2012,unweighted,post,24,0.041666666666666664,0.27576714075314446,0.12171808592593736,0.13858514738955524,0.48771917937495224,0.06298623452054875,0.12941088027781233,0.26330214002545294,4.880603964347479,2.8105239687848385
primary_pupils,share_of_national,as_printed,2013,unweighted,post,24,0.041666666666666664,0.2762632441110191,0.12208261338503397,0.13862888771165252,0.48880097774373177,0.06310270426452924,0.12944895929352263,0.26236781783041674,4.933648355975586,2.8695148055654656
primary_pupils,share_of_national,as_printed,2014,unweighted,post,24,0.041666666666666664,0.27718462130865684,0.1229708274934792,0.13948441698044978,0.4909189150120968,0.06351818564433298,0.13019342268830925,0.26338409362351656,5.041647656911946,2.913832904199592
primary_pupils,share_of_national,as_printed,2015,unweighted,post,24,0.041666666666666664,0.27762126726481257,0.12344789688195988,0.13989923191207831,0.4921355091001202,0.06373193169368119,0.13055415662012337,0.26377590285491226,5.048218298555377,2.9864149928263988
primary_pupils,share_of_national,as_printed,2016,unweighted,post,24,0.041666666666666664,0.27806242183643864,0.12384825962356934,0.1398703771835582,0.49389544300372656,0.06382638775598848,0.13052906863439817,0.26302599772977653,4.855146202415251,3.0340046965317917
primary_pupils,share_of_national,as_printed,2017,unweighted,post,24,0.041666666666666664,0.27819904907218623,0.12404609600168304,0.13973725288269753,0.49516130300021116,0.06383996561617344,0.13041331321978278,0.26252087272806657,4.64982476635514,3.09980483819725
primary_pupils,share_of_national,as_printed,2018,unweighted,post,24,0.041666666666666664,0.2773211615741929,0.12351989205665154,0.13914533644368351,0.49425166899119294,0.06356932770737522,0.1298984381982684,0.26184006781075797,4.49016641452345,3.0970209339774555
primary_pupils,share_of_national,as_printed,2019,unweighted,post,24,0.041666666666666664,0.27653724051535455,0.12308368057391979,0.13865581030707835,0.49349558819936024,0.06334498689312906,0.12947239647149278,0.26129720432691717,4.289670259310639,3.1187255250979
primary_pupils,share_of_national,as_printed,2020,unweighted,post,24,0.041666666666666664,0.2754606013135806,0.12248967738248664,0.13801492797031936,0.49225266531917644,0.06305145666381984,0.12891431189255775,0.2604236317997002,4.191348861018684,3.154519971969166
primary_pupils,share_of_national,as_printed,2021,unweighted,post,24,0.041666666666666664,0.27369848876585806,0.12116964683840233,0.13643335955654945,0.4896604791375365,0.06236598032756269,0.12753554025912817,0.2579886082916435,4.031878860330743,3.142283097131006
primary_pupils,share_of_national,as_printed,2022,unweighted,post,24,0.041666666666666664,0.2722650694492418,0.12029845986226165,0.1354692419901806,0.48780104125791957,0.061933010953247325,0.12669397632936297,0.2565028584687802,3.859874164756377,3.132955910104649
primary_pupils,share_of_national,as_printed,2023,unweighted,post,24,0.041666666666666664,0.26953315236640546,0.11839997803889764,0.1334298628888346,0.4835252025113465,0.061002093475890584,0.12491115697124433,0.25351622868687873,3.748611787627862,3.087252634284246
primary_pupils,share_of_national,constant,2005,population,pre,23,0.043478260869565216,0.19352924853161066,0.06375898573208963,0.07564657820523686,0.34207105944535293,0.03400253620898219,0.07285617850376114,0.16795560083621786,2.968946316390634,1.784998188186979
primary_pupils,share_of_national,constant,2006,population,pre,23,0.04347826086956523,0.1966820837088202,0.06578509191679129,0.07817584035553331,0.34736864913770826,0.03509580788634803,0.07519820523104548,0.1730492686459405,3.037502884837295,1.8346319890491731
primary_pupils,share_of_national,constant,2007,population,pre,23,0.04347826086956523,0.19905570194045158,0.06716720931113788,0.07993614309751357,0.3508834763089032,0.035848706067336034,0.07682470438071232,0.17659253225576343,3.10740021050927,1.6491987873538327
primary_pupils,share_of_national,constant,2008,population,pre,23,0.04347826086956521,0.2033948770376309,0.06986174410804985,0.08323292276350923,0.3578796467454174,0.03728768129485427,0.0798631985485111,0.18284747999596807,3.2152207770341374,1.7163536188329576
primary_pupils,share_of_national,constant,2009,population,pre,23,0.04347826086956521,0.20524837667128698,0.07107719752168361,0.08483760060073274,0.36073140841195656,0.0379627477898874,0.08133853764245869,0.18603689516637,3.2914704119208698,1.7753396029258097
primary_pupils,share_of_national,constant,2010,population,pre,23,0.043478260869565216,0.20635271919366505,0.0720382024803491,0.08621939390273284,0.3628470408292064,0.03851764326456375,0.08260706127738116,0.18909564312120353,2.719562584597848,1.8310885173733034
primary_pupils,share_of_national,constant,2011,population,post,23,0.04347826086956523,0.20728549269323956,0.07291859150119182,0.08741448302161609,0.364921235732776,0.03901083845544262,0.08370277272936033,0.19158194050089727,2.7445780545415506,1.8909341679486502
primary_pupils,share_of_national,constant,2012,population,post,23,0.043478260869565216,0.20919077597808824,0.07439442935084319,0.08920887043604987,0.3687056654143934,0.03979449062809204,0.08534549066488883,0.19485483888651656,2.7750134432694034,1.9767504512513807
primary_pupils,share_of_national,constant,2013,population,post,23,0.043478260869565216,0.20853735043321409,0.07428784907710735,0.08911914683329035,0.36834007839310756,0.03974925019356523,0.08526342088528693,0.1945586934834982,2.7550168111838613,2.015280682000965
primary_pupils,share_of_national,constant,2014,population,post,23,0.043478260869565216,0.2087221613795142,0.07465440753451515,0.08960321709178384,0.3692145480234618,0.0399516638993862,0.08570611050251054,0.1955300169835924,2.753131469071261,2.0625533276450514
primary_pupils,share_of_national,constant,2015,population,post,23,0.043478260869565216,0.20893561765806284,0.07502967061415261,0.09003544289674735,0.37023631530660744,0.040145444924558515,0.08610120652337283,0.19626127398280568,2.745497613822413,2.056495697434154
primary_pupils,share_of_national,constant,2016,population,post,23,0.043478260869565216,0.21021559740595439,0.07571557076148808,0.0905559696054381,0.37264445660762574,0.04044049062841337,0.08657679146634656,0.1966322795096045,2.7948717948717947,2.0129619275148682
primary_pupils,share_of_national,constant,2017,population,post,23,0.04347826086956521,0.21157285573996318,0.07639182997670511,0.09103834689924796,0.37508793220667974,0.040723178633007895,0.08701729982762485,0.19698463731184235,2.8212386401884886,1.9864357365222116
primary_pupils,share_of_national,constant,2018,population,post,23,0.04347826086956521,0.2114121170811253,0.07615452154814309,0.09062908806542973,0.37486084954105303,0.040567383644876776,0.0866435771230134,0.19614968987554104,2.8467334192525033,1.9873582003460875
primary_pupils,share_of_national,constant,2019,population,post,23,0.043478260869565216,0.2108944039578644,0.07578725230630157,0.09007149938399582,0.37430696594807766,0.04034431281335815,0.08613415790950629,0.19507020686732823,2.84914755265116,1.9694676104375453
primary_pupils,share_of_national,constant,2020,population,post,23,0.04347826086956523,0.21075393282078098,0.07579997488679098,0.08997961368070961,0.3745890308267509,0.040326932327440335,0.0860501828459016,0.1947252253160342,2.867150530758409,1.982373757996461
primary_pupils,share_of_national,constant,2021,population,post,23,0.04347826086956521,0.20900199217283266,0.07478811070748137,0.088555670036663,0.3725725802075084,0.03974520617100874,0.08474784280342929,0.19179238120496567,2.8519463130041123,1.9310581261611963
primary_pupils,share_of_national,constant,2022,population,post,23,0.043478260869565216,0.20746967896122176,0.07406903462681166,0.08757751773778787,0.3711840624626373,0.03933626795660117,0.0838521488106625,0.18987574455196965,2.8524130011801856,1.898146942672395
primary_pupils,share_of_national,constant,2023,population,post,23,0.043478260869565216,0.2047066343245581,0.07266078602138384,0.08581308840855131,0.3678679554490787,0.03857433347095329,0.08223424375227872,0.18651601717523014,2.842001103072381,1.8556862913807566
primary_pupils,share_of_national,constant,1998,unweighted,pre,23,0.043478260869565216,0.23862577119587067,0.09441195105248233,0.11024476163451623,0.4218557370718157,0.049702395451301395,0.1043851036989405,0.22485457263157493,3.520224546293448,2.434184781152001
primary_pupils,share_of_national,constant,1999,unweighted,pre,23,0.04347826086956521,0.24151757026555995,0.09667583128367964,0.11344307724747998,0.42631756101154733,0.050983793521579,0.10724498696247164,0.2314117103637372,3.6115214773183455,2.4627962216207258
primary_pupils,share_of_national,constant,2000,unweighted,pre,23,0.04347826086956521,0.2445601269900838,0.09917509543285936,0.11667808312424235,0.43163216897424295,0.05233831636770947,0.11012838825147031,0.2372998718633217,3.7689154568744656,2.4619943610104147
primary_pupils,share_of_national,constant,2001,unweighted,pre,23,0.043478260869565216,0.2459537026737141,0.10033948209139043,0.11826505908949736,0.43375136292763644,0.05299482883949269,0.1115394731364292,0.2399247381457621,3.9296564937730945,2.483909846932626
primary_pupils,share_of_national,constant,2002,unweighted,pre,23,0.043478260869565216,0.2472571454054966,0.10151216276478311,0.12000221916777788,0.4357084622075175,0.05368190946065532,0.11308153150591327,0.24316968165496355,3.9878325527497465,2.5152365930599365
primary_pupils,share_of_national,constant,2003,unweighted,pre,23,0.043478260869565216,0.2508386069884011,0.10407889259036782,0.12319000916372774,0.44119262929315944,0.05504405851605021,0.1159043396767292,0.24854551110846657,4.0256076171385615,2.5306095595249847
primary_pupils,share_of_national,constant,2004,unweighted,pre,23,0.04347826086956521,0.25377206778325395,0.10624977818217889,0.125842664975468,0.4457335077093515,0.05619137185324885,0.11824643341058183,0.2526725422120686,4.053959465106561,2.5635674931129477
primary_pupils,share_of_national,constant,2005,unweighted,pre,23,0.043478260869565216,0.2564659527961309,0.10832093192423667,0.1282828066776341,0.45014545717202825,0.05726689802265905,0.12039541408446597,0.25623961460429423,4.034398034398035,2.621821611230005
primary_pupils,share_of_national,constant,2006,unweighted,pre,23,0.04347826086956523,0.26082952983436736,0.11157857781762708,0.1319467893020414,0.4575075308634294,0.05890985781485758,0.1236123729639802,0.26164803648898693,4.057166142740714,2.7033533963886502
primary_pupils,share_of_national,constant,2007,unweighted,pre,23,0.04347826086956523,0.2641528441357781,0.1140566451374431,0.13471317741626812,0.46298668396787007,0.06015879495533716,0.12603345091421314,0.26543950009964645,4.096826250672404,2.6833136287659505
primary_pupils,share_of_national,constant,2008,unweighted,pre,23,0.04347826086956521,0.26958156351158896,0.1181375845651284,0.13907783322117334,0.47219503694368553,0.06217191722780835,0.12983970155650137,0.27106309981176924,4.2567701863354035,2.704187929652904
primary_pupils,share_of_national,constant,2009,unweighted,pre,23,0.04347826086956521,0.2723206510962246,0.12025252591657144,0.14140743029205868,0.47670868607942,0.06323196687449129,0.13186446508166505,0.27405156962816324,4.443671855065068,2.7319262808062494
primary_pupils,share_of_national,constant,2010,unweighted,pre,23,0.043478260869565216,0.27526933849272395,0.1226208384429118,0.1439743454182574,0.4819007276466532,0.06440418318482433,0.13409003766783423,0.2774286548708579,4.587277620954508,2.7654682645361737
primary_pupils,share_of_national,constant,2011,unweighted,post,23,0.04347826086956523,0.27748068781985247,0.12456358709575577,0.14612539462473112,0.4860343856785848,0.0653761050937276,0.1359506507526136,0.28025975059249986,4.729467958073505,2.8082118496723285
primary_pupils,share_of_national,constant,2012,unweighted,post,23,0.043478260869565216,0.28037323029442285,0.12703576310748085,0.14859974547253496,0.4916405992613236,0.06655661228127352,0.13808596913959614,0.2830384295306142,4.880603964347479,2.826176142697882
primary_pupils,share_of_national,constant,2013,unweighted,post,23,0.043478260869565216,0.2807462627746609,0.12740015134403138,0.1486530047947636,0.4926527656073855,0.06667715404611729,0.13813187287428808,0.28209121640914236,4.933648355975586,2.8953353549768104
primary_pupils,share_of_national,constant,2014,unweighted,post,23,0.043478260869565216,0.28194864932968633,0.128522722835024,0.14977282656739457,0.49518537449161476,0.06721134562383224,0.13909647137817593,0.2833788533536641,5.041647656911946,2.9487259167184585
primary_pupils,share_of_national,constant,2015,unweighted,post,23,0.043478260869565216,0.28276115148863734,0.12931215006565894,0.15050844222112633,0.4970297263181493,0.06757665042683836,0.1397295326167568,0.2841012236076864,5.048218298555377,3.012060616929699
primary_pupils,share_of_national,constant,2016,unweighted,post,23,0.043478260869565216,0.28357499771902944,0.1299211231162173,0.15067207446174888,0.4991752732821882,0.06776932784518286,0.13987028908441435,0.28352430262237494,4.855146202415251,3.097769147398844
primary_pupils,share_of_national,constant,2017,unweighted,post,23,0.04347826086956521,0.2843471204854136,0.13045355587947546,0.15082532684505118,0.5011751087745635,0.06793324896306929,0.14000209591244828,0.2832790749715337,4.696203271028037,3.16752144510507
primary_pupils,share_of_national,constant,2018,unweighted,post,23,0.04347826086956521,0.28392916559397124,0.1301828585657195,0.15044202358456246,0.5009013701024617,0.06777471891842135,0.13967239272768195,0.2828125055587499,4.6332716983246485,3.20795312220433
primary_pupils,share_of_national,constant,2019,unweighted,post,23,0.043478260869565216,0.2831709850858864,0.12970479984444905,0.14987786789621876,0.5001222296116287,0.06752321550522233,0.13918689707951026,0.2821850785138863,4.498292604844734,3.255250978996084
primary_pupils,share_of_national,constant,2020,unweighted,post,23,0.04347826086956523,0.2827042260894003,0.1295087518359948,0.14953233940859118,0.49995634973537245,0.06739660048053986,0.1388894102377991,0.28156592129902624,4.473355515740979,3.2908199018920814
primary_pupils,share_of_national,constant,2021,unweighted,post,23,0.04347826086956521,0.2804206242139142,0.1277900736148466,0.14750540419819078,0.49660919807495346,0.0665122356907335,0.13714222474565263,0.2786711425810525,4.348824467025304,3.24269789146215
primary_pupils,share_of_national,constant,2022,unweighted,post,23,0.043478260869565216,0.2786720999653732,0.1266977988512069,0.14628497840310228,0.4943617342912313,0.06596653722244716,0.1360885280106865,0.27691155285054836,4.2665951324196465,3.238677303139475
primary_pupils,share_of_national,constant,2023,unweighted,post,23,0.043478260869565216,0.2755781268948472,0.1245694360846618,0.1439500855996685,0.48976976008296935,0.0649129349256442,0.13406903059442177,0.273627269434489,4.2020944958597175,3.183671721065707
primary_schools,per_head,as_printed,2005,population,pre,24,0.5003836181740852,0.22692607433117631,0.08110135890934729,0.0877795930771368,0.3997587742142037,0.04139361016533749,0.08403726099465247,0.16947352788384296,3.784296702802393,1.9674352426121853
primary_schools,per_head,as_printed,2006,population,pre,24,0.4978022071705688,0.22914684506651928,0.08251777964405063,0.08903207750910476,0.403915641341302,0.04204282698985273,0.08518377192209592,0.17102430444531602,3.84607056936648,1.9941344456304995
primary_schools,per_head,as_printed,2007,population,pre,24,0.49511711902039207,0.23226419619040964,0.08479426457236304,0.09158284711499878,0.4095706118549052,0.043202751750373025,0.08751428378862969,0.17547723965456963,4.014764233226982,2.048718970828049
primary_schools,per_head,as_printed,2008,population,pre,24,0.4923623805514275,0.2345853098267739,0.08650232882141096,0.09320503318807921,0.4143472192020666,0.04400711784109035,0.08899330546083795,0.17777944320331185,4.135314786640585,2.0774478321005474
primary_schools,per_head,as_printed,2009,population,pre,24,0.4883302332168311,0.23554220407142867,0.08708231702260773,0.09353360828175573,0.4163472515433818,0.04423146655078014,0.089292590399355,0.17776553947929397,4.157051448335495,2.086537617365183
primary_schools,per_head,as_printed,2010,population,pre,24,0.48600976732122875,0.24224067198930951,0.09201716263702195,0.09930737242336364,0.4278226956553039,0.04679343979723871,0.09453564952565197,0.188118890523142,3.986821666518668,2.1741746794871792
primary_schools,per_head,as_printed,2011,population,post,24,0.4833952881010881,0.24547130756652544,0.09427857711728058,0.10156030983349999,0.43369130149970253,0.04787919707140076,0.09657330781420359,0.19145150310991588,3.9671639399711602,2.213850144667265
primary_schools,per_head,as_printed,2012,population,post,24,0.48012978108432436,0.24813889808733905,0.09616651063287335,0.1033966598233812,0.438623255711748,0.04877521798228346,0.09823079308394989,0.19405765641771344,3.970295803552473,2.2270610953808245
primary_schools,per_head,as_printed,2013,population,post,24,0.4792040767236532,0.25290795412429423,0.09979355108185926,0.10721203286448519,0.44747113935372657,0.050557454171482274,0.10166482378544994,0.20003521100072297,4.052978335949764,2.2908165673027012
primary_schools,per_head,as_printed,2014,population,post,24,0.47888430389587616,0.25624806973542874,0.10228384284778086,0.10966644285555012,0.45375778670284594,0.05174294285827796,0.10386700298644191,0.20357137172588957,4.01456917039739,2.338259879387491
primary_schools,per_head,as_printed,2015,population,post,24,0.47424461414405683,0.2577431268587163,0.10348009389722863,0.11095079803107763,0.4565908173923595,0.05233419126540262,0.10501721723919011,0.20565504539709145,4.024303033621061,2.313759980685326
primary_schools,per_head,as_printed,2016,population,post,24,0.46837147929119904,0.2566125099345727,0.10257641946482882,0.10970184345201127,0.4549649156084801,0.05182555823767654,0.10389872606753359,0.20316522643200496,3.966287117660192,2.328575721661146
primary_schools,per_head,as_printed,2017,population,post,24,0.4646635577653398,0.2563852253175001,0.10233537675142201,0.10934675769796602,0.45446162117277855,0.05168802991911714,0.10358047677142657,0.2023602922163471,3.9025675236079223,2.3287741935483868
primary_schools,per_head,as_printed,2018,population,post,24,0.4617895591312209,0.25741672666048243,0.1030519661570631,0.10980712564914981,0.4565987962017815,0.05197748191314289,0.10399306461233992,0.20246870266589045,3.8813867246029368,2.344944774851317
primary_schools,per_head,as_printed,2019,population,post,24,0.4581460932689245,0.25832831804125306,0.10369577720300174,0.11041250849902988,0.4581141174205045,0.05228142972980754,0.10453532768945273,0.20317290307484182,3.8616974760208023,2.3796249366447033
primary_schools,per_head,as_printed,2020,population,post,24,0.4548640125999645,0.25856340821842494,0.10384622922025727,0.11060698384581022,0.4583625157632804,0.052364227053037005,0.10470945655969488,0.2035219228802383,3.8403608894799057,2.391067573263145
primary_schools,per_head,as_printed,2021,population,post,24,0.4527389324767311,0.2574972625159456,0.10290668196075077,0.10944352445415895,0.45628966481610067,0.051869282382944526,0.10366721618406394,0.20126827090795085,3.8243934907847326,2.3942403910299177
primary_schools,per_head,as_printed,2022,population,post,24,0.45093913835003213,0.25689134694242166,0.10238741420360206,0.10885805439269838,0.4550797056787346,0.05160680017692865,0.10314228652372803,0.2002741228947148,3.7549156762874922,2.4022849135559166
primary_schools,per_head,as_printed,2023,population,post,24,0.4486312215481076,0.256040848150396,0.10162517363031114,0.10785403988558924,0.4534104320098835,0.051193610470981255,0.10224137618073825,0.19819400708218793,3.7626637332882042,2.3956832924711406
primary_schools,per_head,as_printed,2005,unweighted,pre,24,0.5003836181740852,0.20760080288614569,0.06907507705522856,0.07665513807227153,0.36347984362875463,0.035765896156227384,0.07379078716947196,0.1542667972890449,2.790535827520609,2.364969081209583
primary_schools,per_head,as_printed,2006,unweighted,pre,24,0.4978022071705688,0.2097414154803511,0.07038190522660212,0.0780536447781888,0.3671413450656505,0.03642176876764591,0.07508519163706517,0.15661500501203662,2.8124753631651953,2.372018129770993
primary_schools,per_head,as_printed,2007,unweighted,pre,24,0.49511711902039207,0.21265428786384058,0.07242950254155633,0.08060510629144499,0.37218901048580244,0.037524807765386026,0.0774420681551834,0.16175159308185838,2.85748987854251,2.3593461265103057
primary_schools,per_head,as_printed,2008,unweighted,pre,24,0.4923623805514275,0.21480116007852948,0.0740165704567835,0.08243769011965776,0.37634302762399474,0.03834764720244932,0.07913118470511271,0.16513521633943784,2.8927713474557764,2.375159128351056
primary_schools,per_head,as_printed,2009,unweighted,pre,24,0.4883302332168311,0.21608167587011162,0.07481916131959084,0.08327286220608082,0.3785670416852716,0.038744552613169225,0.07989994756557817,0.1664645481470265,2.9090318388564005,2.3872321932184897
primary_schools,per_head,as_printed,2010,unweighted,pre,24,0.48600976732122875,0.22109246294826282,0.07829526748723695,0.08757929226296801,0.38713281849888614,0.040601549972707374,0.0838537745366511,0.17512444738946953,2.9335636596289185,2.4631057522362636
primary_schools,per_head,as_printed,2011,unweighted,post,24,0.4833952881010881,0.22422729443930708,0.0803806385746818,0.08995499848800544,0.3924860002053778,0.04167201029448564,0.08602768551814421,0.1793882309772068,2.9832040605916403,2.4854460447930022
primary_schools,per_head,as_printed,2012,unweighted,post,24,0.48012978108432436,0.2267269116088846,0.0820172296948791,0.09175807093230542,0.3967526821759112,0.04249854799451536,0.08767415901167952,0.1824633821203645,3.0038659995187036,2.522904757966985
primary_schools,per_head,as_printed,2013,unweighted,post,24,0.4792040767236532,0.23071101412292927,0.08487752006648257,0.0951250357266038,0.403698702664362,0.04398874929265584,0.09074076252914232,0.18859798834710972,3.1022313215740915,2.6117174959871594
primary_schools,per_head,as_printed,2014,unweighted,post,24,0.47888430389587616,0.23374937028211487,0.08714647567477864,0.09785936180116649,0.4090445360656064,0.04518311149967136,0.09322357781050938,0.1936514181350505,3.1697863243265676,2.642675906990835
primary_schools,per_head,as_printed,2015,unweighted,post,24,0.47424461414405683,0.23482428816789938,0.08805920926213442,0.09903457336992597,0.41108646598532583,0.04567796929257817,0.09428860601283473,0.19600408758489118,3.17189347649172,2.685969189986746
primary_schools,per_head,as_printed,2016,unweighted,post,24,0.46837147929119904,0.2345898659319428,0.08787788809146455,0.09855565881473201,0.41113052683697576,0.04552665683393775,0.09385474376026792,0.19463019672237847,3.166652577376159,2.6730235604984434
primary_schools,per_head,as_printed,2017,unweighted,post,24,0.4646635577653398,0.23402651035500852,0.08760163064997827,0.09840199925676145,0.41009243968912296,0.04542335494636973,0.0937154951825735,0.19454971927874176,3.1609654212114173,2.697421125296153
primary_schools,per_head,as_printed,2018,unweighted,post,24,0.4617895591312209,0.23540074834991953,0.08844608467776016,0.09917727216987379,0.41237126939477325,0.045819065327258324,0.09441784072081749,0.1954016686190414,3.1769591104857664,2.719876954031884
primary_schools,per_head,as_printed,2019,unweighted,post,24,0.4581460932689245,0.23607251578354238,0.0889476999814496,0.09979249344501578,0.4133956708452137,0.04608906191819606,0.09497480278657167,0.19641662626177292,3.20859167404783,2.73964885136726
primary_schools,per_head,as_printed,2020,unweighted,post,24,0.4548640125999645,0.23634638997096477,0.08913381916448845,0.10009609342333436,0.4136297704239616,0.04620553661115123,0.09524952671162434,0.19707500526525135,3.2224673078331616,2.7475269955738706
primary_schools,per_head,as_printed,2021,unweighted,post,24,0.4527389324767311,0.23539148305414462,0.08834761490367925,0.09911735219550889,0.41167662834418217,0.04579128443894287,0.09436357663531314,0.19502650495230245,3.235066680188632,2.733407607830654
primary_schools,per_head,as_printed,2022,unweighted,post,24,0.45093913835003213,0.23502509651571493,0.08804792172524654,0.09879782290258132,0.4108620347663608,0.045643875791344546,0.09407415303210886,0.19448413802333753,3.247634109311741,2.720766202479582
primary_schools,per_head,as_printed,2023,unweighted,post,24,0.4486312215481076,0.23391614507880465,0.08717252610287865,0.0977685489942976,0.4084919653276099,0.04519718609438883,0.09314122715921735,0.19237683107339731,3.2644388813027865,2.719355515168461
primary_schools,per_head,constant,2005,population,pre,23,0.5115961357640769,0.22665935937641415,0.08051076485706629,0.08664764790843583,0.3989834149700128,0.04099354842317948,0.0829998543645829,0.16645499522548057,3.2079699071353005,1.9674352426121853
primary_schools,per_head,constant,2006,population,pre,23,0.5090504357269022,0.22887729527268083,0.08192946849541649,0.08789546035665914,0.40315735950097603,0.041642849955736416,0.0841433849570985,0.16798037715357605,3.2651673907487866,1.9941344456304995
primary_schools,per_head,constant,2007,population,pre,23,0.5064937209590538,0.23197388249069398,0.08412597854335546,0.09026607582418211,0.4087370383919887,0.042744222961004,0.08631195737351449,0.17191457543050115,3.3700497946159977,2.048718970828049
primary_schools,per_head,constant,2008,population,pre,23,0.5037978316630625,0.23428140594978103,0.08578560689524246,0.09177498445959807,0.4134741683681393,0.04351248819991105,0.08768958952919836,0.17388002960674454,3.4513519560764876,2.0774478321005474
primary_schools,per_head,constant,2009,population,pre,23,0.49974650115428865,0.2351733470745997,0.08633702730166516,0.09203448364725612,0.4154508001811,0.04371511075438761,0.08792630262485135,0.17364231952683518,3.512146097125782,2.086537617365183
primary_schools,per_head,constant,2010,population,pre,23,0.49744040978065135,0.2416611657142436,0.0910219193310289,0.09726904918663179,0.4266758075323866,0.04609874749410825,0.09268813822710675,0.1825315209896038,3.3891083132891398,2.1741746794871792
primary_schools,per_head,constant,2011,population,post,23,0.49486417878233957,0.2447373146993652,0.09320176294916795,0.09932690285253654,0.43248165166609576,0.04712329168038376,0.09455333346032946,0.1852936569834852,3.44488883149363,2.213850144667265
primary_schools,per_head,constant,2012,population,post,23,0.49157199201298163,0.24733774896392322,0.0950558203027773,0.10107990508636204,0.4373962443956466,0.04799370681965798,0.09613919307554475,0.18767161798830645,3.482662231972259,2.2270610953808245
primary_schools,per_head,constant,2013,population,post,23,0.4907516592051664,0.25197770095788813,0.09860547460415052,0.10469403156718612,0.44620403101746997,0.049715650404538736,0.09939996438353915,0.19307698562636766,3.61112967032967,2.2908165673027012
primary_schools,per_head,constant,2014,population,post,23,0.4905748832736193,0.25510065662115505,0.10100947359646464,0.10691744738565523,0.45243984958647765,0.05083263200257182,0.10140014830455246,0.19589466374670694,3.704611339580664,2.338259879387491
primary_schools,per_head,constant,2015,population,post,23,0.4859193203549996,0.2565130407713706,0.10216105213463526,0.1080691782559659,0.4552516389630106,0.0513863193245675,0.1024344977333852,0.19754014607672354,3.7856475057690453,2.313759980685326
primary_schools,per_head,constant,2016,population,post,23,0.4799018433372287,0.25533401914348414,0.10131187880326341,0.1069452893074723,0.4536744859367047,0.050917538916683935,0.10142516670308632,0.1953786847713309,3.787845695370667,2.328575721661146
primary_schools,per_head,constant,2017,population,post,23,0.4761713265522794,0.2550298467646977,0.10108910498694881,0.10661205675068132,0.45319705608920996,0.05079009063525253,0.1011256824177329,0.19457013266339251,3.8217881076290117,2.3287741935483868
primary_schools,per_head,constant,2018,population,post,23,0.47321456498942427,0.25603520719950995,0.10182176448385952,0.10711919573451993,0.45535143324309935,0.05109312032495883,0.10158142105456813,0.19485019103632695,3.8131648936170217,2.344944774851317
primary_schools,per_head,constant,2019,population,post,23,0.4695281474177195,0.25690473477581977,0.10249280758782528,0.1077749347264949,0.45690299424589625,0.05141525546278902,0.10217035603297941,0.19568753172979902,3.8376792683745014,2.3796249366447033
primary_schools,per_head,constant,2020,population,post,23,0.4661976731937912,0.2571162092927795,0.1026331606172573,0.10793638621158864,0.4571467555598709,0.05148904136034671,0.10231530026131386,0.195916714078605,3.8403608894799057,2.391067573263145
primary_schools,per_head,constant,2021,population,post,23,0.46398448942152265,0.25609143704738985,0.10178367392371337,0.10699161084436384,0.4551506611049727,0.05106214550020882,0.10146678910636198,0.19431569461904763,3.818600789576238,2.3942403910299177
primary_schools,per_head,constant,2022,population,post,23,0.46215197072889563,0.25551213351270546,0.10125824879758252,0.10638786944042575,0.4539335874147063,0.05079433499181418,0.1009241436118391,0.19323754614427247,3.7549156762874922,2.4022849135559166
primary_schools,per_head,constant,2023,population,post,23,0.45974073426322554,0.2546833582379644,0.10057781308594703,0.10558391728300197,0.45233440119908247,0.05044326348464356,0.10020103900560162,0.19176327895294054,3.7626637332882042,2.3956832924711406
primary_schools,per_head,constant,2005,unweighted,pre,23,0.5115961357640769,0.19745119290144544,0.06269098368632056,0.06940103777852215,0.3461568291664359,0.03246089069965008,0.06704754413617253,0.1410874908308326,2.6897891566265066,2.2139257814972844
primary_schools,per_head,constant,2006,unweighted,pre,23,0.5090504357269022,0.19952506881435203,0.0638849485228746,0.07066440323947462,0.34967154410052087,0.03305876210804659,0.06822545981995454,0.14321521470799958,2.7074289755766006,2.245274520389715
primary_schools,per_head,constant,2007,unweighted,pre,23,0.5064937209590538,0.20216622009566115,0.06559885558220918,0.07272300316302208,0.35419432637792586,0.03396899943736509,0.07014163781848859,0.1472695018747786,2.787692307692308,2.260484072014654
primary_schools,per_head,constant,2008,unweighted,pre,23,0.5037978316630625,0.20416450510287484,0.06697695294880157,0.07424664823417473,0.35805890074795277,0.034671974704579056,0.07155733314641477,0.14996891269274826,2.8422959889349935,2.276546353152613
primary_schools,per_head,constant,2009,unweighted,pre,23,0.49974650115428865,0.20534321082162457,0.06764752965647353,0.07487844848120151,0.3600912758626024,0.034991468251294955,0.07214373818775144,0.15079570864539749,2.8511568964107594,2.2938176442637666
primary_schools,per_head,constant,2010,unweighted,pre,23,0.49744040978065135,0.2103562283255352,0.07087044657543162,0.07869478428684916,0.3685785046639233,0.03668476898296524,0.07567800100579136,0.15818823999519183,2.9335636596289185,2.3119571996423285
primary_schools,per_head,constant,2011,unweighted,post,23,0.49486417878233957,0.21339090452949533,0.0727630435832287,0.08075755148890354,0.37375271222101647,0.03764155128914837,0.07758269696190512,0.1617130737612914,2.9832040605916403,2.339670476517533
primary_schools,per_head,constant,2012,unweighted,post,23,0.49157199201298163,0.2159034404917235,0.07432572200898901,0.08245740077898184,0.37801346994053714,0.038429547415571697,0.07914933545773084,0.16461837401185908,3.0038659995187036,2.368464551740511
primary_schools,per_head,constant,2013,unweighted,post,23,0.4907516592051664,0.21977317901017285,0.0769575764714154,0.0854743895354601,0.38475171865918545,0.03979023887118527,0.08192334487729891,0.17003453086830467,3.1022313215740915,2.445134746543779
primary_schools,per_head,constant,2014,unweighted,post,23,0.4905748832736193,0.22257569038244698,0.07893648237705982,0.08774173510693284,0.3897312319097833,0.0408136348005409,0.08400258384817194,0.1739942006557328,3.1697863243265676,2.478999528079282
primary_schools,per_head,constant,2015,unweighted,post,23,0.4859193203549996,0.22347420285922306,0.0796566303338556,0.08860421721399273,0.3914807974320183,0.04119332478635385,0.08479227463367711,0.17559069176853592,3.17189347649172,2.5016393066600147
primary_schools,per_head,constant,2016,unweighted,post,23,0.4799018433372287,0.2232381350367996,0.07952811665334986,0.08825158792781324,0.3915824546672202,0.04108136896189429,0.08446948867822945,0.17458180812878799,3.166652577376159,2.515432954637566
primary_schools,per_head,constant,2017,unweighted,post,23,0.4761713265522794,0.22248901161669193,0.07913784761575755,0.08794233020623358,0.39026465532603055,0.040913468275948106,0.08418631001292398,0.17416036927672995,3.1609654212114173,2.5371714551451503
primary_schools,per_head,constant,2018,unweighted,post,23,0.47321456498942427,0.22397873179968508,0.08004628797852724,0.08885512061440738,0.3927129917637943,0.04135643257480004,0.08502187455915189,0.17545889540922222,3.1769591104857664,2.558101394994169
primary_schools,per_head,constant,2019,unweighted,post,23,0.4695281474177195,0.22457769693678087,0.08049278231510346,0.08942612127384135,0.39362995714733234,0.04160235205561613,0.08554417853999641,0.1764947933578278,3.20859167404783,2.575858006622867
primary_schools,per_head,constant,2020,unweighted,post,23,0.4661976731937912,0.2247816323345277,0.08061141731417387,0.08962502734589323,0.3937421510255709,0.0416790790074304,0.08572605126711341,0.17691139316638904,3.2224673078331616,2.582562035562633
primary_schools,per_head,constant,2021,unweighted,post,23,0.46398448942152265,0.22388695314157367,0.07995388555730716,0.0889094374256186,0.39191034983052797,0.041351388461528304,0.08507157190354087,0.17562034628133083,3.235066680188632,2.566930209058758
primary_schools,per_head,constant,2022,unweighted,post,23,0.46215197072889563,0.22348132193639722,0.07962127654670126,0.08852879349991735,0.39101013329945417,0.04118190032969371,0.08472324366462614,0.17487874362889677,3.247634109311741,2.5551381516265144
primary_schools,per_head,constant,2023,unweighted,post,23,0.45974073426322554,0.22244784145703456,0.07888929986721208,0.08777725271063647,0.38878217327387116,0.04082904284270983,0.08403511730363389,0.17354203795187673,3.2644388813027865,2.567768325939192
primary_schools,share_of_national,as_printed,2005,population,pre,24,0.041666666666666664,0.21308716423960636,0.07316238957275742,0.07965999635220622,0.38007535250005225,0.03742867118304738,0.07656973732493766,0.15996538527251314,3.2736842105263158,2.0
primary_schools,share_of_national,as_printed,2006,population,pre,24,0.041666666666666664,0.2131266689016216,0.0732114249398767,0.07971610037374294,0.3801609104287136,0.03745503812232587,0.0766215440229856,0.16004035059988464,3.28421052631579,1.9933774834437084
primary_schools,share_of_national,as_printed,2007,population,pre,24,0.041666666666666664,0.21392304220791367,0.07379136485383772,0.08042274248030354,0.38156397506992173,0.037764310238195486,0.07727381163324953,0.16140992095837414,3.2842105263157895,1.9933774834437084
primary_schools,share_of_national,as_printed,2008,population,pre,24,0.041666666666666664,0.21442489673225273,0.07408567595694165,0.0806716377859822,0.3823960937615698,0.03790056391386465,0.07750344527140762,0.16151872873051176,3.3263157894736843,1.9933774834437086
primary_schools,share_of_national,as_printed,2009,population,pre,24,0.041666666666666664,0.21414732444960996,0.07397896555506767,0.0806297103852572,0.38197808625053614,0.03786282977623645,0.07746476657784718,0.16160134666925852,3.3263157894736843,1.9933774834437086
primary_schools,share_of_national,as_printed,2010,population,pre,24,0.041666666666666664,0.21470317711728518,0.07433352382993909,0.0810433505495666,0.38286136283286204,0.03804842558751664,0.07784628529221005,0.1623338417154916,3.3263157894736843,1.9933774834437088
primary_schools,share_of_national,as_printed,2011,population,post,24,0.041666666666666664,0.21501966988935012,0.07456720975714137,0.08134520506382988,0.38338445547074274,0.03817706530505072,0.07812459954651851,0.16293407694775985,3.3368421052631576,1.9933774834437081
primary_schools,share_of_national,as_printed,2012,population,post,24,0.041666666666666664,0.21542247037385537,0.07482141975275411,0.08147578824957089,0.38435442597461217,0.03827299544501528,0.07824497311361289,0.1628636140741322,3.3368421052631576,1.9933774834437081
primary_schools,share_of_national,as_printed,2013,population,post,24,0.041666666666666664,0.21823803199194913,0.07670366237002321,0.08326212183216414,0.38992691278343883,0.03916130494865866,0.07989006529390552,0.16550426917504513,3.4,2.033112582781457
primary_schools,share_of_national,as_printed,2014,population,post,24,0.041666666666666664,0.218656658060109,0.077074750787678,0.08355174373936598,0.3911351115838375,0.0393239770835887,0.0801565107019534,0.16567762095819027,3.4210526315789473,2.032894736842105
primary_schools,share_of_national,as_printed,2015,population,post,24,0.041666666666666664,0.21917039273857708,0.0775168142055718,0.08402218443126987,0.39236438936368906,0.039543101131181424,0.0805891407381365,0.1664935169306373,3.4315789473684206,2.0326797385620914
primary_schools,share_of_national,as_printed,2016,population,post,24,0.041666666666666664,0.2189284962381254,0.07737275135609895,0.0837247434657847,0.3922382122845655,0.03944033804053393,0.08031562960978988,0.16567596319457079,3.389473684210526,2.026143790849673
primary_schools,share_of_national,as_printed,2017,population,post,24,0.041666666666666664,0.21903310095758882,0.07744842578896911,0.08364731917069014,0.39268856310351563,0.03944582580753642,0.08024442093909734,0.16508743475893872,3.3894736842105258,2.0
primary_schools,share_of_national,as_printed,2018,population,post,24,0.041666666666666664,0.21912295668537354,0.07739461905273837,0.0832834990925959,0.39314848082497544,0.039350916552008286,0.07990973451336769,0.16388292963445872,3.3541666666666665,1.9871794871794872
primary_schools,share_of_national,as_printed,2019,population,post,24,0.041666666666666664,0.21969677435582657,0.07775683124012692,0.08353877365786466,0.39434898500236265,0.039503000930158017,0.08014458017955917,0.16404059589671927,3.3541666666666665,1.9871794871794872
primary_schools,share_of_national,as_printed,2020,population,post,24,0.041666666666666664,0.22022510165913517,0.07813830274966166,0.0838937806761256,0.3954760115295649,0.03968133229199722,0.08047107735155812,0.16454804414770707,3.3541666666666665,1.9871794871794874
primary_schools,share_of_national,as_printed,2021,population,post,24,0.041666666666666664,0.21986271394960144,0.07783172015314004,0.08334636351845452,0.39508241217350515,0.039479862106594266,0.07996757364161422,0.16318740634311701,3.354166666666666,1.9871794871794872
primary_schools,share_of_national,as_printed,2022,population,post,24,0.041666666666666664,0.22014041891504663,0.0779671211279353,0.08350889283380936,0.3954277174375865,0.039551016591912735,0.080117093730946,0.16350446915222772,3.3541666666666665,1.9743589743589745
primary_schools,share_of_national,as_printed,2023,population,post,24,0.041666666666666664,0.21972885020644306,0.07757416391008376,0.08293011500102185,0.39461209891370985,0.039321678513739466,0.07958453179338265,0.16216140075705077,3.329896907216495,1.9807692307692308
primary_schools,share_of_national,as_printed,2000,unweighted,pre,24,0.041666666666666664,0.24134938409854423,0.09408677688653805,0.10633274637473224,0.4276713472325342,0.048747957631652405,0.10087458242837444,0.21314138106380642,3.7777777777777777,2.490740740740741
primary_schools,share_of_national,as_printed,2001,unweighted,pre,24,0.041666666666666664,0.24147304140601727,0.09412962017335377,0.10575521732046854,0.4288427021623936,0.048636718171983784,0.1003551614003696,0.2108750748560413,3.698795180722892,2.481481481481482
primary_schools,share_of_national,as_printed,2002,unweighted,pre,24,0.041666666666666664,0.24128770991231982,0.09407488274609059,0.10552732682109942,0.42914446559949015,0.04856796423368792,0.10015011752595815,0.21036660969051413,3.6235294117647063,2.4814814814814814
primary_schools,share_of_national,as_printed,2003,unweighted,pre,24,0.041666666666666664,0.24096463858554343,0.09382583295417608,0.10529474639072597,0.4284275787526105,0.04845254908809127,0.0999408057130482,0.21006345725416586,3.635294117647059,2.458715596330275
primary_schools,share_of_national,as_printed,2004,unweighted,pre,24,0.041666666666666664,0.24091381100726894,0.093796817797773,0.10523384680823289,0.42843969931215037,0.04843032382863777,0.09988599081481198,0.20996756492664437,3.5930232558139537,2.4495412844036695
primary_schools,share_of_national,as_printed,2005,unweighted,pre,24,0.041666666666666664,0.2408726625111309,0.0938684606741684,0.10533692490478898,0.4285677848064926,0.048472079874975926,0.09997876807182893,0.21014897888151274,3.5930232558139537,2.4722222222222223
primary_schools,share_of_national,as_printed,2006,unweighted,pre,24,0.041666666666666664,0.24095248667850797,0.09397957180281877,0.10552721490521993,0.42869730492691305,0.0485429740658202,0.10015001681846147,0.21058710799004188,3.574712643678161,2.4722222222222223
primary_schools,share_of_national,as_printed,2007,unweighted,pre,24,0.041666666666666664,0.2412266104578064,0.094226145844826,0.10588222057575347,0.4291375190999287,0.0486855087662017,0.10046941196822134,0.2112875187461718,3.627906976744186,2.4814814814814814
primary_schools,share_of_national,as_printed,2008,unweighted,pre,24,0.041666666666666664,0.2413306004874806,0.09415876679548553,0.10549651793725381,0.4293210724186906,0.04859225714109694,0.10012239372838294,0.2097324249148662,3.6162790697674416,2.490740740740741
primary_schools,share_of_national,as_printed,2009,unweighted,pre,24,0.041666666666666664,0.24107999409637668,0.09404653166929565,0.10545028851281776,0.42891483737249836,0.04855269362571635,0.10008079194297637,0.2097995952822198,3.6162790697674416,2.490740740740741
primary_schools,share_of_national,as_printed,2010,unweighted,pre,24,0.041666666666666664,0.24120185922974766,0.09408645220222883,0.10551588896396508,0.42895223371858626,0.04857813671009015,0.10013982511269826,0.20992556305195598,3.6162790697674416,2.490740740740741
primary_schools,share_of_national,as_printed,2011,unweighted,post,24,0.041666666666666664,0.2413313435035743,0.09419305612088777,0.1056769080968478,0.42913118048232257,0.04864124429648897,0.10028470815299095,0.210265046862937,3.6279069767441867,2.490740740740741
primary_schools,share_of_national,as_printed,2012,unweighted,post,24,0.041666666666666664,0.24140504090205617,0.09425220894023546,0.105644913390113,0.4294727705169132,0.04864894422274957,0.10025592156557672,0.210066583248686,3.586206896551724,2.490740740740741
primary_schools,share_of_national,as_printed,2013,unweighted,post,24,0.041666666666666664,0.2433795481220657,0.09574483443620634,0.10696702186107057,0.4337788442822858,0.04932357656303887,0.10144469481661389,0.2117829221850166,3.5862068965517246,2.4907407407407405
primary_schools,share_of_national,as_printed,2014,unweighted,post,24,0.041666666666666664,0.24294450529390282,0.09541408857403204,0.10621267652476683,0.4335728839721777,0.049077388356430496,0.10076661809288545,0.2096274568570996,3.597701149425288,2.467889908256881
primary_schools,share_of_national,as_printed,2015,unweighted,post,24,0.041666666666666664,0.24336065573770493,0.09580045884475064,0.1066214499451206,0.4345341447570926,0.049267784089472966,0.1011341256793199,0.21025804224926425,3.586206896551724,2.490740740740741
primary_schools,share_of_national,as_printed,2016,unweighted,post,24,0.041666666666666664,0.24290353181552826,0.09556332749200588,0.1062843009279688,0.4341385676555039,0.04913109333903376,0.10083102284070056,0.2096028898111043,3.5056179775280896,2.5420560747663554
primary_schools,share_of_national,as_printed,2017,unweighted,post,24,0.041666666666666664,0.24262456293706297,0.09529654975588045,0.10558264227128755,0.4340640120768744,0.04891471431342764,0.10019989175065414,0.20744283462855684,3.4666666666666663,2.560747663551402
primary_schools,share_of_national,as_printed,2018,unweighted,post,24,0.041666666666666664,0.2422448905374936,0.09494959309809398,0.10501529776372602,0.4336693714921134,0.048695760491698104,0.09968925026021025,0.20634487038245308,3.391304347826087,2.560747663551402
primary_schools,share_of_national,as_printed,2019,unweighted,post,24,0.041666666666666664,0.2425903702087424,0.09523813758281652,0.10519931758233037,0.43462213374179853,0.048810530220769754,0.09985491003825608,0.20643683329645046,3.3655913978494625,2.560747663551402
primary_schools,share_of_national,as_printed,2020,unweighted,post,24,0.041666666666666664,0.24277971773606863,0.0954320766911171,0.10532455613766892,0.43528839237662836,0.048887264422931564,0.09996763584996204,0.20651941940141982,3.3655913978494625,2.570093457943925
primary_schools,share_of_national,as_printed,2021,unweighted,post,24,0.041666666666666664,0.2423465677719604,0.09510517645414034,0.10475307621891118,0.434935912427346,0.048674427069140824,0.09945313842914827,0.20530668585723122,3.294736842105263,2.5700934579439254
primary_schools,share_of_national,as_printed,2022,unweighted,post,24,0.041666666666666664,0.24253582078696628,0.0951971845844132,0.10481510804945436,0.43524739908850474,0.048711578332846894,0.09950899926686851,0.20534699053437344,3.294736842105263,2.579439252336449
primary_schools,share_of_national,as_printed,2023,unweighted,post,24,0.041666666666666664,0.2424714150462458,0.09506039623214535,0.10446056122337494,0.4352734808103081,0.048597495519382305,0.09918967643654286,0.20445045742104184,3.239583333333333,2.588785046728972
primary_schools,share_of_national,constant,2005,population,pre,23,0.043478260869565216,0.18285822475643262,0.05527649720774743,0.05833356516022234,0.3343158867436172,0.02792293044455163,0.056664768817005884,0.11936768884005533,2.0733333333333333,1.7857142857142856
primary_schools,share_of_national,constant,2006,population,pre,23,0.043478260869565216,0.1826131809709333,0.055194871586978556,0.058298220538548176,0.3339502929063485,0.02789311847131204,0.05663142640091223,0.11943866306168693,2.066225165562914,1.7916666666666667
primary_schools,share_of_national,constant,2007,population,pre,23,0.043478260869565216,0.1829249675522461,0.05538698783909125,0.05845704455233737,0.334626381270655,0.02797973054288372,0.056781244086618,0.11962537738754975,2.08,1.8023952095808384
primary_schools,share_of_national,constant,2008,population,pre,23,0.04347826086956523,0.18302423437627402,0.05543439171155819,0.05840324669993745,0.33490348108563395,0.027983822829398486,0.0567304995782455,0.1190966325872963,2.106666666666667,1.8023952095808382
primary_schools,share_of_national,constant,2009,population,pre,23,0.043478260869565216,0.18241291724097053,0.05516980118044279,0.058146509799049534,0.3340571061235464,0.027855796422432633,0.056488296400088345,0.11870694797840908,2.0927152317880795,1.813253012048193
primary_schools,share_of_national,constant,2010,population,pre,23,0.04347826086956521,0.18222349684715394,0.055103241835123246,0.05807949816849099,0.3338696418689748,0.027822713258125797,0.05642506802388436,0.11860245200108144,2.106666666666667,1.8132530120481931
primary_schools,share_of_national,constant,2011,population,post,23,0.043478260869565216,0.1821287213722993,0.05506564468364494,0.05804769552865715,0.33374558851651914,0.027805344221215944,0.05639505937299205,0.11857567142901926,2.1133333333333333,1.8132530120481927
primary_schools,share_of_national,constant,2012,population,post,23,0.043478260869565216,0.18217499778532162,0.05519344287710629,0.05814560124149358,0.3342790545358501,0.027859800017931202,0.05648743916501098,0.11871273392484327,2.0993377483443707,1.824242424242424
primary_schools,share_of_national,constant,2013,population,post,23,0.043478260869565216,0.18465147136057475,0.05668718320766822,0.059471292779926445,0.3395009676150062,0.02854934962431588,0.057737417057691975,0.12063966862621045,2.1390728476821192,1.8606060606060606
primary_schools,share_of_national,constant,2014,population,post,23,0.04347826086956521,0.1845881292133545,0.05667987389851099,0.05924343934465613,0.33995450427262286,0.02849822468710994,0.05752269482957195,0.11960348195593862,2.152317880794702,1.8727272727272726
primary_schools,share_of_national,constant,2015,population,post,23,0.04347826086956521,0.18470186921797932,0.05684123368240168,0.05935502611146386,0.34063372657303176,0.028564492253161045,0.05762785695738515,0.1197228146913234,2.130718954248366,1.8848484848484846
primary_schools,share_of_national,constant,2016,population,post,23,0.043478260869565216,0.18417510490466765,0.05674759221886471,0.059340802059728415,0.34023108914177574,0.028534883625352725,0.05761445251193609,0.1199392293044037,2.104575163398693,1.8902439024390245
primary_schools,share_of_national,constant,2017,population,post,23,0.04347826086956521,0.18403007125504856,0.05669121609192876,0.05917374123585539,0.34025732235365597,0.028484853206615535,0.05745700365456574,0.11924993755114055,2.0774193548387094,1.8902439024390245
primary_schools,share_of_national,constant,2018,population,post,23,0.04347826086956521,0.18399192579823273,0.056727243129779135,0.05918585902736216,0.34049930970468967,0.028495339344624004,0.05746842512488037,0.11927764797930385,2.0641025641025643,1.9135802469135803
primary_schools,share_of_national,constant,2019,population,post,23,0.04347826086956521,0.18448861191632196,0.05702589236394085,0.059485208824277894,0.3414636818923656,0.02864069628613275,0.057750529534349115,0.11980222100604332,2.0641025641025643,1.9135802469135803
primary_schools,share_of_national,constant,2020,population,post,23,0.04347826086956521,0.1848711773197519,0.057297077607504285,0.05972347375907288,0.3424158438577951,0.02876506376064558,0.05797500779928011,0.12014792249391681,2.0641025641025643,1.9135802469135805
primary_schools,share_of_national,constant,2021,population,post,23,0.04347826086956521,0.18490752157759574,0.05722995263605536,0.05963693385072064,0.34226187500808625,0.02872783359094322,0.05789348151520057,0.11995755799422503,2.064102564102564,1.9375000000000002
primary_schools,share_of_national,constant,2022,population,post,23,0.04347826086956521,0.1850434401413647,0.05729885539276091,0.05971397687627217,0.34248972189400906,0.028762701923851663,0.0579660614558517,0.1201229947831075,2.0641025641025643,1.9371069182389937
primary_schools,share_of_national,constant,2023,population,post,23,0.04347826086956521,0.18502852280400775,0.05716787721920038,0.059637225037541194,0.34189469498375874,0.028712413041596108,0.057893755844162786,0.12006921638027479,2.0705128205128207,1.9556962025316456
primary_schools,share_of_national,constant,1998,unweighted,pre,23,0.04347826086956521,0.21704864748440905,0.07845537542369688,0.09041569545388689,0.3877842421226311,0.04107953740472503,0.08644865281370206,0.19248026610564772,2.8148148148148144,1.9219858156028367
primary_schools,share_of_national,constant,1999,unweighted,pre,23,0.043478260869565216,0.21791819530091328,0.07914916764143048,0.09107069056028999,0.38988157361286147,0.04140431513709253,0.08704682855307999,0.19343995150177762,2.8598130841121496,1.9014084507042253
primary_schools,share_of_national,constant,2000,unweighted,pre,23,0.043478260869565216,0.21693363844393587,0.07872458618469506,0.09055341012600254,0.3890633392992522,0.041172733531883665,0.08657445357543658,0.19269997128658034,2.8333333333333335,1.8680555555555556
primary_schools,share_of_national,constant,2001,unweighted,pre,23,0.043478260869565216,0.21731359521311724,0.07904440182310613,0.09041300249324942,0.39074396393872934,0.04123274247615871,0.08644619265257047,0.19116244049531728,2.8425925925925926,1.8356164383561644
primary_schools,share_of_national,constant,2002,unweighted,pre,23,0.043478260869565216,0.21733315241621276,0.07926573013213396,0.09062762555683186,0.3915132761841144,0.04133421824472816,0.08664224133041476,0.1915976708006183,2.851851851851852,1.8231292517006803
primary_schools,share_of_national,constant,2003,unweighted,pre,23,0.043478260869565216,0.2169552620614141,0.07901049570420332,0.09037524202531913,0.39074960381038726,0.04121210265772657,0.08641169578202124,0.191230997874682,2.834862385321101,1.8108108108108105
primary_schools,share_of_national,constant,2004,unweighted,pre,23,0.04347826086956523,0.2170043149319866,0.07910453548384158,0.09051156474873,0.3909656687636839,0.041265639270864796,0.08653623013910516,0.19156617650119212,2.834862385321101,1.804054054054054
primary_schools,share_of_national,constant,2005,unweighted,pre,23,0.043478260869565216,0.21694606837275926,0.07918858589901893,0.09063847827935151,0.3911213683075808,0.04131600119775658,0.08665215369494261,0.1918140792126679,2.8611111111111107,1.7919463087248322
primary_schools,share_of_national,constant,2006,unweighted,pre,23,0.043478260869565216,0.2171210132056529,0.07938996316177076,0.09098414230714494,0.39140597457492815,0.04144476355627791,0.0869678106315066,0.19264103448519987,2.8796296296296293,1.78
primary_schools,share_of_national,constant,2007,unweighted,pre,23,0.043478260869565216,0.21720801458600633,0.07945348294128639,0.09106253868243105,0.39156156499167266,0.041478360327692476,0.08703938624000063,0.19280466720015055,2.888888888888889,1.7866666666666668
primary_schools,share_of_national,constant,2008,unweighted,pre,23,0.04347826086956523,0.2172853303018333,0.07934916134616919,0.09060222387980722,0.39169159334566594,0.041360228872807325,0.0866190402169491,0.19090726493780763,2.8796296296296293,1.7933333333333334
primary_schools,share_of_national,constant,2009,unweighted,pre,23,0.043478260869565216,0.21695815806951516,0.0792123523798469,0.0905154655313695,0.3912231072255987,0.0413046762466307,0.08653979335577022,0.19090162112534492,2.8796296296296298,1.781456953642384
primary_schools,share_of_national,constant,2010,unweighted,pre,23,0.04347826086956521,0.21708335739168935,0.07924613625161842,0.09057429376850806,0.39125197896883834,0.04132702228748497,0.08659352902882056,0.19102484488478355,2.8796296296296298,1.7933333333333334
primary_schools,share_of_national,constant,2011,unweighted,post,23,0.043478260869565216,0.21718943756068015,0.0793220975675043,0.09069422362673837,0.3913880179580204,0.04137303612681964,0.08670306716881282,0.19130959125785962,2.8888888888888893,1.7933333333333334
primary_schools,share_of_national,constant,2012,unweighted,post,23,0.043478260869565216,0.21743936786857507,0.07954510524949054,0.09092393204536776,0.39201946890561856,0.04148199680094733,0.08691283506934322,0.19166049998045465,2.8888888888888893,1.781456953642384
primary_schools,share_of_national,constant,2013,unweighted,post,23,0.043478260869565216,0.2194771892222902,0.08090901095556542,0.09210212388796907,0.396320864024916,0.04209533787580477,0.08798799342287578,0.19319012903435662,2.8888888888888893,1.781456953642384
primary_schools,share_of_national,constant,2014,unweighted,post,23,0.04347826086956521,0.2189437592266298,0.08045072958195608,0.09111450994451809,0.3958914153557685,0.04176503836359291,0.08708683272239692,0.1903004754654407,2.8715596330275233,1.781456953642384
primary_schools,share_of_national,constant,2015,unweighted,post,23,0.04347826086956521,0.21935851746258017,0.08077678016868164,0.09144591765790691,0.3967997634273043,0.04192338945345264,0.08738932906010832,0.1908165077731746,2.8888888888888893,1.7697368421052633
primary_schools,share_of_national,constant,2016,unweighted,post,23,0.043478260869565216,0.21918068986522496,0.08090240786126614,0.09167369289736328,0.3969827531079442,0.04200640123461563,0.0875971755021776,0.19133383491408895,2.9158878504672896,1.7894736842105263
primary_schools,share_of_national,constant,2017,unweighted,post,23,0.04347826086956521,0.21906354515050172,0.08074494508527394,0.09111559044713048,0.39708544905325044,0.04185168033854658,0.08708781912692598,0.18925181016724946,2.9158878504672896,1.8026315789473684
primary_schools,share_of_national,constant,2018,unweighted,post,23,0.04347826086956521,0.21916534641254537,0.08081439795545042,0.09116860128206433,0.3973775877462842,0.04187954986404485,0.08713621208116906,0.18937004396745571,2.9158878504672896,1.7908496732026142
primary_schools,share_of_national,constant,2019,unweighted,post,23,0.04347826086956521,0.21977250519405364,0.08125827585922224,0.09160000734819565,0.3986376795820405,0.04209108177167864,0.08752994212195775,0.1899792178973193,2.925233644859813,1.7908496732026142
primary_schools,share_of_national,constant,2020,unweighted,post,23,0.04347826086956521,0.21997229233484525,0.08145845236444428,0.09174017894923095,0.3993444267811254,0.04217348842445112,0.08765783554714468,0.19009259827320713,2.925233644859813,1.7973856209150325
primary_schools,share_of_national,constant,2021,unweighted,post,23,0.04347826086956521,0.22004704454055693,0.08142612348253972,0.09159231251570822,0.39948123830124643,0.04213226581371665,0.08752292079069901,0.1896511599958972,2.925233644859813,1.7973856209150327
primary_schools,share_of_national,constant,2022,unweighted,post,23,0.04347826086956521,0.22026582170402903,0.08152443328452268,0.09166652720346857,0.39981712062512276,0.042174110989389946,0.08759063747940332,0.18971628692253173,2.925233644859813,1.8039215686274508
primary_schools,share_of_national,constant,2023,unweighted,post,23,0.04347826086956521,0.22078255169989833,0.08172840146877892,0.09180645094582392,0.4004366193595283,0.04226013696280573,0.08771829628051053,0.18974414505258252,2.9065420560747666,1.8104575163398693
primary_teachers,per_head,as_printed,2005,population,pre,24,6.055828201651759,0.09414257581816461,0.013969789599156509,0.01444004265865706,0.16523725796138353,0.007079783100422232,0.014336285263460868,0.029283765727351474,1.633903354494162,1.4012353851379078
primary_teachers,per_head,as_printed,2006,population,pre,24,5.947143590197167,0.09631041737226269,0.014473501059376682,0.014875090949439874,0.16866140588000658,0.007313754608815004,0.01476500331455477,0.029967052156364637,1.646499462124821,1.4108662999141692
primary_teachers,per_head,as_printed,2007,population,pre,24,6.012132382631601,0.10228431990609556,0.016167703951028952,0.016527505892040675,0.17880403639184464,0.008145564877555578,0.016391676005787503,0.03303685884671892,1.7307343891404734,1.4722494631622582
primary_teachers,per_head,as_printed,2008,population,pre,24,5.999001115679239,0.10301124250229735,0.01634023592646531,0.016675976942649773,0.1798906801844338,0.008225636251155133,0.016537702526415177,0.033263449852219296,1.7322531984393432,1.4763949266763645
primary_teachers,per_head,as_printed,2009,population,pre,24,5.898585074824109,0.10412215326504615,0.016686372773749045,0.016967127579996487,0.18213723267741272,0.008383999228363304,0.016823996521769025,0.03371222607534108,1.725660984502976,1.4757207147607125
primary_teachers,per_head,as_printed,2010,population,pre,24,5.7260801861688435,0.11071097498360319,0.018839874899632566,0.01922990903350052,0.19337989371895997,0.009478716882621363,0.0190461938263754,0.038264041762548495,1.736650126586136,1.4807405783113392
primary_teachers,per_head,as_printed,2011,population,post,24,5.8184804953734925,0.11340143850037701,0.019830067561371994,0.02032101651909007,0.1980606903578448,0.00999461585909489,0.020115936159246783,0.040527987287821254,1.780765296459661,1.4987505437777038
primary_teachers,per_head,as_printed,2012,population,post,24,5.869063896364025,0.11512285579972595,0.020456126736814288,0.020955995813578147,0.20126584985044066,0.01030685203058701,0.02073794474859758,0.04175498014907042,1.8319992268213545,1.4611394326587794
primary_teachers,per_head,as_printed,2013,population,post,24,6.118276228051979,0.1223268697616122,0.023131778550252252,0.023898408945332947,0.21333928901204496,0.011697081873377702,0.02361510330901284,0.04783056853199352,1.8675890691517785,1.5162083361393968
primary_teachers,per_head,as_printed,2014,population,post,24,6.1485902768074645,0.1227373258948378,0.02327217587094435,0.02401130309734302,0.21416581548530458,0.011759459505435,0.023725325232138217,0.04800376384802374,1.8894785405667394,1.4798177819351683
primary_teachers,per_head,as_printed,2015,population,post,24,6.221330471204001,0.12452832675824063,0.0241084512754785,0.025060759615399462,0.21728852728711068,0.012224305590310625,0.02474934562656328,0.05041868911638847,1.937684922894356,1.5285769912788092
primary_teachers,per_head,as_printed,2016,population,post,24,6.033431950450942,0.1223071412205122,0.02316427983488168,0.02389498074756826,0.2137474022042644,0.011702937996039164,0.023611756062754785,0.04780843385469391,1.838053617898358,1.4488607979157315
primary_teachers,per_head,as_printed,2017,population,post,24,5.923478844526154,0.1209219336709278,0.02257534381783001,0.023096112847047726,0.21182165482478696,0.01136039661966104,0.02283143919267716,0.04588746514650299,1.77402156074925,1.4360180995475114
primary_teachers,per_head,as_printed,2018,population,post,24,5.840870048690031,0.1269540863692387,0.024887990500867593,0.025434362791359397,0.22273441408508446,0.01251070532374332,0.02511363431445124,0.0503430793107732,1.8017992589217513,1.4646669868124562
primary_teachers,per_head,as_printed,2019,population,post,24,6.050800705310993,0.1310055210045453,0.02642068507929835,0.027067720343091,0.22937136344849154,0.013292520616180026,0.026704672601002177,0.053608297502826474,1.8346217430411784,1.4822240673296474
primary_teachers,per_head,as_printed,2020,population,post,24,6.283671628467108,0.13441957483982328,0.028017426031924114,0.02913908593844088,0.23463870853835572,0.01419565937152989,0.02871863650843165,0.058413961139700876,1.924698785523751,1.5753897172734317
primary_teachers,per_head,as_printed,2021,population,post,24,6.500667982202105,0.13507209861905553,0.028215922913561103,0.02938180273983275,0.23508306093730116,0.014308655639525325,0.028954354206749855,0.05880311471558519,1.9964390974695072,1.610082532149638
primary_teachers,per_head,as_printed,2022,population,post,24,6.732467173960397,0.1338530839639552,0.027674173349357227,0.028659178392095495,0.23337860032071037,0.01399777741084185,0.028252399386059168,0.05709254718742929,2.0019975060583954,1.5962953786571
primary_teachers,per_head,as_printed,2023,population,post,24,6.580232923011497,0.13474002681908298,0.028178343180396984,0.02930900920307615,0.23499175752451976,0.014282763291602718,0.0288836657870416,0.058555820280797644,2.064167943707549,1.6559200048365703
primary_teachers,per_head,as_printed,2005,unweighted,pre,24,6.055828201651759,0.08552491100373168,0.011811615810848261,0.012331496003217372,0.15113851341244203,0.006017930655300763,0.012255774678371134,0.025349690743241338,1.5130761633405085,1.2933882881588938
primary_teachers,per_head,as_printed,2006,unweighted,pre,24,5.947143590197167,0.0874649923889094,0.01230761409532002,0.012818244260664628,0.15445311341149942,0.0062628062983701716,0.01273644046774225,0.02625695110316517,1.5220271143524073,1.3383260752168766
primary_teachers,per_head,as_printed,2007,unweighted,pre,24,6.012132382631601,0.0937723102392437,0.013966793324040706,0.014521126316277208,0.16474735544807595,0.00709868875831654,0.014416203242570647,0.029617198628436148,1.5897802180533214,1.3969930381843458
primary_teachers,per_head,as_printed,2008,unweighted,pre,24,5.999001115679239,0.09468586304542315,0.014232728735893003,0.014826502949091866,0.1661609941183733,0.007240497052304673,0.01471713155320542,0.03028317588063123,1.6119733216101175,1.3765986043705467
primary_teachers,per_head,as_printed,2009,unweighted,pre,24,5.898585074824109,0.09636504898447029,0.014678289385392557,0.015257535003529998,0.16894544355251448,0.007458422126313646,0.015141728538165755,0.031079160247480253,1.618426741450633,1.384622002388139
primary_teachers,per_head,as_printed,2010,unweighted,pre,24,5.7260801861688435,0.10170420677092462,0.016367645387175167,0.017088813687800353,0.17821674327568088,0.008330800815222639,0.01694362810402017,0.03491655332159638,1.617508777538321,1.3975602641990166
primary_teachers,per_head,as_printed,2011,unweighted,post,24,5.8184804953734925,0.10249247040349031,0.016753744555314663,0.01757551506569472,0.17992669744818307,0.008546559015387256,0.01742196658132933,0.03606359353496613,1.594845505942451,1.438625236276405
primary_teachers,per_head,as_printed,2012,unweighted,post,24,5.869063896364025,0.1047987016007174,0.017509330671789246,0.018359661707937444,0.18403925656640405,0.00892838845812094,0.018192149839203697,0.037617553188571184,1.5972945099512423,1.4725814841599107
primary_teachers,per_head,as_printed,2013,unweighted,post,24,6.118276228051979,0.11014729236239652,0.01964358858165715,0.020831042535674152,0.19407760262841503,0.010067025583478828,0.020615575099781736,0.04304753127639804,1.6397410274454611,1.4832433229900934
primary_teachers,per_head,as_printed,2014,unweighted,post,24,6.1485902768074645,0.11134063797681322,0.019979720218773214,0.021185374535043402,0.19576194437668015,0.01023798011551813,0.020962540867040746,0.043758070234499624,1.61925958335763,1.4637146932578893
primary_teachers,per_head,as_printed,2015,unweighted,post,24,6.221330471204001,0.11134600283514773,0.02025046544790101,0.02162975109741968,0.1964649330836261,0.010412657626362898,0.021397505516362214,0.04500571027493672,1.6501490005036856,1.4588308848667488
primary_teachers,per_head,as_printed,2016,unweighted,post,24,6.033431950450942,0.11298408049845149,0.020564356037104808,0.021766548218759757,0.19876903836510684,0.010527465413544546,0.021531366364445526,0.04483266008692521,1.609755365908358,1.487058701754968
primary_teachers,per_head,as_printed,2017,unweighted,post,24,5.923478844526154,0.11372873334026315,0.020480425107464596,0.021491327778234336,0.19915519995530306,0.010440581703183516,0.021262034734971347,0.04388842242829194,1.6967576416127064,1.4846050745569679
primary_teachers,per_head,as_printed,2018,unweighted,post,24,5.840870048690031,0.11849476450461408,0.022138585414561627,0.02323638811887533,0.2072297941474836,0.011281944930543464,0.022968502164668392,0.04738803866955843,1.7479427056259795,1.5144395592355755
primary_teachers,per_head,as_printed,2019,unweighted,post,24,6.050800705310993,0.12094107694621446,0.02315060863420377,0.024404556331974872,0.21160645529742556,0.011819485898726056,0.024109172926258915,0.049936349322007745,1.739843780086197,1.4953547831935434
primary_teachers,per_head,as_printed,2020,unweighted,post,24,6.283671628467108,0.12198626431712693,0.02413264276524938,0.025808789577179143,0.2146904231068155,0.012404870664088463,0.0254785895541223,0.0534995519179613,1.748855561709722,1.548672910133627
primary_teachers,per_head,as_printed,2021,unweighted,post,24,6.500667982202105,0.11988019426261906,0.023657668148121987,0.025449605179793135,0.21176626748131655,0.012199974455423201,0.025128493797868745,0.05297724821897554,1.7693552188972361,1.5336156974268105
primary_teachers,per_head,as_printed,2022,unweighted,post,24,6.732467173960397,0.1191945856136243,0.0233518458551368,0.025030753603335395,0.21070542045281898,0.012022376164380622,0.024720081804619487,0.05192950262715623,1.800788487803651,1.496826650270457
primary_teachers,per_head,as_printed,2023,unweighted,post,24,6.580232923011497,0.1189402320302677,0.023513244324263688,0.025284504417627977,0.21112048631011013,0.012124171804805517,0.024967528481799284,0.052598502263405233,1.831253981790113,1.4751430758883814
primary_teachers,per_head,constant,2005,population,pre,23,6.122124362791442,0.09404025774358324,0.013910903783198675,0.014363926626880371,0.16496123545869776,0.007046428463249987,0.014261257597460886,0.02909824893568025,1.5695981718036807,1.4012353851379078
primary_teachers,per_head,constant,2006,population,pre,23,6.013485542950872,0.09621697884120978,0.014425756620758921,0.014813079115241854,0.16844325713892908,0.007286648753958236,0.014703905190910582,0.02981541225667861,1.5886535505834602,1.4108662999141692
primary_teachers,per_head,constant,2007,population,pre,23,6.082538238879437,0.10218047133562728,0.016110195076266813,0.016451698091372608,0.1785597969054188,0.00811268695308931,0.016317107995643232,0.03284989092925883,1.664341659198067,1.4722494631622582
primary_teachers,per_head,constant,2008,population,pre,23,6.071413305736936,0.10283971007615594,0.01627606696374253,0.016590588210123332,0.17962231775202192,0.008188778936924379,0.016453722341916333,0.03305094230494521,1.678454912762073,1.4763949266763645
primary_teachers,per_head,constant,2009,population,pre,23,5.970447482799466,0.10382310763311836,0.016601675510103463,0.016853973118962914,0.18178866226147794,0.008335258517027544,0.016712739476496985,0.033429705678837296,1.690926933420133,1.4757207147607125
primary_teachers,per_head,constant,2010,population,pre,23,5.797879949614457,0.10999806990527371,0.01858216392907367,0.01887826039182687,0.1923993198936147,0.009328934618281326,0.018701182094991387,0.03737431308383399,1.7234043750656611,1.4807405783113392
primary_teachers,per_head,constant,2011,population,post,23,5.891989672767624,0.11267197745428024,0.019521692470791156,0.01989769542286563,0.19692124116512266,0.00981489887147946,0.01970104275279838,0.03945501103217908,1.752403332664043,1.4987505437777038
primary_teachers,per_head,constant,2012,population,post,23,5.943680438175552,0.11440633967833935,0.020138681846904524,0.020519672462486267,0.20011299801952026,0.010121762002509582,0.020310576618485787,0.04065039946249427,1.7954557827833308,1.4611394326587794
primary_teachers,per_head,constant,2013,population,post,23,6.198891312299061,0.12127963426135918,0.022583665474324627,0.02313014972650613,0.2114926445082593,0.01137462419147861,0.022864698395169136,0.045867992077617936,1.8243668168740397,1.5162083361393968
primary_teachers,per_head,constant,2014,population,post,23,6.231272460760349,0.12166932213405329,0.022723211821113545,0.02323572850966361,0.21233810217749752,0.01143522878966674,0.02296785770547982,0.04600739729673864,1.8709355960737042,1.4798177819351683
primary_teachers,per_head,constant,2015,population,post,23,6.30512822707778,0.12328052371685273,0.023402856586926545,0.02405551810403594,0.2149880310608621,0.011805950873269855,0.02376849026913863,0.04781873197773645,1.90630857724103,1.5285769912788092
primary_teachers,per_head,constant,2016,population,post,23,6.114524657199055,0.12117769535677604,0.022500084128314887,0.0229464221869069,0.21155224473759263,0.011308537365247395,0.02268515523734349,0.04533656092181804,1.838053617898358,1.4488607979157315
primary_teachers,per_head,constant,2017,population,post,23,6.005097548227099,0.1201181206533723,0.02210306008960915,0.022418258594882123,0.21025835101384627,0.011079175627626725,0.022168836780091516,0.04410821227590056,1.77402156074925,1.4360180995475114
primary_teachers,per_head,constant,2018,population,post,23,5.924117603392107,0.1261253293531536,0.02435597308198107,0.024657665173986872,0.22108734532640079,0.012191404896017333,0.024356148266289623,0.04828737483687151,1.8017992589217513,1.4646669868124562
primary_teachers,per_head,constant,2019,population,post,23,6.139429702045862,0.13017707050509353,0.025823444533107538,0.0261823925027738,0.22760210681465018,0.012931485720349412,0.025842605601155255,0.05124368808229429,1.8346217430411784,1.4822240673296474
primary_teachers,per_head,constant,2020,population,post,23,6.379226952704732,0.13341820177580613,0.02730832046684525,0.028063768763469416,0.23262911204335107,0.013762330345242879,0.027673639225471502,0.05550192403153276,1.924698785523751,1.5753897172734317
primary_teachers,per_head,constant,2021,population,post,23,6.600548179702109,0.13410803860977738,0.027752593382643756,0.028687611334315834,0.23376042039339037,0.014027197223408283,0.02828002863664758,0.05695196047777895,1.9964390974695072,1.610082532149638
primary_teachers,per_head,constant,2022,population,post,23,6.833282723183102,0.13290470886507172,0.027253752552770117,0.02804199079971036,0.23214535088111618,0.013744928278851654,0.027652463706645647,0.05547496397332241,1.9857250876429209,1.5962953786571
primary_teachers,per_head,constant,2023,population,post,23,6.67680539151049,0.13377416482011215,0.027722672386861248,0.028646381959086024,0.23365114224107922,0.014010052974884224,0.028239964403424134,0.056840395692451584,1.9940793768712994,1.6559200048365703
primary_teachers,per_head,constant,2005,unweighted,pre,23,6.122124362791442,0.08042807549484816,0.010575293149782092,0.011058656076797829,0.1428849358627498,0.005393303780353298,0.010997733918885921,0.022828042314386954,1.453601249624504,1.283817167614057
primary_teachers,per_head,constant,2006,unweighted,pre,23,6.013485542950872,0.0823380529557559,0.011034912665180658,0.011510018930388267,0.146124791830515,0.005620425076109381,0.011444032075129673,0.023672513472694168,1.4537089630873588,1.323071297989031
primary_teachers,per_head,constant,2007,unweighted,pre,23,6.082538238879437,0.08853690314765088,0.012557219016731996,0.013068451025222347,0.15610660441206875,0.00638682480702879,0.012983429588275253,0.026750991921106748,1.5385490414646146,1.3657321692153426
primary_teachers,per_head,constant,2008,unweighted,pre,23,6.071413305736936,0.08914023001460475,0.012703178980003563,0.013238018234153557,0.15690927751876813,0.006465238478048696,0.013150781044228288,0.027123657337983387,1.559863318915674,1.3756655981833972
primary_teachers,per_head,constant,2009,unweighted,pre,23,5.970447482799466,0.09077984217842046,0.013103462900901157,0.013614148476124159,0.159605155376398,0.0066585873598512535,0.013521895081761381,0.02779236688528497,1.559218010722891,1.3798084278679006
primary_teachers,per_head,constant,2010,unweighted,pre,23,5.797879949614457,0.0958775974974316,0.014550959489814306,0.015134582911463194,0.16821893607056643,0.007395446583353227,0.015020630708836746,0.03087842937338303,1.5980081154001402,1.3788298219479784
primary_teachers,per_head,constant,2011,unweighted,post,23,5.891989672767624,0.0965656970724337,0.014869011822689264,0.015534400309388888,0.1697039783625791,0.007573181595904144,0.015414363881345983,0.03181972339854522,1.567953378921464,1.366358008326046
primary_teachers,per_head,constant,2012,unweighted,post,23,5.943680438175552,0.09894691036579908,0.015614224632622149,0.016311325997275847,0.17397275516055205,0.007950904970482342,0.016179016676309166,0.03337685467974938,1.5892675883575418,1.346432752336422
primary_teachers,per_head,constant,2013,unweighted,post,23,6.198891312299061,0.10391010726618687,0.017430681659805883,0.018365727619025694,0.1831664410769184,0.00891007481046091,0.01819810538026556,0.037794534594927987,1.6397410274454611,1.380528471401121
primary_teachers,per_head,constant,2014,unweighted,post,23,6.231272460760349,0.1049558710293116,0.01767868517585719,0.018616475273292684,0.18452023524382993,0.009033928535038815,0.01844425903978042,0.03827372240737503,1.61925958335763,1.3988630033250355
primary_teachers,per_head,constant,2015,unweighted,post,23,6.30512822707778,0.10476692919408136,0.017813791442282255,0.01885876414165886,0.18476732555491332,0.009126464641822096,0.01868205026124925,0.03897139770313873,1.6501490005036856,1.4132759942011888
primary_teachers,per_head,constant,2016,unweighted,post,23,6.114524657199055,0.10671719202720806,0.018189647914692915,0.01907951606841195,0.1874492027318905,0.009277347566547745,0.01889865418066572,0.0390041746286276,1.587533048390641,1.4665405585075688
primary_teachers,per_head,constant,2017,unweighted,post,23,6.005097548227099,0.10734530869704921,0.01814217667112661,0.018897232305382726,0.18785099483000675,0.009221130041905723,0.01871979903473764,0.03838226650013732,1.5910918324164198,1.476843125028986
primary_teachers,per_head,constant,2018,unweighted,post,23,5.924117603392107,0.11190636284809598,0.019604876401443677,0.020401408842570093,0.19550964606920582,0.009956160806339542,0.020194708149505858,0.041334065653635066,1.6409818735512904,1.4766369898743117
primary_teachers,per_head,constant,2019,unweighted,post,23,6.139429702045862,0.11407643666167441,0.020424244378110194,0.02132514388590248,0.19932716648721174,0.010387056270526496,0.021099370734636747,0.04330874403245466,1.6784997894488995,1.4821198993142135
primary_teachers,per_head,constant,2020,unweighted,post,23,6.379226952704732,0.11445491417234781,0.021090659779325255,0.022320192805432,0.20132449019848872,0.010795462417354074,0.022072940293115906,0.04589787536980683,1.7435515873015872,1.4717329395633372
primary_teachers,per_head,constant,2021,unweighted,post,23,6.600548179702109,0.11208166926044143,0.020742515981109797,0.02220670970375178,0.19850935000882794,0.010678933404822732,0.02196195579984994,0.04618725686200553,1.7566280524793472,1.4756665075535134
primary_teachers,per_head,constant,2022,unweighted,post,23,6.833282723183102,0.11177160538926514,0.02064540723553372,0.022056268629712224,0.1982393959471768,0.010618180447732328,0.02181480763774324,0.045785288202944696,1.800788487803651,1.4336326369322265
primary_teachers,per_head,constant,2023,unweighted,post,23,6.67680539151049,0.11168769211446018,0.02091590926174007,0.02243988669523815,0.19916159123363136,0.010778928436430912,0.022189985181919725,0.046756110146954355,1.831253981790113,1.4415512662852659
primary_teachers,share_of_national,as_printed,2005,population,pre,24,0.041666666666666664,0.20080810059553447,0.06637075682522034,0.07421094453525105,0.35850967797467126,0.03438939045047562,0.07152418371719471,0.15624021038432157,2.4453781512605044,2.0309003729355353
primary_teachers,share_of_national,as_printed,2006,population,pre,24,0.041666666666666664,0.199379376209671,0.06550930391698126,0.07358209040096392,0.35532792343303027,0.03402429815249308,0.07094012423667695,0.15566333041210867,2.4867692307692306,2.003705664372684
primary_teachers,share_of_national,as_printed,2007,population,pre,24,0.041666666666666664,0.1981850729133024,0.06465880957191425,0.07263991510970548,0.3529218717336305,0.03358999507790328,0.07006437448752911,0.15402859980209838,2.4205219454329776,1.991675338189386
primary_teachers,share_of_national,as_printed,2008,population,pre,24,0.041666666666666664,0.1966399374449056,0.06349286196596704,0.07136943971200928,0.3493437276018564,0.03300620314774849,0.0688821633277954,0.15149903507726137,2.409356725146199,1.9871332990221304
primary_teachers,share_of_national,as_printed,2009,population,pre,24,0.041666666666666664,0.19512518329137465,0.06258347029355471,0.07060351221385588,0.34611971037464323,0.032597713413664464,0.06816872138514418,0.15052996807818997,2.3947214076246333,1.9844479004665632
primary_teachers,share_of_national,as_printed,2010,population,pre,24,0.041666666666666664,0.19670391632359338,0.0634883076795078,0.07164951072958878,0.3486562308361204,0.03306958461066667,0.06914290593287142,0.1524160932340165,2.4882716049382716,1.980697050938338
primary_teachers,share_of_national,as_printed,2011,population,post,24,0.041666666666666664,0.1955916225472368,0.06327267205864473,0.07165371113631436,0.34764485330441103,0.03301066895227056,0.06914681590305782,0.15294764725240295,2.4795357361026267,1.9963636363636366
primary_teachers,share_of_national,as_printed,2012,population,post,24,0.041666666666666664,0.19532874513920762,0.06306756916161989,0.07137190791235803,0.3472562545370976,0.03289314695774659,0.06888446151032857,0.15226812168088955,2.4517096580683866,1.9919638372677047
primary_teachers,share_of_national,as_printed,2013,population,post,24,0.041666666666666664,0.19356336261902082,0.062200753470159006,0.06970448050553174,0.34641686180107245,0.03229322196467721,0.0673305988259355,0.1477601383319851,2.3378378378378377,2.014880952380952
primary_teachers,share_of_national,as_printed,2014,population,post,24,0.041666666666666664,0.19313515176698298,0.06194826048375981,0.06947350484208233,0.3454817525091219,0.03217968547514949,0.06711515001146107,0.14718498687750892,2.356103023516237,1.9691119691119692
primary_teachers,share_of_national,as_printed,2015,population,post,24,0.041666666666666664,0.19349908037028157,0.06266139937821542,0.07028153871330486,0.3476499057026047,0.03254494158977761,0.06786864810121518,0.14875463284997137,2.2643739924771626,1.994293865905849
primary_teachers,share_of_national,as_printed,2016,population,post,24,0.041666666666666664,0.19517454534679096,0.06405325401233183,0.07274300242375625,0.3502475345011374,0.03344018932217918,0.07016023411236316,0.15580487683742872,2.33205898416166,1.9544807965860598
primary_teachers,share_of_national,as_printed,2017,population,post,24,0.041666666666666664,0.19747564103572995,0.06543341089762378,0.07441418837764846,0.3537932192870546,0.034178294827843736,0.07171287153420058,0.15890901022842407,2.419988770353734,1.8877079482439927
primary_teachers,share_of_national,as_printed,2018,population,post,24,0.041666666666666664,0.1957688618664466,0.06466731837013875,0.07367423680608184,0.3514195407836354,0.033811375692458734,0.07102572982018418,0.1578131339899631,2.377828054298642,1.8973634651600753
primary_teachers,share_of_national,as_printed,2019,population,post,24,0.041666666666666664,0.19367056721610945,0.06374002100192652,0.072864332697154,0.3484422847969789,0.03338368064860597,0.07027304498154863,0.1568857262327703,2.354471544715447,1.901781635449977
primary_teachers,share_of_national,as_printed,2020,population,post,24,0.041666666666666664,0.197210870199087,0.06542088340581999,0.07391833798884723,0.3551021655800499,0.03405840506681457,0.07125246586389977,0.15730746449564859,2.405010438413361,1.9557562076749435
primary_teachers,share_of_national,as_printed,2021,population,post,24,0.041666666666666664,0.1961018970185153,0.06468866356855849,0.07167487738235165,0.3558337843345832,0.03338137498435856,0.06916651836206278,0.14960979950422093,2.407712082262211,1.8088665830196569
primary_teachers,share_of_national,as_printed,2022,population,post,24,0.041666666666666664,0.19050629079641004,0.06068076947315407,0.06768342597166371,0.3425339327269458,0.03145513060376448,0.06544371700083096,0.14261307732509276,2.3813020068526676,1.7718541748333987
primary_teachers,share_of_national,as_printed,2023,population,post,24,0.041666666666666664,0.19199832348938856,0.061477810475004904,0.06809256380043861,0.3462378129981389,0.031748316388268694,0.06582600112054537,0.14269540257630497,2.337758112094395,1.7823156225218082
primary_teachers,share_of_national,as_printed,2000,unweighted,pre,24,0.041666666666666664,0.23530632701908707,0.0913354078884877,0.10379461368613928,0.4214571551003731,0.04743431399851572,0.09858958422726216,0.21101137419528704,3.6910268270120254,1.817636472705459
primary_teachers,share_of_national,as_printed,2001,unweighted,pre,24,0.041666666666666664,0.23783063923585598,0.09343914759219674,0.10657309617123246,0.4260297513399152,0.048584408691183634,0.10109066107124676,0.2165572893164922,3.7168391345249296,1.8613138686131387
primary_teachers,share_of_national,as_printed,2002,unweighted,pre,24,0.041666666666666664,0.23941049877626805,0.09463670197809429,0.1078914623601812,0.4289203120257799,0.04918854155555352,0.10227497190140644,0.21849159254277073,3.7922705314009666,1.8656808379544054
primary_teachers,share_of_national,as_printed,2003,unweighted,pre,24,0.041666666666666664,0.23989763618726703,0.09505920643574411,0.10833393487354719,0.42987213772522553,0.04940151418223715,0.10267210268469362,0.2188777761170847,3.794747081712062,1.8603076923076924
primary_teachers,share_of_national,as_printed,2004,unweighted,pre,24,0.041666666666666664,0.24155982539736956,0.09648353528806664,0.11040692627674772,0.4324376143561391,0.05022490440678096,0.1045303289926538,0.22314012439412834,3.791295746785361,1.870625
primary_teachers,share_of_national,as_printed,2005,unweighted,pre,24,0.041666666666666664,0.24135352322123083,0.09646338421452377,0.11057284145401662,0.43217601828791635,0.05025181446717886,0.10467888867736397,0.22386829171117506,3.7930348258706466,1.8620261031696705
primary_teachers,share_of_national,as_printed,2006,unweighted,pre,24,0.041666666666666664,0.24122415813690348,0.09632251504991995,0.11079528799728487,0.4308289439368784,0.050275429831556195,0.10487802761398746,0.22442999260064467,3.866189989785496,1.886020151133501
primary_teachers,share_of_national,as_printed,2007,unweighted,pre,24,0.041666666666666664,0.24032631650657407,0.09555922465760375,0.11013832728811736,0.42870726626757116,0.049928988469924995,0.1042897744397635,0.22388949378583356,3.8395185556670013,1.9148539465506524
primary_teachers,share_of_national,as_printed,2008,unweighted,pre,24,0.041666666666666664,0.23888978326074795,0.0942242356971292,0.10851381470877144,0.4254039646792516,0.04923652362957842,0.1028334993625657,0.2206446888674123,3.752186588921282,1.9132052076875388
primary_teachers,share_of_national,as_printed,2009,unweighted,pre,24,0.041666666666666664,0.23826771048542694,0.09375967185712811,0.10828240376115442,0.42356755622954456,0.049070143759658236,0.10262586118853623,0.22059211276479207,3.808955223880597,1.9068901303538177
primary_teachers,share_of_national,as_printed,2010,unweighted,pre,24,0.041666666666666664,0.24024903078809862,0.09506842890060252,0.10955363061042264,0.42686198229219285,0.04970034280230673,0.1037659025085369,0.22183173311779592,3.8161157024793386,1.9370277078085643
primary_teachers,share_of_national,as_printed,2011,unweighted,post,24,0.041666666666666664,0.2411083065626434,0.09602369566246471,0.11086515358746624,0.42852498719096355,0.05024590554713193,0.1049405636542885,0.22390060661177313,3.94558521560575,1.9159975293390983
primary_teachers,share_of_national,as_printed,2012,unweighted,post,24,0.041666666666666664,0.24108905094838254,0.0958100674776835,0.11044855052629743,0.42814702783350156,0.05010857907123656,0.10456760146997901,0.22249783200207318,4.046938775510204,1.9819987585350711
primary_teachers,share_of_national,as_printed,2013,unweighted,post,24,0.041666666666666664,0.2374221133943623,0.09325324505038521,0.10686675158915752,0.4235910809633471,0.04864838724015563,0.10135459191458873,0.21579232496320244,3.8648905803996194,1.8577075098814229
primary_teachers,share_of_national,as_printed,2014,unweighted,post,24,0.041666666666666664,0.23781850781163613,0.09323436945333086,0.10653381684658063,0.42371059619872653,0.04858530709781905,0.10105535182603342,0.214184743360898,3.8599810785241253,1.8972174900624643
primary_teachers,share_of_national,as_printed,2015,unweighted,post,24,0.041666666666666664,0.2397116490104295,0.09470910766881205,0.1081194762345256,0.42733619080954405,0.04932018120476289,0.10247964232842377,0.2165493969120066,3.7989130434782608,1.9857630979498861
primary_teachers,share_of_national,as_printed,2016,unweighted,post,24,0.041666666666666664,0.2435755208333333,0.09833735066770974,0.11349326773379774,0.43380810129595315,0.051440507064559604,0.10728979364629443,0.22722660384248428,3.963461538461538,2.121696373693915
primary_teachers,share_of_national,as_printed,2017,unweighted,post,24,0.041666666666666664,0.24693336685417386,0.10058856208517622,0.1157547605510282,0.43920188762610685,0.05253650444721025,0.10930637026960066,0.2297604575678629,4.286463798530955,2.1813570069752695
primary_teachers,share_of_national,as_printed,2018,unweighted,post,24,0.041666666666666664,0.24633073954577084,0.1003635143446135,0.11594209112935923,0.43788631735179906,0.052518176511542,0.1094732087949074,0.2308584911639039,4.278131634819533,2.111596009975062
primary_teachers,share_of_national,as_printed,2019,unweighted,post,24,0.041666666666666664,0.24531620213899957,0.09999061927830474,0.11606662066994158,0.4359875968168044,0.052450055611998114,0.10958409878240982,0.2319492102139875,4.175526579739218,2.204379562043796
primary_teachers,share_of_national,as_printed,2020,unweighted,post,24,0.041666666666666664,0.24627020081021042,0.10019842938254811,0.11542561586141191,0.4386426124416987,0.052342157353875596,0.10901315493881292,0.23025721833448676,3.9561643835616436,2.1638418079096047
primary_teachers,share_of_national,as_printed,2021,unweighted,post,24,0.041666666666666664,0.24261123836558415,0.09667686242135234,0.10911369958744109,0.43419032531862845,0.05005985161611859,0.10337153458421544,0.2156020373001255,3.6222780569514237,2.052492046659597
primary_teachers,share_of_national,as_printed,2022,unweighted,post,24,0.041666666666666664,0.23834247294313535,0.09276354334667952,0.104952474896506,0.4236688544113694,0.0481431419955517,0.09963268838085149,0.20893183204352228,3.4795996920708236,2.028254288597376
primary_teachers,share_of_national,as_printed,2023,unweighted,post,24,0.041666666666666664,0.23868682462529828,0.09304297802053252,0.1049286351494323,0.42543514102222724,0.0481972780867842,0.09961122359601293,0.20870091333063334,3.473724884080371,2.0665291387313047
primary_teachers,share_of_national,constant,2005,population,pre,23,0.043478260869565216,0.18215809396991295,0.05677622177040948,0.06574331968122755,0.3268612357193412,0.029937694127817438,0.0636288184986934,0.1467007905515676,2.396470588235294,1.6844896155545734
primary_teachers,share_of_national,constant,2006,population,pre,23,0.043478260869565216,0.180791020862573,0.05609677452117775,0.06532375767499374,0.3239552562186138,0.02966569550377174,0.06323587029989874,0.14653141887824217,2.4010695187165774,1.6586327782646804
primary_teachers,share_of_national,constant,2007,population,pre,23,0.043478260869565216,0.17933419824758465,0.055172070718976826,0.06428139942203352,0.32115596096103066,0.02918780005653987,0.0622589173992264,0.14466763557410034,2.3630573248407645,1.5766062602965403
primary_teachers,share_of_national,constant,2008,population,pre,23,0.04347826086956521,0.17766791900101972,0.054055345432051,0.06303812663202334,0.31747699083067504,0.028621349209361213,0.06109232438074497,0.14206991763832566,2.3342776203966005,1.5836751435602952
primary_teachers,share_of_national,constant,2009,population,pre,23,0.04347826086956521,0.17607436194662568,0.053253631479924644,0.06238858440858017,0.3143412557985803,0.028265089233524776,0.060482266093656256,0.14132536432327436,2.3384879725085908,1.6151898734177217
primary_teachers,share_of_national,constant,2010,population,pre,23,0.043478260869565216,0.17678494000186365,0.05377045730400289,0.06308158424957162,0.3157952557551093,0.028554683152172355,0.061133126184844566,0.1428307603313138,2.3809805079740105,1.611692844677138
primary_teachers,share_of_national,constant,2011,population,post,23,0.043478260869565216,0.17565114739711674,0.05365533702083409,0.06324435818186488,0.314907786925685,0.028556761975602973,0.061285936800664964,0.1437953634106277,2.3128205128205126,1.6025854879065888
primary_teachers,share_of_national,constant,2012,population,post,23,0.04347826086956521,0.17560916417420186,0.053748972734632056,0.0633550536993818,0.31519314679632743,0.028607410020347945,0.06138984248863788,0.1438775686982242,2.263012181616833,1.6552587646076795
primary_teachers,share_of_national,constant,2013,population,post,23,0.043478260869565216,0.17318360670568475,0.05252996486099619,0.06127927201548555,0.31313652875023534,0.027822963180842986,0.05943946914104581,0.13843416111581575,2.188719030047443,1.5799299883313884
primary_teachers,share_of_national,constant,2014,population,post,23,0.043478260869565216,0.17241191483536805,0.052354590587761894,0.0611620752433389,0.31228027802239494,0.027755082564869027,0.05932923202323026,0.13809606755573534,2.2288135593220337,1.6050354051927616
primary_teachers,share_of_national,constant,2015,population,post,23,0.04347826086956521,0.1722825542614423,0.052936253441700276,0.0619129350167662,0.3140514027623812,0.028073047693209285,0.06003527875872472,0.1398045546992508,2.2143983184445615,1.584435209671326
primary_teachers,share_of_national,constant,2016,population,post,23,0.043478260869565216,0.17376070266319352,0.05435983846893592,0.06452634204911432,0.3168407590372514,0.029008967837401145,0.062488582035042484,0.14771619688645643,2.2724853645556147,1.6007766990291261
primary_teachers,share_of_national,constant,2017,population,post,23,0.043478260869565216,0.176288703564745,0.055787746158986545,0.06632473470104815,0.32068824582818695,0.029790548858269927,0.06417308053135173,0.15123412491399835,2.3603504928806136,1.5496965098634294
primary_teachers,share_of_national,constant,2018,population,post,23,0.04347826086956521,0.1737462086753238,0.05475992656827497,0.06525995403384655,0.31743110543515973,0.02927865847518174,0.06317609943074975,0.1495486984033536,2.261430876815492,1.52190332326284
primary_teachers,share_of_national,constant,2019,population,post,23,0.04347826086956521,0.1705435591205308,0.05357292659297873,0.06411042660371853,0.31355449929946666,0.02870234197381838,0.06209857545681674,0.14800079718878756,2.2851130983692793,1.4814946619217082
primary_teachers,share_of_national,constant,2020,population,post,23,0.04347826086956521,0.17291941275460126,0.054339285232662266,0.06415087437934977,0.31801972730906286,0.028911713786400117,0.06213651071599746,0.1465785556117063,2.2913973147687714,1.5168067226890758
primary_teachers,share_of_national,constant,2021,population,post,23,0.043478260869565216,0.17337155571182303,0.05443823085141819,0.06285557149249969,0.3208644507534048,0.02867701017933255,0.06092090631287328,0.13996970227215555,2.260135135135135,1.4972375690607735
primary_teachers,share_of_national,constant,2022,population,post,23,0.043478260869565216,0.1700571353750136,0.05174162486143733,0.06022131845418685,0.31057637634363333,0.027397490141048864,0.05844387322354461,0.135038534101514,2.2398710865561693,1.5599320882852292
primary_teachers,share_of_national,constant,2023,population,post,23,0.043478260869565216,0.172967548194472,0.0529840488825984,0.06124451587318998,0.3155103081299199,0.027951736489484458,0.05940677831729868,0.13634270285611705,2.23659454374412,1.5952380952380953
primary_teachers,share_of_national,constant,1998,unweighted,pre,23,0.043478260869565216,0.22991770811322632,0.08856834585564902,0.10327399351244204,0.40963561826615935,0.04660530093179205,0.09812016959726999,0.21428683295778028,3.698339483394834,2.0209276018099547
primary_teachers,share_of_national,constant,1999,unweighted,pre,23,0.043478260869565216,0.22941947553397485,0.08853522855094172,0.10385148259270821,0.4085123708150739,0.04671763482379521,0.09864084499439219,0.2165674215943627,3.6642268984446473,2.028121484814398
primary_teachers,share_of_national,constant,2000,unweighted,pre,23,0.04347826086956523,0.2307318426487238,0.0898512216206535,0.10585514438707808,0.41112006498337306,0.04748819940420923,0.100445055778565,0.2212458312786647,3.6910268270120254,2.009009009009009
primary_teachers,share_of_national,constant,2001,unweighted,pre,23,0.04347826086956521,0.23286034158793964,0.0917566085316246,0.10853235272427945,0.41516341196475,0.048561272137197076,0.10285013089490924,0.22681381510016918,3.7168391345249296,2.032683486238532
primary_teachers,share_of_national,constant,2002,unweighted,pre,23,0.04347826086956521,0.23443255163708546,0.0929752058239222,0.10992552990421722,0.41806391261327486,0.049187836080700875,0.1040991493654927,0.2288802272380197,3.7922705314009666,2.0406976744186047
primary_teachers,share_of_national,constant,2003,unweighted,pre,23,0.043478260869565216,0.23672459476597535,0.09454218705432359,0.1115485655556257,0.42178033565259954,0.04996479367429707,0.10555204901329562,0.2307380259474685,3.794747081712062,2.172622652937614
primary_teachers,share_of_national,constant,2004,unweighted,pre,23,0.043478260869565216,0.23689697779062888,0.09513892555487279,0.1128728614492626,0.42228517402099036,0.05040159837991687,0.10673577878462281,0.2342040530811601,3.791295746785361,2.098735701384708
primary_teachers,share_of_national,constant,2005,unweighted,pre,23,0.043478260869565216,0.23676553967354003,0.09518721387484826,0.11312812408984509,0.42217128023742884,0.050465376266371154,0.106963766668836,0.2350954724368316,3.7930348258706466,2.092436974789916
primary_teachers,share_of_national,constant,2006,unweighted,pre,23,0.043478260869565216,0.23682282414794614,0.09527778325969975,0.11358400509413692,0.42143044253490564,0.05060009175754565,0.10737079213911627,0.23594669793436185,3.866189989785496,2.139692307692308
primary_teachers,share_of_national,constant,2007,unweighted,pre,23,0.043478260869565216,0.23581306628516932,0.09444677575477055,0.11282307027879046,0.4191989097757078,0.05021166434111868,0.10669130100621727,0.23527220851381425,3.8395185556670013,2.094306049822064
primary_teachers,share_of_national,constant,2008,unweighted,pre,23,0.04347826086956521,0.23445002516111582,0.09317378349340263,0.11118370868137814,0.4161266489689792,0.049533108697527695,0.10522564398778389,0.2318989530546014,3.752186588921282,2.07953216374269
primary_teachers,share_of_national,constant,2009,unweighted,pre,23,0.04347826086956521,0.23394388144087672,0.09285216009852013,0.11109832022575325,0.41465986104442404,0.049435530405694594,0.1051492373253139,0.23205468144758,3.808955223880597,2.076246334310851
primary_teachers,share_of_national,constant,2010,unweighted,pre,23,0.043478260869565216,0.23567675263660257,0.09404946529651435,0.11232824728311047,0.4175820564225492,0.05002841817975723,0.10624916193844636,0.23327127084778898,3.8161157024793386,2.1314814814814813
primary_teachers,share_of_national,constant,2011,unweighted,post,23,0.043478260869565216,0.23675562147537724,0.0952320455007375,0.11393281771190898,0.41975527911591914,0.05069786767302287,0.10768209817291807,0.2357564330280948,3.94558521560575,2.2001235330450895
primary_teachers,share_of_national,constant,2012,unweighted,post,23,0.04347826086956521,0.2372229066278422,0.09542027109930966,0.11389846668078762,0.4203794143066596,0.050752194403641315,0.10765144560643136,0.23475878606372014,4.046938775510204,2.270639354438237
primary_teachers,share_of_national,constant,2013,unweighted,post,23,0.043478260869565216,0.23332581836602342,0.0925766358249367,0.10990878418441011,0.41515337372886896,0.049129714356201504,0.10408414673525934,0.22742493610216719,3.8648905803996194,2.13231981981982
primary_teachers,share_of_national,constant,2014,unweighted,post,23,0.043478260869565216,0.2338346489520038,0.09275097989375183,0.10974555379452909,0.41576815830251557,0.049157055659798665,0.10393789410511767,0.22593971766827325,3.8599810785241253,2.190800681431005
primary_teachers,share_of_national,constant,2015,unweighted,post,23,0.04347826086956521,0.23577101877738144,0.09434344258250738,0.11154314301848955,0.4195528255930782,0.04997035549646511,0.10554719882291475,0.22865334963666806,3.7989130434782608,2.2574031890660593
primary_teachers,share_of_national,constant,2016,unweighted,post,23,0.043478260869565216,0.2396494565217391,0.09829623817237702,0.11746851078743006,0.42667190732916344,0.05229128695697516,0.11083148947814614,0.2402822364281869,3.963461538461538,2.4044253226797787
primary_teachers,share_of_national,constant,2017,unweighted,post,23,0.043478260869565216,0.24330938141752165,0.10070272518536759,0.11993260854119386,0.43239530089781386,0.05347391285909697,0.1130197904066993,0.24299701503118643,4.286463798530955,2.5015852885225107
primary_teachers,share_of_national,constant,2018,unweighted,post,23,0.04347826086956521,0.2420776705972313,0.1002127131610406,0.11987020918874391,0.43046202897130725,0.053328553191041905,0.11296444168914033,0.24385549697764608,4.278131634819533,2.42643391521197
primary_teachers,share_of_national,constant,2019,unweighted,post,23,0.04347826086956521,0.24017981461066196,0.09958663406053445,0.11975316055506752,0.42798619877848426,0.05313779908412597,0.11286060931241715,0.24471999205187356,4.175526579739218,2.4142335766423355
primary_teachers,share_of_national,constant,2020,unweighted,post,23,0.04347826086956521,0.24041797109024873,0.09905771100852412,0.11834248381407558,0.4288143009643906,0.05266947908259734,0.11160825928511153,0.24205026904272142,3.9561643835616436,2.2966101694915255
primary_teachers,share_of_national,constant,2021,unweighted,post,23,0.043478260869565216,0.23804074410568074,0.0960293603218186,0.11220566251958797,0.4257279509806299,0.050567908642574766,0.1061395949878331,0.2270422923992903,3.6314907872696818,2.2932131495227996
primary_teachers,share_of_national,constant,2022,unweighted,post,23,0.043478260869565216,0.23544901726571824,0.09304481224113592,0.10879631312198206,0.41775603160978325,0.0490620300432989,0.10308691167940787,0.22117191169764627,3.536566589684373,2.257315842583249
primary_teachers,share_of_national,constant,2023,unweighted,post,23,0.043478260869565216,0.23690663911532245,0.0938521911429019,0.10931320043732061,0.42075812649096267,0.04937644353002035,0.10355039488310835,0.22163626126853442,3.520865533230294,2.2197008767405877
private_gym_members,per_head,as_printed,2007,population,pre,24,3.8213541741107715,0.45421831826361714,0.3594332233842219,0.3493047686817945,0.9655465165681115,0.16452500771806045,0.29482181870798285,0.4659250983277884,5.7783727386330455,4.242511650723571
private_gym_members,per_head,as_printed,2008,population,pre,24,3.95615258980355,0.3221400161920685,0.1661765974434201,0.18741227402882116,0.5760937822340503,0.08493070143343262,0.17089815124493846,0.32800171784227883,4.836945214257774,3.331158154310309
private_gym_members,per_head,as_printed,2009,population,pre,24,3.6341750471237595,0.285905338660155,0.13188103603018136,0.13756647440449576,0.5244448305091765,0.06553603188514845,0.12852358280421028,0.23773633452198184,4.217322761404572,2.692560947181533
private_gym_members,per_head,as_printed,2011,population,post,24,4.24625185302823,0.2828072461854523,0.12497331227460001,0.13437205268059366,0.5035728325706805,0.06303073328396214,0.1257352684503522,0.24132544782108623,4.346612753651354,2.531552890146762
private_gym_members,per_head,as_printed,2012,population,post,24,4.145444844605433,0.2785215986628491,0.13434659629177853,0.1639096187469455,0.4987453038873254,0.07166163149073701,0.15118126428564183,0.31485686503403987,5.1801803009484235,3.2988149887904346
private_gym_members,per_head,as_printed,2013,population,post,24,4.591963097001731,0.26977956048708834,0.11371279648943161,0.12199744135603761,0.47923025693753135,0.05742783111855798,0.11484936671494672,0.22221972725178374,4.525846744566377,2.4579617425608355
private_gym_members,per_head,as_printed,2014,population,post,24,4.596303619339621,0.2814070093043107,0.12627764652525206,0.13363668386913577,0.5145177379260697,0.0630491873138469,0.12509212498897404,0.24071149647744527,4.2556253697324005,2.7440061871616397
private_gym_members,per_head,as_printed,2015,population,post,24,4.76977491321817,0.2758928554853145,0.12150142825185235,0.1273039250957524,0.5063533798676649,0.06043126997089987,0.11953396379585113,0.22948879221458618,3.805625156725073,2.2546697674933083
private_gym_members,per_head,as_printed,2016,population,post,24,4.758723142516664,0.2748326097501664,0.12023355717607456,0.1260914034738188,0.5030772155239513,0.05984860786664892,0.11846573219349477,0.22771166423393463,3.7680734811393437,2.2701234291273065
private_gym_members,per_head,as_printed,2017,population,post,24,5.690501846149431,0.24910313400438594,0.09920302645495518,0.10043539791569828,0.45906473108278134,0.04883159868750486,0.09555646053672207,0.18014580672966007,3.7584288493728324,2.1694062888707584
private_gym_members,per_head,as_printed,2018,population,post,24,5.7169485100986135,0.24797518456717668,0.09811565037476176,0.09938726235778665,0.4561352992011154,0.048322938609817845,0.0946079841237919,0.17850664326845977,3.733175431992974,2.187689130121524
private_gym_members,per_head,as_printed,2019,population,post,24,12.829233021055948,0.26801890845256693,0.11815360363113306,0.13547372281073392,0.4820663889857939,0.06122455509414604,0.1266978894481765,0.2669088257387837,3.1608663883039307,2.550300918774814
private_gym_members,per_head,as_printed,2020,population,post,24,12.675657096948207,0.26339686438000975,0.11466471748638593,0.12974134593827158,0.4771183640607039,0.059093459605950804,0.12167741675397681,0.25487337451945036,3.0521880365993113,2.232221572456083
private_gym_members,per_head,as_printed,2021,population,post,24,12.666368544473302,0.25899018916391325,0.11068943293618638,0.12502970854126977,0.46850260048106723,0.05704488225828175,0.11752931472161443,0.24721129305224931,3.045767194536455,2.36926668980678
private_gym_members,per_head,as_printed,2022,population,post,24,13.79765282598322,0.22600354849270785,0.08388264312249963,0.09955548605361329,0.39524101077815,0.04450771405594067,0.09476027970465273,0.21475167645644955,3.3443220042421604,2.2572236733478603
private_gym_members,per_head,as_printed,2023,population,post,24,16.55747842421137,0.1990494007521508,0.06575598520440018,0.07716591043275156,0.3498649481832685,0.03484095878966886,0.07426374843735362,0.1706829919618913,2.8012238619493255,1.8600837613953252
private_gym_members,per_head,as_printed,2007,unweighted,pre,24,3.8213541741107715,0.39567647603015493,0.2781552229414575,0.26049450771233196,0.8651247746613145,0.12652858767625852,0.22932961089209825,0.38019398791920844,5.188303813188633,3.4638281262362796
private_gym_members,per_head,as_printed,2008,unweighted,pre,24,3.95615258980355,0.3330296863723852,0.176061556562768,0.1956872303239078,0.5957514271956682,0.08930018942732842,0.17773062461061706,0.3324036075480715,4.836945214257774,3.410549503470839
private_gym_members,per_head,as_printed,2009,unweighted,pre,24,3.6341750471237595,0.3085759112063146,0.15219538730484936,0.15821823237696508,0.5644832773639595,0.07529946544635757,0.14633653536803137,0.2635492692680039,4.217322761404572,3.0535185378422423
private_gym_members,per_head,as_printed,2011,unweighted,post,24,4.24625185302823,0.2920911152362531,0.1329695365382304,0.14173533547955225,0.521992310263122,0.06670540689918547,0.13214908456036012,0.2495331534152614,4.346612753651354,2.995760457583902
private_gym_members,per_head,as_printed,2012,unweighted,post,24,4.145444844605433,0.3126430382851476,0.15644078512231363,0.1776202865603035,0.5556620224898123,0.08042417084844178,0.1627397178810034,0.31376209781014097,5.1801803009484235,3.725051050655424
private_gym_members,per_head,as_printed,2013,unweighted,post,24,4.591963097001731,0.2798333802486486,0.12178867275174302,0.12862810805920274,0.500083291698165,0.060966803000809255,0.1206990903302857,0.22867133298685305,4.525846744566377,2.7717365273887045
private_gym_members,per_head,as_printed,2014,unweighted,post,24,4.596303619339621,0.2968139428603144,0.1385249205003662,0.14369840687548874,0.5437172811457783,0.0684122889067531,0.13385106676553515,0.2494562685733922,4.2556253697324005,2.941090376875229
private_gym_members,per_head,as_printed,2015,unweighted,post,24,4.76977491321817,0.28124336573440994,0.12579648611645694,0.12806966438941803,0.5218665629880975,0.06169109796047312,0.12020791316882118,0.22438129648129057,3.805625156725073,2.7090866178534894
private_gym_members,per_head,as_printed,2016,unweighted,post,24,4.758723142516664,0.2798433332128848,0.12430075977602772,0.12665951340938486,0.5181406653929552,0.0610064911193231,0.11896639833940603,0.2223804693319824,3.7680734811393437,2.7080066873658324
private_gym_members,per_head,as_printed,2017,unweighted,post,24,5.690501846149431,0.2568777073445093,0.1043430313388691,0.10550437414871944,0.47142483083540665,0.05129060898427151,0.10012946332938077,0.1873766710167154,3.7584288493728324,2.46022870623022
private_gym_members,per_head,as_printed,2018,unweighted,post,24,5.7169485100986135,0.2555444703297382,0.10314302486225978,0.10433312165689973,0.46833029930802494,0.05072594383991014,0.09907487024416128,0.18556813050016074,3.733175431992974,2.4556423553582083
private_gym_members,per_head,as_printed,2019,unweighted,post,24,12.829233021055948,0.3036991599993643,0.14963818347878782,0.16165065838962983,0.5641417070993177,0.07484027694667272,0.14926164906006878,0.2929543933840658,4.575039746599203,2.7530481752135887
private_gym_members,per_head,as_printed,2020,unweighted,post,24,12.675657096948207,0.2939266619095642,0.14338703074315431,0.15276056434588892,0.5556755125606115,0.0712981531575102,0.14166478673734406,0.27824220794281573,4.271840031820496,2.7022924001588797
private_gym_members,per_head,as_printed,2021,unweighted,post,24,12.666368544473302,0.28836285656708555,0.13770936830417208,0.14621881469900744,0.544257707591654,0.06844652106210125,0.1360313665367031,0.2682593764064658,3.7281924934841255,2.509404505961607
private_gym_members,per_head,as_printed,2022,unweighted,post,24,13.79765282598322,0.22851800797274827,0.0845123210902479,0.09782306324581616,0.401339129255776,0.04430040210986885,0.09319066253897335,0.20712555614519468,3.030828917144459,2.0633726684430913
private_gym_members,per_head,as_printed,2023,unweighted,post,24,16.55747842421137,0.20156695698811683,0.067174996591983,0.07874082367225663,0.3538865980254537,0.03556327052363828,0.07572055524295074,0.1735147541325709,2.7537156303536605,1.980670907415527
private_gym_members,per_head,constant,2007,population,pre,23,3.636625751081886,0.4539236443056625,0.3592332900466212,0.349190952912968,0.9651825281089967,0.16445606900434628,0.2947415537434962,0.4658881159748621,5.444372829161743,4.242511650723571
private_gym_members,per_head,constant,2008,population,pre,23,3.7750499403492532,0.3221207968510586,0.16617588204715653,0.18741191991465125,0.5760912734779575,0.08493046069693932,0.17089785764817322,0.3280015595327629,4.849461879796244,3.331158154310309
private_gym_members,per_head,constant,2009,population,pre,23,3.637946964686159,0.279916617953587,0.12469770505190893,0.12882481324155398,0.5126452712342882,0.061719397619835914,0.12087203636581523,0.22469496716723725,4.217322761404572,2.636229690690166
private_gym_members,per_head,constant,2011,population,post,23,4.080538846118627,0.28149098231475095,0.12354154148807799,0.13356216805660392,0.4985042347011125,0.0625097035992741,0.12502692808870663,0.2407959757974808,4.588090953065667,2.531552890146762
private_gym_members,per_head,constant,2012,population,post,23,3.992564124661081,0.2776758882186046,0.1330465185964233,0.16309862627549335,0.4945350903488704,0.07116709703992008,0.15049259946810345,0.31438002382289,5.614210212251506,3.2988149887904346
private_gym_members,per_head,constant,2013,population,post,23,4.423046691354527,0.26703543521168094,0.11107397613889572,0.12043825302676538,0.4697594668062465,0.056443686683062544,0.11346817368767115,0.22109658889339467,4.248853092517204,2.4579617425608355
private_gym_members,per_head,constant,2014,population,post,23,4.418172040948918,0.27913004028022886,0.12330453797359943,0.13186118592659207,0.5046797365250344,0.0619378530565754,0.12353734801375527,0.23947843245731115,4.095127269442755,2.8301787952560016
private_gym_members,per_head,constant,2015,population,post,23,4.5917356203668644,0.2728425397582174,0.11789244497431926,0.12508965271710612,0.49449738632611073,0.05906217148183013,0.1175822121140826,0.22785841511934413,3.7185363485409457,2.3740370077039383
private_gym_members,per_head,constant,2016,population,post,23,4.583714749802022,0.27134541935815654,0.11648147094490341,0.1237647712202834,0.49079128330974053,0.05841724405288118,0.11641233831349318,0.22597145349535375,3.649794038082308,2.388988465687495
private_gym_members,per_head,constant,2017,population,post,23,5.528371584956618,0.2468157263771796,0.09655597612565854,0.09867044876228961,0.450273896147624,0.04777818031149128,0.09395875415692334,0.17855009159066249,3.002041029998573,2.417135891333372
private_gym_members,per_head,constant,2018,population,post,23,5.557564424286242,0.2453123452982313,0.09540582610991308,0.09756151935730575,0.4471683813414629,0.04723862515502142,0.09295346108077207,0.17683156199118621,2.973190085721834,2.439568909193441
private_gym_members,per_head,constant,2019,population,post,23,12.897135840208037,0.26783814542509815,0.11803606157681529,0.1353173967885336,0.4818829077387329,0.061158889446367604,0.12656135893169684,0.2666851560367006,3.1608663883039307,2.550300918774814
private_gym_members,per_head,constant,2020,population,post,23,12.742447494513488,0.2631152539907348,0.11454279888943332,0.12957906564662935,0.47692622976954324,0.05902524374193818,0.12153487074311986,0.254633292379315,3.0521880365993113,2.232221572456083
private_gym_members,per_head,constant,2021,population,post,23,12.737401302557899,0.2586323363188058,0.11056489639388614,0.12486260905262024,0.4683043221297298,0.05697484566603683,0.11738184200039115,0.24695693121404072,3.045767194536455,2.36926668980678
private_gym_members,per_head,constant,2022,population,post,23,13.631878174799947,0.2157336705921217,0.07919036463504957,0.09518538493122473,0.382067622667046,0.04229766772383936,0.09079563394517787,0.20961839148997352,3.3443220042421604,2.0633726684430913
private_gym_members,per_head,constant,2023,population,post,23,16.399243840888026,0.19086060843376362,0.06181728732235506,0.07354398456896714,0.33723002274844505,0.032987844856174675,0.07090472096260425,0.1660145427641192,2.8012238619493255,1.8045537764921875
private_gym_members,per_head,constant,2007,unweighted,pre,23,3.636625751081886,0.3905676367229968,0.28214117650518333,0.2546505975341183,0.8939861952954246,0.1258280062079008,0.22481269699645945,0.36807493486547127,4.642505335509827,2.4277425646026325
private_gym_members,per_head,constant,2008,unweighted,pre,23,3.7750499403492532,0.32943943268471104,0.17211104874775235,0.1886081173760451,0.5928733930880759,0.08676762521002512,0.17188903458623372,0.32031774850853656,4.2239688549558965,3.4023474644041416
private_gym_members,per_head,constant,2009,unweighted,pre,23,3.637946964686159,0.3090134596808206,0.15094303702714365,0.1560895366730552,0.5640339022760585,0.07448232611283323,0.14451741012316133,0.2603185628377721,4.217322761404572,3.0535185378422423
private_gym_members,per_head,constant,2011,unweighted,post,23,4.080538846118627,0.2864599847621019,0.12761583188980266,0.13511568615779784,0.5120902730402981,0.06388723177029576,0.12638515930242578,0.23855438290777053,4.346612753651354,2.9711698215988016
private_gym_members,per_head,constant,2012,unweighted,post,23,3.992564124661081,0.3106862548441999,0.15430616815112558,0.17365556027246587,0.5536155649630812,0.07904320897412043,0.15941362085549104,0.30601894468583424,5.1801803009484235,3.61372419922297
private_gym_members,per_head,constant,2013,unweighted,post,23,4.423046691354527,0.2729962592529394,0.11552495417639001,0.1218577376570969,0.4857612714124018,0.057888144406467834,0.11472569925915777,0.21794618960330558,4.248853092517204,2.7670669315699548
private_gym_members,per_head,constant,2014,unweighted,post,23,4.418172040948918,0.28981191342106255,0.13217338999098188,0.13640606846561582,0.5318001692807766,0.06519267498269254,0.1275117294273106,0.2380689161410654,4.095127269442755,2.6679176320009694
private_gym_members,per_head,constant,2015,unweighted,post,23,4.5917356203668644,0.2726684170878689,0.11853896804353437,0.120426725488404,0.5065077981101835,0.058150240760130534,0.1134579540991314,0.21275536778082593,3.7185363485409457,2.7090866178534894
private_gym_members,per_head,constant,2016,unweighted,post,23,4.583714749802022,0.2712819642991229,0.11711684935876716,0.1191496578682166,0.5026817132672952,0.05751393614263445,0.11232505671906623,0.21096904390987536,3.649794038082308,2.7080066873658324
private_gym_members,per_head,constant,2017,unweighted,post,23,5.528371584956618,0.252334201544002,0.10097763543283907,0.101444071724372,0.46520803854370724,0.04950530856244029,0.09646828910029837,0.180269973103394,3.002041029998573,2.46022870623022
private_gym_members,per_head,constant,2018,unweighted,post,23,5.557564424286242,0.25108582225739706,0.0999245876345343,0.1004427427571523,0.4623686204145397,0.04901618033970445,0.09556310350672748,0.17872782215311678,2.973190085721834,2.4556423553582083
private_gym_members,per_head,constant,2019,unweighted,post,23,12.897135840208037,0.30976357064329685,0.15484768297508575,0.16816750643375322,0.5724706431538217,0.07759022716173036,0.15478775566247127,0.3024226702543714,4.575039746599203,2.7530481752135887
private_gym_members,per_head,constant,2020,unweighted,post,23,12.742447494513488,0.3000740175519669,0.14836150000524023,0.15888940012624264,0.5638681057648007,0.07390941604762225,0.1469092945239917,0.2873823795142212,4.271840031820496,2.7022924001588797
private_gym_members,per_head,constant,2021,unweighted,post,23,12.737401302557899,0.29429359245057507,0.14237081268670354,0.1520087781537038,0.5519823028186767,0.07090902167437863,0.1410192595569394,0.27717337367721795,3.7281924934841255,2.509404505961607
private_gym_members,per_head,constant,2022,unweighted,post,23,13.631878174799947,0.22509551285189783,0.08305358791164068,0.09667843880618208,0.3971320517607872,0.04365766568212115,0.09215211214753671,0.20621929012249085,2.8294749817033242,2.062620760295179
private_gym_members,per_head,constant,2023,unweighted,post,23,16.399243840888026,0.1991585882402636,0.06606644468077258,0.0779488384431673,0.3501208790373976,0.03508870374575368,0.0749882496258133,0.17309976438513874,2.7537156303536605,1.9215409758126822
private_gym_members,share_of_national,as_printed,2007,population,pre,24,0.041666666666666664,0.5866003796606485,0.7025003310488231,0.6428482508958973,1.5206942051819201,0.29244818558410923,0.4742073002666972,0.6578963358063389,7.9141630901287545,4.306358381502889
private_gym_members,share_of_national,as_printed,2008,population,pre,24,0.041666666666666664,0.38701818339554717,0.24336425743672274,0.2961663732649479,0.6915469144517786,0.12646718534755907,0.2563363080291766,0.4810415484172774,9.666666666666666,4.942701227830833
private_gym_members,share_of_national,as_printed,2009,population,pre,24,0.041666666666666664,0.3869570223362597,0.24041765442298502,0.2772712725811729,0.7053485189606853,0.12190057751884287,0.24215111439994896,0.4480365390685348,7.3090909090909095,3.8668197474167623
private_gym_members,share_of_national,as_printed,2011,population,post,24,0.041666666666666664,0.3748978143218404,0.23167141920645892,0.27002026232394494,0.6920110617559565,0.11813544159315081,0.23663597334904762,0.44330098400198725,8.02887537993921,4.254761904761905
private_gym_members,share_of_national,as_printed,2012,population,post,24,0.041666666666666664,0.40299554521136927,0.27444122732194287,0.35941979488835063,0.7188437866288653,0.14653814113134334,0.3019187611034192,0.5535776627520876,10.861423220973782,10.24689165186501
private_gym_members,share_of_national,as_printed,2013,population,post,24,0.041666666666666664,0.35681489315434656,0.2103802057724575,0.24964734512977277,0.6474662454400548,0.10883285493840522,0.2209245206058572,0.42135422095442376,6.955414012738853,3.8455958549222795
private_gym_members,share_of_national,as_printed,2014,population,post,24,0.041666666666666664,0.37038197803728107,0.22513778231879583,0.2738013263121334,0.6671592670036219,0.11724560091918734,0.23951685175510617,0.46019413938778475,7.403935185185185,3.9549376797698947
private_gym_members,share_of_national,as_printed,2015,population,post,24,0.041666666666666664,0.3769983767671458,0.2334262196036879,0.27481870334366676,0.6878647805298147,0.11974925605413145,0.24029015640510265,0.44607388018724314,9.146683673469388,4.200995024875622
private_gym_members,share_of_national,as_printed,2016,population,post,24,0.041666666666666664,0.3763015217511401,0.23265081372636404,0.27403910149930083,0.6865370546678387,0.11939265318359471,0.23969765428198886,0.4454940812759024,9.145202020202019,4.200985221674877
private_gym_members,share_of_national,as_printed,2017,population,post,24,0.041666666666666664,0.34939836741510344,0.1993449281312579,0.23098424702639128,0.6349075389831061,0.1021786501820543,0.20624803010941029,0.3959097807719951,7.824390243902439,3.2979310344827586
private_gym_members,share_of_national,as_printed,2018,population,post,24,0.041666666666666664,0.34872976067610406,0.19865407647345606,0.2302934522148078,0.6336286352365627,0.10185854244451287,0.20569952093509247,0.39529548995720054,7.826923076923077,3.2975543478260865
private_gym_members,share_of_national,as_printed,2019,population,post,24,0.041666666666666664,0.38350090834698525,0.25252984796249867,0.3335770288978093,0.6852494919169436,0.13547630396907662,0.2836432836536221,0.5595923081177214,9.867015706806283,4.449632144878325
private_gym_members,share_of_national,as_printed,2020,population,post,24,0.041666666666666664,0.3822631366962934,0.25093467367006583,0.32886791548534045,0.6841385908552675,0.1342658177751851,0.28026192327649213,0.5514366174337535,9.233708966193042,4.275126333520494
private_gym_members,share_of_national,as_printed,2021,population,post,24,0.041666666666666664,0.3803542098116851,0.2475326641077131,0.3236415978329322,0.6798149809451336,0.13240858406629752,0.27649049670889525,0.5444861175063995,9.159883720930232,4.299605411499436
private_gym_members,share_of_national,as_printed,2022,population,post,24,0.041666666666666664,0.36197102512432633,0.22346840794597567,0.2667017837219171,0.6749588533050039,0.11531282810316235,0.2340985583108589,0.44626378858611937,6.333333333333332,3.7499999999999996
private_gym_members,share_of_national,as_printed,2023,population,post,24,0.041666666666666664,0.328464986781988,0.18450218581197023,0.2140794608621486,0.6132789513717247,0.09477780523203616,0.19271576502730425,0.37762601105659344,4.638888888888888,2.8852791878172592
private_gym_members,share_of_national,as_printed,2007,unweighted,pre,24,0.041666666666666664,0.5629911661790857,0.6698006505376457,0.5757682971025606,1.6301219543514502,0.2694274843125197,0.4377272896790311,0.6221136045610958,10.575757575757576,5.721649484536083
private_gym_members,share_of_national,as_printed,2008,unweighted,pre,24,0.041666666666666664,0.43582877499056205,0.30699088966004634,0.3536409953304447,0.8092361937644669,0.15361124453920183,0.2978730110181179,0.5145632723097204,12.47557003257329,6.973737373737373
private_gym_members,share_of_national,as_printed,2009,unweighted,pre,24,0.041666666666666664,0.425430782207533,0.2943968430641323,0.32196492198502413,0.8162079483432508,0.14391633460178122,0.2752763882502599,0.4766779142377462,9.355555555555554,4.102803738317757
private_gym_members,share_of_national,as_printed,2011,unweighted,post,24,0.041666666666666664,0.4197389248967892,0.2893078022146098,0.3201173846678609,0.8003650918446343,0.14262726473196075,0.27393619668717695,0.47185576459725387,8.235023041474655,4.600303951367781
private_gym_members,share_of_national,as_printed,2012,unweighted,post,24,0.041666666666666664,0.4711373853381051,0.3669971095128961,0.4277263057326174,0.8883486991468221,0.18290829468516423,0.3480101637382711,0.5642597473732519,13.416279069767443,6.986027944111776
private_gym_members,share_of_national,as_printed,2013,unweighted,post,24,0.041666666666666664,0.40849123730432574,0.2735605810182067,0.3043583362277449,0.7661942769382067,0.1359620038697189,0.26240348846209316,0.45311627181907743,6.533450704225351,4.73209549071618
private_gym_members,share_of_national,as_printed,2014,unweighted,post,24,0.041666666666666664,0.43126487063716573,0.3037712690061729,0.3494644821734738,0.810321247599237,0.15186053427491508,0.29493443618406834,0.5113271518027014,9.5707656612529,6.112
private_gym_members,share_of_national,as_printed,2015,unweighted,post,24,0.041666666666666664,0.4310853445509963,0.3042466076500897,0.3338901621648861,0.8243835345872575,0.14912992149267212,0.2838675636560065,0.4786339239551113,7.761029411764706,5.508426966292135
private_gym_members,share_of_national,as_printed,2016,unweighted,post,24,0.041666666666666664,0.4311060910898544,0.30428051300283765,0.33394355157511346,0.8244246015281447,0.1491484455310319,0.28390579652380343,0.47870336300734606,7.766848816029143,5.50904033379694
private_gym_members,share_of_national,as_printed,2017,unweighted,post,24,0.041666666666666664,0.40315721360283674,0.2637840849702836,0.2889063964759579,0.7606315591649847,0.13017927013337027,0.2509176811339717,0.43742604863366374,7.0318840579710145,5.103370786516854
private_gym_members,share_of_national,as_printed,2018,unweighted,post,24,0.041666666666666664,0.4031573361634386,0.2637850936134572,0.2889176367304498,0.7606284719955196,0.13018144825754008,0.2509261009625505,0.4374547726080946,7.035714285714286,5.105204872646733
private_gym_members,share_of_national,as_printed,2019,unweighted,post,24,0.041666666666666664,0.4684032119222066,0.3686658229671216,0.4549738514994272,0.881502061197117,0.18695489054167325,0.3655354419718164,0.6291272049011013,12.096153846153847,8.342179559570862
private_gym_members,share_of_national,as_printed,2020,unweighted,post,24,0.041666666666666664,0.466792233427142,0.36678649445216166,0.4475004157951848,0.8813783796889619,0.18525371113481826,0.3607760495359661,0.6199197200062743,10.233870967741936,8.290684624017958
private_gym_members,share_of_national,as_printed,2021,unweighted,post,24,0.041666666666666664,0.46480163485614623,0.3623498193216579,0.4399361981001047,0.8759087216359512,0.18292525262567394,0.35592248685872974,0.6096062905194515,10.412969283276452,8.091514143094841
private_gym_members,share_of_national,as_printed,2022,unweighted,post,24,0.041666666666666664,0.4126695736434107,0.28425485039160414,0.3080596302438997,0.797518884423032,0.13922362447849346,0.2651285038640222,0.4480566762362145,6.176470588235294,5.333333333333333
private_gym_members,share_of_national,as_printed,2023,unweighted,post,24,0.041666666666666664,0.3724112656464974,0.22914207754736982,0.2439661508544355,0.7112799470502067,0.11250660102206578,0.21648584490130596,0.3795781064537306,5.003521126760564,4.417233560090703
private_gym_members,share_of_national,constant,2007,population,pre,23,0.04347826086956521,0.5963684739306456,0.6814517791408894,0.6710946612417501,1.4310907140943767,0.2947402799915567,0.4888512632865656,0.6811568803332855,13.88412017167382,5.329479768786126
private_gym_members,share_of_national,constant,2008,population,pre,23,0.043478260869565216,0.4286323497298062,0.2991022293882764,0.35590339603364185,0.7884488738537861,0.1519346089858058,0.29945970806268274,0.5309432178890705,9.680808080808081,6.527967257844475
private_gym_members,share_of_national,constant,2009,population,pre,23,0.043478260869565216,0.3678338437544134,0.2197253865926782,0.265028676552261,0.6605608344640242,0.11408784042777387,0.23281605053021326,0.45018756005306726,7.3090909090909095,3.8668197474167623
private_gym_members,share_of_national,constant,2011,population,post,23,0.04347826086956523,0.4063381762453241,0.27202076261546426,0.3186877589263592,0.7501278673433158,0.13808640124651483,0.27289745485487504,0.49068010838882303,9.720364741641339,6.289285714285715
private_gym_members,share_of_national,constant,2012,population,post,23,0.043478260869565216,0.4129465787766761,0.2937895062017745,0.3945175019936827,0.7363125672729721,0.15811520002008306,0.32599483304487176,0.5866730650761256,11.741573033707864,10.301953818827709
private_gym_members,share_of_national,constant,2013,population,post,23,0.043478260869565216,0.3927963871639493,0.25156172405033556,0.29792079200872673,0.7133537058797826,0.1289841122070341,0.25763986172555886,0.47054395312834607,8.33375796178344,5.658031088082901
private_gym_members,share_of_national,constant,2014,population,post,23,0.043478260869565216,0.4021109666780506,0.2636957916770904,0.3214959103990588,0.7249970711765348,0.13648707249994008,0.2749364047578602,0.5066297333280008,7.991898148148148,6.13326941514861
private_gym_members,share_of_national,constant,2015,population,post,23,0.043478260869565216,0.40456797510165127,0.26824025760221587,0.3205346595289784,0.7339791441793481,0.13774457596149958,0.2742391016581569,0.4925716189417937,9.317602040816325,7.135323383084578
private_gym_members,share_of_national,constant,2016,population,post,23,0.043478260869565216,0.40414411140343903,0.2677194254670606,0.32011592154778956,0.7330182820329701,0.13752835375664418,0.2739351343678764,0.49244461289835806,9.315656565656564,7.135960591133005
private_gym_members,share_of_national,constant,2017,population,post,23,0.043478260869565216,0.37816312058925267,0.232433770054253,0.2728415088164243,0.6826971743361996,0.11921855236980816,0.23878657631472033,0.4432321680051986,7.912195121951219,5.531034482758621
private_gym_members,share_of_national,constant,2018,population,post,23,0.04347826086956523,0.37775349184582013,0.23196185994848054,0.27245120643284865,0.6817737269029122,0.11901896587563077,0.2384894149134178,0.4430443346862437,7.915384615384615,5.529891304347826
private_gym_members,share_of_national,constant,2019,population,post,23,0.04347826086956521,0.3625233625623955,0.23162592202266186,0.3227380497003532,0.6410487877856409,0.1277620175427484,0.2758364756230234,0.566755552224381,9.867015706806283,4.449632144878325
private_gym_members,share_of_national,constant,2020,population,post,23,0.043478260869565216,0.36112967570907906,0.2300873604163699,0.31809412419544814,0.6398388298027895,0.12658380873892838,0.2724656933895214,0.5585610730957362,9.233708966193042,4.275126333520494
private_gym_members,share_of_national,constant,2021,population,post,23,0.04347826086956521,0.35931597123573256,0.226650962767472,0.3125634948129594,0.6354548087280001,0.12464945124987437,0.2684308233761198,0.5512670324786004,9.159883720930232,4.299605411499436
private_gym_members,share_of_national,constant,2022,population,post,23,0.043478260869565216,0.357390115541454,0.2211701141018269,0.2790778225504218,0.6511436365008552,0.11731877610123176,0.24351897035884074,0.47172100176020804,7.499999999999999,4.071428571428571
private_gym_members,share_of_national,constant,2023,population,post,23,0.043478260869565216,0.3330057686053503,0.18882938207783365,0.23015205459720647,0.6033939607172374,0.0993271572546065,0.2055872007989803,0.4069812373684343,6.146067415730336,3.0178680203045687
private_gym_members,share_of_national,constant,2007,unweighted,pre,23,0.04347826086956521,0.592147202083006,0.7232774525520848,0.6352529915603368,1.6511449644507552,0.29274719582107145,0.4701985639307401,0.6479277363327192,11.175757575757576,5.412371134020619
private_gym_members,share_of_national,constant,2008,unweighted,pre,23,0.043478260869565216,0.4757537373870717,0.37559114238993285,0.40967707185588803,0.940276024922656,0.18054828653237542,0.3361354039127573,0.5469499261512416,15.586319218241043,6.973737373737373
private_gym_members,share_of_national,constant,2009,unweighted,pre,23,0.043478260869565216,0.4274830927853569,0.2958915338023961,0.3353675410314653,0.8033766916916243,0.1471072452071056,0.2849247814352359,0.4964339641604354,9.355555555555554,4.130841121495327
private_gym_members,share_of_national,constant,2011,unweighted,post,23,0.04347826086956523,0.4568839882183018,0.3483005206887158,0.3709687427462617,0.9051346027274677,0.16678888067678121,0.3099344892255441,0.5056593084022016,12.172811059907835,4.455927051671733
private_gym_members,share_of_national,constant,2012,unweighted,post,23,0.043478260869565216,0.4998720891490279,0.4175425004335209,0.47946966792801254,0.9603899289481329,0.20482822628347153,0.38088836048312014,0.5929258406545912,13.488372093023257,7.467065868263473
private_gym_members,share_of_national,constant,2013,unweighted,post,23,0.043478260869565216,0.4477183596633754,0.3305157220891523,0.35366424133179336,0.8706163624754224,0.15947225219522254,0.29788933247334526,0.48757378828970477,9.612676056338028,4.5782493368700266
private_gym_members,share_of_national,constant,2014,unweighted,post,23,0.043478260869565216,0.4679657660725064,0.36096701413622695,0.4008368812726928,0.9087274378254828,0.17555951689317206,0.33024069758695296,0.5431214323174989,14.842227378190255,5.48
private_gym_members,share_of_national,constant,2015,unweighted,post,23,0.043478260869565216,0.46604244132968975,0.3598006123370079,0.3838624299615859,0.9165436653053964,0.17231631484502918,0.3187748630981737,0.5118096628288012,13.181985294117649,5.452247191011236
private_gym_members,share_of_national,constant,2016,unweighted,post,23,0.043478260869565216,0.4660619109809044,0.35983114109268666,0.38391664337399223,0.9165704164776685,0.1723339599939343,0.31881179363638756,0.5118756259835332,13.193078324225864,5.453407510431155
private_gym_members,share_of_national,constant,2017,unweighted,post,23,0.043478260869565216,0.43749125900850666,0.31340705398243557,0.3342079577204831,0.846301409519422,0.1513819579907012,0.28409511120278075,0.4716873868229433,11.623188405797102,5.373033707865169
private_gym_members,share_of_national,constant,2018,unweighted,post,23,0.04347826086956523,0.4374883841355169,0.313403576721409,0.3342175633989313,0.8462870853396713,0.1513827413663218,0.2841019879219142,0.47171438551830547,11.628571428571428,5.3754152823920265
private_gym_members,share_of_national,constant,2019,unweighted,post,23,0.04347826086956521,0.46963553291188037,0.3727200246398362,0.47751903394155243,0.8692845887687939,0.19229005786879771,0.37967952165991914,0.6491407740957784,12.096153846153847,8.342179559570862
private_gym_members,share_of_national,constant,2020,unweighted,post,23,0.043478260869565216,0.46788227016885553,0.3710030355172217,0.46987182255613935,0.8693757129017666,0.19062796609761423,0.37491761538970036,0.6401998894510452,10.233870967741936,8.290684624017958
private_gym_members,share_of_national,constant,2021,unweighted,post,23,0.04347826086956521,0.46602677090706673,0.36628292159867365,0.4617164698351326,0.8636888261434397,0.1881352277922249,0.3697990043942355,0.6300580322764556,10.412969283276452,8.091514143094841
private_gym_members,share_of_national,constant,2022,unweighted,post,23,0.043478260869565216,0.42934782608695643,0.309374177842401,0.3406843094389395,0.8233033383668059,0.1522036978167408,0.2887165817719284,0.4776521724259859,6.705882352941177,5.555555555555555
private_gym_members,share_of_national,constant,2023,unweighted,post,23,0.043478260869565216,0.3933714987096506,0.25539923417493876,0.2745754854343345,0.7461019306004045,0.1255478354259132,0.24010535889312312,0.41099919060447887,5.233450704225352,4.498866213151927
private_sports_halls,per_head,as_printed,2007,population,pre,24,0.04588709135953187,0.29621765072783146,0.1389092616662902,0.15406336805893733,0.522384622987582,0.07099682676145158,0.1427823009313388,0.2741625165028325,4.138020618556701,3.2348247938886496
private_sports_halls,per_head,as_printed,2008,population,pre,24,0.051684505438138795,0.27589104615057564,0.12270248782157377,0.14282046128842601,0.4852198631764407,0.06406769280212377,0.1330903012253538,0.2796982070083819,3.7187310567791476,2.6290943423632793
private_sports_halls,per_head,as_printed,2009,population,pre,24,0.05234064764006011,0.2719735405574415,0.11776625746323735,0.12724968348765525,0.48197618273247667,0.05977979869357264,0.11948620460691661,0.22765385494552892,4.154460279757192,2.919778267913259
private_sports_halls,per_head,as_printed,2010,population,pre,24,0.05539009599782488,0.22354756332761194,0.07979848677199264,0.0864819236279871,0.3924771684584975,0.040867564988269156,0.08284787258208792,0.16444049636520675,3.056247680644648,2.3078918737969705
private_sports_halls,per_head,as_printed,2011,population,post,24,0.05783801472831629,0.242873835072185,0.09277369414470304,0.09910492603237853,0.42952667379857895,0.04700888076307197,0.09435232297945995,0.18403630091002743,3.202167796807945,2.5379446024387393
private_sports_halls,per_head,as_printed,2012,population,post,24,0.06329949274160011,0.26732950174885994,0.11388334081962628,0.12714703067118022,0.4723639345063199,0.05855752081502619,0.11939581274646427,0.23984520305761925,4.105822332974138,2.2274063188831743
private_sports_halls,per_head,as_printed,2013,population,post,24,0.06553280345867452,0.2595236571369561,0.10677900027940603,0.11734452065696734,0.45901076882252645,0.05460123078080059,0.1107212345234011,0.22051398873284478,3.9222990952634382,2.1019971469329533
private_sports_halls,per_head,as_printed,2014,population,post,24,0.0675011930296247,0.26766449306927376,0.11276929450149066,0.11909064598571441,0.4773400549839614,0.05663600407912861,0.11227267180396172,0.21219145032625353,3.804765419082762,3.305010893246188
private_sports_halls,per_head,as_printed,2015,population,post,24,0.07104298200827211,0.29115967655538655,0.1350190612959844,0.14605201952465502,0.5185991195942539,0.06832298058909125,0.13588724871910518,0.25523492465780917,4.355106041703796,3.4523605828079544
private_sports_halls,per_head,as_printed,2016,population,post,24,0.07012067971483617,0.28888077167776816,0.13325772096314067,0.1442486999268697,0.5147480608995081,0.06747909965607535,0.13432757138434026,0.2528372867610891,4.317297581493166,3.398000491470402
private_sports_halls,per_head,as_printed,2017,population,post,24,0.0947817760328713,0.2910823940919989,0.13465417096942578,0.15022334460823678,0.5140116222282947,0.06900769412689145,0.13948423659507292,0.2719261536735478,3.842568691178373,2.8734752025643306
private_sports_halls,per_head,as_printed,2018,population,post,24,0.09476012594350425,0.28822997811027845,0.1345551894796243,0.15738416892803436,0.5036493485871185,0.07050615749173272,0.14562422886137716,0.2925081837655914,5.039963768115941,3.4328631976350756
private_sports_halls,per_head,as_printed,2019,population,post,24,0.09672710627188742,0.2530508546814492,0.10158821822403893,0.11159176523147255,0.44862831723172064,0.051930456597330976,0.10559068804023697,0.21345307512543943,4.998385537934367,2.3826105307586793
private_sports_halls,per_head,as_printed,2020,population,post,24,0.10003657465528942,0.2456683148548373,0.09632567624301455,0.10887217771231933,0.4310714728138539,0.049954784717574086,0.10315495304242306,0.21478387113245223,5.02615597114731,2.0529699684751948
private_sports_halls,per_head,as_printed,2021,population,post,24,0.11077069542757617,0.22604866134406745,0.0839363369329344,0.09966858491896596,0.3952550501509052,0.04454721610928214,0.094862655500488,0.21501278221509124,3.3391771019677994,2.2541490444419314
private_sports_halls,per_head,as_printed,2022,population,post,24,0.10727757365065434,0.21958725179388616,0.07973057842575852,0.08673507813354307,0.39989729277897296,0.04065098580451887,0.08308002438904594,0.1743607432960056,3.063856125992916,1.7508512344700735
private_sports_halls,per_head,as_printed,2023,population,post,24,0.12300838752057207,0.21858357048917032,0.0774709897831192,0.08560360877030623,0.39165413328196536,0.03977903767772095,0.08204197037569116,0.17698833488735322,2.6415508259535003,1.9063406547865729
private_sports_halls,per_head,as_printed,2007,unweighted,pre,24,0.04588709135953187,0.2947112017507465,0.1349168598073295,0.1440209193263269,0.5249376105273599,0.06772031950042079,0.13413036553969604,0.2529395520891973,4.138020618556701,3.0618652849740933
private_sports_halls,per_head,as_printed,2008,unweighted,pre,24,0.051684505438138795,0.280098924942443,0.12440746800951971,0.14053722432038818,0.4934446968133758,0.06410871384311223,0.13110867955811523,0.2666784352932349,3.7187310567791476,2.874935864545921
private_sports_halls,per_head,as_printed,2009,unweighted,pre,24,0.05234064764006011,0.2829564768932144,0.12599792376934943,0.1334579186857564,0.504085352237951,0.06325418345094613,0.12493570794171294,0.23270492145589483,4.075146501206481,3.117736615072317
private_sports_halls,per_head,as_printed,2010,unweighted,pre,24,0.05539009599782488,0.23054476881093253,0.08229807761567837,0.08624867713346666,0.4054612217991289,0.04143953908895526,0.08263392511314682,0.15947553661308012,3.056247680644648,2.5406011262149852
private_sports_halls,per_head,as_printed,2011,unweighted,post,24,0.05783801472831629,0.24775719709158822,0.09508987724897026,0.09777808239671762,0.4435751065104721,0.04726443664963342,0.09314987256762708,0.17641324245869439,3.202167796807945,2.6091978651291443
private_sports_halls,per_head,as_printed,2012,unweighted,post,24,0.06329949274160011,0.28089472940655885,0.12384466687348325,0.1350022430471024,0.4995279295843448,0.06282472319519183,0.12628604809571187,0.2469650636152917,4.105822332974138,2.8875261402814676
private_sports_halls,per_head,as_printed,2013,unweighted,post,24,0.06553280345867452,0.27090007678458733,0.11501754988501513,0.1238909557866735,0.48181123319669406,0.058159647175689555,0.1165238264052646,0.22662486300538498,3.9548223050085745,2.7304743223965766
private_sports_halls,per_head,as_printed,2014,unweighted,post,24,0.0675011930296247,0.27336601980113706,0.1176388923541669,0.11975811976389791,0.49641898497982573,0.05799923721564282,0.11286500881100836,0.20658518172267004,3.804765419082762,3.4421931735657227
private_sports_halls,per_head,as_printed,2015,unweighted,post,24,0.07104298200827211,0.29686803778872434,0.13916686934846265,0.14124529133081754,0.5436803733894024,0.06823098576208475,0.1317236950759736,0.23642776365084706,4.046836049856185,3.5190488453944546
private_sports_halls,per_head,as_printed,2016,unweighted,post,24,0.07012067971483617,0.29446295779556514,0.13692550040253026,0.1389664906971252,0.53896236386327,0.06716000685067358,0.12974281031858925,0.23329889434623174,3.9736184717390794,3.5281358476404914
private_sports_halls,per_head,as_printed,2017,unweighted,post,24,0.0947817760328713,0.28367631745671257,0.12611212170748065,0.13477414676070668,0.5082122376899851,0.06336606229110187,0.1260867344574237,0.24223171259373188,3.842568691178373,2.4663499976484973
private_sports_halls,per_head,as_printed,2018,unweighted,post,24,0.09476012594350425,0.2943207790252853,0.1371701751467519,0.15470002533246602,0.518694205822879,0.07056752378938613,0.14332788112222172,0.28124804741560094,5.039963768115941,3.725101065784638
private_sports_halls,per_head,as_printed,2019,unweighted,post,24,0.09672710627188742,0.26145112367407075,0.10729601784523361,0.11571885814371602,0.4654790624619289,0.05431927027027217,0.1092743916500647,0.21602636573451395,4.5932138664554545,2.4307174307174306
private_sports_halls,per_head,as_printed,2020,unweighted,post,24,0.10003657465528942,0.2519219562025818,0.10069102777737479,0.11141206852028486,0.445870729999537,0.05164011898195897,0.10542995118691323,0.21488680323444775,4.577825040577601,2.4051398337112624
private_sports_halls,per_head,as_printed,2021,unweighted,post,24,0.11077069542757617,0.22866815681824365,0.08462329181046536,0.09796175239757575,0.40156690182832455,0.044360659819449255,0.09331641843610261,0.2073611238067551,3.0359707652309873,2.0614123198392864
private_sports_halls,per_head,as_printed,2022,unweighted,post,24,0.10727757365065434,0.20810153531912637,0.07215885101649837,0.0782876205961575,0.3806022738479135,0.0367902390322592,0.07530157402079363,0.15922511232802672,2.28169014084507,1.7027079680498736
private_sports_halls,per_head,as_printed,2023,unweighted,post,24,0.12300838752057207,0.21115016699206485,0.07316688109134578,0.08094684115245034,0.380868305840621,0.03759844508938426,0.07775728449851749,0.1696399848014274,2.30652345714491,1.9049389337168767
private_sports_halls,per_head,constant,2007,population,pre,23,0.04443364604341808,0.2907043111354519,0.1363312507126536,0.1524959960275499,0.5141462636533716,0.07002867829783399,0.14143766839056582,0.2731499487039213,4.303098868666995,3.2348247938886496
private_sports_halls,per_head,constant,2008,population,pre,23,0.050481485182820064,0.2713624638284009,0.11994083224012184,0.1409986104791803,0.47644392942595853,0.06298346218659456,0.13150948151751318,0.2784386837080729,3.7187310567791476,2.6290943423632793
private_sports_halls,per_head,constant,2009,population,pre,23,0.05072170761930245,0.2716897424903164,0.11757782198899902,0.1271344900773784,0.4813358976698417,0.05970837183391897,0.1193847693778064,0.2275697914802609,4.154460279757192,2.919778267913259
private_sports_halls,per_head,constant,2010,population,pre,23,0.05396789018284622,0.223336152752588,0.07972603654786217,0.08643410797396073,0.39219731077258324,0.04083874415501709,0.08280401730479792,0.16439642101546104,3.162875757229397,2.3078918737969705
private_sports_halls,per_head,constant,2011,population,post,23,0.05659860516936909,0.24275199475554796,0.09273681055541498,0.09907878998682425,0.42940546198592533,0.04699372608329333,0.09432865262119428,0.18401163604200266,3.202167796807945,2.6161003559059646
private_sports_halls,per_head,constant,2012,population,post,23,0.061535214326929044,0.2661572417509862,0.11254795789760494,0.1262491242392601,0.46812523898365005,0.058026452682795604,0.11860475748909949,0.23914430412778687,3.8576640831134568,2.536041939711665
private_sports_halls,per_head,constant,2013,population,post,23,0.06380973361389466,0.25833516939625295,0.10546314873277712,0.11644584665040211,0.45477864517182404,0.054072727098052775,0.10992170360726017,0.21976476280145363,3.6759722446345005,2.3887617827400023
private_sports_halls,per_head,constant,2014,population,post,23,0.06575071909584769,0.2667954932781521,0.11126442383270951,0.11803101534148758,0.47282256771571946,0.05602297621051566,0.11133151016949627,0.21126034135238858,3.804765419082762,3.305010893246188
private_sports_halls,per_head,constant,2015,population,post,23,0.06875809821213333,0.290821030665531,0.1349745087315107,0.14602351502852284,0.5184648101860962,0.06830578205266269,0.13586261726947668,0.2552146905310415,4.355106041703796,3.4523605828079544
private_sports_halls,per_head,constant,2016,population,post,23,0.06790785961080884,0.2885009344078519,0.13322720026405283,0.1442289653398014,0.514656346162934,0.06746724994811037,0.1343104875278538,0.25282303841111864,4.317297581493166,3.392299359032229
private_sports_halls,per_head,constant,2017,population,post,23,0.09202006218631034,0.27895325703841145,0.12752243932753202,0.14500766282728647,0.49428508636101726,0.06607022522295458,0.13498433538029309,0.2677790312667011,3.842568691178373,2.8734752025643306
private_sports_halls,per_head,constant,2018,population,post,23,0.09188394503567511,0.2792984827151192,0.12963020094946417,0.15394124031700204,0.4892742647989443,0.06852329835849424,0.1426776044763648,0.29005920129208573,4.948859386686612,3.2951120911429626
private_sports_halls,per_head,constant,2019,population,post,23,0.09484532211814972,0.24588951393339195,0.09638270330507279,0.10724150624547765,0.4342889298526727,0.04961695177595127,0.10169130037017782,0.20885554833194575,4.998385537934367,2.3826105307586793
private_sports_halls,per_head,constant,2020,population,post,23,0.09831434931113378,0.23776409792425204,0.09174869849528189,0.10492887150293499,0.41837958579094453,0.04788698666533453,0.09961143640602876,0.21051034352279674,5.02615597114731,2.0529699684751948
private_sports_halls,per_head,constant,2021,population,post,23,0.10942866339242655,0.21582061084897658,0.0792625998519777,0.09532520760219462,0.38210690131477176,0.04234832914362807,0.09092275244086567,0.20992596453415568,3.3391771019677994,2.059700581439712
private_sports_halls,per_head,constant,2022,population,post,23,0.10619003036415622,0.21881990962721304,0.07944785112260133,0.08649869330967536,0.39905001038914584,0.040524390943651456,0.08286325280236306,0.1740909523472468,3.063856125992916,1.6578204487311439
private_sports_halls,per_head,constant,2023,population,post,23,0.12189126913844009,0.21843918503381213,0.0774275141933211,0.0855665506926977,0.39152386488040986,0.03975937175506472,0.08200795198546351,0.1769455346483897,2.6415508259535003,1.9063406547865729
private_sports_halls,per_head,constant,2007,unweighted,pre,23,0.04443364604341808,0.2909617538555642,0.1319465886760399,0.1401451501068642,0.519124726042268,0.06613126682314452,0.13076794288434834,0.24598684273545668,4.138020618556701,3.0618652849740933
private_sports_halls,per_head,constant,2008,unweighted,pre,23,0.050481485182820064,0.2793180395198878,0.1239552174625617,0.13972932225734858,0.4923445913182545,0.06383646730629333,0.13040641682621534,0.2645046723521346,3.604427333974976,2.874935864545921
private_sports_halls,per_head,constant,2009,unweighted,pre,23,0.05072170761930245,0.2829524283328576,0.12561367674633822,0.13107858849562132,0.5070606347850702,0.06260772904497114,0.12285116212533431,0.22667704246280695,3.8962394172081116,2.802589321557608
private_sports_halls,per_head,constant,2010,unweighted,pre,23,0.05396789018284622,0.22930802826472768,0.08112912375526415,0.08411408554362307,0.40468275226821343,0.04064329690426327,0.08067363173634423,0.15461288455056987,3.056247680644648,2.3537490977735827
private_sports_halls,per_head,constant,2011,unweighted,post,23,0.05659860516936909,0.249047595501085,0.0964395694268222,0.09776186047518365,0.4502972543701817,0.04758310804996457,0.0931351615966971,0.1744452913351331,3.202167796807945,2.590634690924127
private_sports_halls,per_head,constant,2012,unweighted,post,23,0.061535214326929044,0.28060367359665656,0.12337385385184593,0.1332376843311922,0.5009725093903156,0.06230693057272929,0.12474296749889513,0.2425433815367305,3.8576640831134568,2.7877135319174027
private_sports_halls,per_head,constant,2013,unweighted,post,23,0.06380973361389466,0.2706516212983191,0.11459526741230128,0.12230415746832808,0.4831826978300211,0.05769084833655458,0.11512081504506277,0.22255769610825626,3.706452943180392,2.675513698630137
private_sports_halls,per_head,constant,2014,unweighted,post,23,0.06575071909584769,0.27316488505360365,0.11733496815021124,0.1179943275037551,0.49886154627464513,0.05750589053887245,0.11129890624606309,0.20205539517515925,3.804765419082762,2.901683501683501
private_sports_halls,per_head,constant,2015,unweighted,post,23,0.06875809821213333,0.2963104984236787,0.1394069343442831,0.13874273482449895,0.5500844792976151,0.06768063689578685,0.12954806337462899,0.22982353333322347,3.9657552140027,3.498859220258243
private_sports_halls,per_head,constant,2016,unweighted,post,23,0.06790785961080884,0.29405055960164633,0.13728470698223735,0.1366493754179828,0.5455075103482504,0.06668209248890589,0.1277239860665942,0.22698063475644792,3.9143344917992806,3.5281358476404914
private_sports_halls,per_head,constant,2017,unweighted,post,23,0.09202006218631034,0.2751458191362073,0.11935645427584245,0.12856680207623258,0.4909649971205494,0.06030606565927776,0.1206451822712653,0.23388563159652576,3.739377827526701,2.4663499976484973
private_sports_halls,per_head,constant,2018,unweighted,post,23,0.09188394503567511,0.28950160180794127,0.1330364073599606,0.15046720150256518,0.5084265767189534,0.06863312619681605,0.13969405371294252,0.27479485726258746,4.948859386686612,3.444994290064713
private_sports_halls,per_head,constant,2019,unweighted,post,23,0.09484532211814972,0.258091406408945,0.10482625283585743,0.11324636679088644,0.4597452789092449,0.05313484263457535,0.10706935544251883,0.21240088828358838,3.9883291971292505,2.2877340524399346
private_sports_halls,per_head,constant,2020,unweighted,post,23,0.09831434931113378,0.24918369570740165,0.09906425818155315,0.10983533126554458,0.44191277083163844,0.05087023160675941,0.10401833668383753,0.21260427246651847,3.995198079231692,2.372351239346313
private_sports_halls,per_head,constant,2021,unweighted,post,23,0.10942866339242655,0.22523087280125895,0.08315965919814672,0.09681441163915443,0.3973334507871529,0.04371638641428344,0.0922755464047127,0.20644574050126951,2.8271644673318312,2.059700581439712
private_sports_halls,per_head,constant,2022,unweighted,post,23,0.10619003036415622,0.21153966975721855,0.07462124706143504,0.08039034554131262,0.3886307624157017,0.03789615723032658,0.07724391764498562,0.16195586657326877,2.28169014084507,1.7027079680498736
private_sports_halls,per_head,constant,2023,unweighted,post,23,0.12189126913844009,0.21519569121187723,0.07606750003163198,0.08355613228952016,0.38992010072306105,0.03893152939439537,0.08016054747238255,0.17324556185387718,2.30652345714491,1.9049389337168767
private_sports_halls,share_of_national,as_printed,2007,population,pre,24,0.041666666666666664,0.40431232461478095,0.2682448088384598,0.30474328952795526,0.7648219219085286,0.13397897068490183,0.262687374028585,0.47315106555087527,9.6,4.2
private_sports_halls,share_of_national,as_printed,2008,population,pre,24,0.041666666666666664,0.3592423852466865,0.21156917502627032,0.26351330776988857,0.6329725146409741,0.11197266139135609,0.2316526026191662,0.44875669220656134,9.333333333333334,4.0
private_sports_halls,share_of_national,as_printed,2009,population,pre,24,0.041666666666666664,0.3659284971949382,0.2182017921046961,0.26261768974701294,0.6578435376130608,0.11334707146616152,0.2309641485923447,0.44166481677601566,8.0,3.538461538461538
private_sports_halls,share_of_national,as_printed,2010,population,pre,24,0.041666666666666664,0.3412474502517156,0.19318920863212993,0.22858595284886635,0.6178774095780732,0.1002018822953078,0.20434209479839216,0.3951765314891862,5.555555555555555,3.769230769230769
private_sports_halls,share_of_national,as_printed,2011,population,post,24,0.041666666666666664,0.35788558419472766,0.21032255895708116,0.24834362857493614,0.6473809502412287,0.10864850212653021,0.219908164629804,0.41586852873406954,6.888888888888889,3.7857142857142856
private_sports_halls,share_of_national,as_printed,2012,population,post,24,0.041666666666666664,0.3549845824664301,0.20997529445354896,0.26548245226135436,0.6284425802842811,0.11186053564896015,0.23316410099649254,0.4567013645073742,8.75,5.0769230769230775
private_sports_halls,share_of_national,as_printed,2013,population,post,24,0.041666666666666664,0.34950445902197314,0.20428609693235494,0.2546319170670242,0.6211287641915232,0.1083589572612007,0.2247982160002986,0.437621459632042,8.0,4.857142857142858
private_sports_halls,share_of_national,as_printed,2014,population,post,24,0.041666666666666664,0.3559965212114878,0.21156014272463317,0.25960358269949024,0.6330754284290194,0.1114176425729535,0.22864269541613214,0.4368202425855974,7.166666666666667,5.466666666666666
private_sports_halls,share_of_national,as_printed,2015,population,post,24,0.041666666666666664,0.407516215046262,0.2721227019110539,0.33096394250237293,0.7359483834492738,0.14076630713106508,0.2817689338113609,0.5062442038451779,8.5,5.733333333333333
private_sports_halls,share_of_national,as_printed,2016,population,post,24,0.041666666666666664,0.4066001550534691,0.2709336417215046,0.3297855920886397,0.7339189101418186,0.14023476001466917,0.28092210710604815,0.5054773889679964,8.5,5.733333333333333
private_sports_halls,share_of_national,as_printed,2017,population,post,24,0.041666666666666664,0.4007325339976145,0.2647271990050737,0.30764612188008045,0.7436180046472338,0.13416270700901267,0.26482456551784406,0.4723467663665649,8.8,5.333333333333333
private_sports_halls,share_of_national,as_printed,2018,population,post,24,0.041666666666666664,0.3921039802146129,0.25636699740500846,0.3147576336581459,0.7182753108976889,0.13318040845438284,0.270034228035003,0.5000594380728222,8.071428571428571,5.6000000000000005
private_sports_halls,share_of_national,as_printed,2019,population,post,24,0.041666666666666664,0.3771653050120479,0.24443338867264497,0.28143627877339106,0.731640316756796,0.12297700428045522,0.2453009955105867,0.4634018346752753,5.882352941176471,3.461538461538462
private_sports_halls,share_of_national,as_printed,2020,population,post,24,0.041666666666666664,0.3826278223731117,0.24296987142856213,0.2847360634079591,0.7167041290188582,0.12358678701495784,0.2477872354052557,0.4664655801448575,6.705882352941176,4.166666666666666
private_sports_halls,share_of_national,as_printed,2021,population,post,24,0.041666666666666664,0.3622159649307783,0.22372863569605683,0.26697347286225864,0.6754080739436013,0.11543457305639016,0.2343066171501943,0.44648197489276376,6.333333333333332,3.7499999999999996
private_sports_halls,share_of_national,as_printed,2022,population,post,24,0.041666666666666664,0.3758109157696129,0.23672788002575917,0.2561879902898262,0.7331692712948239,0.11617872414110997,0.22600354870246475,0.41314961025067987,5.809523809523809,3.4642857142857144
private_sports_halls,share_of_national,as_printed,2023,population,post,24,0.041666666666666664,0.3558139154513453,0.21335379435166038,0.23103303959000573,0.6934105083880275,0.10511537484050659,0.20628675835806276,0.3885189520043538,4.692307692307692,3.285714285714286
private_sports_halls,share_of_national,as_printed,2007,unweighted,pre,24,0.041666666666666664,0.44345238095238104,0.32389586828672057,0.35709777413963917,0.8614310721488355,0.15818651381895432,0.3002959185745706,0.5023335519007976,9.0,7.800000000000001
private_sports_halls,share_of_national,as_printed,2008,unweighted,pre,24,0.041666666666666664,0.41621540312876054,0.27921442901676885,0.32010029506506243,0.7609967870795463,0.14066799655372708,0.2739237884391462,0.47363584645836276,8.0,7.166666666666668
private_sports_halls,share_of_national,as_printed,2009,unweighted,pre,24,0.041666666666666664,0.42222703639514725,0.28970880451103753,0.33109288951050825,0.7830995249790955,0.14526902968148825,0.2818615415876192,0.484728336979544,8.166666666666666,7.333333333333332
private_sports_halls,share_of_national,as_printed,2010,unweighted,pre,24,0.041666666666666664,0.3974824986537426,0.25753028856392496,0.28829376538936646,0.73752006005364,0.1288513425064497,0.25045862941870023,0.4366338585840379,8.166666666666668,5.222222222222222
private_sports_halls,share_of_national,as_printed,2011,unweighted,post,24,0.041666666666666664,0.41330542871638765,0.27804679038376395,0.3074417080685322,0.7738210543834849,0.13780145535327137,0.2646742701444236,0.4510976941190138,7.571428571428571,5.222222222222222
private_sports_halls,share_of_national,as_printed,2012,unweighted,post,24,0.041666666666666664,0.4226190476190476,0.2916148144268651,0.3387765823704161,0.7748032639813034,0.1475218538909565,0.2873583519876515,0.49229331538901666,9.428571428571429,6.499999999999999
private_sports_halls,share_of_national,as_printed,2013,unweighted,post,24,0.041666666666666664,0.4152183600713012,0.2820239458686637,0.3211486801752652,0.7648928382959718,0.1417696996360268,0.27468459704832615,0.46861101360024104,8.5,6.0
private_sports_halls,share_of_national,as_printed,2014,unweighted,post,24,0.041666666666666664,0.4256926952141057,0.29873019654432237,0.3383348619547066,0.7933149297786111,0.149116679753046,0.287043494088178,0.4883038596207917,8.2,4.909090909090909
private_sports_halls,share_of_national,as_printed,2015,unweighted,post,24,0.041666666666666664,0.4712692163479564,0.3689109530975439,0.40900560361468496,0.9091919153699968,0.17971732694014653,0.3356894902283408,0.5401487802620532,8.600000000000001,6.909090909090909
private_sports_halls,share_of_national,as_printed,2016,unweighted,post,24,0.041666666666666664,0.4712692163479564,0.3689109530975439,0.40900560361468496,0.9091919153699968,0.17971732694014653,0.3356894902283408,0.5401487802620532,8.600000000000001,6.909090909090909
private_sports_halls,share_of_national,as_printed,2017,unweighted,post,24,0.041666666666666664,0.4464491501008355,0.3319251603612593,0.3566964410927118,0.8720409990472644,0.16051776718521105,0.30001504784604194,0.48793425136793933,8.0,5.2
private_sports_halls,share_of_national,as_printed,2018,unweighted,post,24,0.041666666666666664,0.4480681494154548,0.3323598566541496,0.3780935071150491,0.8529883832123877,0.16481508114737609,0.31483357026579983,0.5227056032822093,11.200000000000001,5.642857142857142
private_sports_halls,share_of_national,as_printed,2019,unweighted,post,24,0.041666666666666664,0.42666942604856517,0.30726936932800186,0.34303241422537056,0.8435458896805899,0.15088794213296475,0.29038479043991405,0.50267397020789,8.181818181818183,4.882352941176471
private_sports_halls,share_of_national,as_printed,2020,unweighted,post,24,0.041666666666666664,0.43015873015873013,0.30736250761540956,0.3400793033674042,0.8386181629802822,0.15060985393914028,0.28828612078269233,0.4953322701579299,6.25,5.058823529411764
private_sports_halls,share_of_national,as_printed,2021,unweighted,post,24,0.041666666666666664,0.4126695736434107,0.28425485039160414,0.3080596302438997,0.797518884423032,0.13922362447849346,0.2651285038640222,0.4480566762362145,6.176470588235294,5.333333333333333
private_sports_halls,share_of_national,as_printed,2022,unweighted,post,24,0.041666666666666664,0.40745942571785276,0.27913641346232276,0.2867951524983499,0.8260019210056531,0.1328537045264202,0.24933451496257153,0.4230920353601718,6.466666666666668,4.526315789473685
private_sports_halls,share_of_national,as_printed,2023,unweighted,post,24,0.041666666666666664,0.38612228929130343,0.24988538079123557,0.25999080062958924,0.7712976409113016,0.12028186597226587,0.22894132097466358,0.39995209411101906,6.764705882352941,3.8000000000000003
private_sports_halls,share_of_national,constant,2007,population,pre,23,0.043478260869565216,0.4217322967385802,0.28867850468173806,0.338013147871857,0.7790963192552132,0.14588147054086797,0.28681408904032935,0.5085877386714929,13.6,4.8
private_sports_halls,share_of_national,constant,2008,population,pre,23,0.043478260869565216,0.3763656835692546,0.23284342876890554,0.2934733884083648,0.6643004314814579,0.12333169452573833,0.2543309339592502,0.48335448766179034,10.500000000000002,4.666666666666667
private_sports_halls,share_of_national,constant,2009,population,pre,23,0.04347826086956523,0.38896142806774064,0.24650518757880377,0.29970990336880377,0.6979215215167791,0.1279943886271082,0.2589668392729497,0.48129367824749336,10.714285714285715,4.3076923076923075
private_sports_halls,share_of_national,constant,2010,population,pre,23,0.04347826086956523,0.3631414946943133,0.21687940917205994,0.2603221371818256,0.6515137911106819,0.11277716602959342,0.2291967585786998,0.43359899944923586,8.666666666666668,3.846153846153846
private_sports_halls,share_of_national,constant,2011,population,post,23,0.043478260869565216,0.3717850044376076,0.22625570560587885,0.27482808416186144,0.6619055885333862,0.11817143947233788,0.24029728307159925,0.44987061010079477,8.666666666666666,4.428571428571429
private_sports_halls,share_of_national,constant,2012,population,post,23,0.043478260869565216,0.37441424557869024,0.23314928133233964,0.29901898351226125,0.6599697906637357,0.1244703867072019,0.25845466783351245,0.49424623643715515,10.875,5.384615384615385
private_sports_halls,share_of_national,constant,2013,population,post,23,0.043478260869565216,0.36985417477338917,0.22772310336214951,0.28811235838670946,0.6534843667337437,0.12108095104580463,0.250322645031409,0.47622702030034214,10.0,5.142857142857143
private_sports_halls,share_of_national,constant,2014,population,post,23,0.043478260869565216,0.37107680275539634,0.23227803403617012,0.29154190082451953,0.6582748453465708,0.12315702698749631,0.25288929160757145,0.47467984845149136,7.333333333333334,5.733333333333333
private_sports_halls,share_of_national,constant,2015,population,post,23,0.043478260869565216,0.4207949851952296,0.2942747177277893,0.3678712551950451,0.7562750529820956,0.15359302125409713,0.30779370608346157,0.5431093262053435,10.25,6.8
private_sports_halls,share_of_national,constant,2016,population,post,23,0.043478260869565216,0.42005891296860276,0.29327956490509927,0.3669538043374682,0.7545783815053043,0.1531635919432509,0.3071583494157939,0.542681865198083,10.25,6.8
private_sports_halls,share_of_national,constant,2017,population,post,23,0.043478260869565216,0.4108620764526471,0.2776004547862066,0.3380825281111496,0.7413925680476076,0.14365301985805556,0.2868635683330283,0.5090141659736467,9.4,6.285714285714286
private_sports_halls,share_of_national,constant,2018,population,post,23,0.04347826086956521,0.40942907810458357,0.2763323077656601,0.3508046939923455,0.7318952110365741,0.14540515094334827,0.2958787404605543,0.5383736784860271,10.714285714285714,5.6499999999999995
private_sports_halls,share_of_national,constant,2019,population,post,23,0.04347826086956523,0.38620680225086806,0.24793290383932987,0.301399133132211,0.7125872412504735,0.1281140154608309,0.26021755787077006,0.49375261208431775,7.705882352941176,3.8461538461538467
private_sports_halls,share_of_national,constant,2020,population,post,23,0.04347826086956521,0.38484339535108647,0.24414576708052374,0.30223962294696227,0.6957711313067898,0.12757767284826527,0.26083907625198965,0.49503892418405204,7.823529411764706,4.749999999999999
private_sports_halls,share_of_national,constant,2021,population,post,23,0.043478260869565216,0.357644341867565,0.22142774139128618,0.2793335089639503,0.6516124109889043,0.11743682215121398,0.2437123675546411,0.47188667900107906,7.499999999999999,4.071428571428571
private_sports_halls,share_of_national,constant,2022,population,post,23,0.043478260869565216,0.38714452988993375,0.24301547220629152,0.27633296082146436,0.7202680689622349,0.12216221591403797,0.24143968215808598,0.44355221087942354,7.142857142857142,4.357142857142857
private_sports_halls,share_of_national,constant,2023,population,post,23,0.043478260869565216,0.3709675161229384,0.22206439287278198,0.25245577362647403,0.6857452805697485,0.1120179366445766,0.22310942886787632,0.42092649095344303,6.230769230769231,3.4857142857142858
private_sports_halls,share_of_national,constant,2007,unweighted,pre,23,0.043478260869565216,0.47222222222222215,0.3676663033638379,0.4011888814688518,0.9256925253827583,0.17738928505137375,0.330476411504675,0.5325618126831693,9.6,7.800000000000001
private_sports_halls,share_of_national,constant,2008,unweighted,pre,23,0.043478260869565216,0.44168890284099827,0.31665727433933044,0.35910060575583974,0.821789436209084,0.15757184454756956,0.3016959055937174,0.5039103577163693,9.333333333333334,7.166666666666668
private_sports_halls,share_of_national,constant,2009,unweighted,pre,23,0.04347826086956523,0.4542234948383695,0.3371005070856488,0.3767015314280392,0.8620054081510313,0.1657610777348798,0.3138791711579808,0.5165391395062162,9.333333333333332,7.333333333333332
private_sports_halls,share_of_national,constant,2010,unweighted,pre,23,0.04347826086956523,0.4286015312214651,0.2996439340197266,0.32936069731069845,0.8090264620883428,0.14746812493593164,0.28061650974566066,0.46952719774271034,8.333333333333334,5.333333333333333
private_sports_halls,share_of_national,constant,2011,unweighted,post,23,0.043478260869565216,0.43915028786976373,0.3152630479016133,0.34675077898460993,0.8291272962145787,0.15488817919180142,0.293018499048602,0.48270021769873106,8.857142857142858,5.777777777777778
private_sports_halls,share_of_national,constant,2012,unweighted,post,23,0.043478260869565216,0.4529940300307545,0.335455100250133,0.3834113847242887,0.8440826650317808,0.1670403036376663,0.3184675304393916,0.523602210329025,10.0,6.749999999999999
private_sports_halls,share_of_national,constant,2013,unweighted,post,23,0.043478260869565216,0.4457102999302488,0.32546461803199156,0.364804380308164,0.8344302502583755,0.16109907917519728,0.3056675373038029,0.5008159694817185,9.0,6.0
private_sports_halls,share_of_national,constant,2014,unweighted,post,23,0.043478260869565216,0.45241485050925423,0.340687400018964,0.3819840973198307,0.8559414855200477,0.16803882068942877,0.3174940932077611,0.5195382306904992,8.6,5.999999999999999
private_sports_halls,share_of_national,constant,2015,unweighted,post,23,0.043478260869565216,0.4977747346799041,0.41837159128692974,0.45876777390620677,0.9789922132408414,0.201079522557715,0.367937990850988,0.5696368363757217,10.200000000000001,7.0
private_sports_halls,share_of_national,constant,2016,unweighted,post,23,0.043478260869565216,0.4977747346799041,0.41837159128692974,0.45876777390620677,0.9789922132408414,0.201079522557715,0.367937990850988,0.5696368363757217,10.200000000000001,7.0
private_sports_halls,share_of_national,constant,2017,unweighted,post,23,0.043478260869565216,0.4725865243696215,0.3729493249620235,0.40051635513676553,0.9248854964257253,0.17920818817008755,0.3300259878175411,0.5189834959874864,9.428571428571429,5.2
private_sports_halls,share_of_national,constant,2018,unweighted,post,23,0.04347826086956521,0.4791163015583738,0.3785587045960123,0.42559815681223684,0.9189187281251331,0.18524224671473621,0.34662115478741873,0.5529577818957336,11.299999999999999,5.785714285714286
private_sports_halls,share_of_national,constant,2019,unweighted,post,23,0.04347826086956523,0.4524186582205585,0.33949444392914896,0.3815134191720285,0.8800801887024585,0.16654919748941488,0.31717277697935686,0.5319693711161528,9.090909090909092,5.0
private_sports_halls,share_of_national,constant,2020,unweighted,post,23,0.04347826086956521,0.45244996549344363,0.3377265685226168,0.37736636420509073,0.8716974171117199,0.16562766470499346,0.31433517517400833,0.5246010612349925,7.125,5.647058823529412
private_sports_halls,share_of_national,constant,2021,unweighted,post,23,0.043478260869565216,0.42934782608695643,0.309374177842401,0.3406843094389395,0.8233033383668059,0.1522036978167408,0.2887165817719284,0.4776521724259859,6.705882352941177,5.555555555555555
private_sports_halls,share_of_national,constant,2022,unweighted,post,23,0.043478260869565216,0.4321771698420452,0.30955272247524757,0.32076911517676343,0.8630617863248643,0.1473746999515142,0.2744092404539352,0.45372378953502057,8.133333333333333,4.526315789473685
private_sports_halls,share_of_national,constant,2023,unweighted,post,23,0.043478260869565216,0.4133788236666375,0.28050381389061646,0.2935219032822735,0.8117320768767355,0.13488358963729463,0.2543671091224422,0.43168234376654446,7.176470588235294,3.8000000000000003
public_libraries,per_head,as_printed,2006,population,pre,24,0.04145998102140584,0.1668634853984476,0.0451926143675515,0.0442423452900214,0.30984152875813714,0.02212904644456104,0.04327792771203731,0.08242393138679738,2.3089761973042733,1.7649942726231385
public_libraries,per_head,as_printed,2007,population,pre,24,0.04145356884550925,0.1698137722848039,0.04658450502423545,0.045702478089094306,0.3141740147014691,0.02283178482755288,0.0446738496256901,0.08506372225176662,2.3067793980763263,1.8068579305591455
public_libraries,per_head,as_printed,2008,population,pre,24,0.04232749873832997,0.17340143248050338,0.04963972506244278,0.04828678370429126,0.32635221203580445,0.024205095216704886,0.047139516969191386,0.0890787418862673,2.2932625749884634,1.7001414427157002
public_libraries,per_head,as_printed,2009,population,pre,24,0.0423776368858946,0.17339262101030814,0.04980891374522595,0.048333986910909704,0.327558450668153,0.02425275756562162,0.04718449397791291,0.08910469286692768,2.290979837283339,1.679038004750594
public_libraries,per_head,as_printed,2010,population,pre,24,0.04204906240408638,0.17763819769547548,0.05209551241385532,0.0509709134094998,0.33396713292277,0.0254549370631999,0.04969368869903679,0.0944639078678311,2.425862131486384,1.7304167712779313
public_libraries,per_head,as_printed,2011,population,post,24,0.041782998160802054,0.17965633572006656,0.052851887425497374,0.051901821895100175,0.3359162449706118,0.025866189182726762,0.05057792527262506,0.0964393992042113,2.459528580468256,1.7543420069721114
public_libraries,per_head,as_printed,2012,population,post,24,0.041680210392913274,0.18042567965944,0.0530649378663076,0.05236225957369206,0.3359650164655975,0.026027799684718134,0.05101497434406499,0.0977634014419666,2.4540752351097175,1.7784638182267227
public_libraries,per_head,as_printed,2013,population,post,24,0.04244467164585832,0.19537204543538267,0.0633253236683208,0.060730627460657105,0.3742381600947864,0.030553802173272415,0.0589232941419513,0.10947408267464553,2.827326519634212,1.6875411184210527
public_libraries,per_head,as_printed,2014,population,post,24,0.042543717281273936,0.1980083989237307,0.0646261478397246,0.06191713674506944,0.3776995104824949,0.03117161422021375,0.060039228226800856,0.11103547806450953,2.690429474602136,1.9379045307443366
public_libraries,per_head,as_printed,2015,population,post,24,0.04318161066989392,0.20212849484205736,0.06809944653531858,0.06505613121100909,0.389443486492431,0.032763522761455,0.06298513387792559,0.11623659866125124,2.6661096256684487,1.8254414576538074
public_libraries,per_head,as_printed,2016,population,post,24,0.04323532565563151,0.20360668551322722,0.06862123888083005,0.06597654904575825,0.3897488480831043,0.033115221691742525,0.06384718228890496,0.1184420753826837,2.637931034482759,1.8381659921272941
public_libraries,per_head,as_printed,2017,population,post,24,0.04534169217351911,0.21695288474290408,0.07985292957766814,0.0755594672642491,0.42532149324974283,0.03814665638657988,0.07277541061520687,0.13227158689736007,3.04065734989648,1.7965979008324284
public_libraries,per_head,as_printed,2018,population,post,24,0.04543372770212758,0.21834593476838202,0.07986901101287604,0.07604772690882565,0.4242012489893066,0.03826754549485023,0.07322802645764581,0.133870255321614,3.013806706114398,1.7939356752058087
public_libraries,per_head,as_printed,2019,population,post,24,0.046245228396391926,0.22571338054319293,0.08536466260273279,0.0812889114796995,0.4392194646664273,0.04085944742843617,0.07807270241538178,0.1421890566739017,2.9893700687520615,1.8766163111414762
public_libraries,per_head,as_printed,2020,population,post,24,0.045940429826727906,0.226065865189669,0.08568338368424003,0.08150933537097296,0.4403146589753349,0.04098878862889355,0.07827589482273312,0.14241374302681742,2.9712070874861576,1.8727316799986624
public_libraries,per_head,as_printed,2021,population,post,24,0.04602465586266419,0.22774069683537776,0.08669813137014688,0.08261793959549775,0.4424435006829771,0.0415059683486807,0.0792971558678296,0.1442712387069779,3.2313819794093335,1.8700338211219971
public_libraries,per_head,as_printed,2022,population,post,24,0.04619916374497988,0.2296855790955909,0.08777897633550436,0.08377497110050952,0.4450513751484589,0.04204411445239109,0.08036182202033049,0.14632106019354252,3.2275076784777887,1.8694845941157967
public_libraries,per_head,as_printed,2023,population,post,24,0.04607213319105146,0.23005513277744033,0.08809976604595682,0.08405290322480156,0.4459942576083655,0.042187882804675225,0.08061738349669889,0.14672131561861024,3.2239563886192215,1.8689928235585251
public_libraries,per_head,as_printed,2006,unweighted,pre,24,0.04145998102140584,0.18495525756271253,0.05482758405593277,0.05439015534490233,0.3400390025889167,0.026968738895979283,0.05293746709823954,0.10132959864470037,2.0895795246800732,1.7917407513622026
public_libraries,per_head,as_printed,2007,unweighted,pre,24,0.04145356884550925,0.1869472647970856,0.05584012600493115,0.055836052165466964,0.3417792782210949,0.02757190258108877,0.05430583230759101,0.10449260153113704,2.0816528925619835,1.806655290102389
public_libraries,per_head,as_printed,2008,unweighted,pre,24,0.04232749873832997,0.19577381236084343,0.06088629113221629,0.060784053060925346,0.3573476725449505,0.030014671013178007,0.05897357038682827,0.11276766365549196,2.1799729364005414,1.875863657300783
public_libraries,per_head,as_printed,2009,unweighted,pre,24,0.0423776368858946,0.1975089916008656,0.061903495765660496,0.06170716494260356,0.3606305353112981,0.030487127556346638,0.05984184224728473,0.11424222626215763,2.442799461641992,1.8768731268731267
public_libraries,per_head,as_printed,2010,unweighted,pre,24,0.04204906240408638,0.19905877596533525,0.06273026105240032,0.06314881709790666,0.36151379654281457,0.03103445333699284,0.06119624675706625,0.11788719796870628,2.391232696110745,1.8568275986308773
public_libraries,per_head,as_printed,2011,unweighted,post,24,0.041782998160802054,0.2001851369497689,0.0632672386804641,0.06394348845293629,0.36251148431519836,0.03135531540755143,0.06194199085777985,0.11976114852869735,2.422028086218158,1.8602409638554216
public_libraries,per_head,as_printed,2012,unweighted,post,24,0.041680210392913274,0.1990073188406873,0.06247807254214255,0.06343340028211777,0.3596023280726078,0.031031955263053135,0.061463376506393,0.11958444789537603,2.4530744336569574,1.7739219938977318
public_libraries,per_head,as_printed,2013,unweighted,post,24,0.04244467164585832,0.22010988098220324,0.07755550189932126,0.07639329721045013,0.4094532390300703,0.03782375913200997,0.07354823599743898,0.13802053233722966,2.5312700449005776,1.9296298107486918
public_libraries,per_head,as_printed,2014,unweighted,post,24,0.042543717281273936,0.22102893060452505,0.07796574957925706,0.0774530391315049,0.4084863021006752,0.03818933983777373,0.07452951572611954,0.14051775234831043,2.537878787878788,1.9380858949204272
public_libraries,per_head,as_printed,2015,unweighted,post,24,0.04318161066989392,0.22764208678865655,0.08351645405204754,0.08272108445747993,0.4244046004972008,0.04079360757805106,0.0793921167381677,0.1489750124796505,2.3942467269039276,1.946691176470588
public_libraries,per_head,as_printed,2016,unweighted,post,24,0.04323532565563151,0.22737924934955167,0.08313080167845929,0.0830118321514884,0.42178520645137785,0.04076726610245074,0.07965974244964735,0.1506064004467711,2.410746746164473,1.9746114248588136
public_libraries,per_head,as_printed,2017,unweighted,post,24,0.04534169217351911,0.24631925307898547,0.0970603389796533,0.09650724419298966,0.4575927352069549,0.04739329696122252,0.09199668017535967,0.17080486326176703,2.689421644318028,2.1576063030376633
public_libraries,per_head,as_printed,2018,unweighted,post,24,0.04543372770212758,0.24500902630044818,0.09548835804162879,0.09537989216039178,0.45296914088892903,0.04673417103837685,0.09097246356928801,0.1700184002623506,2.7210693449523666,2.187698161065314
public_libraries,per_head,as_printed,2019,unweighted,post,24,0.046245228396391926,0.25224160785462446,0.10103245282525976,0.10144116446485588,0.4653643695506138,0.04952158151731423,0.09646566229531517,0.18012796488836447,2.7631491529177277,2.4220563327269304
public_libraries,per_head,as_printed,2020,unweighted,post,24,0.045940429826727906,0.2529391463172546,0.10157630532587678,0.10197818235851461,0.466710254666136,0.04978063395356713,0.09695074614118693,0.18094270417286829,2.7873876528657724,2.42822966507177
public_libraries,per_head,as_printed,2021,unweighted,post,24,0.04602465586266419,0.2541796970361118,0.10227352118649202,0.10312307106739271,0.4671902381688347,0.050226968683518725,0.09798404541628591,0.18322642856796767,2.799617689225453,2.4309673832468497
public_libraries,per_head,as_printed,2022,unweighted,post,24,0.04619916374497988,0.255209855712597,0.10275051820424017,0.10381130926737359,0.46786700891629734,0.050504466383455404,0.09860463367245442,0.1846544869942356,2.966918783962403,2.4352333200036917
public_libraries,per_head,as_printed,2023,unweighted,post,24,0.04607213319105146,0.255671363083788,0.10312033604072626,0.10420428705834475,0.4687222952030357,0.0506868846117301,0.09895879243948291,0.1852947617534072,2.9805561669968452,2.4408852649970885
public_libraries,per_head,constant,2006,population,pre,23,0.04213257724325944,0.16623713329817866,0.044757995640302584,0.04361673450891034,0.3088628815619568,0.021871295615243924,0.042679204804862425,0.0809009401501436,2.050358474333238,1.8329896907216496
public_libraries,per_head,constant,2007,population,pre,23,0.04214861942635312,0.16913251052602665,0.046110202574529385,0.04500684702856213,0.3131399264299993,0.022547964499031292,0.04400906388655568,0.08334737765509159,2.0815699658703073,1.8741511783641536
public_libraries,per_head,constant,2008,population,pre,23,0.04308069100329328,0.17286488877783038,0.049126619243786196,0.04751138930080474,0.32530673773774094,0.02389365661587206,0.04640038776205413,0.08712364523877214,2.1096446700507614,1.7001414427157002
public_libraries,per_head,constant,2009,population,pre,23,0.04315040220852919,0.1727512613741398,0.049271593722435794,0.04750964093009056,0.326483788058562,0.023924162993313236,0.04639872051496163,0.08699391031635473,2.140953307392996,1.679038004750594
public_libraries,per_head,constant,2010,population,pre,23,0.042822931705085,0.17677180258770894,0.05130925479512692,0.04974297844611152,0.33244858664709936,0.024970182252910256,0.04852605761265971,0.09129199061477855,2.2683885121659357,1.7304167712779313
public_libraries,per_head,constant,2011,population,post,23,0.042562631439907475,0.17860962729460084,0.05198333038600931,0.050526039379138896,0.33427070760680777,0.025327037561164722,0.04927082804736349,0.09284703915515857,2.3363979118329463,1.7543420069721114
public_libraries,per_head,constant,2012,population,post,23,0.04240253748349276,0.17846452545545025,0.051507892630964905,0.0499722816619341,0.33290269669705747,0.025076803002993864,0.048744208635097985,0.09169333461470919,2.2551724137931033,1.7784638182267227
public_libraries,per_head,constant,2013,population,post,23,0.043185896134593935,0.19391774149513247,0.062191217693005486,0.05904259917912721,0.3721827870443364,0.029873093466408207,0.05733338852207548,0.10544428117055538,2.404591911584918,1.6875411184210527
public_libraries,per_head,constant,2014,population,post,23,0.043308647687076936,0.19609999077962464,0.06339704572094099,0.060044491141845166,0.3755416962219032,0.03042550831647317,0.05827736566312047,0.10646967553805198,2.442446043165467,1.9379045307443366
public_libraries,per_head,constant,2015,population,post,23,0.043996720765919047,0.20047451262734492,0.06684373195932317,0.06307817959305578,0.38737515067222217,0.03198913228307709,0.06112992966018249,0.11130516300225046,2.4673295454545454,1.8254414576538074
public_libraries,per_head,constant,2016,population,post,23,0.04407291477173418,0.20183151459688495,0.06732581401545681,0.0638936757047325,0.3876594106692701,0.03230826302391154,0.06189526244654486,0.11316380160136186,2.492163009404389,1.8381659921272941
public_libraries,per_head,constant,2017,population,post,23,0.0462635049568468,0.21634852378533523,0.07899047277575501,0.0741618039439946,0.42406161570031714,0.03760855380933903,0.07147855674555592,0.12882893410075558,2.6754017013232514,1.7965979008324284
public_libraries,per_head,constant,2018,population,post,23,0.04637912556698981,0.21764998666150479,0.07899380087423664,0.07459753789539036,0.4229473463413712,0.03771542991714494,0.07188305692934982,0.13023005864382198,2.7033702083869304,1.7939356752058087
public_libraries,per_head,constant,2019,population,post,23,0.04724295283008201,0.22492575102473197,0.08448794608131002,0.07979228298572442,0.4380419823608415,0.04029884324715749,0.07669188672612925,0.13839131127966164,2.7268768386185167,1.8766163111414762
public_libraries,per_head,constant,2020,population,post,23,0.046936189615929144,0.22521670917391884,0.08479716634077089,0.07998996766899168,0.43913239650093,0.04042093095041166,0.07687439255816264,0.138543139262017,2.737866531850354,1.8727316799986624
public_libraries,per_head,constant,2021,population,post,23,0.047030616504418636,0.22686578313943392,0.08581281400585138,0.08109025640250002,0.4412757089612421,0.04093700278443457,0.07788953868430748,0.14037087090085665,2.9929327813736473,1.8700338211219971
public_libraries,per_head,constant,2022,population,post,23,0.04721812988003389,0.22879073075717835,0.08689385367931174,0.0822337671203573,0.4439011044080801,0.041472862246780706,0.07894337922605754,0.14236904143565243,3.0012995599735532,1.8694845941157967
public_libraries,per_head,constant,2023,population,post,23,0.047091146189379436,0.22913411000515277,0.08720924600048637,0.0824984570769347,0.4448422349117081,0.04161248028721731,0.07918714140089356,0.1427288685760223,3.010159321802768,1.8689928235585251
public_libraries,per_head,constant,2006,unweighted,pre,23,0.04213257724325944,0.18048364709073395,0.05231631750422819,0.05185663975561862,0.3319851371526489,0.02573711822449909,0.05053502738291571,0.0968301036471736,2.0895795246800732,1.7491341466104873
public_libraries,per_head,constant,2007,unweighted,pre,23,0.04214861942635312,0.18202611085298295,0.053033770543102585,0.05295831592933515,0.3329457683503385,0.02618511509036059,0.05158045435429859,0.09931246789860804,2.0816528925619835,1.7583355211341558
public_libraries,per_head,constant,2008,unweighted,pre,23,0.04308069100329328,0.1905179037019718,0.05760039482364816,0.05735066038121862,0.34751064004682647,0.028380294442955978,0.05573710428180534,0.10649506419916654,2.1348105548037886,1.8707335329341317
public_libraries,per_head,constant,2009,unweighted,pre,23,0.04315040220852919,0.19183120097191234,0.05836222798173896,0.057949226248581634,0.350221713594146,0.028713648005033954,0.05630213869897138,0.10725355964223893,2.378448855989233,1.7444961455656645
public_libraries,per_head,constant,2010,unweighted,pre,23,0.042822931705085,0.19313028484714984,0.058901548737622954,0.058935305215116765,0.3505691889489648,0.02908499092280803,0.057232240658409705,0.10972932741833874,2.391232696110745,1.742905358864857
public_libraries,per_head,constant,2011,unweighted,post,23,0.042562631439907475,0.19396253759785712,0.05923231244170727,0.05943868811346248,0.35112618603618123,0.02928727643460849,0.05770669439960552,0.11091122815532584,2.422028086218158,1.7342546657217104
public_libraries,per_head,constant,2012,unweighted,post,23,0.04240253748349276,0.19357021067835053,0.05865209935459394,0.05888796520308372,0.3491906311715515,0.029012906725526255,0.05718760896491426,0.10996696580766707,2.4530744336569574,1.7535976784567444
public_libraries,per_head,constant,2013,unweighted,post,23,0.043185896134593935,0.2161252798502783,0.0744286064475149,0.07303327480751746,0.4010896836552992,0.03626355391882352,0.07043010174826714,0.13176678204405246,2.5312700449005776,1.902501344809037
public_libraries,per_head,constant,2014,unweighted,post,23,0.043308647687076936,0.2164293354726856,0.07447715604662272,0.07362318518812391,0.3993105099320027,0.036430852798083335,0.07097830297005214,0.13323436855527782,2.537878787878788,1.8804250717073396
public_libraries,per_head,constant,2015,unweighted,post,23,0.043996720765919047,0.22259757222810667,0.07959111788081734,0.07836587729283451,0.4144483353143321,0.03880991065819395,0.0753739350336291,0.14067425670720946,2.3942467269039276,1.8681877162629756
public_libraries,per_head,constant,2016,unweighted,post,23,0.04407291477173418,0.22170992211814572,0.07884963102221755,0.0781941656975723,0.4110255757688085,0.038587751152583616,0.07521515238497123,0.14132651151161635,2.410746746164473,1.8778902435080687
public_libraries,per_head,constant,2017,unweighted,post,23,0.0462635049568468,0.2412378475325186,0.09278353623399627,0.09210856822286831,0.44687104059086513,0.04531762976019804,0.0879938707147403,0.1634338523810529,2.689421644318028,2.0361984424574557
public_libraries,per_head,constant,2018,unweighted,post,23,0.04637912556698981,0.23925690344993017,0.09082138906416236,0.09045938976457255,0.4414181629677697,0.044439741694330626,0.08648856893803292,0.16155740500744775,2.7143243975088005,2.028433734939759
public_libraries,per_head,constant,2019,unweighted,post,23,0.04724295283008201,0.24602142440026228,0.09590796951699061,0.09600967106601534,0.45301518421222137,0.04700112595537986,0.0915447697042816,0.1708877043190079,2.737312220868859,2.1556416368692886
public_libraries,per_head,constant,2020,unweighted,post,23,0.046936189615929144,0.24663724489039512,0.09638090169842031,0.0964542123441198,0.4542428009767442,0.0472221976231062,0.09194852580368218,0.17151510142827342,2.7509454349000535,2.1507936507936507
public_libraries,per_head,constant,2021,unweighted,post,23,0.047030616504418636,0.247734508461241,0.09695151708065378,0.09745776788219607,0.45446358799957537,0.04760497717805756,0.09285934878230595,0.17359418034111895,2.7575144898234263,2.150365153886281
public_libraries,per_head,constant,2022,unweighted,post,23,0.04721812988003389,0.24858514911504864,0.09728057366380576,0.0979597317653516,0.454857928425863,0.04780349181179244,0.09331458636018919,0.17468178847392302,2.917414587446898,2.1469251250081176
public_libraries,per_head,constant,2023,unweighted,post,23,0.047091146189379436,0.2489983657690107,0.0976062882224761,0.09829636980940822,0.45564057749506304,0.04796258410619825,0.09361975979503512,0.1752154233122002,2.9247152721728993,2.144049699087556
public_libraries,share_of_national,as_printed,2006,population,pre,24,0.041666666666666664,0.17858819281611835,0.05022029888431454,0.05372652954339206,0.31223835416993984,0.025675804435622895,0.05230876337682966,0.10708014104980956,2.5999999999999996,2.0
public_libraries,share_of_national,as_printed,2007,population,pre,24,0.041666666666666664,0.1763691286943857,0.049027177431979874,0.05249268815372479,0.3084253116496799,0.025078460699097693,0.05113874104190119,0.10501023063775028,2.6,1.8461538461538463
public_libraries,share_of_national,as_printed,2008,population,pre,24,0.041666666666666664,0.1709806031355387,0.04588738135254314,0.04882402578905631,0.29864702738107185,0.023424252095071485,0.047651296234596185,0.09728770654510344,2.6,1.8461538461538463
public_libraries,share_of_national,as_printed,2009,population,pre,24,0.041666666666666664,0.1675953949235615,0.04409616392427976,0.046937399653895207,0.29261500815659713,0.022521317757846382,0.04585287433884622,0.0938665879446684,2.6,1.8461538461538463
public_libraries,share_of_national,as_printed,2010,population,pre,24,0.041666666666666664,0.1674158079336181,0.04404127357352236,0.04692182925111594,0.2923086356615146,0.022503478319206405,0.04583801776812757,0.09392162787923652,2.6,1.8461538461538463
public_libraries,share_of_national,as_printed,2011,population,post,24,0.041666666666666664,0.1704909771213969,0.04543319911366699,0.04825619723493384,0.2975290225460886,0.023171641761368433,0.047110371885505264,0.09616983373198462,2.6,1.846153846153846
public_libraries,share_of_national,as_printed,2012,population,post,24,0.041666666666666664,0.1675705770997921,0.04393074615249646,0.04658455199192743,0.2926931867537214,0.02239376529022985,0.045516146353035136,0.09294745886255151,2.3636363636363638,1.8461538461538463
public_libraries,share_of_national,as_printed,2013,population,post,24,0.041666666666666664,0.14608849165354137,0.03463802896528617,0.03725970950995737,0.25699067358798816,0.017823831584425576,0.036574108011119155,0.07608795649100797,2.1818181818181817,1.6923076923076923
public_libraries,share_of_national,as_printed,2014,population,post,24,0.041666666666666664,0.14571469609053134,0.03458152274808391,0.03738040869536427,0.25619178557132444,0.01783713203102877,0.036690385714028384,0.07669820636624247,2.181818181818182,1.6923076923076923
public_libraries,share_of_national,as_printed,2015,population,post,24,0.041666666666666664,0.14859740120678233,0.03588231376020833,0.03875949003281501,0.26142491639935705,0.018491843957307075,0.03801795240364969,0.07947068427837256,2.272727272727273,1.7692307692307692
public_libraries,share_of_national,as_printed,2016,population,post,24,0.041666666666666664,0.1478727607036276,0.0353540049991334,0.037945239658580036,0.2602557488051328,0.018164483637243323,0.03723433917599994,0.07740760220058618,2.3636363636363633,1.7692307692307692
public_libraries,share_of_national,as_printed,2017,population,post,24,0.041666666666666664,0.14250948061584043,0.03330380448550849,0.035760555759088736,0.2524091521707149,0.017121961526185947,0.03512870129872048,0.07321677207412325,2.166666666666667,1.6
public_libraries,share_of_national,as_printed,2018,population,post,24,0.041666666666666664,0.13826909489236408,0.03163897014008842,0.03426094786364295,0.24484836656974435,0.01634009376006884,0.03368068722579176,0.07086179417146454,2.083333333333333,1.4375
public_libraries,share_of_national,as_printed,2019,population,post,24,0.041666666666666664,0.1426018751918843,0.03335388835369746,0.03599134970805758,0.25190500176704933,0.017190674805380946,0.03535136206062761,0.07397064543649245,2.25,1.5
public_libraries,share_of_national,as_printed,2020,population,post,24,0.041666666666666664,0.14266524265912944,0.033385308674574676,0.03602708014990186,0.2520184830771771,0.017207211180578885,0.03538582876692731,0.07404280035649091,2.25,1.5
public_libraries,share_of_national,as_printed,2021,population,post,24,0.041666666666666664,0.14284826535504577,0.03326579472502112,0.03583969174358184,0.2516942599421066,0.017133330477949626,0.035205054317677065,0.07353117027484524,2.25,1.5
public_libraries,share_of_national,as_printed,2022,population,post,24,0.041666666666666664,0.14215990619608918,0.0331079761077012,0.03578060561070558,0.2507591192243644,0.017077765762552266,0.035148046631152896,0.07366639038919731,2.25,1.4705882352941175
public_libraries,share_of_national,as_printed,2023,population,post,24,0.041666666666666664,0.14218956178637104,0.0331236918062823,0.03579906287436061,0.25081428759493324,0.017086172703211333,0.0351658549936974,0.07370487934589853,2.25,1.4705882352941175
public_libraries,share_of_national,as_printed,2000,unweighted,pre,24,0.041666666666666664,0.22084584584584582,0.07547308063015974,0.07913625684518347,0.38940740184426076,0.03801574741185865,0.07608597374240156,0.14916770803749624,3.285714285714285,2.375
public_libraries,share_of_national,as_printed,2001,unweighted,pre,24,0.041666666666666664,0.217814371257485,0.07339852838177396,0.0765709518154182,0.3846810238646472,0.03689541263379903,0.07371280980051509,0.14419799872705874,2.875,2.3749999999999996
public_libraries,share_of_national,as_printed,2002,unweighted,pre,24,0.041666666666666664,0.21129191321499022,0.06945900649562521,0.0727552613575086,0.3734379485322997,0.03500215263034967,0.07017163288658435,0.1385493538328323,2.875,2.111111111111111
public_libraries,share_of_national,as_printed,2004,unweighted,pre,24,0.041666666666666664,0.20741252302025784,0.06625869218608436,0.06894443573113053,0.3645990265612468,0.033325712645697614,0.06662145886640514,0.13054795776272488,3.0,2.0
public_libraries,share_of_national,as_printed,2006,unweighted,pre,24,0.041666666666666664,0.20178410117434503,0.06302950870156204,0.06541337421587887,0.3561495303058456,0.031672016270704484,0.06331981609930593,0.12445991243391508,2.666666666666667,2.0
public_libraries,share_of_national,as_printed,2007,unweighted,pre,24,0.041666666666666664,0.1993486073674753,0.061557726399612905,0.06414856714332531,0.3513464423460702,0.03099866246809735,0.062134346841072996,0.12287243849828056,2.666666666666667,2.0
public_libraries,share_of_national,as_printed,2008,unweighted,pre,24,0.041666666666666664,0.1911375661375661,0.05616553659377619,0.05779770466997208,0.3365927815570142,0.028152587085428782,0.056159137275669124,0.11001108297774465,2.6666666666666665,2.1
public_libraries,share_of_national,as_printed,2009,unweighted,pre,24,0.041666666666666664,0.1871172353455818,0.053878417902887075,0.05545172396259376,0.3294878102820107,0.027018988461714577,0.053942305515329636,0.10594989632563279,2.4,2.1
public_libraries,share_of_national,as_printed,2010,unweighted,pre,24,0.041666666666666664,0.1871172353455818,0.053878417902887075,0.05545172396259376,0.3294878102820107,0.027018988461714577,0.053942305515329636,0.10594989632563279,2.4,2.1
public_libraries,share_of_national,as_printed,2011,unweighted,post,24,0.041666666666666664,0.18913612565445026,0.05507514628394669,0.05650044377651601,0.3338902358848696,0.027566355541110754,0.054933934903071524,0.10753851669760783,2.4,2.1
public_libraries,share_of_national,as_printed,2012,unweighted,post,24,0.041666666666666664,0.18641493055555558,0.05362085793055511,0.05506202521842188,0.3292391797766481,0.026857209420120487,0.05357355617396409,0.10516513270630845,2.4,1.9090909090909092
public_libraries,share_of_national,as_printed,2013,unweighted,post,24,0.041666666666666664,0.1701208981001727,0.04484899415467432,0.04643486235809108,0.2981413964935917,0.02261414168257536,0.04537325932039327,0.08984835881086473,2.2,1.909090909090909
public_libraries,share_of_national,as_printed,2014,unweighted,post,24,0.041666666666666664,0.1700854700854701,0.04485795497031425,0.04670614228098915,0.29739168548508677,0.022680603090456164,0.04563219526535156,0.0908362733606618,2.2,1.9090909090909092
public_libraries,share_of_national,as_printed,2015,unweighted,post,24,0.041666666666666664,0.1703216374269006,0.045160510935862014,0.04721592670260266,0.29814029015779303,0.022872677896567772,0.04611859311513811,0.09228905053052505,2.3,1.9090909090909092
public_libraries,share_of_national,as_printed,2016,unweighted,post,24,0.041666666666666664,0.16759718775847804,0.043752855590149464,0.04545014049589756,0.2942618372771263,0.022096135939376427,0.04443275450678441,0.08850183585993576,2.3,1.909090909090909
public_libraries,share_of_national,as_printed,2017,unweighted,post,24,0.041666666666666664,0.16091269841269845,0.04067433321530113,0.04244871119836685,0.282842712474619,0.02060091878250614,0.04156037852001537,0.08338229497159066,2.1818181818181817,1.8333333333333335
public_libraries,share_of_national,as_printed,2018,unweighted,post,24,0.041666666666666664,0.15950980392156863,0.03999124088302486,0.042052559602873345,0.2792674549937481,0.02033488918958437,0.041180615917967955,0.08320419731473161,2.090909090909091,1.9166666666666665
public_libraries,share_of_national,as_printed,2019,unweighted,post,24,0.041666666666666664,0.1616743471582181,0.0410851131259377,0.04301326355222836,0.28373777472556944,0.020841750283875804,0.04210131515646287,0.08461742671334349,2.1818181818181817,1.9166666666666665
public_libraries,share_of_national,as_printed,2020,unweighted,post,24,0.041666666666666664,0.1616743471582181,0.0410851131259377,0.04301326355222836,0.28373777472556944,0.020841750283875804,0.04210131515646287,0.08461742671334349,2.1818181818181817,1.9166666666666665
public_libraries,share_of_national,as_printed,2021,unweighted,post,24,0.041666666666666664,0.16093272171253822,0.04044796609037583,0.0422121814921732,0.2818769081786645,0.02048966283194742,0.04133365226525221,0.08287843355423352,2.1818181818181817,1.9166666666666667
public_libraries,share_of_national,as_printed,2022,unweighted,post,24,0.041666666666666664,0.1610668185269552,0.040650820991187525,0.042589607984686716,0.28208329627400786,0.020630859987054717,0.04169541006958455,0.08388810877617603,2.272727272727273,1.9166666666666667
public_libraries,share_of_national,as_printed,2023,unweighted,post,24,0.041666666666666664,0.1610668185269552,0.040650820991187525,0.042589607984686716,0.28208329627400786,0.020630859987054717,0.04169541006958455,0.08388810877617603,2.272727272727273,1.9166666666666667
public_libraries,share_of_national,constant,2006,population,pre,23,0.043478260869565216,0.1560324472721229,0.039487506157805836,0.04293924407261581,0.27466336155109655,0.020377992829718083,0.04203040937011682,0.08898220322545325,2.3636363636363633,1.6000000000000003
public_libraries,share_of_national,constant,2007,population,pre,23,0.04347826086956523,0.15313473958397752,0.03807666184258067,0.04138817775797641,0.2698040406644986,0.019648277166466777,0.04054338206678909,0.08607640810182371,2.3636363636363638,1.6000000000000003
public_libraries,share_of_national,constant,2008,population,pre,23,0.04347826086956521,0.14673696357837834,0.03452430759624563,0.0370107153753772,0.2578349527004392,0.017718340026196433,0.03633419074715516,0.07603070185007754,2.1666666666666665,1.6
public_libraries,share_of_national,constant,2009,population,pre,23,0.043478260869565216,0.14261329742977474,0.032520364707229084,0.03474995399857737,0.25048985875609575,0.016670057060243937,0.03415310778035563,0.07141728408144687,2.0,1.6
public_libraries,share_of_national,constant,2010,population,pre,23,0.043478260869565216,0.1418008532107068,0.03220712728235601,0.034447262604131,0.24917262889571593,0.01651762112644528,0.033860709986812565,0.07090838533393296,2.0,1.6
public_libraries,share_of_national,constant,2011,population,post,23,0.04347826086956521,0.14446778979734246,0.03324639451773282,0.035422470977499884,0.253781460086348,0.017013511439650797,0.034802437847191836,0.07258266852118178,2.0,1.5999999999999999
public_libraries,share_of_national,constant,2012,population,post,23,0.043478260869565216,0.1429277247831553,0.03283074225780516,0.035169150106729594,0.25152439893318623,0.016846539539459582,0.03455790218859578,0.07248366058908073,2.0,1.6
public_libraries,share_of_national,constant,2013,population,post,23,0.04347826086956521,0.12409068220622764,0.026373015791609597,0.0289380416927756,0.2220586908318491,0.013718993283236336,0.02852334634905529,0.06133920573860974,2.0,1.4666666666666668
public_libraries,share_of_national,constant,2014,population,post,23,0.043478260869565216,0.12183178615890836,0.02574664759663651,0.028376720000635805,0.21895262995096518,0.013423162291141377,0.027977882353890315,0.06051257661707099,2.0,1.375
public_libraries,share_of_national,constant,2015,population,post,23,0.04347826086956521,0.12321673498686342,0.026012895397150904,0.028559090155139084,0.22079936393813007,0.013530516520295022,0.02815513401446834,0.060830698995653965,1.9230769230769231,1.4375
public_libraries,share_of_national,constant,2016,population,post,23,0.043478260869565216,0.12176374219335608,0.025052218100391918,0.027181890490832472,0.2177711665444753,0.012959462507203034,0.02681578752920266,0.0572936235425735,2.0,1.4375
public_libraries,share_of_national,constant,2017,population,post,23,0.043478260869565216,0.1180858130750653,0.023798448147893003,0.025883795403404478,0.21192890706301482,0.01232894583928612,0.025551681596487907,0.05477774049872097,1.8571428571428572,1.3333333333333333
public_libraries,share_of_national,constant,2018,population,post,23,0.043478260869565216,0.1111286921889108,0.021692614737695598,0.023740066070642392,0.20158030691150236,0.011277534840666847,0.023460487476832492,0.0507177570865206,1.7857142857142856,1.2777777777777777
public_libraries,share_of_national,constant,2019,population,post,23,0.043478260869565216,0.11419662444275247,0.022519271813209358,0.024458370077624574,0.20609781249873776,0.011662956069962593,0.024161687853983205,0.05175173669499944,1.7999999999999998,1.3333333333333335
public_libraries,share_of_national,constant,2020,population,post,23,0.043478260869565216,0.11412309716017886,0.022498667801589208,0.024438384225338283,0.2059942407778884,0.01165286897911133,0.024142184698729086,0.05171714635243918,1.7999999999999998,1.3333333333333335
public_libraries,share_of_national,constant,2021,population,post,23,0.04347826086956521,0.11427367983133378,0.02223303678528921,0.02405709404635311,0.20503298371847303,0.011495697433584584,0.023770028752473138,0.05068933202678261,1.8,1.3333333333333333
public_libraries,share_of_national,constant,2022,population,post,23,0.04347826086956521,0.11313554927100934,0.021832814125370362,0.023675299396562977,0.2030069854427284,0.011300750958798567,0.023397238212297666,0.05005964733284096,1.8,1.3888888888888888
public_libraries,share_of_national,constant,2023,population,post,23,0.04347826086956521,0.11308269741700512,0.021816582265412495,0.023658839082220023,0.20292684941293065,0.011292638945874511,0.023381162891549012,0.050029171402316,1.8,1.3888888888888888
public_libraries,share_of_national,constant,1995,unweighted,pre,23,0.043478260869565216,0.21564050189670267,0.07246169503834678,0.07514739814721764,0.3831973804998711,0.03632669369778285,0.07239325126474361,0.14100838663359538,2.9999999999999996,2.5714285714285716
public_libraries,share_of_national,constant,1996,unweighted,pre,23,0.04347826086956521,0.20777729946907741,0.06767169408041966,0.07068797361307227,0.36892907227675587,0.034067986725744626,0.06824742183514809,0.134618570798396,3.0000000000000004,2.25
public_libraries,share_of_national,constant,1997,unweighted,pre,23,0.043478260869565216,0.20782061799289037,0.06765292863004256,0.07106524396508562,0.368582436021451,0.034135622898445184,0.06859887815710741,0.13642117147518107,3.142857142857143,2.0
public_libraries,share_of_national,constant,1998,unweighted,pre,23,0.043478260869565216,0.20568044151298964,0.06620676520400165,0.06996945497842222,0.363378346776996,0.03351431997728782,0.06757769966973814,0.1353211381443482,3.142857142857143,2.111111111111111
public_libraries,share_of_national,constant,1999,unweighted,pre,23,0.04347826086956521,0.20007929166116029,0.06255421307879205,0.06624990845006223,0.35253117732274725,0.03171944938884663,0.06410305349149836,0.1291728948497427,2.75,2.111111111111111
public_libraries,share_of_national,constant,2000,unweighted,pre,23,0.043478260869565216,0.2018540279409844,0.06403613780207619,0.06805887503987627,0.3562072997527617,0.03251740768629707,0.06579452942625497,0.1327694690891642,2.875,2.1111111111111107
public_libraries,share_of_national,constant,2001,unweighted,pre,23,0.043478260869565216,0.20177037229888042,0.06404356931914269,0.06825135537797775,0.35572088000668595,0.032565378212445206,0.06597432830665717,0.1333947563345994,2.875,2.111111111111111
public_libraries,share_of_national,constant,2002,unweighted,pre,23,0.043478260869565216,0.19706714689992277,0.06167475692739408,0.06623730930596902,0.34780620141267676,0.03148836459509896,0.06409126191673142,0.1309581639638585,2.875,1.9000000000000001
public_libraries,share_of_national,constant,2004,unweighted,pre,23,0.043478260869565216,0.1957722796060533,0.06000700174020537,0.06414425647241041,0.3425191580707466,0.030604878057634233,0.062130304002166126,0.12578836665152981,3.0,1.8181818181818181
public_libraries,share_of_national,constant,2006,unweighted,pre,23,0.043478260869565216,0.19229409685401203,0.05803884715864404,0.061977704850213707,0.3371561259619911,0.029591026346762694,0.060096158145571454,0.12203489672817658,2.666666666666667,1.8181818181818183
public_libraries,share_of_national,constant,2007,unweighted,pre,23,0.04347826086956523,0.18914801359428102,0.05636453680884621,0.06042288796724907,0.3317445054935943,0.028795482419734064,0.05863364310698582,0.11985741140259554,2.666666666666667,1.8181818181818183
public_libraries,share_of_national,constant,2008,unweighted,pre,23,0.04347826086956521,0.1796641361858753,0.05028037617286098,0.05298319960322155,0.31480369906123845,0.02551657809840069,0.05160405422335179,0.10414761634899006,2.6666666666666665,1.9090909090909092
public_libraries,share_of_national,constant,2009,unweighted,pre,23,0.043478260869565216,0.1750542051808741,0.04770448225364208,0.050191516277821854,0.3066937837828522,0.024202195329531495,0.048952733974307105,0.09897510618350791,2.4,1.9090909090909092
public_libraries,share_of_national,constant,2010,unweighted,pre,23,0.043478260869565216,0.1750542051808741,0.04770448225364208,0.050191516277821854,0.3066937837828522,0.024202195329531495,0.048952733974307105,0.09897510618350791,2.4,1.9090909090909092
public_libraries,share_of_national,constant,2011,unweighted,post,23,0.04347826086956521,0.1770999317095379,0.048805960166718565,0.05117186593235483,0.3109568612649031,0.024710951120347935,0.049884635963467816,0.10050229710042935,2.4,1.9090909090909092
public_libraries,share_of_national,constant,2012,unweighted,post,23,0.043478260869565216,0.17708333333333334,0.04890570252600224,0.05146647576972366,0.3106935635821716,0.024806630786799677,0.05016450806778627,0.10136532491968153,2.4,1.9090909090909092
public_libraries,share_of_national,constant,2013,unweighted,post,23,0.04347826086956521,0.1628745212885785,0.04179517759162656,0.04435966875426234,0.2843846943018154,0.02134085300765276,0.04339016707558996,0.08828504730001763,2.2,1.909090909090909
public_libraries,share_of_national,constant,2014,unweighted,post,23,0.043478260869565216,0.1616499442586399,0.041398950736951115,0.04419450999298808,0.2822842860414951,0.02119903161278791,0.04323216153292064,0.08850847216740532,2.2,2.0
public_libraries,share_of_national,constant,2015,unweighted,post,23,0.04347826086956521,0.15996513021684644,0.04081953805169987,0.04373451644309889,0.28014176150012177,0.020934987648573933,0.04279195325976315,0.08817337269301395,2.3,1.8333333333333333
public_libraries,share_of_national,constant,2016,unweighted,post,23,0.043478260869565216,0.15665120293451287,0.03903254135080468,0.04145825496406684,0.2749307986990479,0.01994118661998634,0.040610615750136136,0.08314461467197343,2.3,1.6923076923076925
public_libraries,share_of_national,constant,2017,unweighted,post,23,0.043478260869565216,0.14989648033126293,0.036021002530153445,0.03838030548351603,0.26348011064876037,0.018442487468281032,0.037653114508423124,0.0775555255692193,2.1818181818181817,1.8333333333333335
public_libraries,share_of_national,constant,2018,unweighted,post,23,0.043478260869565216,0.1467007672634271,0.034891953918658,0.0374523882687834,0.25824534350002587,0.017934303218181125,0.036759721833713344,0.07630579871094434,2.090909090909091,1.7692307692307692
public_libraries,share_of_national,constant,2019,unweighted,post,23,0.043478260869565216,0.1476657984371869,0.03520899909454347,0.03754375912132824,0.2602360903870138,0.01803802840799784,0.03684772989838814,0.07597196789875371,2.1818181818181817,1.7692307692307694
public_libraries,share_of_national,constant,2020,unweighted,post,23,0.043478260869565216,0.1476657984371869,0.03520899909454347,0.03754375912132824,0.2602360903870138,0.01803802840799784,0.03684772989838814,0.07597196789875371,2.1818181818181817,1.7692307692307694
public_libraries,share_of_national,constant,2021,unweighted,post,23,0.04347826086956521,0.14678899082568808,0.03440357912142475,0.03650794700437379,0.2577189796438117,0.017587424032664223,0.03584956824182017,0.07361809486983306,2.0,1.7692307692307692
public_libraries,share_of_national,constant,2022,unweighted,post,23,0.04347826086956521,0.1463801129048232,0.034356899438296576,0.03660364553020814,0.2570905432905335,0.017597390476649544,0.03594183160201758,0.07410436457700609,2.083333333333333,1.7692307692307692
public_libraries,share_of_national,constant,2023,unweighted,post,23,0.04347826086956521,0.1463801129048232,0.034356899438296576,0.03660364553020814,0.2570905432905335,0.017597390476649544,0.03594183160201758,0.07410436457700609,2.083333333333333,1.7692307692307692
road_deaths,per_head,as_printed,2005,population,pre,24,0.14745035017394406,0.14202133936393874,0.03124000862905256,0.03227473614716592,0.2486329170666134,0.01576928695771851,0.03175946513960071,0.06388617553361275,2.10801357803404,1.685903189134207
road_deaths,per_head,as_printed,2013,population,post,24,0.13846542231727857,0.1501856099187272,0.03926828313155313,0.042114899957489065,0.27581451208906754,0.020131975221767906,0.04124038719528356,0.08594972621121588,2.1222429589412966,1.5391410903080562
road_deaths,per_head,as_printed,2014,population,post,24,0.15087199478643434,0.15487690147255434,0.04445338389998699,0.05067680746006222,0.2890054775932917,0.02337518962764007,0.049414156855120406,0.11115137063866765,2.8175799839796447,1.3422628056789043
road_deaths,per_head,as_printed,2015,population,post,24,0.13127010321943391,0.18023903077711675,0.05074154093540319,0.05126361179398318,0.3224065941190435,0.025228883467042884,0.04997180111760491,0.0969176038462598,2.6392286533622054,2.0124510666183797
road_deaths,per_head,as_printed,2016,population,post,24,0.1303622022933245,0.1739338523572726,0.04983834277213712,0.05587778818853047,0.30730549189080386,0.025991714779481034,0.05434530099754653,0.11916813644831603,2.3575782202356765,1.7622872702518722
road_deaths,per_head,as_printed,2017,population,post,24,0.11918882439667498,0.14032630156059467,0.03413340343487203,0.03773539050195231,0.25213403190638617,0.01779635694435755,0.0370322824140672,0.07931982780801505,2.164705882352941,1.770888370888371
road_deaths,per_head,as_printed,2018,population,post,24,0.11173270094275872,0.15490594467071972,0.041440559495105035,0.04399801915621459,0.2876473796970651,0.021083518613338792,0.04304414694877612,0.09013228241057569,2.2477892948173324,1.5546654929577468
road_deaths,per_head,as_printed,2019,population,post,24,0.10075137744296934,0.16623614289674257,0.04460845851009844,0.04582996032435754,0.30035729645572634,0.022375087218871936,0.04479562897622802,0.0890203688230391,2.1934758155230596,1.7634455618714473
road_deaths,per_head,as_printed,2020,population,post,24,0.08190798474856638,0.17683484435534944,0.04967147668830829,0.05290839445042808,0.31214607350376183,0.02532271452171364,0.05153310666613209,0.10582265561076254,2.410162915858407,1.7844601273720202
road_deaths,per_head,as_printed,2021,population,post,24,0.08386072093765891,0.16342159226010836,0.042910022598522723,0.045838755959766414,0.2889417940459981,0.02194150126653449,0.04480403056866833,0.09272846343993257,2.242248062015504,1.9210780780252816
road_deaths,per_head,as_printed,2022,population,post,24,0.0875247606386395,0.17955140727576904,0.05524600872358374,0.06186000122828185,0.3223744605399767,0.028817322402518997,0.059985521548081344,0.12812938155199594,2.5916778423483837,2.104545066939541
road_deaths,per_head,as_printed,2023,population,post,24,0.10453127175565284,0.19553991264713683,0.06138209463730427,0.06565746291222462,0.3477905965861698,0.03127776139971927,0.06354842124318683,0.1294185328470583,2.3328632164173007,2.1652146280750997
road_deaths,per_head,as_printed,2005,unweighted,pre,24,0.14745035017394406,0.15586313358237078,0.037133981305394914,0.03742571011910973,0.2746065450789648,0.018499273551533024,0.03673402402261727,0.07169418987005016,2.10801357803404,1.7657960868784779
road_deaths,per_head,as_printed,2013,unweighted,post,24,0.13846542231727857,0.14976014567898852,0.03755679063301749,0.03986772349309417,0.271043707969064,0.019161797044558337,0.03908346257092077,0.08094117831606595,2.1222429589412966,1.5939206138409325
road_deaths,per_head,as_printed,2014,unweighted,post,24,0.15087199478643434,0.1603337443545272,0.04544189916207936,0.05125276778902961,0.2937548534903376,0.023760063428804545,0.049961498951251904,0.11161358332238669,2.0694135004802505,1.526493482846001
road_deaths,per_head,as_printed,2015,unweighted,post,24,0.13127010321943391,0.17356566552068742,0.04650727535964885,0.047955764239595994,0.305225671609248,0.023376788904509782,0.046824049392095946,0.09284058828784947,2.2839120900306047,1.9848658564549417
road_deaths,per_head,as_printed,2016,unweighted,post,24,0.1303622022933245,0.17202788280081233,0.047973060669117974,0.05317048544206791,0.3024009546486087,0.024900196080450798,0.05178165872169305,0.11234137496984875,2.237892948173322,1.7868061609997092
road_deaths,per_head,as_printed,2017,unweighted,post,24,0.11918882439667498,0.1457883728164369,0.03411306194731726,0.03671996563816645,0.2552510801763784,0.01755459393744596,0.03605396443046538,0.07535639231411573,1.9756196668021129,1.8241686471580703
road_deaths,per_head,as_printed,2018,unweighted,post,24,0.11173270094275872,0.18571007088530822,0.05852308087495975,0.05947459811868397,0.3513284711076253,0.029029911064162306,0.057740531549580365,0.11476961447982337,2.429779451317913,1.6249574415628631
road_deaths,per_head,as_printed,2019,unweighted,post,24,0.10075137744296934,0.17944276669333745,0.0507266246403746,0.051928880868382585,0.3212862980851442,0.02536923097567212,0.05060361531160429,0.0996741704210895,2.2576869543211435,1.9916825867155317
road_deaths,per_head,as_printed,2020,unweighted,post,24,0.08190798474856638,0.19147083141576296,0.05706390101363981,0.05921759428798342,0.33914617719123896,0.028686306829579067,0.05749833613543298,0.11439071694679703,2.369614512471655,1.876064823312208
road_deaths,per_head,as_printed,2021,unweighted,post,24,0.08386072093765891,0.17683108009128726,0.04922030344680075,0.05176011327446889,0.31200117719915116,0.024951271252668272,0.05044337444673763,0.1020067978881305,2.4409282700421935,1.9529417711281842
road_deaths,per_head,as_printed,2022,unweighted,post,24,0.0875247606386395,0.2031000359088864,0.06701328329623761,0.0735379980823819,0.35836283491244336,0.03456364993967065,0.07089915892953247,0.14580713610464735,3.0346329775648004,2.368708093133603
road_deaths,per_head,as_printed,2023,unweighted,post,24,0.10453127175565284,0.209482800097862,0.06967705777707962,0.07429465811397,0.37109243615756055,0.03541290484414117,0.07160190649725773,0.14349624211777,2.917908031088083,2.2044991128882767
road_deaths,per_head,constant,2005,population,pre,23,0.14872929000732804,0.13937600240311884,0.02979019857479106,0.030314433142569694,0.24424495497888613,0.014933744816667538,0.029859558722224233,0.05917779265057688,1.8767785479751913,1.7489854067760593
road_deaths,per_head,constant,2013,population,post,23,0.14097936570205205,0.14961050747810942,0.0386864060384566,0.04106794874930118,0.27463455266046144,0.019745831560228688,0.04023608702539283,0.08277796384753966,2.2547685884978046,1.5391410903080562
road_deaths,per_head,constant,2014,population,post,23,0.1530963017316921,0.15196065359026587,0.03904762243068124,0.04139101562889466,0.2774913261449731,0.019886927058046067,0.04054610487695787,0.08423653060441005,2.256747985675917,1.417676274060038
road_deaths,per_head,constant,2015,population,post,23,0.13281442909579444,0.17663025752667033,0.048871289340905726,0.04857372889309347,0.3183048947864886,0.02412277731046164,0.04741289647605429,0.09049637193271187,2.278815336048389,1.9690413368513628
road_deaths,per_head,constant,2016,population,post,23,0.1330707721263507,0.17323003887009272,0.04773398960313041,0.05142056592692369,0.303999329596564,0.024483058960958592,0.05012090026866012,0.10401303740615542,2.3575782202356765,1.7622872702518722
road_deaths,per_head,constant,2017,population,post,23,0.12119516013472395,0.13947500216197842,0.03344809543737979,0.03654542797989068,0.2505565846948866,0.017349074007369514,0.03588570486332443,0.07578750176162563,2.164705882352941,1.7927441352973268
road_deaths,per_head,constant,2018,population,post,23,0.11430739670863362,0.15472818667741195,0.04126084085611842,0.04362970124217867,0.2873419231420888,0.020956259710237735,0.04269161804778698,0.08887900050080333,2.2477892948173324,1.5546654929577468
road_deaths,per_head,constant,2019,population,post,23,0.10221959592024721,0.16602127327324634,0.04452470226678321,0.04570431496085099,0.30017126177644005,0.022324374436454186,0.04467560443570273,0.08870727023264946,2.1934758155230596,1.7380973202573549
road_deaths,per_head,constant,2020,population,post,23,0.08330153016119866,0.17513819293382898,0.047814337381474975,0.04963573706640332,0.3087096779561261,0.024107225064565085,0.04842401476281055,0.0963904198336355,2.410162915858407,1.7974659673783786
road_deaths,per_head,constant,2021,population,post,23,0.08566648218649099,0.1631467560336758,0.042516955970154466,0.045066500165354344,0.2882464342672759,0.021669150063565068,0.044066090043726525,0.09021595564130147,2.242248062015504,1.9210780780252816
road_deaths,per_head,constant,2022,population,post,23,0.08928820285346703,0.17875846352880323,0.05430118630091026,0.0599225029633557,0.32093165751174296,0.02815112889337934,0.05816247962708754,0.12200289552441512,3.0258039357422084,2.104545066939541
road_deaths,per_head,constant,2023,population,post,23,0.10667185912437906,0.19476124142476253,0.06053088200496266,0.06396883765978742,0.34654684415101866,0.0306881289315456,0.06196576958290534,0.12427882918278899,2.667238982912272,2.2044991128882767
road_deaths,per_head,constant,2005,unweighted,pre,23,0.14872929000732804,0.15284604432548976,0.035816002100169206,0.03585532237039372,0.27027795276692396,0.017791543732551096,0.03522013454956596,0.06829351512937787,2.048340021889821,1.7596818345000897
road_deaths,per_head,constant,2013,unweighted,post,23,0.14097936570205205,0.14082050761709572,0.03337158133272796,0.03505348542258083,0.25629466957537983,0.016956736695172947,0.03444622817504395,0.07080071293860102,2.1222429589412966,1.592854388896029
road_deaths,per_head,constant,2014,unweighted,post,23,0.1530963017316921,0.1531385452138433,0.03896609425332313,0.041383628430789514,0.2770841936048766,0.019858156676597516,0.04053901717478248,0.08470111775652678,2.0694135004802505,1.526493482846001
road_deaths,per_head,constant,2015,unweighted,post,23,0.13281442909579444,0.16996379984256096,0.04443838156598541,0.045454906517716054,0.2989759868651409,0.02226546048278255,0.0444373087502733,0.087398982386929,2.278815336048389,1.9848658564549417
road_deaths,per_head,constant,2016,unweighted,post,23,0.1330707721263507,0.16145943777089541,0.04100037428277692,0.04363188939842468,0.2825186935102916,0.020938094055691914,0.04269371278581002,0.08815400997997902,2.031867626781063,1.7129859387923903
road_deaths,per_head,constant,2017,unweighted,post,23,0.12119516013472395,0.13791930868732558,0.03049854083353293,0.03259898977414909,0.24171806387683314,0.015655877290663422,0.03207336974971642,0.06670054533919723,1.9756196668021129,1.6203241757023439
road_deaths,per_head,constant,2018,unweighted,post,23,0.11430739670863362,0.1739616437789769,0.05183563571061865,0.05166868758827711,0.3327838924565858,0.02550892130999527,0.05035655661203908,0.09888979943846798,1.8463331540254617,1.6020834262770467
road_deaths,per_head,constant,2019,unweighted,post,23,0.10221959592024721,0.17611342219858295,0.04925859540594767,0.050787319802935375,0.31558014105857696,0.024724381847205268,0.04951920251921993,0.09842907563541581,2.2576869543211435,1.963053604614679
road_deaths,per_head,constant,2020,unweighted,post,23,0.08330153016119866,0.1855131905289544,0.052962936238666526,0.05411407449943517,0.3278685636049941,0.026467663192638602,0.052675965177271133,0.10295533826880454,2.369614512471655,1.876064823312208
road_deaths,per_head,constant,2021,unweighted,post,23,0.08566648218649099,0.16628880387293765,0.04328652992533893,0.04484822179285614,0.2937612834567636,0.02181941974135493,0.04385740757103873,0.08767761736786694,2.400316455696202,1.9210780780252816
road_deaths,per_head,constant,2022,unweighted,post,23,0.08928820285346703,0.1945788748776581,0.06196149827406622,0.06785519633108518,0.34428659360374153,0.031964162442525534,0.06560423228318302,0.1352344812925126,3.0346329775648004,2.195465720253609
road_deaths,per_head,constant,2023,unweighted,post,23,0.10667185912437906,0.2014076594000957,0.06457500628846356,0.06857615423985725,0.3571827667697995,0.032796442299541595,0.06627764951993109,0.13275616982090788,2.917908031088083,2.2044991128882767
road_deaths,share_of_national,as_printed,2005,population,pre,24,0.041666666666666664,0.2855691912048748,0.13028470452074725,0.15011804275041887,0.5034334718052114,0.06755728534671523,0.1393936179154317,0.2916064880727406,3.421052631578948,2.6222222222222222
road_deaths,share_of_national,as_printed,2013,population,post,24,0.041666666666666664,0.2998330639505289,0.14191865904739548,0.15670620319728945,0.5330502739776061,0.0721789947529512,0.14504479497140033,0.2820630336086145,4.2727272727272725,3.0769230769230766
road_deaths,share_of_national,as_printed,2014,population,post,24,0.041666666666666664,0.2809606308136773,0.12504379476077285,0.1343218065889618,0.5055693169004655,0.06297345446800318,0.12569133896090656,0.24308098682114387,3.9032258064516125,2.8095238095238098
road_deaths,share_of_national,as_printed,2015,population,post,24,0.041666666666666664,0.2649225813601795,0.11113257380511139,0.12246480328701317,0.4692473469965614,0.056776876186744096,0.11526295576870527,0.23267042135612215,3.4705882352941173,2.7857142857142856
road_deaths,share_of_national,as_printed,2016,population,post,24,0.041666666666666664,0.28309428232890227,0.12951673264311936,0.14841957561641778,0.4990838365415366,0.06718426140979028,0.13793066422245914,0.28032850147944943,4.2333333333333325,3.230769230769231
road_deaths,share_of_national,as_printed,2017,population,post,24,0.041666666666666664,0.28555758860296016,0.13122791274965243,0.1475158697074524,0.5109925659301503,0.06723653690350506,0.13715125494443792,0.282341321001919,3.878787878787879,2.5869565217391304
road_deaths,share_of_national,as_printed,2018,population,post,24,0.041666666666666664,0.28400215255190836,0.12650623749569426,0.13753463968250493,0.5053177476446021,0.0640825425333934,0.12849583915314422,0.24923888518591497,4.782608695652173,2.8333333333333335
road_deaths,share_of_national,as_printed,2019,population,post,24,0.041666666666666664,0.28517457176237837,0.12977998239570718,0.14620424129273912,0.5074660672527403,0.0666233963295425,0.13601877547905694,0.27724706218039563,4.038461538461538,2.823529411764706
road_deaths,share_of_national,as_printed,2020,population,post,24,0.041666666666666664,0.2981131696068694,0.14616050804071115,0.15758042698234745,0.5531778577086219,0.07321991122061433,0.14579189053485764,0.2838914709621678,4.4,2.956521739130435
road_deaths,share_of_national,as_printed,2021,population,post,24,0.041666666666666664,0.3043775588270619,0.15350702369721764,0.1726049077831634,0.5659597516615703,0.07790240041418983,0.1585299925719259,0.3291129858576195,6.25,2.090909090909091
road_deaths,share_of_national,as_printed,2022,population,post,24,0.041666666666666664,0.27782503899604055,0.13017606615869326,0.16471066067126133,0.4858994110846704,0.07037570568430018,0.15186093142181478,0.34331535229397736,4.0,3.6399999999999997
road_deaths,share_of_national,as_printed,2023,population,post,24,0.041666666666666664,0.2909744530344804,0.1362370656982205,0.1550950476683769,0.5247147772171048,0.06991154471437866,0.14366621891383868,0.30437421819896315,4.333333333333334,2.3055555555555554
road_deaths,share_of_national,as_printed,2002,unweighted,pre,24,0.041666666666666664,0.33835436382755,0.1859437853864177,0.2063750899934012,0.6264342478274143,0.09352213216037308,0.18647212711734273,0.3575784529736392,6.894736842105263,3.851851851851852
road_deaths,share_of_national,as_printed,2003,unweighted,pre,24,0.041666666666666664,0.35653180354267316,0.20338588675448188,0.23779720879362093,0.6435147093302637,0.10426988765872724,0.21163745212340446,0.41786335654531326,5.12,4.068965517241379
road_deaths,share_of_national,as_printed,2004,unweighted,pre,24,0.041666666666666664,0.34722222222222227,0.1927407913222356,0.21434032873417025,0.6375414296566669,0.09692698269981148,0.19292633208151388,0.3692605226917167,5.476190476190476,4.076923076923077
road_deaths,share_of_national,as_printed,2005,unweighted,pre,24,0.041666666666666664,0.331276058810621,0.17652130162701238,0.20374521415993768,0.5996925860129942,0.09047637642748818,0.1843298340769709,0.36959045292538106,7.375,3.633333333333333
road_deaths,share_of_national,as_printed,2013,unweighted,post,24,0.041666666666666664,0.33325027685492803,0.1764074039314867,0.188200844429244,0.6133228701033405,0.08754339061501104,0.17155169870384435,0.3177080169566695,5.999999999999999,3.5714285714285716
road_deaths,share_of_national,as_printed,2014,unweighted,post,24,0.041666666666666664,0.29555378061767834,0.13976255529590112,0.14410066328836074,0.5497996914528572,0.06875121674816087,0.1341994106619505,0.24988016145900616,4.720000000000001,3.3548387096774195
road_deaths,share_of_national,as_printed,2015,unweighted,post,24,0.041666666666666664,0.30469675432362,0.14693185114159257,0.1608619152656996,0.549093296570418,0.0742294089673774,0.14859037033706324,0.288057148248993,5.571428571428571,3.1333333333333333
road_deaths,share_of_national,as_printed,2016,unweighted,post,24,0.041666666666666664,0.32608570108570106,0.16857352636265333,0.18749292745866344,0.5880171114099493,0.08534510843235243,0.17096501845615752,0.33107009587889324,5.7272727272727275,3.1666666666666665
road_deaths,share_of_national,as_printed,2017,unweighted,post,24,0.041666666666666664,0.32569393718042366,0.17341180286109803,0.19776051773153,0.5983601552066155,0.08841235643494205,0.1794336593020508,0.358907570558188,6.999999999999999,4.0476190476190474
road_deaths,share_of_national,as_printed,2018,unweighted,post,24,0.041666666666666664,0.30342323651452285,0.14568702460552263,0.14843825261880267,0.5621039168577974,0.07130326166413747,0.13794676494314195,0.25019661413094374,3.8636363636363633,3.1304347826086953
road_deaths,share_of_national,as_printed,2019,unweighted,post,24,0.041666666666666664,0.326159420289855,0.17005458063583292,0.18927608341711977,0.5924260460494686,0.08611214772725406,0.17244199988778974,0.3306080768844023,6.400000000000001,3.55
road_deaths,share_of_national,as_printed,2020,unweighted,post,24,0.041666666666666664,0.3210257787325457,0.17304588731131004,0.18521649215437158,0.6143320934435617,0.0857761150001366,0.16907562422974576,0.32077434814132755,5.666666666666667,2.4
road_deaths,share_of_national,as_printed,2021,unweighted,post,24,0.041666666666666664,0.34566074950690334,0.20147148953495686,0.23488507578474666,0.6535091548111338,0.10283592847128664,0.20933828941580646,0.416007719366699,5.3076923076923075,3.7499999999999996
road_deaths,share_of_national,as_printed,2022,unweighted,post,24,0.041666666666666664,0.34906181015452536,0.19895494012434844,0.2520468347006738,0.613772984168514,0.10596861771810384,0.2227916631032858,0.45537855923800596,10.111111111111109,3.833333333333333
road_deaths,share_of_national,as_printed,2023,unweighted,post,24,0.041666666666666664,0.32904663923182437,0.17803396538169625,0.21140192498427687,0.6027878129043993,0.092114370958985,0.19055133614963826,0.39531823604201033,4.1499999999999995,3.5
road_deaths,share_of_national,constant,2005,population,pre,23,0.043478260869565216,0.2658947630895136,0.11431685611256083,0.13640585085430798,0.4649956096358862,0.060359564763741824,0.12751153956397632,0.28203303448280015,3.421052631578948,2.5652173913043477
road_deaths,share_of_national,constant,2013,population,post,23,0.043478260869565216,0.2751879926131107,0.12052787720489803,0.13467961244225887,0.48895395313543266,0.061786933236148145,0.126004115757393,0.25678186539065606,4.2727272727272725,2.4489795918367347
road_deaths,share_of_national,constant,2014,population,post,23,0.043478260869565216,0.25284795525007514,0.1026176799140721,0.11062108885616895,0.4564013166926572,0.05193148117209556,0.10472208455302534,0.20991614921778956,3.184210526315789,2.1454545454545455
road_deaths,share_of_national,constant,2015,population,post,23,0.04347826086956523,0.2457413830899154,0.0970311540592403,0.11161591959644794,0.4302349600378306,0.05068289898111478,0.10561229166828368,0.2255374197487593,3.4705882352941173,2.543478260869565
road_deaths,share_of_national,constant,2016,population,post,23,0.043478260869565216,0.2540485106140083,0.10514312557146129,0.1197188421881598,0.45069548456715197,0.054528974450428924,0.1128301636148894,0.2399989173397794,3.256410256410256,2.739130434782609
road_deaths,share_of_national,constant,2017,population,post,23,0.043478260869565216,0.26036812918737307,0.11083219816541409,0.12777269401691202,0.46541820825413255,0.05756136722092131,0.1199466021861767,0.26284149246186794,2.782608695652174,2.5319148936170213
road_deaths,share_of_national,constant,2018,population,post,23,0.043478260869565216,0.2551855331795546,0.10412992747677104,0.11260856611721815,0.4590319276120365,0.05276685027044681,0.1064996620197699,0.2132996727445695,4.4,1.8888888888888888
road_deaths,share_of_national,constant,2019,population,post,23,0.043478260869565216,0.26521996534475856,0.11421648548116228,0.13425224564101643,0.4673775958863734,0.05993534805608325,0.12563051910632894,0.2708606760435923,4.038461538461538,2.2857142857142856
road_deaths,share_of_national,constant,2020,population,post,23,0.043478260869565216,0.2699827568145717,0.12408750958619225,0.13683162209189684,0.5054246655277896,0.06295417289800087,0.12788294098392572,0.2635247993913826,4.4,1.6585365853658538
road_deaths,share_of_national,constant,2021,population,post,23,0.043478260869565216,0.27573208096017515,0.13051466464316366,0.14726862169151353,0.5213361139650478,0.06648097834439615,0.13693789092833908,0.3000176087398735,4.3478260869565215,1.725
road_deaths,share_of_national,constant,2022,population,post,23,0.043478260869565216,0.24857329514419887,0.106665855070393,0.13877784076541833,0.43690130572588015,0.0584898481556092,0.12957862087251104,0.3186503339565945,3.6799999999999997,2.5277777777777772
road_deaths,share_of_national,constant,2023,population,post,23,0.043478260869565216,0.26056051527620916,0.11328135507413417,0.1311040549195644,0.47683201559280247,0.05865251107759739,0.12287349968507066,0.2792251464514197,4.333333333333334,1.8863636363636365
road_deaths,share_of_national,constant,1995,unweighted,pre,23,0.04347826086956521,0.3728970112819159,0.2263905080311493,0.282990583035465,0.6730436925183603,0.11848275273925046,0.24647311623775314,0.503155519689532,8.666666666666668,4.8
road_deaths,share_of_national,constant,1996,unweighted,pre,23,0.043478260869565216,0.3714927424491301,0.2243090725486734,0.2621161309832581,0.6849260065577991,0.11436273406891673,0.23057833517546755,0.4420027365969651,11.399999999999999,3.818181818181818
road_deaths,share_of_national,constant,1997,unweighted,pre,23,0.043478260869565216,0.3159575529756162,0.15977129357035053,0.185806434391425,0.5588652299824945,0.08284693554418643,0.1695656770491688,0.33562072265442144,7.0666666666666655,2.892857142857143
road_deaths,share_of_national,constant,1998,unweighted,pre,23,0.043478260869565216,0.3624060150375939,0.21228490521725066,0.26858458382904565,0.648130767670135,0.11177184942310314,0.2355392409430197,0.5075127396090353,7.466666666666667,3.6
road_deaths,share_of_national,constant,1999,unweighted,pre,23,0.043478260869565216,0.3469830181861977,0.19428485277188778,0.23789569590264162,0.6174769371992191,0.10189890934521395,0.21171509184828585,0.4284738344133293,9.384615384615383,3.8461538461538463
road_deaths,share_of_national,constant,2000,unweighted,pre,23,0.04347826086956521,0.3659831191809031,0.21443148419280422,0.25687972639115586,0.6521292961723872,0.11119118624382962,0.22653876485462,0.4371415812519063,7.444444444444445,4.681818181818182
road_deaths,share_of_national,constant,2001,unweighted,pre,23,0.04347826086956523,0.3463212769387865,0.19173260162237898,0.2300582082439092,0.6129293686457866,0.09992347975347704,0.20551264455640117,0.4084070346763289,6.80952380952381,3.8064516129032264
road_deaths,share_of_national,constant,2002,unweighted,pre,23,0.043478260869565216,0.3451378411740501,0.19104166674357073,0.2188041632745084,0.6244941429269373,0.09750632044083962,0.19652094654606178,0.37884577128510444,6.894736842105263,4.185185185185185
road_deaths,share_of_national,constant,2003,unweighted,pre,23,0.043478260869565216,0.34745851711825243,0.194069693288033,0.23641650329488884,0.6178672432004104,0.10151653240289704,0.21054820382604056,0.4290475874189599,5.12,4.068965517241379
road_deaths,share_of_national,constant,2004,unweighted,pre,23,0.043478260869565216,0.3381831589097819,0.1840818412924449,0.21225219733082507,0.6132232706416401,0.09425055059673848,0.19123929544662988,0.3775226763325745,5.476190476190476,4.076923076923077
road_deaths,share_of_national,constant,2005,unweighted,pre,23,0.043478260869565216,0.32830523513753324,0.17335434922290605,0.20825465815678007,0.5833527713160405,0.09059751488547563,0.18799977210106056,0.3852818332946334,7.375,3.633333333333333
road_deaths,share_of_national,constant,2013,unweighted,post,23,0.043478260869565216,0.3230969232991478,0.16650563048621103,0.18399111353557393,0.5868332309212352,0.0841020205673213,0.16805680317255367,0.32220341849785816,5.999999999999999,3.5714285714285716
road_deaths,share_of_national,constant,2014,unweighted,post,23,0.043478260869565216,0.2857619113765801,0.1310208699842225,0.13873450131926413,0.5255380323421192,0.06535292426068662,0.1295408964745477,0.24855087326429814,4.720000000000001,2.736842105263158
road_deaths,share_of_national,constant,2015,unweighted,post,23,0.04347826086956523,0.3035752912456351,0.1462091650628084,0.1662394050163004,0.5377663806119956,0.07523593323629085,0.15315652865591434,0.3033169596732993,5.571428571428571,3.1333333333333333
road_deaths,share_of_national,constant,2016,unweighted,post,23,0.043478260869565216,0.310705354183615,0.15462675243090887,0.17740328380273968,0.5562141161944533,0.07953412571285245,0.16255801037618267,0.32864190755225586,5.7272727272727275,2.794117647058824
road_deaths,share_of_national,constant,2017,unweighted,post,23,0.043478260869565216,0.3164480579286689,0.16621081126715612,0.19740312149173336,0.5756897591762704,0.08644053319711009,0.17914033956481812,0.36989204836962286,6.999999999999999,4.0476190476190474
road_deaths,share_of_national,constant,2018,unweighted,post,23,0.043478260869565216,0.28930182211798655,0.1332296367444255,0.13876555925851952,0.5319663904426635,0.06599761488034006,0.12956793072069295,0.24253191998727353,3.8636363636363633,2.8800000000000003
road_deaths,share_of_national,constant,2019,unweighted,post,23,0.043478260869565216,0.3238563327032136,0.16878769068570748,0.19497419118588044,0.5796850719215527,0.08702616409137354,0.17714410528319513,0.346273626936336,6.400000000000001,3.55
road_deaths,share_of_national,constant,2020,unweighted,post,23,0.043478260869565216,0.31233362910381546,0.166178416754494,0.18474045766511138,0.5920540517735813,0.0839241123413863,0.16867998140656904,0.33012712979273007,5.666666666666667,2.4
road_deaths,share_of_national,constant,2021,unweighted,post,23,0.043478260869565216,0.33118943486836466,0.18943754131260127,0.22825150357646412,0.6254876058935267,0.0982832735531336,0.20407594308627408,0.420531803806532,5.3076923076923075,3.7499999999999996
road_deaths,share_of_national,constant,2022,unweighted,post,23,0.043478260869565216,0.33433425198469824,0.18720637432017084,0.24809823710840098,0.5848771739800808,0.10194126995204478,0.21971671326098496,0.46571405871599636,10.111111111111109,3.833333333333333
road_deaths,share_of_national,constant,2023,unweighted,post,23,0.043478260869565216,0.3142601538736804,0.16739247460853318,0.2072109917862564,0.575278615935222,0.08837351902808588,0.18715187238509967,0.4038543592858006,4.1499999999999995,3.5
road_injuries,per_head,as_printed,2005,population,pre,24,1.372482330256177,0.21868974117177425,0.0756088764249086,0.07832728336338043,0.39250571159824177,0.037841915228903567,0.07533824939188627,0.14688756601518516,3.019342211037712,2.310451142631994
road_injuries,per_head,as_printed,2013,population,post,24,1.1596319295169801,0.21594363077402715,0.08767598516177166,0.08040406783381734,0.45342730267499615,0.04116460502516994,0.07725657988698031,0.1370765917399186,2.6255947190278297,1.4914177837935239
road_injuries,per_head,as_printed,2014,population,post,24,1.0976043138651521,0.1959608381355346,0.06880532453868972,0.06377250077733854,0.39667347228663347,0.03261123936185828,0.06178158078553908,0.11129841275224472,2.5301003344481603,1.553930566388483
road_injuries,per_head,as_printed,2015,population,post,24,0.9603928872789392,0.19377380829995816,0.06512940979203116,0.06081860638305718,0.3828040070113979,0.031032853615706513,0.059006085414430975,0.10648546816863003,2.8898576761407297,1.6475034009870488
road_injuries,per_head,as_printed,2016,population,post,24,0.9835814029078458,0.21173752276271834,0.07148017972336403,0.07218817912832945,0.3866623394652516,0.035341997855874,0.06964419420699142,0.13413033984774403,2.8571992224339358,1.8569305295907645
road_injuries,per_head,as_printed,2017,population,post,24,1.0206042846593282,0.3059032007696769,0.1480297888024658,0.15999640389652053,0.5513209678967617,0.07447567983572911,0.14785314663103422,0.2790610544872759,5.278113127590064,2.7236594627204656
road_injuries,per_head,as_printed,2018,population,post,24,0.7520598151466565,0.22970597010836236,0.08578829585673693,0.08247684795217555,0.43490798936263614,0.04131865938133772,0.07916724322596158,0.14386671676496265,2.5976544615709707,2.0618871948076114
road_injuries,per_head,as_printed,2019,population,post,24,0.721102755060807,0.2759005661708199,0.12128580827228586,0.12000536158648535,0.511999465078251,0.05892223135555419,0.11308431857072165,0.2025757438781669,3.460143278907101,2.7076612903225805
road_injuries,per_head,as_printed,2020,population,post,24,0.5593359457111339,0.22069906721291507,0.07819214380483581,0.07634340090106251,0.4102594916344589,0.03803048295949829,0.07350200832030418,0.13510255519607928,2.4082758620689657,1.9910285481714052
road_injuries,per_head,as_printed,2021,population,post,24,0.5773249683988658,0.22708070414680404,0.08109528338317892,0.0870583709105146,0.401054051312242,0.041235241159694014,0.08337641008196361,0.16678371770865397,2.9182445940542707,1.9278385960423454
road_injuries,per_head,as_printed,2022,population,post,24,0.6717788855164862,0.2246712977851679,0.0778121613492371,0.07977430390613326,0.39979524512677256,0.03875158910811305,0.07667528634684562,0.14722186298996265,3.0045774647887327,2.2682950989555817
road_injuries,per_head,as_printed,2023,population,post,24,0.679081737263596,0.22858135803537985,0.08294705631643705,0.08200747248059383,0.4204889545357305,0.040551994389749435,0.07873492546476346,0.14580994706303962,2.7067498581962566,2.039882064104109
road_injuries,per_head,as_printed,2005,unweighted,pre,24,1.372482330256177,0.21517037751310247,0.07356852173363465,0.0742347101504362,0.3927905094723783,0.03634980211072136,0.07154624925395126,0.13703362241614558,2.8467198581560282,1.9619282988174938
road_injuries,per_head,as_printed,2013,unweighted,post,24,1.1596319295169801,0.17880325601176372,0.05998257528413168,0.05562418738493154,0.37300065903584007,0.02842132866229541,0.054105451794262405,0.099559822590092,2.187461093819475,1.49631498779615
road_injuries,per_head,as_printed,2014,unweighted,post,24,1.0976043138651521,0.17378558670667163,0.05128586665185443,0.04910651935263239,0.3359686682053685,0.024776939852210855,0.0479202906173104,0.08997910338300974,2.0264776972094047,1.6051792168175336
road_injuries,per_head,as_printed,2015,unweighted,post,24,0.9603928872789392,0.1764778459270872,0.052308055623535826,0.049730023786207264,0.3392569380420667,0.02520045294782325,0.04851373151148741,0.08986179524286253,2.2020478582760443,1.6475034009870488
road_injuries,per_head,as_printed,2016,unweighted,post,24,0.9835814029078458,0.2079994497988814,0.06748892132194181,0.06944379775104717,0.37138485049057995,0.03371558540454611,0.06708743630465253,0.13126618345618546,2.812038351244098,2.094922879787385
road_injuries,per_head,as_printed,2017,unweighted,post,24,1.0206042846593282,0.3014101647152424,0.14388753297230933,0.15413202852969232,0.5475548784483865,0.07205170563418883,0.1428411558815692,0.27145655393609514,4.127316548596157,2.740732977377826
road_injuries,per_head,as_printed,2018,unweighted,post,24,0.7520598151466565,0.21179819119949445,0.0710884685613354,0.06990706923330146,0.3901189803810248,0.034718164091136705,0.06751952799524241,0.12633282503715215,2.400289855072464,2.143201347672111
road_injuries,per_head,as_printed,2019,unweighted,post,24,0.721102755060807,0.25338987955967457,0.10141885588627685,0.10127304655526456,0.46439217692502543,0.04966040195195698,0.09631374922191971,0.17690150997782206,3.456594837938871,2.4532763532763533
road_injuries,per_head,as_printed,2020,unweighted,post,24,0.5593359457111339,0.18992335073831693,0.057656935740067465,0.056908117823200655,0.34918551199430803,0.02829178552587952,0.0553191352867799,0.10460918610694214,2.208513349567524,1.8675173349124181
road_injuries,per_head,as_printed,2021,unweighted,post,24,0.5773249683988658,0.20819426214070766,0.06911972482586265,0.075463252615017,0.3662317412339999,0.035518121041816286,0.07268619373466323,0.14933780753887882,3.022764702359564,1.8884811299168955
road_injuries,per_head,as_printed,2022,unweighted,post,24,0.6717788855164862,0.21458916186255367,0.07097565493333138,0.0730962455113233,0.3804210014531289,0.03546953183090973,0.07048863557601937,0.13679443651004786,2.8551409289400556,2.2788745935419867
road_injuries,per_head,as_printed,2023,unweighted,post,24,0.679081737263596,0.22403772143502726,0.07870915841317846,0.07875097364182858,0.40714262281266794,0.038729287673630486,0.07572993660358052,0.14226026741802555,2.790998795515612,2.104773434797648
road_injuries,per_head,constant,2005,population,pre,23,1.3506841972292944,0.2183067198969479,0.07507656538283274,0.07788271448413034,0.3908753362766556,0.037603371674095554,0.07492708216442823,0.14634573076191693,3.019342211037712,2.310451142631994
road_injuries,per_head,constant,2013,population,post,23,1.1557469655525445,0.21356685012203186,0.08679828510442225,0.07949011998100633,0.45155770296504527,0.04072624854367013,0.0764128550179366,0.1356517545380408,2.6255947190278297,1.3633462237338676
road_injuries,per_head,constant,2014,population,post,23,1.094721837108562,0.19397588570252974,0.06794522531621863,0.06290478832789673,0.3945109145889497,0.03218652762987484,0.06096712367670687,0.10990876043538578,2.5301003344481603,1.553930566388483
road_injuries,per_head,constant,2015,population,post,23,0.9642814735072381,0.19174172287193886,0.0648216320333033,0.060464247116709426,0.3821040674004923,0.030870333424071417,0.058672576413708155,0.10583262887543587,2.8898576761407297,1.6475034009870488
road_injuries,per_head,constant,2016,population,post,23,0.9951563388931545,0.2113122757672431,0.07134351532485148,0.07199816436202244,0.38640785607677963,0.03526286689378433,0.06946739606937491,0.1337337180156457,2.8571992224339358,1.8000645586852486
road_injuries,per_head,constant,2017,population,post,23,1.0271608398519234,0.30113630988581086,0.1434764743287473,0.1554970942156556,0.5427361968976863,0.07230247808403367,0.14401043575360994,0.27431579413164453,5.278113127590064,2.7236594627204656
road_injuries,per_head,constant,2018,population,post,23,0.7630875937872839,0.22945776546252986,0.08573376019601027,0.08239366489025404,0.43482574384734696,0.04128568696363788,0.07909064235183194,0.14368061981518243,2.5976544615709707,2.0465743177677695
road_injuries,per_head,constant,2019,population,post,23,0.7312659974126746,0.27577859005264044,0.12127007351279102,0.11998173566111528,0.5119789954237679,0.05891287938113965,0.11306336411948958,0.20253062159859148,3.460143278907101,2.7076612903225805
road_injuries,per_head,constant,2020,population,post,23,0.5676894678676031,0.21936708733814134,0.07775905505094076,0.07563377025106267,0.40961298758927217,0.03775868840573893,0.07284430361213579,0.1333548006052494,2.359606659978738,2.0608519598315516
road_injuries,per_head,constant,2021,population,post,23,0.588657116265151,0.22568940414195166,0.07947935744313017,0.08423711985747548,0.3987128585374994,0.0401911385690068,0.0807867334674306,0.1598050988935812,2.9182445940542707,2.2008197307748723
road_injuries,per_head,constant,2022,population,post,23,0.6782987223858875,0.2231622820970391,0.07680871228012298,0.07835776603071805,0.398003811026982,0.03816743284014834,0.07536643511883967,0.1442880376414576,3.0045774647887327,2.2682950989555817
road_injuries,per_head,constant,2023,population,post,23,0.6896097326710401,0.2284166697485428,0.08289387403014646,0.08192525240028756,0.42040711184808055,0.04051960969126689,0.07865917586232518,0.14562435569101406,2.7067498581962566,2.039882064104109
road_injuries,per_head,constant,2005,unweighted,pre,23,1.3506841972292944,0.2156509440353386,0.07456023775069104,0.07449606688406539,0.3976637179442059,0.03665049212764093,0.07178887518623034,0.1363720072572786,2.8467198581560282,1.8804982376266706
road_injuries,per_head,constant,2013,unweighted,post,23,1.1557469655525445,0.18064976180147804,0.061723523055653914,0.057007236722380464,0.3793501382099746,0.029177116472569598,0.05541276637378467,0.10152088931734948,2.187461093819475,1.3678228932870844
road_injuries,per_head,constant,2014,unweighted,post,23,1.094721837108562,0.1760117002481773,0.05270478751446274,0.050313230790081154,0.3412411619385066,0.02541718268015636,0.04906848318410528,0.09180652911768528,2.0264776972094047,1.6051792168175336
road_injuries,per_head,constant,2015,unweighted,post,23,0.9642814735072381,0.17918232581357407,0.0538552775441646,0.05133786976398486,0.3438063806217079,0.025974651073875976,0.0500423456638186,0.09274690173160205,2.2020478582760443,1.6475034009870488
road_injuries,per_head,constant,2016,unweighted,post,23,0.9951563388931545,0.20846655675838807,0.06766653377782879,0.07025614665483919,0.3703553867908305,0.03395024296319327,0.06784497906692877,0.1337871690679555,2.812038351244098,2.030768716972504
road_injuries,per_head,constant,2017,unweighted,post,23,1.0271608398519234,0.30228997799792745,0.14467231828851662,0.15572903881682149,0.5484051480525035,0.0725834566227953,0.1442089548880805,0.2751196678128045,4.127316548596157,2.740732977377826
road_injuries,per_head,constant,2018,unweighted,post,23,0.7630875937872839,0.21081284204267653,0.07017992066760137,0.06953787717065957,0.3862268907664881,0.034404262300067545,0.06717520004874833,0.12669184453423332,2.400289855072464,2.0445491261406414
road_injuries,per_head,constant,2019,unweighted,post,23,0.7312659974126746,0.254631786813792,0.10169972501631708,0.10261452854035186,0.4627839479085879,0.05004641728578696,0.09752521528588276,0.18053316818302934,3.456594837938871,2.4532763532763533
road_injuries,per_head,constant,2020,unweighted,post,23,0.5676894678676031,0.18680818044608927,0.05587907507744046,0.05525392986857362,0.343224946695595,0.027454900388982795,0.05375516238346534,0.10191073919956684,2.208513349567524,1.8675173349124181
road_injuries,per_head,constant,2021,unweighted,post,23,0.588657116265151,0.20024123242926575,0.06380771417510032,0.06931814681253205,0.35212768635472697,0.03274496367620261,0.0669702076006774,0.13786956027066122,2.891467148318538,1.8884811299168955
road_injuries,per_head,constant,2022,unweighted,post,23,0.6782987223858875,0.21504482453526724,0.07119303025171841,0.07365633703767191,0.38014648268335227,0.03565667558825558,0.07100910124706605,0.1383046029787215,2.8551409289400556,2.2682950989555817
road_injuries,per_head,constant,2023,unweighted,post,23,0.6896097326710401,0.2227745614591417,0.07759245052729752,0.07831110869570425,0.40258843600703803,0.038346141923037425,0.07532329317440178,0.14276411867441507,2.790998795515612,2.0877526887775213
road_injuries,share_of_national,as_printed,2005,population,pre,24,0.041666666666666664,0.4022602326307257,0.2661111246839037,0.2846789529161003,0.7785009838036955,0.1293389421156359,0.24774427493755258,0.44545082494253485,5.2243589743589745,3.696022727272727
road_injuries,share_of_national,as_printed,2013,population,post,24,0.041666666666666664,0.41324323046871886,0.31492703499507124,0.28837164848603125,0.9247739319502183,0.141069703315705,0.2505170037485037,0.40355031672056063,3.902027027027027,2.883289124668435
road_injuries,share_of_national,as_printed,2014,population,post,24,0.041666666666666664,0.377225865669422,0.268165745533422,0.24099928722977704,0.8515568330438934,0.12009202565103749,0.21415781348694318,0.34927014286723634,3.2960288808664258,2.4157303370786516
road_injuries,share_of_national,as_printed,2015,population,post,24,0.041666666666666664,0.36501294107509163,0.24807175718591284,0.2258994747074406,0.8107173710806033,0.1121510719645995,0.20220170345803656,0.33701648116534266,3.3266129032258065,2.3768996960486324
road_injuries,share_of_national,as_printed,2016,population,post,24,0.041666666666666664,0.3641793331860276,0.23232152272698225,0.22367707471763384,0.7581251135919109,0.10828030834484437,0.20042670488409697,0.3448703378965925,3.9414225941422596,2.691318327974276
road_injuries,share_of_national,as_printed,2017,population,post,24,0.041666666666666664,0.3816208443372195,0.2645991068135767,0.2400486238807053,0.8375156025259202,0.11932353761890979,0.21341038690283243,0.3443442575848574,3.88,3.0313725490196077
road_injuries,share_of_national,as_printed,2018,population,post,24,0.041666666666666664,0.3854044461803929,0.2647670113598498,0.24892113582231534,0.8287348085095771,0.1211327212719423,0.22035854325737425,0.37053741791237504,3.9796954314720816,3.087557603686636
road_injuries,share_of_national,as_printed,2019,population,post,24,0.041666666666666664,0.3933120421252998,0.28432777977508744,0.2649819282934244,0.8702460954137464,0.12882521822785697,0.23278018517805277,0.39335872213082335,4.27027027027027,2.8487804878048784
road_injuries,share_of_national,as_printed,2020,population,post,24,0.041666666666666664,0.3672230051263702,0.24260005496594803,0.22845381172700008,0.7877401277840339,0.11150280461432793,0.20423694872326992,0.35081556485355325,3.443786982248521,2.7804878048780486
road_injuries,share_of_national,as_printed,2021,population,post,24,0.041666666666666664,0.3511618820911551,0.2233799645718374,0.21998350647813134,0.73978261939849,0.10503207267834469,0.19746796556701962,0.35940935907159766,5.052238805970149,2.8750000000000004
road_injuries,share_of_national,as_printed,2022,population,post,24,0.041666666666666664,0.3475877949129053,0.21489742762909425,0.21503447824984134,0.724303861943129,0.1017271734513353,0.19348636748057269,0.36313898298974034,3.7784090909090904,3.0
road_injuries,share_of_national,as_printed,2023,population,post,24,0.041666666666666664,0.32501367326672437,0.18549106100366136,0.1827242347190147,0.6687738056459983,0.08782654875155993,0.16700216405098822,0.3126482355104969,3.1999999999999997,2.555084745762712
road_injuries,share_of_national,as_printed,2002,unweighted,pre,24,0.041666666666666664,0.4025747238466537,0.2856907658627238,0.3085591821996005,0.836261143818145,0.13736304963164336,0.2654955186779895,0.5003807256004326,12.19047619047619,2.7632311977715873
road_injuries,share_of_national,as_printed,2003,unweighted,pre,24,0.041666666666666664,0.4080296853102306,0.2861468708431252,0.3155198908034977,0.8281195153906301,0.13901315409563542,0.2705904376462386,0.5085693861437441,11.549180327868852,2.7955974842767293
road_injuries,share_of_national,as_printed,2004,unweighted,pre,24,0.041666666666666664,0.42852654728243794,0.3159975100231566,0.3379053677367116,0.8850565597520144,0.1508911711766645,0.28673721762393,0.5089789349158831,14.117021276595745,3.0139860139860137
road_injuries,share_of_national,as_printed,2005,unweighted,pre,24,0.041666666666666664,0.42278869512406725,0.3070947918303978,0.3239046269975028,0.8737829317049559,0.14611439960914396,0.27668077578353445,0.49087687092332255,9.034722222222221,2.9696969696969697
road_injuries,share_of_national,as_printed,2013,unweighted,post,24,0.041666666666666664,0.3970166432774454,0.3106238838628133,0.2755015241228729,0.9719139793968882,0.13595194696173118,0.24080872500762007,0.39686052073503697,7.496551724137931,2.4035087719298245
road_injuries,share_of_national,as_printed,2014,unweighted,post,24,0.041666666666666664,0.358298256974799,0.25500282235322147,0.2235950615527738,0.8707214102434427,0.11224301091174482,0.20036112665852435,0.3354581999819638,4.623655913978494,2.2284644194756553
road_injuries,share_of_national,as_printed,2015,unweighted,post,24,0.041666666666666664,0.35183483428291373,0.24112463221956706,0.21820104355169417,0.8309293299878081,0.10798117575820276,0.19603620631855334,0.3375034204032985,5.012820512820513,2.093117408906883
road_injuries,share_of_national,as_printed,2016,unweighted,post,24,0.041666666666666664,0.3556373659568041,0.23238545627111387,0.2172303444523883,0.7889560667504637,0.10623944160289689,0.1952554204954129,0.3381383593634463,5.331210191082802,2.4905660377358494
road_injuries,share_of_national,as_printed,2017,unweighted,post,24,0.041666666666666664,0.3447471595455273,0.2216394219596339,0.19689793740625322,0.7862239222214557,0.099230610214598,0.1787255495641219,0.2980688370623915,4.068421052631578,2.584158415841584
road_injuries,share_of_national,as_printed,2018,unweighted,post,24,0.041666666666666664,0.3815344749887336,0.2701718755636059,0.24903571975975697,0.8721589208057045,0.12160231177746539,0.22044787252733233,0.373958850363759,6.036036036036037,2.4361702127659575
road_injuries,share_of_national,as_printed,2019,unweighted,post,24,0.041666666666666664,0.39401096337765334,0.28929949963901125,0.27946690297680077,0.8989224884773314,0.132056349073987,0.24381324506842417,0.42902722045190556,6.9523809523809526,2.6648351648351647
road_injuries,share_of_national,as_printed,2020,unweighted,post,24,0.041666666666666664,0.3697007788622696,0.25481902257920797,0.24456793279601066,0.8313410621056884,0.11700363060489405,0.2169572077277696,0.3842049912523353,7.4025974025974035,2.1847133757961785
road_injuries,share_of_national,as_printed,2021,unweighted,post,24,0.041666666666666664,0.3601082376870551,0.23856603631444998,0.24449194056477924,0.7798500359670587,0.11301403792724152,0.21689770029781275,0.41327726740779835,4.773584905660377,2.583333333333334
road_injuries,share_of_national,as_printed,2022,unweighted,post,24,0.041666666666666664,0.36698639622026713,0.24284584313958546,0.2603438889829742,0.7759078593828627,0.11732196529123096,0.2292135247551832,0.4384750921681294,9.041095890410958,2.604790419161677
road_injuries,share_of_national,as_printed,2023,unweighted,post,24,0.041666666666666664,0.33958069953645176,0.20599944242699036,0.21798672418785098,0.7045350832944782,0.09991908235072111,0.19586388284426948,0.3794476957057379,8.867647058823529,2.227979274611399
road_injuries,share_of_national,constant,2005,population,pre,23,0.043478260869565216,0.3974569999458227,0.2580939636869801,0.290814377644335,0.7453928383919977,0.1288150166315093,0.2523455534819896,0.4631540740649366,5.2243589743589745,4.034090909090909
road_injuries,share_of_national,constant,2013,population,post,23,0.04347826086956521,0.4088988757150912,0.2971059302270741,0.28696780975060165,0.8740826671509146,0.1368491361492109,0.2494641116143551,0.41558527639538845,3.902027027027027,2.9283819628647216
road_injuries,share_of_national,constant,2014,population,post,23,0.043478260869565216,0.38020428114137544,0.25605748950160534,0.24392803633546895,0.8066964733556421,0.11817033422786427,0.21645598106706165,0.3649860063893742,3.8050541516245486,2.5646067415730336
road_injuries,share_of_national,constant,2015,population,post,23,0.04347826086956523,0.36042016797838144,0.23255734620710236,0.22257871856006867,0.7653434939523012,0.10790345895366393,0.19954800615824064,0.34541606253737434,3.3266129032258065,2.507598784194529
road_injuries,share_of_national,constant,2016,population,post,23,0.043478260869565216,0.3513529725478063,0.21220762599691959,0.21192456603144794,0.7122379819903374,0.10087001536132278,0.19097427671426748,0.3427777441524492,3.9414225941422596,2.691318327974276
road_injuries,share_of_national,constant,2017,population,post,23,0.043478260869565216,0.38957470226371654,0.26047695905912477,0.24906017280788703,0.8043996393369719,0.12069210717979928,0.22046693471996048,0.3636601713833445,5.154999999999999,2.6840277777777777
road_injuries,share_of_national,constant,2018,population,post,23,0.04347826086956521,0.368958975520781,0.24099708214606924,0.23260254384084397,0.7804347091457661,0.11194265279981097,0.2075315175817969,0.36292434985145516,3.7692307692307696,2.8632478632478633
road_injuries,share_of_national,constant,2019,population,post,23,0.04347826086956523,0.37984687308669035,0.2604196970452006,0.250676191311976,0.8199006892797771,0.12012937110836064,0.22172565724462423,0.3903317451391185,4.27027027027027,2.5614035087719302
road_injuries,share_of_national,constant,2020,population,post,23,0.043478260869565216,0.3486226905347625,0.21802445786151692,0.21009485873351252,0.7388156817411634,0.10155848083621666,0.18949264137801514,0.3401139917333038,3.2333333333333334,2.7804878048780486
road_injuries,share_of_national,constant,2021,population,post,23,0.043478260869565216,0.3328538205686436,0.19902840356136378,0.19722323780015397,0.6937705111526997,0.09418863492123042,0.17899266701728656,0.3375700114553797,4.905797101449275,2.310502283105023
road_injuries,share_of_national,constant,2022,population,post,23,0.04347826086956521,0.3325522046930026,0.19538581632512797,0.2043250097225419,0.6771670095563421,0.09462995962324527,0.18480261894719263,0.3645208600303603,3.7784090909090904,3.0
road_injuries,share_of_national,constant,2023,population,post,23,0.043478260869565216,0.30871207157122615,0.1664832575727384,0.16964322862633324,0.6239798384957559,0.08025511760487225,0.15603413424841783,0.30693641219213763,3.1999999999999997,2.451219512195122
road_injuries,share_of_national,constant,1995,unweighted,pre,23,0.043478260869565216,0.3908805702928663,0.24664043858598253,0.2983651763358933,0.706112252191594,0.1272914167246676,0.2579696816472915,0.49060816675195484,8.629370629370628,4.029661016949152
road_injuries,share_of_national,constant,1996,unweighted,pre,23,0.04347826086956521,0.3556567199060069,0.20645462936743975,0.2441462277220722,0.6478392738166013,0.10629537093956376,0.21662692497309521,0.42541935107637896,11.033613445378151,3.5426356589147288
road_injuries,share_of_national,constant,1997,unweighted,pre,23,0.043478260869565216,0.35036871021555593,0.20161948585736703,0.22995073995454315,0.6491052995190321,0.10221259151259776,0.20542725777128512,0.3983329624356877,9.256756756756756,2.72168284789644
road_injuries,share_of_national,constant,1998,unweighted,pre,23,0.04347826086956521,0.37207823272829604,0.23055986691469982,0.26983048670890364,0.7002879950737759,0.11700644954708184,0.23649109172432436,0.4655503247749293,10.48,2.3988764044943824
road_injuries,share_of_national,constant,1999,unweighted,pre,23,0.043478260869565216,0.3958762567592309,0.26211071914521844,0.2900834892610373,0.7773039606737921,0.12867410282618807,0.25179890178595643,0.4734824239349643,7.7101449275362315,3.4089552238805965
road_injuries,share_of_national,constant,2000,unweighted,pre,23,0.043478260869565216,0.40602845669525545,0.2787638698071225,0.30737439422154417,0.8116842775302311,0.13595820461009078,0.2646247708747833,0.4917576176495615,9.256983240223462,3.38719512195122
road_injuries,share_of_national,constant,2001,unweighted,pre,23,0.043478260869565216,0.42421580761501715,0.3001727752020236,0.33316128188215693,0.8353899630141643,0.14658398626562985,0.28334539856853225,0.5119560196965275,9.967532467532468,4.567669172932331
road_injuries,share_of_national,constant,2002,unweighted,pre,23,0.04347826086956521,0.41159738113399436,0.28884168413884104,0.3238196536141913,0.8241887027141319,0.1413608252278521,0.27661931029041054,0.5218983218408224,12.19047619047619,3.0891364902506964
road_injuries,share_of_national,constant,2003,unweighted,pre,23,0.04347826086956521,0.4229339655563987,0.30050561294792527,0.34099569609290636,0.8325607777450709,0.14787853522599193,0.28893803145552543,0.5341290766512985,11.549180327868852,3.7547169811320753
road_injuries,share_of_national,constant,2004,unweighted,pre,23,0.043478260869565216,0.4455307017287102,0.3366336139839413,0.36891938178066147,0.8970192994020698,0.1623867861904984,0.30851884581734534,0.5360243163981433,14.414893617021276,3.9300699300699296
road_injuries,share_of_national,constant,2005,unweighted,pre,23,0.043478260869565216,0.4405031346898128,0.32857266743422553,0.3548918566056576,0.8877960952172854,0.1578597093694465,0.2987507254149989,0.5186010960949052,9.861111111111112,4.239057239057239
road_injuries,share_of_national,constant,2013,unweighted,post,23,0.04347826086956521,0.41577150711150074,0.3244724410217689,0.2988377759353863,0.9694560624740207,0.14455992224533187,0.25832028202523216,0.4237952633611859,7.613793103448277,2.905263157894737
road_injuries,share_of_national,constant,2014,unweighted,post,23,0.043478260869565216,0.3811404157076391,0.27139180258541373,0.2465697434902466,0.8764915699250598,0.1214812014239427,0.21852314328718614,0.36371751216931825,4.908602150537634,3.052434456928839
road_injuries,share_of_national,constant,2015,unweighted,post,23,0.04347826086956523,0.36862629152249826,0.25054521105598654,0.2353422852066248,0.8277171878849103,0.114231769128604,0.20969970477185573,0.3619316153249448,5.288461538461538,2.7085020242914983
road_injuries,share_of_national,constant,2016,unweighted,post,23,0.043478260869565216,0.36301885305648035,0.2331929265782991,0.2263565595907601,0.7748086921719372,0.10857771434545183,0.2025662816713818,0.356171467821493,5.331210191082802,3.311320754716981
road_injuries,share_of_national,constant,2017,unweighted,post,23,0.043478260869565216,0.3594230729090568,0.23445443484222125,0.21254802988521507,0.7966432869495154,0.10591052562464576,0.19147851780512326,0.31867703353365606,4.068421052631578,2.584158415841584
road_injuries,share_of_national,constant,2018,unweighted,post,23,0.04347826086956521,0.3845935301839842,0.2672215779445639,0.255024642273569,0.8520935853315705,0.1223362933400386,0.2251025975079759,0.38864774705017646,6.036036036036037,2.840425531914893
road_injuries,share_of_national,constant,2019,unweighted,post,23,0.04347826086956523,0.3978762892871267,0.2874838280020119,0.288119950905775,0.8795275740823101,0.13357838824642665,0.2503283369494117,0.4465649790142918,6.9523809523809526,2.895604395604395
road_injuries,share_of_national,constant,2020,unweighted,post,23,0.043478260869565216,0.3708318866298882,0.2505172970818358,0.24958737959196642,0.8098505823812057,0.11712952856445347,0.22087780152499037,0.3993289852512574,7.4025974025974035,2.394904458598726
road_injuries,share_of_national,constant,2021,unweighted,post,23,0.043478260869565216,0.35479979028355935,0.22901646840791084,0.24049090102402707,0.7550365797246227,0.10982453745292076,0.2137582005891886,0.41873322834372906,4.3999999999999995,2.6044776119402986
road_injuries,share_of_national,constant,2022,unweighted,post,23,0.04347826086956521,0.37211526201708517,0.24500586742129846,0.2729272874306215,0.7636784359423237,0.12056477965319723,0.23885186934689873,0.45976553054671054,9.041095890410958,2.634730538922156
road_injuries,share_of_national,constant,2023,unweighted,post,23,0.043478260869565216,0.3407574341779805,0.20387115840144976,0.22396120370909492,0.6882957916513229,0.10069148208958068,0.200653854566604,0.395907695134496,8.867647058823529,2.4256410256410255
secondary_pupils,per_head,as_printed,2005,population,pre,24,112.57339414208623,0.06545803372364732,0.008108700646159631,0.007672057995735461,0.13146044786787017,0.003935887246462766,0.007642702878149166,0.01441860513041393,1.2865743725054983,1.2388747392111887
secondary_pupils,per_head,as_printed,2006,population,pre,24,112.77381032896892,0.06416265335145722,0.007508241782589184,0.00715634973832067,0.12598581233395426,0.0036584424304541008,0.007130804041835637,0.013551212696365389,1.287546751006745,1.2436777380702124
secondary_pupils,per_head,as_printed,2007,population,pre,24,109.25832075385335,0.06033524208339417,0.006559804080264678,0.0062827981673943935,0.11742631483875259,0.0032047546777951297,0.006263102660207687,0.0119654274293437,1.260262989294481,1.2264782041147912
secondary_pupils,per_head,as_printed,2008,population,pre,24,101.47915531781568,0.057209613653876376,0.005736371139786711,0.005530252623252331,0.10941161835530029,0.0028121792992715777,0.005514988926542896,0.010609237861146426,1.249639123798691,1.1949243085075787
secondary_pupils,per_head,as_printed,2009,population,pre,24,96.02832681300951,0.05169431129214606,0.004700146051479576,0.004551036499296367,0.0987819916733199,0.0023097260544573395,0.004540696224956009,0.008778272930237918,1.2190626023767197,1.1830145889364394
secondary_pupils,per_head,as_printed,2010,population,pre,24,91.58163027840423,0.04786092471506387,0.003944675284498897,0.0038329964137309297,0.09028961079982344,0.0019423107609525259,0.0038256598596330127,0.007422343854474378,1.2397903082924393,1.1417908758723845
secondary_pupils,per_head,as_printed,2011,population,post,24,88.96907771595284,0.045140259328220106,0.0033870896510148876,0.003319262511229845,0.08328286658330902,0.0016751033796379433,0.003313759849363773,0.0064845672523755615,1.2393816417161636,1.1479986388383592
secondary_pupils,per_head,as_printed,2012,population,post,24,86.6763248121373,0.04517225611524033,0.003360638374993891,0.003305376708744886,0.08279307969059885,0.0016651194895781485,0.003299919965005671,0.006479374441125452,1.2415081338566163,1.1570687645307427
secondary_pupils,per_head,as_printed,2013,population,post,24,83.7887052122238,0.04292409204457876,0.0030208999237911656,0.002975615850151478,0.07842727502632103,0.0014980081189160943,0.0029711930932040387,0.005843717601700105,1.215638651353303,1.1559477500728468
secondary_pupils,per_head,as_printed,2014,population,post,24,81.79707421976737,0.042019724389647205,0.0028996260142850165,0.002891928939614842,0.07636688465773322,0.0014468264158304933,0.0028877513411951217,0.005752461597636094,1.2080483527049546,1.149589174695932
secondary_pupils,per_head,as_printed,2015,population,post,24,82.15306203746162,0.04004449424363109,0.002738164887331377,0.002747948334497815,0.07399348565393425,0.0013704790467462535,0.002744176180492941,0.005503892228303386,1.1740206720624067,1.1393776929274482
secondary_pupils,per_head,as_printed,2016,population,post,24,80.2953807264124,0.03778997561144803,0.0024744891209917694,0.002492575763728977,0.07020506846681256,0.0012408714883770378,0.0024894718761871992,0.005012806180617835,1.1624327351039303,1.1121190333272677
secondary_pupils,per_head,as_printed,2017,population,post,24,79.61517930818796,0.03542142946671174,0.0022306422675918668,0.002256138414008047,0.06651879994632227,0.001120915768537456,0.002253595246675122,0.004557775740491876,1.1426296138163297,1.0992191621080751
secondary_pupils,per_head,as_printed,2018,population,post,24,79.66512047603602,0.032123620922395096,0.0018941992209968329,0.0019212090744158503,0.06119950032148734,0.0009532688911508824,0.0019193647335724595,0.003893047111376169,1.1291041976574652,1.088052923718475
secondary_pupils,per_head,as_printed,2019,population,post,24,81.22914807237721,0.030365970247057755,0.0017254062654438566,0.0017582467023058088,0.05827004050988727,0.0008703899531216086,0.0017567018920912059,0.003580452353310948,1.1146882629887784,1.0893092370900144
secondary_pupils,per_head,as_printed,2020,population,post,24,85.33729914018743,0.030527203149003774,0.001787009910038096,0.0018348723418830327,0.05908651598456986,0.000904842144416107,0.0018331899927509498,0.003765498650007193,1.1165162445309178,1.0899226941921432
secondary_pupils,per_head,as_printed,2021,population,post,24,85.4248521861449,0.030550890256795613,0.0017361154391773272,0.0017712189068719844,0.05841902434478386,0.0008762915616382649,0.001769651224370672,0.003611244466210639,1.1444380131729952,1.0643020420686642
secondary_pupils,per_head,as_printed,2022,population,post,24,87.15837650507096,0.030034625356833582,0.0016073288808956497,0.0016325582330283337,0.056319646051304725,0.0008095593705766957,0.0016312263347360023,0.0033127907284888902,1.142700256630663,1.0550137008781664
secondary_pupils,per_head,as_printed,2023,population,post,24,89.00670014318497,0.032494426867324074,0.0018253657191521348,0.001851908550372133,0.06005197387383161,0.0009188314498129735,0.00185019482578197,0.003751868713673834,1.1552798834856863,1.0717953669475846
secondary_pupils,per_head,as_printed,2005,unweighted,pre,24,112.57339414208623,0.08115461251683258,0.01134369956779443,0.010858749865262444,0.15459309791688447,0.005535949917355953,0.010800006459858569,0.02052535830696145,1.5171116691023494,1.2541824976399343
secondary_pupils,per_head,as_printed,2006,unweighted,pre,24,112.77381032896892,0.07775920498861849,0.010251494718851768,0.009868764709023935,0.14649392596408384,0.005018160152249096,0.009820228246779639,0.01878058393549431,1.4841517750485926,1.2383590276026986
secondary_pupils,per_head,as_printed,2007,unweighted,pre,24,109.25832075385335,0.07183350264290413,0.008793673770538284,0.008486342391608604,0.13545717498484108,0.004311052224314937,0.0084504350338519,0.016220217956187,1.4485494474792422,1.2037688164555504
secondary_pupils,per_head,as_printed,2008,unweighted,pre,24,101.47915531781568,0.06707567931551064,0.007548482715687196,0.007321002205573111,0.12514636379843863,0.003710686860051271,0.007294268946789861,0.014084147698691485,1.4136450126470645,1.191965881909758
secondary_pupils,per_head,as_printed,2009,unweighted,pre,24,96.02832681300951,0.06033551402670272,0.00615106038641599,0.005977953634059469,0.11281232924988982,0.0030276466525841483,0.005960121220708436,0.01154511747686171,1.35104412239589,1.1775943358516079
secondary_pupils,per_head,as_printed,2010,unweighted,pre,24,91.58163027840423,0.05461741075727378,0.004888588543740337,0.004782867431577974,0.10017669270817067,0.0024150083833822666,0.004771447734697842,0.009309660583244117,1.2450160189263964,1.176552493443544
secondary_pupils,per_head,as_printed,2011,unweighted,post,24,88.96907771595284,0.04935445717701519,0.00391707787959864,0.0038669352650238468,0.08923539852114325,0.0019441912440940623,0.0038594682987117546,0.007602386041392406,1.2160576127745129,1.1587074355871907
secondary_pupils,per_head,as_printed,2012,unweighted,post,24,86.6763248121373,0.048659479179401194,0.0037342867881588705,0.0037057974889985693,0.08688334201325713,0.001858444111544011,0.003698939495544895,0.00732312609206609,1.2317433323232119,1.1507071077308408
secondary_pupils,per_head,as_printed,2013,unweighted,post,24,83.7887052122238,0.04678848649673466,0.003419251511117046,0.003401398758346526,0.08302311833351957,0.0017038589696942719,0.0033956205547716056,0.006739731597818599,1.2187135834607923,1.1724492469869463
secondary_pupils,per_head,as_printed,2014,unweighted,post,24,81.79707421976737,0.04438034688905165,0.003139171739283589,0.00315832872491269,0.07910964606853524,0.0015731713300386474,0.003153346451344685,0.006333784644880325,1.2109780775808145,1.1587868079967079
secondary_pupils,per_head,as_printed,2015,unweighted,post,24,82.15306203746162,0.04280165090150163,0.0029927326634141367,0.003024101378331345,0.07708928384285918,0.001502996396384959,0.0030195333896052556,0.006095048028834427,1.201993671063364,1.1360413263091864
secondary_pupils,per_head,as_printed,2016,unweighted,post,24,80.2953807264124,0.04018417879878232,0.0026664520705212934,0.002704004584626156,0.07263149415315961,0.0013415944315422479,0.002700352057121269,0.005472016817906877,1.1708150403705702,1.1243824443209807
secondary_pupils,per_head,as_printed,2017,unweighted,post,24,79.61517930818796,0.0379903480608629,0.00243272287610536,0.002471665519308195,0.0693084296602919,0.0012251971152910102,0.0024686134691558337,0.005013516107719385,1.167468146103709,1.112955647207905
secondary_pupils,per_head,as_printed,2018,unweighted,post,24,79.66512047603602,0.03419064331875599,0.0020109637789887756,0.00204882322910479,0.06291230659033133,0.001014304968259605,0.0020467258234420083,0.004168832854528626,1.1555229178750914,1.100455326660857
secondary_pupils,per_head,as_printed,2019,unweighted,post,24,81.22914807237721,0.03224189355317708,0.0018231223331504594,0.001862053594637497,0.0598287754345483,0.0009207182252118917,0.0018603210483743027,0.003799716618854143,1.129386657784545,1.0953436221861341
secondary_pupils,per_head,as_printed,2020,unweighted,post,24,85.33729914018743,0.031635084401122206,0.0018275192250970526,0.001879131208345904,0.05971301076447433,0.0009259916051754802,0.0018773667466882582,0.0038619951794920393,1.130439268932344,1.0864749366582602
secondary_pupils,per_head,as_printed,2021,unweighted,post,24,85.4248521861449,0.03239164797899979,0.0018385562233566564,0.001877500441224032,0.06008923412990133,0.0009284219259269033,0.0018757390397873275,0.0038308347557497457,1.1492835319037438,1.107317533070426
secondary_pupils,per_head,as_printed,2022,unweighted,post,24,87.15837650507096,0.031477502191772366,0.0017134083316182936,0.0017420340029522634,0.058121129521779884,0.0008633978365284456,0.0017405175424222152,0.0035379765541692088,1.1675188144923503,1.0930366206267073
secondary_pupils,per_head,as_printed,2023,unweighted,post,24,89.00670014318497,0.033714193736959636,0.0019336132031455744,0.0019646130187613627,0.06176656102448755,0.0009739992061471581,0.0019626844297886414,0.0039859173511476165,1.19226796182104,1.1071623075648718
secondary_pupils,per_head,constant,2005,population,pre,23,113.13163034904872,0.06488262294395705,0.008069706067001716,0.007629888579677484,0.13118581678252383,0.0039156520804889405,0.007600854868062723,0.014329986527121363,1.2863169983013387,1.2082859082563933
secondary_pupils,per_head,constant,2006,population,pre,23,113.34577601500136,0.06373989241704926,0.007469758226515725,0.00711457413831363,0.12570405808824442,0.0036384315846114124,0.007089325469056051,0.01346293183847691,1.284212015691907,1.215672240090402
secondary_pupils,per_head,constant,2007,population,pre,23,109.82287336521536,0.060100391253098566,0.006540937390458561,0.006262212726284937,0.11727895583999436,0.003194916895283173,0.006242645937273417,0.011921568661310555,1.250249441728427,1.2116248917175292
secondary_pupils,per_head,constant,2008,population,pre,23,101.95880491979784,0.056723290574719094,0.005702071135457505,0.005493090110097695,0.10912184149624116,0.0027943533973363577,0.005478030677508738,0.010530390973746417,1.2307836116925066,1.1810768129444904
secondary_pupils,per_head,constant,2009,population,pre,23,96.44794855937398,0.05149859535589601,0.004682061735418229,0.004531544443637325,0.09861198016649315,0.002300349477914354,0.004521292487690842,0.008736983533286558,1.2140747988056761,1.1652617809259813
secondary_pupils,per_head,constant,2010,population,pre,23,91.94967858030485,0.04713668847427217,0.0038863214890304024,0.003770179975727663,0.08968706179757208,0.001912068926600008,0.003763081770507548,0.007289050585802981,1.1990222142318425,1.1417908758723845
secondary_pupils,per_head,constant,2011,population,post,23,89.30509810237385,0.044267478399453386,0.003290147036349658,0.0032147951151385986,0.08219512531938591,0.001624830262722643,0.003209633194309225,0.006262180035015108,1.1943213086562858,1.1479986388383592
secondary_pupils,per_head,constant,2012,population,post,23,86.9934016063641,0.04411109965201574,0.0032306121355650265,0.0031651786312383713,0.08132263543671099,0.0015976711987657488,0.00316017473415664,0.0061806881430100935,1.1949410026136456,1.1570687645307427
secondary_pupils,per_head,constant,2013,population,post,23,84.10290069806017,0.041718459703569855,0.0028742937738085177,0.0028168981116502246,0.07668002182030474,0.001421799031855131,0.0028129343768508175,0.005503728817922826,1.2004701965420923,1.1559477500728468
secondary_pupils,per_head,constant,2014,population,post,23,82.13224069993713,0.040699630168688994,0.002648998441735846,0.0026159894018656536,0.07332205267317707,0.001315445731555287,0.0026125706833497464,0.00515079276088104,1.2080483527049546,1.149589174695932
secondary_pupils,per_head,constant,2015,population,post,23,82.48413379460517,0.038469124600963966,0.002390500088213102,0.00236348986898225,0.06960814680506536,0.0011878310930086844,0.0023606990259457117,0.004660948260699627,1.1740206720624067,1.1393776929274482
secondary_pupils,per_head,constant,2016,population,post,23,80.61560451592482,0.03637989847529756,0.002132730274908688,0.002114571255033903,0.06564950600378518,0.001061295588745681,0.002112337124258068,0.004183068378514787,1.1624327351039303,1.1248532475510327
secondary_pupils,per_head,constant,2017,population,post,23,79.92653275668053,0.034096453789510164,0.0018846269375398846,0.001873567331197706,0.061627222338496435,0.0009391259673549035,0.0018718132995291237,0.003717544375801962,1.1426296138163297,1.1109050724136167
secondary_pupils,per_head,constant,2018,population,post,23,79.9706069846464,0.031148231283465642,0.0015994155687049367,0.0015957277007034429,0.0566634485382983,0.0007984846975374049,0.0015944552041975424,0.003178479035225168,1.1291041976574652,1.1047833469667128
secondary_pupils,per_head,constant,2019,population,post,23,81.49975599058753,0.028766564786434124,0.0013635537307782057,0.0013620061689128794,0.05228287886638176,0.0006811708899572277,0.0013610790594701383,0.002716818926322584,1.1146882629887784,1.1015797254452717
secondary_pupils,per_head,constant,2020,population,post,23,85.66095328818848,0.029399602023331247,0.001409750434535192,0.001416817015984604,0.05300230449733651,0.0007063944884895257,0.001415813804601207,0.0028436330714359803,1.1165162445309178,1.0955055944029202
secondary_pupils,per_head,constant,2021,population,post,23,85.70131855779913,0.02889478578687777,0.0013505275793542978,0.0013493685511102756,0.05202661208736811,0.0006747540842512167,0.0013484585627178136,0.0026925487094190403,1.1444380131729952,1.078474655197526
secondary_pupils,per_head,constant,2022,population,post,23,87.39353377438424,0.027974960011625277,0.0012521303236415209,0.0012494974802397286,0.05012204920723997,0.000625225542731922,0.0012487171832902266,0.0024901760950406526,1.142700256630663,1.0891203297591174
secondary_pupils,per_head,constant,2023,population,post,23,89.2365859491335,0.029985665875040667,0.0014413147923459696,0.0014391934535912382,0.053762151327266965,0.0007198891168896937,0.001438158311342419,0.0028693291384525033,1.1552798834856863,1.1245513267324645
secondary_pupils,per_head,constant,2005,unweighted,pre,23,113.13163034904872,0.08176639374991372,0.011432139935109841,0.010965137303622564,0.1550341054849833,0.005584631130080453,0.010905239315371351,0.020761223291560382,1.4796529406959027,1.2521476843671295
secondary_pupils,per_head,constant,2006,unweighted,pre,23,113.34577601500136,0.07821642624355742,0.01028356104153159,0.009917796179865688,0.14658183503042269,0.0050384976684592075,0.009868777027168929,0.018904766347160873,1.450731212578487,1.2383590276026986
secondary_pupils,per_head,constant,2007,unweighted,pre,23,109.82287336521536,0.07200470235775892,0.008777611718449548,0.008485781457901242,0.13520929593074382,0.004307008883857932,0.008449878840122604,0.0162464724716449,1.4310067325788827,1.1998394498414358
secondary_pupils,per_head,constant,2008,unweighted,pre,23,101.95880491979784,0.06710948415472433,0.007527649488161675,0.00731092916115926,0.12488214610259601,0.0037030512826425888,0.007284269327507142,0.014083450435175005,1.397262851115125,1.191965881909758
secondary_pupils,per_head,constant,2009,unweighted,pre,23,96.44794855937398,0.060383126074412694,0.006136108241762267,0.005971974349563067,0.11259265856831656,0.0030224648313595948,0.005954177555702822,0.011549863690298534,1.3307697934545073,1.1775943358516079
secondary_pupils,per_head,constant,2010,unweighted,pre,23,91.94967858030485,0.0543128951354779,0.004822785286765585,0.004719057948862317,0.09948724518778894,0.002382705422084963,0.004707940689438916,0.00918645373317084,1.2450160189263964,1.176552493443544
secondary_pupils,per_head,constant,2011,unweighted,post,23,89.30509810237385,0.048694575264160635,0.0037995549651032505,0.0037460644182795684,0.08793299356123403,0.0018847249261523258,0.003739056672187213,0.007355259372541223,1.2160576127745129,1.1587074355871907
secondary_pupils,per_head,constant,2012,unweighted,post,23,86.9934016063641,0.047878021553952786,0.0035894551405100225,0.0035545893095537727,0.0852580372146243,0.0017845932920724783,0.00354827923576162,0.0070094828312046165,1.2317433323232119,1.1507071077308408
secondary_pupils,per_head,constant,2013,unweighted,post,23,84.10290069806017,0.045788099510491904,0.003238601398761708,0.003211365447308137,0.08091227801288406,0.0016113783028962603,0.003206214528592932,0.006342375988261817,1.2187135834607923,1.1724492469869463
secondary_pupils,per_head,constant,2014,unweighted,post,23,82.13224069993713,0.04278739179506982,0.0028143914383062605,0.0028089962217837756,0.07517014432026557,0.0014050109377660158,0.0028050546833499057,0.005586757820717159,1.2109780775808145,1.1587868079967079
secondary_pupils,per_head,constant,2015,unweighted,post,23,82.48413379460517,0.04088824615075186,0.0025797508460259303,0.0025741670192937598,0.07197359616361709,0.0012877676226401569,0.002570856692425849,0.005120313238668572,1.201993671063364,1.1360413263091864
secondary_pupils,per_head,constant,2016,unweighted,post,23,80.61560451592482,0.0382103619302017,0.0022538233449000567,0.00225498853143752,0.06717784937880167,0.0011266490039210098,0.002252447954815384,0.004499571507606381,1.1708150403705702,1.1243824443209807
secondary_pupils,per_head,constant,2017,unweighted,post,23,79.92653275668053,0.03595848335665184,0.0020178707561635837,0.0020202392455055795,0.06354018756437531,0.001009073330876742,0.0020181999357298253,0.004035294910298637,1.167468146103709,1.112955647207905
secondary_pupils,per_head,constant,2018,unweighted,post,23,79.9706069846464,0.032191018937028505,0.0016367132153668209,0.0016440850709040858,0.05712061827027394,0.0008199020047314765,0.0016427343034044473,0.0032962222767202176,1.1555229178750914,1.100455326660857
secondary_pupils,per_head,constant,2019,unweighted,post,23,81.49975599058753,0.0300435934477977,0.0014279304730514183,0.001433409747109773,0.053367838387337746,0.0007151052453504558,0.0014323829060455262,0.0028728057481900438,1.129386657784545,1.0953436221861341
secondary_pupils,per_head,constant,2020,unweighted,post,23,85.66095328818848,0.029377530289704867,0.0013786204853901687,0.0013899716313629691,0.052328686462954424,0.0006919084499118489,0.0013890060682160144,0.0027987169166758807,1.130439268932344,1.0864749366582602
secondary_pupils,per_head,constant,2021,unweighted,post,23,85.70131855779913,0.030278224424785248,0.0014323021865476166,0.0014364073399997105,0.05347631585814173,0.0007169437868166373,0.001435376200747962,0.0028761348657976304,1.1492835319037438,1.107317533070426
secondary_pupils,per_head,constant,2022,unweighted,post,23,87.39353377438424,0.029505694888333503,0.0013705694494878075,0.0013725827102423335,0.05234475708719278,0.0006855804830731005,0.0013716411494344438,0.002744541619504437,1.1675188144923503,1.0930366206267073
secondary_pupils,per_head,constant,2023,unweighted,post,23,89.2365859491335,0.03166617634191275,0.0015828104950897158,0.001586351734344832,0.05623670082113897,0.000792007022859309,0.001585094143514043,0.0031737644246713215,1.19226796182104,1.1071623075648718
secondary_pupils,share_of_national,as_printed,2005,population,pre,24,0.041666666666666664,0.20563910800787,0.07055221205942291,0.07586907053569952,0.37660153778608035,0.03585312229754134,0.07306243794685696,0.15302954467698604,2.8552285076169204,1.7146365679051054
secondary_pupils,share_of_national,as_printed,2006,population,pre,24,0.041666666666666664,0.20404357694315065,0.0694366045968868,0.07501081696945916,0.372790502340632,0.0353695696032863,0.07226654899012819,0.1522275233005118,2.8424417270432416,1.6776767395324097
secondary_pupils,share_of_national,as_printed,2007,population,pre,24,0.041666666666666664,0.20634710000251485,0.07074833007666788,0.07682363825474589,0.3757352108389281,0.036109978252430786,0.07394684044297128,0.15664302704993494,2.8828083109919573,1.7119288674395425
secondary_pupils,share_of_national,as_printed,2008,population,pre,24,0.041666666666666664,0.2077904622260999,0.07155305732680885,0.0779053278249817,0.3776540451891764,0.036557357945869895,0.07494800091710907,0.15910959289264226,2.863332976407181,1.7212487074145497
secondary_pupils,share_of_national,as_printed,2009,population,pre,24,0.041666666666666664,0.21276754375149554,0.07445777373861692,0.08129938195886871,0.3851050562805444,0.03806936816815343,0.07808235538541097,0.1656670782451034,2.9152338764171484,1.7456916627852819
secondary_pupils,share_of_national,as_printed,2010,population,pre,24,0.041666666666666664,0.21618342205219687,0.07645615372904441,0.08389397223335504,0.389542700509986,0.039168747534049086,0.08047125349395401,0.1709750822800955,2.8635208436065698,1.7494086339444115
secondary_pupils,share_of_national,as_printed,2011,population,post,24,0.041666666666666664,0.2180627928827495,0.0778799541542552,0.08590278986651956,0.39268144096396845,0.039976385794934344,0.08231656498646511,0.1757111684542333,2.82688814893295,1.7327008597687517
secondary_pupils,share_of_national,as_printed,2012,population,post,24,0.041666666666666664,0.21840953761409138,0.07824903248689896,0.08659394463493034,0.3932925540525644,0.04021851578118618,0.08295060713260016,0.17775596992594112,2.8224872493001496,1.7187313343686537
secondary_pupils,share_of_national,as_printed,2013,population,post,24,0.041666666666666664,0.22050726622149133,0.07923162264444411,0.08780819555222918,0.3952795190645707,0.04075422470698897,0.08406345942140847,0.1797064091954751,2.8273440564927426,1.7494375190027363
secondary_pupils,share_of_national,as_printed,2014,population,post,24,0.041666666666666664,0.22368112851341135,0.08124907453120019,0.09004370960999433,0.40039666484959313,0.04177803457095741,0.08610876143140744,0.18350773168470014,2.817072690778858,1.7884038028521392
secondary_pupils,share_of_national,as_printed,2015,population,post,24,0.041666666666666664,0.22589738007422913,0.08251866294136304,0.09148456465562824,0.4032853015811807,0.04243678060433698,0.08742459804110392,0.18574768599747138,2.828628721271017,1.8497875376073944
secondary_pupils,share_of_national,as_printed,2016,population,post,24,0.041666666666666664,0.22735501584896006,0.08329348735331696,0.09250396108416967,0.4046419258098802,0.04287238879751931,0.08835440014764462,0.18756846865667798,2.9051547205557307,1.9038614586317766
secondary_pupils,share_of_national,as_printed,2017,population,post,24,0.041666666666666664,0.22857487041440902,0.08403233808569469,0.09349622454649449,0.406060332382402,0.04328755449468913,0.08925854411826939,0.18950209236313909,2.9592803407236397,1.9401197604790419
secondary_pupils,share_of_national,as_printed,2018,population,post,24,0.041666666666666664,0.22988465068692657,0.08486089052781212,0.0949828039922894,0.4068872746836677,0.04383477590147544,0.09061142781332332,0.19310569412785905,2.996773305001377,1.9731486448111568
secondary_pupils,share_of_national,as_printed,2019,population,post,24,0.041666666666666664,0.22982899903805729,0.08498614912710177,0.09551492373185505,0.40641202659345427,0.04398580987809897,0.0910952026990205,0.19467991253693295,3.0390243902439025,1.9415283385673696
secondary_pupils,share_of_national,as_printed,2020,population,post,24,0.041666666666666664,0.22828215338715993,0.08395696369815764,0.09474066025925629,0.4027635124193238,0.04355656049437595,0.09039119840716658,0.19369874539742105,3.0607546210553074,1.978351160673646
secondary_pupils,share_of_national,as_printed,2021,population,post,24,0.041666666666666664,0.2293996409313344,0.08484395880643357,0.09573329724764479,0.40491172935156816,0.04400930596910557,0.09129366176523468,0.19534915191289381,3.1002681548050446,2.0320252076768837
secondary_pupils,share_of_national,as_printed,2022,population,post,24,0.041666666666666664,0.22805615333663298,0.08402057867250268,0.09518735492904426,0.40226643018845004,0.04366778869558463,0.09079742507403255,0.19536803405796055,3.080645732290155,2.061061847569873
secondary_pupils,share_of_national,as_printed,2023,population,post,24,0.041666666666666664,0.22692056251502737,0.08311840384905814,0.09407776068558849,0.40022407153548684,0.04318656899785067,0.08978801921886181,0.19329100646058883,3.0480668756530824,2.0867818957398483
secondary_pupils,share_of_national,as_printed,2000,unweighted,pre,24,0.041666666666666664,0.2369004103559938,0.09569076154558931,0.10260997145768685,0.44620077843415057,0.04824368913380506,0.09752110262431424,0.19889521384519449,3.1567523236741386,2.0124302074418225
secondary_pupils,share_of_national,as_printed,2001,unweighted,pre,24,0.041666666666666664,0.2393055182595001,0.09680756796942833,0.10472144516841303,0.44674138239075023,0.04900921169630068,0.09942465273538048,0.2037965924408892,3.1583017437452616,2.1012927636764935
secondary_pupils,share_of_national,as_printed,2002,unweighted,pre,24,0.041666666666666664,0.19405045213937386,0.06507425314946465,0.06531265485036682,0.37398517216503063,0.03202627258555657,0.06322546951431096,0.12410006617743352,1.9987918843051558,1.7645123384253818
secondary_pupils,share_of_national,as_printed,2003,unweighted,pre,24,0.041666666666666664,0.23372045340652653,0.09183230648536611,0.10121411026613412,0.4295407893922643,0.046987500276640004,0.09626048773825913,0.20053022189793634,3.0486354416374697,2.113087387421336
secondary_pupils,share_of_national,as_printed,2004,unweighted,pre,24,0.041666666666666664,0.2340032704138162,0.09203868645227514,0.10152371248012321,0.4296491485246342,0.04711668310527961,0.09654024418328289,0.20097610127227594,3.04662830840046,2.075623041337114
secondary_pupils,share_of_national,as_printed,2005,unweighted,pre,24,0.041666666666666664,0.2345188794474347,0.09232732888427521,0.10181361531572128,0.43018950623014696,0.047262119286040516,0.09680212176698177,0.20120042058763243,3.0491102541467265,2.0880428995208034
secondary_pupils,share_of_national,as_printed,2006,unweighted,pre,24,0.041666666666666664,0.23467708654783423,0.09234926710200239,0.10228600092488585,0.4292641045260123,0.047375544900564615,0.09722867868927831,0.20270949944831884,3.0588371126402807,2.1066320385426076
secondary_pupils,share_of_national,as_printed,2007,unweighted,pre,24,0.041666666666666664,0.23905015340840918,0.0955241802838029,0.10648178082229465,0.43607991603752844,0.04910611410923715,0.10100857310340994,0.21154201520081573,3.1191875746714457,2.1228359123640264
secondary_pupils,share_of_national,as_printed,2008,unweighted,pre,24,0.041666666666666664,0.24180397319267743,0.09753769676689364,0.10890349801863018,0.4405567840868042,0.05016158480342969,0.10318304206412643,0.21573196725082133,3.265189269430601,2.196372239747634
secondary_pupils,share_of_national,as_printed,2009,unweighted,pre,24,0.041666666666666664,0.2482059843120721,0.10199050235202961,0.11383109865348234,0.4511230112396778,0.05239526713769571,0.10759132781966729,0.2236464371285728,3.532932720631554,2.2708746857218474
secondary_pupils,share_of_national,as_printed,2010,unweighted,pre,24,0.041666666666666664,0.2534555285252638,0.1056947387764998,0.11793337919053912,0.4594245238995015,0.054263265801401395,0.1112447397627846,0.2296992547501322,3.801889217324251,2.334732472324723
secondary_pupils,share_of_national,as_printed,2011,unweighted,post,24,0.041666666666666664,0.25735065083360614,0.10906625460447872,0.1222457746623404,0.4662726746550958,0.0560752540723094,0.1150691518071777,0.2373413788210751,4.054387790496011,2.3427181741651855
secondary_pupils,share_of_national,as_printed,2012,unweighted,post,24,0.041666666666666664,0.2590902670775552,0.11064655119815006,0.12444249213139544,0.46924969549594614,0.05695810156960612,0.11701096127605648,0.24158138255768113,4.101632100349226,2.333003626772173
secondary_pupils,share_of_national,as_printed,2013,unweighted,post,24,0.041666666666666664,0.26200839676449433,0.11238649576085494,0.12585531047465293,0.4735346692216505,0.05773380317204335,0.11825758355408933,0.2422959405620957,4.159546013156943,2.3941684138670825
secondary_pupils,share_of_national,as_printed,2014,unweighted,post,24,0.041666666666666664,0.26590066928174355,0.11534802268785166,0.12873281198658196,0.48073207131147283,0.05912850206169562,0.12079115176919486,0.24588977523548405,4.206708842136236,2.5068878833584716
secondary_pupils,share_of_national,as_printed,2015,unweighted,post,24,0.041666666666666664,0.2686359813495599,0.11725103513631793,0.13036433750625573,0.4854101168736047,0.059984437289414716,0.12222443390607984,0.2473075553149644,4.382964650547512,2.592802935115847
secondary_pupils,share_of_national,as_printed,2016,unweighted,post,24,0.041666666666666664,0.2711709411954056,0.11892239967098768,0.13200106104395726,0.489175210084898,0.06077678192071301,0.12365993475645043,0.24935765434866464,4.42777818908714,2.6443809329386547
secondary_pupils,share_of_national,as_printed,2017,unweighted,post,24,0.041666666666666664,0.2734985044191457,0.12055946320836715,0.13371870842179306,0.49275003032022213,0.06157546615245424,0.1251638859729164,0.25172780858752475,4.503344730191765,2.6823211462954464
secondary_pupils,share_of_national,as_printed,2018,unweighted,post,24,0.041666666666666664,0.27706877285957326,0.12323117178397003,0.1371121255703967,0.49766685980933323,0.0630002137635779,0.12812753854580194,0.257648891918993,4.550978822502001,2.7576715261494544
secondary_pupils,share_of_national,as_printed,2019,unweighted,post,24,0.041666666666666664,0.2787270688395164,0.1245946994346945,0.13884607761502704,0.4999495485299608,0.06373783090016616,0.12963801365884375,0.2602384664175803,4.631162160234002,2.85414015980457
secondary_pupils,share_of_national,as_printed,2020,unweighted,post,24,0.041666666666666664,0.2787937518634904,0.12430021500057767,0.13862851182666278,0.4986130068982005,0.06363073960769416,0.12944863206639234,0.259729830747062,4.592722229560164,2.915127357573401
secondary_pupils,share_of_national,as_printed,2021,unweighted,post,24,0.041666666666666664,0.28013676844783714,0.1254717850586181,0.13975341023562443,0.5013926105928254,0.0641746167816023,0.13042736332527527,0.26121629863799645,4.506002667852379,2.938856304985337
secondary_pupils,share_of_national,as_printed,2022,unweighted,post,24,0.041666666666666664,0.2799721001231866,0.12545978362331398,0.1404196853914706,0.5003806223620729,0.06431102642838282,0.13100654500068898,0.2634423745791442,4.531309766179284,2.912985781990521
secondary_pupils,share_of_national,as_printed,2023,unweighted,post,24,0.041666666666666664,0.27848609412784414,0.12424309026665703,0.13903514943539066,0.4978633460036054,0.06369738807490077,0.12980255902804017,0.2613609062721022,4.482744258003094,2.906499745923223
secondary_pupils,share_of_national,constant,2005,population,pre,23,0.04347826086956523,0.20189748251847814,0.06761193166000942,0.07547819815828477,0.3619282118527595,0.03500668956763997,0.0727000528397117,0.15773112316979576,2.8552285076169204,1.824201616918372
secondary_pupils,share_of_national,constant,2006,population,pre,23,0.043478260869565216,0.20076681318269135,0.0668656258169431,0.0749768129376068,0.35914926617582416,0.034698402511944115,0.07223500177594622,0.15751663664479187,2.8424417270432416,1.82190445238869
secondary_pupils,share_of_national,constant,2007,population,pre,23,0.043478260869565216,0.20334875040684397,0.06831634278306141,0.07701506821990499,0.3624339772508989,0.03552511262138569,0.07412409780031604,0.1624881678147856,2.8828083109919573,1.8563215648854965
secondary_pupils,share_of_national,constant,2008,population,pre,23,0.043478260869565216,0.20595294956455865,0.06985017672897857,0.07895686758517168,0.3662101479628137,0.03635759631079594,0.07592021862201748,0.1664923138208898,2.863332976407181,1.8989682842949942
secondary_pupils,share_of_national,constant,2009,population,pre,23,0.043478260869565216,0.21124933426279377,0.07298949001043968,0.08275751044290827,0.3741383560147218,0.03802279026463895,0.07942565017676095,0.1739212358992953,2.9152338764171484,1.9756104192723911
secondary_pupils,share_of_national,constant,2010,population,pre,23,0.043478260869565216,0.21535041924008783,0.07561792711508317,0.08615405063408152,0.3801083919697584,0.03946617183732193,0.08254711386556834,0.1806961021552589,2.8635208436065698,2.0734703315124716
secondary_pupils,share_of_national,constant,2011,population,post,23,0.04347826086956521,0.2176151288124263,0.07732601677199062,0.08858939131068641,0.3838344210331383,0.04044197702161534,0.08477870575185076,0.18632427747428837,2.82688814893295,1.9969794434344845
secondary_pupils,share_of_national,constant,2012,population,post,23,0.043478260869565216,0.21860073231553787,0.07817368385190157,0.08983487076406256,0.38563237648591564,0.040932355577471435,0.08591788550937773,0.18932941559160132,2.8224872493001496,2.0503215387720966
secondary_pupils,share_of_national,constant,2013,population,post,23,0.04347826086956521,0.2205901647976761,0.07936641344784189,0.09134904667497838,0.3880825536100918,0.0415892731445755,0.08730091928528105,0.19183380521600968,2.8273440564927426,2.098725446093867
secondary_pupils,share_of_national,constant,2014,population,post,23,0.043478260869565216,0.22283315924361546,0.08079981744139576,0.09318643951865196,0.3913160467104398,0.042371102295546526,0.0889763663460339,0.1953333506220909,2.817072690778858,2.0905942398833393
secondary_pupils,share_of_national,constant,2015,population,post,23,0.04347826086956521,0.2250022070597425,0.08219022182626232,0.0949022503881297,0.3942939516194248,0.04312276588386432,0.0905381703357141,0.19817712420671552,2.828628721271017,2.1247212007957077
secondary_pupils,share_of_national,constant,2016,population,post,23,0.043478260869565216,0.22681763834488658,0.08344104936325565,0.09648676092239011,0.39681686026458274,0.04380811412761998,0.09197808110716965,0.20091960550099253,2.9051547205557307,2.130466296206813
secondary_pupils,share_of_national,constant,2017,population,post,23,0.043478260869565216,0.2284851705234434,0.08468849766165705,0.09807957707149474,0.39945938944962944,0.044489238623357186,0.09342324184010786,0.2038294865340694,2.9592803407236397,2.1700212185510757
secondary_pupils,share_of_national,constant,2018,population,post,23,0.043478260869565216,0.229990997312531,0.08607521256539054,0.10019571939627264,0.4017680129052977,0.04531851895595096,0.09533965886796592,0.20844599081471948,2.996773305001377,2.2302276176024276
secondary_pupils,share_of_national,constant,2019,population,post,23,0.04347826086956521,0.2310230160156208,0.08720420560022518,0.10180866715281255,0.40387726685086944,0.04596985918114527,0.09679765258568274,0.2116617464932451,3.0390243902439025,2.290654761904762
secondary_pupils,share_of_national,constant,2020,population,post,23,0.04347826086956521,0.22843821873940046,0.08578677514090169,0.10059919141232207,0.399422796162783,0.04533921901109783,0.09570459037486634,0.21010453635789994,3.0607546210553074,2.290793614789192
secondary_pupils,share_of_national,constant,2021,population,post,23,0.043478260869565216,0.23057891159987323,0.08751076373370982,0.10249745174360098,0.40366089726770454,0.04621201251685181,0.0974195502435975,0.2130484429285564,3.1002681548050446,2.3647378974505875
secondary_pupils,share_of_national,constant,2022,population,post,23,0.04347826086956521,0.23056449895109066,0.08789858767027213,0.10308511125148835,0.40446674290065887,0.04643637929768307,0.09794980440681977,0.21457742414482261,3.080645732290155,2.4141878998765294
secondary_pupils,share_of_national,constant,2023,population,post,23,0.04347826086956521,0.23044158516040344,0.08754650206208112,0.10247474864916797,0.4039823627737483,0.04621106788331519,0.09739905864180409,0.213157688025991,3.0825496342737724,2.423965431278045
secondary_pupils,share_of_national,constant,1998,unweighted,pre,23,0.043478260869565216,0.2498081740800512,0.10605109904942045,0.11593573801559057,0.4676026750113548,0.053823968068020034,0.10946755115891704,0.22488935241855623,3.7722089963663703,1.9352671755725193
secondary_pupils,share_of_national,constant,1999,unweighted,pre,23,0.043478260869565216,0.2494858711257948,0.10449846736754667,0.11449349654594695,0.4620682027815283,0.05315262407127941,0.10818226170504963,0.22178742281182684,3.689392597839561,1.9900337910090253
secondary_pupils,share_of_national,constant,2000,unweighted,pre,23,0.043478260869565216,0.24752500772620278,0.1020530714165771,0.11220309416251675,0.45449296597082445,0.0520531606647453,0.10613729923219328,0.21786529772402974,3.7313285948605794,2.0464196927089704
secondary_pupils,share_of_national,constant,2001,unweighted,pre,23,0.043478260869565216,0.25029886196409795,0.10365960086269375,0.11490444977354679,0.456117183484058,0.05307239143954745,0.10854868178711774,0.22359014601646732,3.7040687389436444,2.1317200063061645
secondary_pupils,share_of_national,constant,2002,unweighted,pre,23,0.04347826086956523,0.21245828785469076,0.07473085520305801,0.07618136449001084,0.39704398570644533,0.037026256146804104,0.07335186974725683,0.14370222493736096,2.668798635539921,1.8419338593251637
secondary_pupils,share_of_national,constant,2003,unweighted,pre,23,0.043478260869565216,0.24391840918975646,0.09868993082084997,0.11120793185623766,0.4401142753070391,0.05100392694750677,0.10524731800096154,0.22011115042723617,3.5467914438502675,2.1184384067528357
secondary_pupils,share_of_national,constant,2004,unweighted,pre,23,0.043478260869565216,0.24368294026569362,0.0986525974965375,0.111303035121561,0.43959221101221996,0.05102152783992575,0.10533240785645048,0.22030109186086066,3.5549827387802067,2.117295925981197
secondary_pupils,share_of_national,constant,2005,unweighted,pre,23,0.04347826086956523,0.24446273381727718,0.0990772805707387,0.11168952244710559,0.440550977961633,0.05122286204551951,0.1056781187306508,0.22057965866483575,3.574919853180319,2.1530767475469688
secondary_pupils,share_of_national,constant,2006,unweighted,pre,23,0.043478260869565216,0.24508792318804373,0.09943634055357242,0.11246649996473906,0.44062532514286235,0.051488542126763126,0.10637271684742056,0.22244336292482392,3.624624763312243,2.1904170430593193
secondary_pupils,share_of_national,constant,2007,unweighted,pre,23,0.043478260869565216,0.24997155540415814,0.10295721754200343,0.11710739690712557,0.4480153252662353,0.05339917867668997,0.11051034040486218,0.23181738991276035,3.7188530465949827,2.2469358051172055
secondary_pupils,share_of_national,constant,2008,unweighted,pre,23,0.043478260869565216,0.2541000200982754,0.10589627100654371,0.1204347942301699,0.4546645450831011,0.05489088061192404,0.11346510734910498,0.23699212175733786,3.9520729509065844,2.3369998339697826
secondary_pupils,share_of_national,constant,2009,unweighted,pre,23,0.043478260869565216,0.2611383311638563,0.11092747984842194,0.126033547133735,0.4661055911097308,0.057415597289091735,0.11841472837166822,0.24556631995095324,4.280605632143279,2.4339464514137004
secondary_pupils,share_of_national,constant,2010,unweighted,pre,23,0.043478260869565216,0.2673130349534576,0.11555674635950766,0.1310487848147151,0.4763510378922747,0.05971662888081908,0.12282501947169044,0.2524637454713772,4.609947307544017,2.4971863468634687
secondary_pupils,share_of_national,constant,2011,unweighted,post,23,0.04347826086956521,0.27182026998377773,0.11949006386101337,0.1360185762556432,0.48414688193373895,0.06180947481401544,0.12717358150856017,0.26074859004423745,4.953312521678807,2.5370872696660745
secondary_pupils,share_of_national,constant,2012,unweighted,post,23,0.043478260869565216,0.2741976667400396,0.12163899218257901,0.13877143519645313,0.4884028712787135,0.06295482038299272,0.12957304531048075,0.2655076785660003,5.067279595182097,2.5208892656963875
secondary_pupils,share_of_national,constant,2013,unweighted,post,23,0.04347826086956521,0.27729365714519477,0.12373892409594121,0.1405198436629145,0.49334192871578314,0.06389601404714185,0.13109357752445105,0.26647009531715293,5.059061664136485,2.583451167779999
secondary_pupils,share_of_national,constant,2014,unweighted,post,23,0.043478260869565216,0.2809540182122382,0.12655042669769126,0.14343267843861945,0.4994977136251572,0.06525924249038173,0.13362087578061965,0.2700886308176401,5.062086214506399,2.6466063348416293
secondary_pupils,share_of_national,constant,2015,unweighted,post,23,0.04347826086956521,0.2841109097949268,0.12883032517648974,0.1454667377816999,0.5047153152288314,0.06630031792810775,0.13538135127009676,0.27186163288671594,5.180715808039979,2.703372367693622
secondary_pupils,share_of_national,constant,2016,unweighted,post,23,0.043478260869565216,0.2870526771878499,0.13103653937247448,0.14758521647148104,0.5096080623555747,0.06733219594795714,0.13721108863809328,0.27429561731531626,5.222773376767602,2.7413493926712262
secondary_pupils,share_of_national,constant,2017,unweighted,post,23,0.043478260869565216,0.2898360996211391,0.13324655598699078,0.14982090385125155,0.514401575905301,0.06838713396630669,0.1391378602865535,0.27708232126167065,5.3210197710718,2.7610014787619193
secondary_pupils,share_of_national,constant,2018,unweighted,post,23,0.043478260869565216,0.2936334823820684,0.13651301275731567,0.1537951666521465,0.5205361701411864,0.07008108189628326,0.14255236310507735,0.28343181687999164,5.347936831380539,2.8260271179529006
secondary_pupils,share_of_national,constant,2019,unweighted,post,23,0.04347826086956521,0.2962539620707022,0.13887891789887682,0.1563987531715186,0.5251737687742792,0.07125881724421756,0.1447818985598971,0.2867348416897375,5.490903902404224,2.9299709908901215
secondary_pupils,share_of_national,constant,2020,unweighted,post,23,0.04347826086956521,0.29563432963725356,0.13816212307077191,0.15585180401244403,0.5228408866757873,0.0709737463768636,0.1443140097944703,0.2859610584524618,5.335754854048342,2.9985417071748013
secondary_pupils,share_of_national,constant,2021,unweighted,post,23,0.043478260869565216,0.2978057574995261,0.14016790136465343,0.15766379698341124,0.5275540275705788,0.0718764988334033,0.14586310289732385,0.2879871992422468,5.243790891189736,3.0217986314760505
secondary_pupils,share_of_national,constant,2022,unweighted,post,23,0.04347826086956521,0.29849996789016736,0.14107913996701457,0.15903766609711478,0.5291148558559283,0.0723943990895003,0.14703576946948338,0.29076341684926865,5.307668579184404,3.0107109004739336
secondary_pupils,share_of_national,constant,2023,unweighted,post,23,0.04347826086956521,0.29757947906275767,0.1402303320200114,0.1578761037015787,0.5277906320069173,0.07192469257696554,0.14604442265043172,0.2888945298189012,5.2070689039628695,2.9768097195916297
sports_halls,per_head,as_printed,2007,population,pre,24,0.011253200133882252,0.3193555740117177,0.17030338797736896,0.16775323058515357,0.6256173787250392,0.08140815745426022,0.15443753210312883,0.27570043642121167,4.172439862542955,2.73416245627672
sports_halls,per_head,as_printed,2008,population,pre,24,0.012135801381286589,0.2974224908419665,0.14798734559159918,0.1474018228649828,0.5780400139407559,0.0713547565654542,0.13705284415792185,0.2532456223788525,3.148043375766148,2.6362928348909653
sports_halls,per_head,as_printed,2009,population,pre,24,0.01359017670909922,0.25656241927449946,0.1126802261740657,0.11523951286490781,0.49798497760009625,0.05523040206181684,0.10884732418677967,0.21742685309511767,3.1325670498084293,1.946822308690013
sports_halls,per_head,as_printed,2010,population,pre,24,0.01381011842310178,0.2514341717887088,0.10659390103840902,0.11125377228023516,0.47840827173678285,0.052838920312558324,0.10528833290319939,0.21432520654164078,3.32508974870363,1.985208374095089
sports_halls,per_head,as_printed,2011,population,post,24,0.013844490347762084,0.2528422839002792,0.10869801957062583,0.11277696976944951,0.48541049077417675,0.05368671050918217,0.10665011807092395,0.2161888996461987,3.3759036144578314,1.9692662312716096
sports_halls,per_head,as_printed,2012,population,post,24,0.014387538376812383,0.2381328021277315,0.09739140252717118,0.10473963825165986,0.4520495851869524,0.048992734101307334,0.0994410368286045,0.21155078344657396,3.4274160938131826,1.8046388836507639
sports_halls,per_head,as_printed,2013,population,post,24,0.014670512922645393,0.2436099928228006,0.1024169717971306,0.11082753376654059,0.46374543722358064,0.0515997918642811,0.10490689104520068,0.22337269562132167,3.481059063136456,1.6631364562118127
sports_halls,per_head,as_printed,2014,population,post,24,0.014748557629085989,0.23908891592911424,0.09759519895628699,0.10567304095770885,0.45202202034326305,0.04922415460617702,0.10028122882204371,0.21552832801393396,3.08128078817734,1.7714233841684823
sports_halls,per_head,as_printed,2015,population,post,24,0.015797530935967908,0.24134637695831104,0.09851630052190892,0.10809855098780238,0.45212283258065683,0.04996333104924733,0.10246086129700194,0.22391245288336903,3.1722766217870255,1.8373574199525213
sports_halls,per_head,as_printed,2023,population,post,24,0.02559631948717998,0.21090438329438907,0.07449233887680681,0.0735228982715326,0.40151817371589327,0.03634478229994009,0.07088512957665272,0.13531421177982872,2.986658019086445,1.5886674452774743
sports_halls,per_head,as_printed,2007,unweighted,pre,24,0.011253200133882252,0.29369346317016864,0.1444647089824641,0.1415345622238605,0.5781536841173688,0.0691165628467103,0.13197482581394893,0.24095155460618733,3.722651459406426,2.257844474761255
sports_halls,per_head,as_printed,2008,unweighted,pre,24,0.012135801381286589,0.26416033168161035,0.11871419048546657,0.1199430224467899,0.5157947910336452,0.057814631016802176,0.113029027286771,0.21933190489336263,3.0601368383147283,2.0302617230098146
sports_halls,per_head,as_printed,2009,unweighted,pre,24,0.01359017670909922,0.23064067214171213,0.09253354853642395,0.09803801744996926,0.44590376366861045,0.04621115856375735,0.0933855640702238,0.1978256800935878,2.9670097651095277,1.8039299444681762
sports_halls,per_head,as_printed,2010,unweighted,pre,24,0.01381011842310178,0.2338232450520639,0.09334347885242993,0.10010872476921098,0.44354277970168093,0.0469274399880224,0.09526095485560704,0.20231700417001308,3.111876866528831,1.8188183807439826
sports_halls,per_head,as_printed,2011,unweighted,post,24,0.013844490347762084,0.23379527667683514,0.09403462830903925,0.10076776523846813,0.4462603370844973,0.04723016625442977,0.0958570180640127,0.20377990811611268,3.069779201078713,1.8452066842568162
sports_halls,per_head,as_printed,2012,unweighted,post,24,0.014387538376812383,0.22488924376950514,0.08801683017994219,0.0972814327302299,0.42563996388313374,0.04489525259838578,0.09269937389353422,0.2043292928931626,3.2614335971855763,1.794871794871795
sports_halls,per_head,as_printed,2013,unweighted,post,24,0.014670512922645393,0.23210428954841142,0.09369680277780507,0.10387098313416004,0.4396176552713253,0.047805007966567836,0.09865842181457729,0.21615786224654132,3.4476359528804257,1.9228007181328548
sports_halls,per_head,as_printed,2014,unweighted,post,24,0.014748557629085989,0.2306595435652658,0.09100136560612013,0.10091078831193322,0.4327167732446637,0.04645712245153677,0.0959863221251882,0.21163793705472633,2.956980775291522,1.937332139659803
sports_halls,per_head,as_printed,2015,unweighted,post,24,0.015797530935967908,0.23398015514024684,0.09355369488151934,0.10559588451232851,0.43629596070478976,0.04810028297996649,0.10021180704168364,0.22516798406146232,2.5664279112754156,2.0300335570469796
sports_halls,per_head,as_printed,2023,unweighted,post,24,0.02559631948717998,0.22024669688036488,0.0799080300127136,0.08164039240203394,0.4105130673727494,0.039580394319964185,0.07839668533201871,0.15412973076350256,2.9202698028363887,1.672536887196573
sports_halls,per_head,constant,2007,population,pre,23,0.011398041864653428,0.3149869553049933,0.16778653615656813,0.1637998701044224,0.6230049407780685,0.07989932929332233,0.15108810246955207,0.2690028617596326,4.172439862542955,2.6130327762663557
sports_halls,per_head,constant,2008,population,pre,23,0.012258157706024064,0.29642372603816886,0.14761583839382314,0.14687828460449098,0.577582736194668,0.07114230766031016,0.13660094002082623,0.25241999530910464,3.148043375766148,2.6362928348909653
sports_halls,per_head,constant,2009,population,pre,23,0.013637472825097818,0.25444331694824546,0.11205479286389194,0.1145112577376592,0.4969018138589524,0.05490250918086126,0.10819810131020724,0.2163835292249009,3.1325670498084293,1.946822308690013
sports_halls,per_head,constant,2010,population,pre,23,0.013883446151737299,0.25000220238881804,0.10622569391133214,0.11080606479556106,0.4777736620771076,0.05264138536629981,0.10488767411093791,0.21365126936811496,3.32508974870363,1.985208374095089
sports_halls,per_head,constant,2011,population,post,23,0.013860496862603145,0.2527903238091204,0.10869049937993756,0.11276852351065515,0.4853966962875779,0.05368283407301033,0.10664257257476317,0.21617724297945085,3.3759036144578314,1.9692662312716096
sports_halls,per_head,constant,2012,population,post,23,0.014373463110528988,0.2376199603559456,0.09698752643820323,0.10431644657277012,0.45119460971877107,0.048791184996585635,0.0990598471165729,0.21099808926092645,3.4274160938131826,1.8046388836507639
sports_halls,per_head,constant,2013,population,post,23,0.014612749714522954,0.24360097011716186,0.1024167011601639,0.11082725914632945,0.4637448620977857,0.05159965911701525,0.10490664523450755,0.22337235947074785,3.481059063136456,1.6631364562118127
sports_halls,per_head,constant,2014,population,post,23,0.014678982545509615,0.23883495978270958,0.09750676046745826,0.10558567283007515,0.45182385849537265,0.049181300568791,0.10020261864364766,0.21542204507028961,3.08128078817734,1.7714233841684823
sports_halls,per_head,constant,2015,population,post,23,0.01566444668719666,0.2409555490850798,0.0983750651913316,0.10797093636568816,0.4517767970571079,0.04989790639939751,0.1023463148702396,0.22377345361454504,3.1722766217870255,1.8373574199525213
sports_halls,per_head,constant,2023,population,post,23,0.025625422701087138,0.21048641653373176,0.07441393794165242,0.07344557418290304,0.4013200859600262,0.03630656700650503,0.07081328383839713,0.13520012379635304,2.986658019086445,1.5886674452774743
sports_halls,per_head,constant,2007,unweighted,pre,23,0.011398041864653428,0.2918265826377305,0.14353535423919728,0.14076820688636557,0.5759108994150121,0.06870585345811853,0.13130935512769426,0.24065195512328086,3.722651459406426,1.9686221009549796
sports_halls,per_head,constant,2008,unweighted,pre,23,0.012258157706024064,0.2673530655146984,0.12089028523783868,0.12314724959932274,0.5186786121777566,0.05908403225117764,0.1158665353231576,0.2256820434741692,3.0601368383147283,2.0302617230098146
sports_halls,per_head,constant,2009,unweighted,pre,23,0.013637472825097818,0.234242870858117,0.09533822804178067,0.10135611695968325,0.45208395967511333,0.04766739882761106,0.09638881568629609,0.20395148051236844,2.9670097651095277,1.8039299444681762
sports_halls,per_head,constant,2010,unweighted,pre,23,0.013883446151737299,0.23787780210981058,0.09611526930881807,0.10361799181718195,0.44911332091313294,0.04842097896787401,0.09843036137422545,0.20899611587246647,3.111876866528831,1.8188183807439826
sports_halls,per_head,constant,2011,unweighted,post,23,0.013860496862603145,0.24003243088272994,0.09798513646489354,0.10512391051814542,0.45527878540000627,0.04921752910489641,0.0997870301804048,0.21093299123486886,3.069779201078713,1.8452066842568162
sports_halls,per_head,constant,2012,unweighted,post,23,0.014373463110528988,0.23029795109370407,0.09146556824494352,0.10106064722453827,0.4340994925549873,0.04662238955798104,0.09612178648141023,0.21063181600107095,3.2614335971855763,1.794871794871795
sports_halls,per_head,constant,2013,unweighted,post,23,0.014612749714522954,0.23834542154773744,0.09797514375021592,0.10821086181700099,0.4504312015973394,0.049866847392328384,0.1025616590014643,0.22256566867465866,3.4476359528804257,1.9228007181328548
sports_halls,per_head,constant,2014,unweighted,post,23,0.014678982545509615,0.23641375186009514,0.09505000890146624,0.10496057960708172,0.44326151080214843,0.048395660499079174,0.09963998556775278,0.21762849958154462,2.956980775291522,1.937332139659803
sports_halls,per_head,constant,2015,unweighted,post,23,0.01566444668719666,0.23911540120836988,0.09748586592808528,0.10930048744862139,0.44711492229756544,0.049924159901565845,0.10353899825696655,0.23020504507104367,2.5664279112754156,1.9766084476920334
sports_halls,per_head,constant,2023,unweighted,post,23,0.025625422701087138,0.2255618106768417,0.08320276199579776,0.08510234151270626,0.41866989051215914,0.04121773885204172,0.08158171272518155,0.1597851770091524,2.9202698028363887,1.672536887196573
sports_halls,share_of_national,as_printed,2007,population,pre,24,0.041666666666666664,0.47998065071788143,0.4209852210893753,0.41393737073045533,1.075437665244687,0.1903558879706242,0.33895764943095075,0.5374106830468797,5.5,3.0
sports_halls,share_of_national,as_printed,2008,population,pre,24,0.041666666666666664,0.46395569984926033,0.38697669954795194,0.37850476895582863,1.0200873431748636,0.1759674434290578,0.31511529513761716,0.5046597936380708,6.0,3.6666666666666665
sports_halls,share_of_national,as_printed,2009,population,pre,24,0.041666666666666664,0.4274947277499284,0.33024395087632324,0.32846476163282556,0.9298446776685708,0.15246172671790525,0.2799716995995938,0.4780625089895606,4.333333333333333,3.6666666666666665
sports_halls,share_of_national,as_printed,2010,population,pre,24,0.041666666666666664,0.423871683251181,0.3206939304555184,0.32528660343180005,0.9072471782622363,0.14959839908744088,0.2776796955051355,0.4815234262706791,4.333333333333333,4.0
sports_halls,share_of_national,as_printed,2011,population,post,24,0.041666666666666664,0.4248156117662465,0.32537768391197675,0.3275725557872763,0.9194020225908408,0.1510399873439897,0.27932899947324474,0.4833856339362874,4.333333333333333,3.0000000000000004
sports_halls,share_of_national,as_printed,2012,population,post,24,0.041666666666666664,0.4145397917248652,0.3024796761522765,0.31621882119619743,0.8686397468724333,0.1433793193203441,0.27110006603996073,0.4856443256961883,4.666666666666667,3.2500000000000004
sports_halls,share_of_national,as_printed,2013,population,post,24,0.041666666666666664,0.4215895112740206,0.3119987207320418,0.33079637843628873,0.8798068357455704,0.14852146071505257,0.28164857400981536,0.5035518157490353,5.0,3.5000000000000004
sports_halls,share_of_national,as_printed,2014,population,post,24,0.041666666666666664,0.4147012546130233,0.3017962901760747,0.3230956673601861,0.8607529265862515,0.14452549447838592,0.27609540298668833,0.5005901651794624,5.0,3.5
sports_halls,share_of_national,as_printed,2015,population,post,24,0.041666666666666664,0.40429709225154503,0.2921916940701583,0.31310387786043165,0.8478005232902277,0.14004855641399505,0.2688260441622965,0.4970142691945081,5.0,3.4999999999999996
sports_halls,share_of_national,as_printed,2023,population,post,24,0.041666666666666664,0.3347768789578945,0.20984289959681052,0.19677053629802355,0.7343559523167278,0.09665096829648301,0.1786209116236226,0.3139090095569701,3.5000000000000004,2.25
sports_halls,share_of_national,as_printed,2007,unweighted,pre,24,0.041666666666666664,0.47884615384615375,0.43333078100554523,0.40510089839158003,1.1601877016063304,0.19007544364255258,0.3330904826340024,0.5202349859154634,11.0,4.5
sports_halls,share_of_national,as_printed,2008,unweighted,pre,24,0.041666666666666664,0.4571256038647343,0.39314927421205265,0.35859325097130335,1.0944668076020665,0.17221053570518596,0.3013415277803212,0.4732687273743763,5.499999999999999,4.5
sports_halls,share_of_national,as_printed,2009,unweighted,pre,24,0.041666666666666664,0.43037634408602155,0.3433060643110432,0.32968187846724406,0.9954527204375058,0.1548865230179779,0.28084752506619004,0.4710280786821144,5.5,5.5
sports_halls,share_of_national,as_printed,2010,unweighted,pre,24,0.041666666666666664,0.43107966457023056,0.33792550205667915,0.3319520051750888,0.975126759201702,0.15426247454086428,0.2824782406407398,0.47820221415364816,5.999999999999999,5.5
sports_halls,share_of_national,as_printed,2011,unweighted,post,24,0.041666666666666664,0.43090062111801236,0.3413009211457933,0.3339106465033248,0.986444132499244,0.15525990447673,0.2838822330049531,0.48087887487943404,6.000000000000001,5.500000000000001
sports_halls,share_of_national,as_printed,2012,unweighted,post,24,0.041666666666666664,0.4313725490196078,0.33177802348435564,0.3377299459597721,0.9487197711401661,0.15411544963191603,0.28661208482403255,0.49369513512574736,6.500000000000001,5.500000000000001
sports_halls,share_of_national,as_printed,2013,unweighted,post,24,0.041666666666666664,0.44185499058380406,0.34781749864011985,0.3565867399638844,0.9721290817799086,0.16161304436795376,0.2999382544945468,0.5113681273218962,7.000000000000001,5.5
sports_halls,share_of_national,as_printed,2014,unweighted,post,24,0.041666666666666664,0.44074074074074077,0.34337376374633205,0.3563609022353594,0.9583937179043479,0.16062389809238198,0.2997801362862579,0.5141564900853377,7.0,5.5
sports_halls,share_of_national,as_printed,2015,unweighted,post,24,0.041666666666666664,0.4319948186528497,0.3317623231082456,0.3493805665118356,0.937107905245273,0.15634148311993612,0.294875267658234,0.517372698939775,6.999999999999999,4.333333333333334
sports_halls,share_of_national,as_printed,2023,unweighted,post,24,0.041666666666666664,0.3278356481481482,0.2034476061832141,0.18624649040446237,0.7457440977032667,0.09246752609382425,0.16993103427169876,0.2965111062167076,4.5,2.6666666666666665
sports_halls,share_of_national,constant,2007,population,pre,23,0.04347826086956523,0.46257496349366145,0.39073322114645476,0.3883887086185116,1.029243994665222,0.17821079832060915,0.32185131021511815,0.5266909525805259,5.5,3.0
sports_halls,share_of_national,constant,2008,population,pre,23,0.04347826086956521,0.44833815570238694,0.35934933696469623,0.3600325465183225,0.9723301898016032,0.1657268084830965,0.3023463804947871,0.5009971016468213,6.0,3.6666666666666665
sports_halls,share_of_national,constant,2009,population,pre,23,0.043478260869565216,0.4127931117266568,0.30806901263712255,0.31845785444478086,0.8817881444092642,0.14519654287681594,0.272730271503815,0.4820832082360631,4.333333333333333,3.6666666666666665
sports_halls,share_of_national,constant,2010,population,pre,23,0.043478260869565216,0.4080046642775779,0.29815572409886526,0.31403323732803656,0.8596630072533894,0.141921391630357,0.2695052519376465,0.4845808621467992,4.333333333333333,4.0
sports_halls,share_of_national,constant,2011,population,post,23,0.04347826086956523,0.41232299705040565,0.3045873571652096,0.320956062904978,0.8703559329397182,0.14482380394594951,0.274544875319336,0.49130474444760763,4.333333333333333,3.0000000000000004
sports_halls,share_of_national,constant,2012,population,post,23,0.043478260869565216,0.4048158480152498,0.2853727848892564,0.31316607072520797,0.8231189393908437,0.13874853036725676,0.26887151655121666,0.49636514562369005,4.666666666666667,3.5
sports_halls,share_of_national,constant,2013,population,post,23,0.04347826086956521,0.4127302125670125,0.2954627568535276,0.33012010497824906,0.8334151661513017,0.14454274345541862,0.28116260770233625,0.5166873877876924,5.0,3.75
sports_halls,share_of_national,constant,2014,population,post,23,0.043478260869565216,0.4087571439267061,0.2874062614491856,0.32452604808947844,0.8164973551303408,0.14149826685010225,0.2771301219746338,0.5152944328509075,5.333333333333334,3.7499999999999996
sports_halls,share_of_national,constant,2015,population,post,23,0.04347826086956523,0.4073979647148782,0.28376890592547643,0.32139842594663814,0.8090309122546929,0.1399571699982457,0.27486571888497646,0.5167302264780715,6.333333333333334,3.75
sports_halls,share_of_national,constant,2023,population,post,23,0.043478260869565216,0.35022385811963597,0.20933828922189435,0.208874723334922,0.7069053620825811,0.09951509093335442,0.18850310910002388,0.3390113032232782,4.5,2.6250000000000004
sports_halls,share_of_national,constant,2007,unweighted,pre,23,0.04347826086956523,0.47692307692307706,0.42298568289518673,0.4073255224722311,1.1293816709066435,0.18830087242662708,0.33457245657730483,0.5310945397920173,11.0,4.5
sports_halls,share_of_national,constant,2008,unweighted,pre,23,0.04347826086956521,0.4606175173282924,0.3889411518603864,0.36802251998072594,1.0688835658268336,0.17341285822987818,0.3078984046013594,0.48996648495182715,5.499999999999999,4.5
sports_halls,share_of_national,constant,2009,unweighted,pre,23,0.043478260869565216,0.4375876577840113,0.34726451126589475,0.346094528941378,0.9806027155499913,0.15945553904521725,0.29255439013894835,0.49237250372231767,5.5,5.5
sports_halls,share_of_national,constant,2010,unweighted,pre,23,0.043478260869565216,0.4369701941482088,0.3407136833165956,0.3473555704929996,0.9594442176364718,0.15830281792180945,0.2934459461857378,0.498989530471749,5.999999999999999,5.5
sports_halls,share_of_national,constant,2011,unweighted,post,23,0.04347826086956523,0.4418039427491224,0.3493644072977946,0.3547746749903043,0.9762031004586926,0.16173607762666276,0.2986685470774366,0.5045815917175966,6.000000000000001,5.500000000000001
sports_halls,share_of_national,constant,2012,unweighted,post,23,0.043478260869565216,0.44347826086956527,0.3428924788091899,0.3606195820921558,0.9447359163052359,0.16167315163342644,0.302755807801695,0.517735505895754,7.0,6.0
sports_halls,share_of_national,constant,2013,unweighted,post,23,0.04347826086956521,0.4563989191844755,0.3622927712560069,0.38346916669572656,0.9712257151161265,0.17077191007826176,0.31850690959136796,0.5365482375225181,7.5,6.5
sports_halls,share_of_national,constant,2014,unweighted,post,23,0.043478260869565216,0.4565217391304347,0.3596197704971343,0.38427763498786904,0.9611271674959384,0.17038877149578735,0.31905765248719464,0.5395262858915582,7.499999999999999,6.499999999999999
sports_halls,share_of_national,constant,2015,unweighted,post,23,0.04347826086956523,0.4528046857400315,0.3539907385512069,0.3811193995233171,0.9506042394665694,0.16828594557461307,0.31690367662487906,0.5439539730216189,7.5,4.333333333333334
sports_halls,share_of_national,constant,2023,unweighted,post,23,0.043478260869565216,0.35446859903381644,0.22425371338073175,0.2103707556776185,0.7674003886378228,0.1030386427962201,0.1897162270367151,0.32633871783741153,5.250000000000001,2.6666666666666665
stillbirths,per_head,as_printed,2005,population,pre,24,0.15068321504895507,0.4032962493777254,,,0.7356906029720189,,,,50.30981870400287,7.76365565012908
stillbirths,per_head,as_printed,2006,population,pre,24,0.14088462204643845,0.3820611222564917,,,0.6701877127009427,,,,16.663372345036844,4.135085945399394
stillbirths,per_head,as_printed,2007,population,pre,24,0.12334823561864311,0.4346990767906739,,,0.7911574023445991,,,,49.148484848484856,5.247712090203498
stillbirths,per_head,as_printed,2008,population,pre,24,0.1344432432875607,0.3073486875773844,,,0.5374858177001549,,,,10.605806530949906,3.8364450371499332
stillbirths,per_head,as_printed,2009,population,pre,24,0.14632593580615602,0.3218399575819431,,,0.5679920161192271,,,,12.920915295062223,2.77131610904066
stillbirths,per_head,as_printed,2011,population,post,24,0.16697342495677203,0.38221447717125356,,,0.6953499109269413,,,,5.953066419810228,5.058565299810436
stillbirths,per_head,as_printed,2012,population,post,24,0.21221766289019417,0.30497785466491256,0.17381720275080084,0.2803212063241732,0.5995440849523647,0.09638335790360952,0.2444589820774834,0.7951695439675069,3.9237719335878842,2.4421484679074372
stillbirths,per_head,as_printed,2013,population,post,24,0.21356022862230203,0.3742775238416391,,,0.7102550656413994,,,,8.718677973472492,3.0343280423280428
stillbirths,per_head,as_printed,2014,population,post,24,0.19176931005629963,0.34728572478630126,,,0.6435880465919132,,,,10.918100964159436,3.1774356976798654
stillbirths,per_head,as_printed,2015,population,post,24,0.1822418275824226,0.3461803749950883,0.20184273644112485,0.2596568895738346,0.6257875127448193,0.1075371616436186,0.2286838129671086,0.4918502292053084,8.53101186457027,3.7710476336150305
stillbirths,per_head,as_printed,2016,population,post,24,0.18905919176253613,0.33150918364718307,,,0.5963951999223327,,,,14.003814298169136,3.1702430196483973
stillbirths,per_head,as_printed,2017,population,post,24,0.1827074401138978,0.3454481709305072,,,0.6292952613743312,,,,6.8540844340844345,2.969587273443657
stillbirths,per_head,as_printed,2018,population,post,24,0.1722760721289811,0.35243041511504763,0.21150271722653718,0.33098218330866674,0.6470501749321386,0.11703152694683594,0.2817820348056268,0.7932568308423569,5.866181818181818,3.71176807879115
stillbirths,per_head,as_printed,2019,population,post,24,0.17725867451306887,0.3054627819599294,0.16164925477987752,0.265952635247184,0.5441723428605965,0.09253813297335012,0.23352456943942201,0.7665670006922923,3.9720291735033117,2.824113247863248
stillbirths,per_head,as_printed,2020,population,post,24,0.149393331064342,0.3013554811983856,,,0.5336125252027429,,,,5.129173344017094,2.7097238895558218
stillbirths,per_head,as_printed,2021,population,post,24,0.13604753419246496,0.32615784634655703,,,0.5960850244906863,,,,4.581641659311562,2.8626047865178297
stillbirths,per_head,as_printed,2022,population,post,24,0.12241840047184627,0.32561288346529255,0.18007789414352948,0.26019033477994,0.6002407147770377,0.09769484452648447,0.22909515816465653,0.70376646248607,4.416092165898618,2.9293770483872916
stillbirths,per_head,as_printed,2023,population,post,24,0.10994061853251957,0.3288061768479585,0.18419380237830246,0.24439347323232247,0.607800383934543,0.09832359581478411,0.21682058650678804,0.5429653565322518,5.1338065368108285,2.6148982229905466
stillbirths,per_head,as_printed,2005,unweighted,pre,24,0.15068321504895507,0.48117070297198916,,,0.8800266887831659,,,,117.28163704900376,21.552284263959393
stillbirths,per_head,as_printed,2006,unweighted,pre,24,0.14088462204643845,0.42376647121617,,,0.7489353172786531,,,,40.33602080624187,11.87030670711156
stillbirths,per_head,as_printed,2007,unweighted,pre,24,0.12334823561864311,0.45773992162197974,,,0.8482400496661839,,,,,14.478963110667996
stillbirths,per_head,as_printed,2008,unweighted,pre,24,0.1344432432875607,0.35553287968059955,,,0.6226617383845187,,,,41.51933701657458,5.2239332096474955
stillbirths,per_head,as_printed,2009,unweighted,pre,24,0.14632593580615602,0.3556369635322705,,,0.6331371063057969,,,,99.28551493162153,3.9811440124331234
stillbirths,per_head,as_printed,2011,unweighted,post,24,0.16697342495677203,0.4050058404566412,,,0.7281559981363681,,,,,4.948221127531473
stillbirths,per_head,as_printed,2012,unweighted,post,24,0.21221766289019417,0.29296595999051256,0.17263099756651049,0.3359548146225602,0.5697336883234742,0.1040673408024062,0.2853446029396385,0.8281644893809963,3.246273106738223,2.178834182229768
stillbirths,per_head,as_printed,2013,unweighted,post,24,0.21356022862230203,0.3837950081491892,,,0.7314850649179092,,,,7.532858273950911,3.2640371463900872
stillbirths,per_head,as_printed,2014,unweighted,post,24,0.19176931005629963,0.3394329874569314,,,0.6249963780416503,,,,9.698991855917912,3.315576277784987
stillbirths,per_head,as_printed,2015,unweighted,post,24,0.1822418275824226,0.3685349727162705,0.22983745764209917,0.3141115690132167,0.656904940651704,0.124966743916064,0.26956247058123084,0.5682355973535013,7.67029958050636,4.787290611510428
stillbirths,per_head,as_printed,2016,unweighted,post,24,0.18905919176253613,0.35798677592366474,,,0.635769872313135,,,,12.893070439830318,4.392844842431548
stillbirths,per_head,as_printed,2017,unweighted,post,24,0.1827074401138978,0.3589355794232951,,,0.6529838315767992,,,,5.93713111616945,3.6839267127324717
stillbirths,per_head,as_printed,2018,unweighted,post,24,0.1722760721289811,0.3634040086445287,0.23156626146671644,0.3935826884704151,0.6677701658965921,0.13223220765955945,0.32536446930968244,0.8164930489752932,5.020803990610329,3.9560566228513654
stillbirths,per_head,as_printed,2019,unweighted,post,24,0.17725867451306887,0.3185110062530378,0.17913324574941608,0.3061332343633397,0.5658838827538949,0.10439940478223886,0.2637114860106601,0.7789203484385351,6.186429224470325,2.8451674622654273
stillbirths,per_head,as_printed,2020,unweighted,post,24,0.149393331064342,0.32039265940374545,,,0.5616672873332721,,,,5.171485260770974,3.3906146728354263
stillbirths,per_head,as_printed,2021,unweighted,post,24,0.13604753419246496,0.3352411118931683,,,0.6077061969647863,,,,4.509892958942325,3.2326265938069216
stillbirths,per_head,as_printed,2022,unweighted,post,24,0.12241840047184627,0.31465029817083373,0.17030630462747826,0.2569370247125078,0.5794573390708819,0.09408425300232803,0.226583081615374,0.7047726414088407,3.678600989513645,3.0523169704225976
stillbirths,per_head,as_printed,2023,unweighted,post,24,0.10994061853251957,0.32436895134050175,0.18427770181140585,0.277108511713575,0.5880492805960599,0.10353271942147035,0.24202775621915062,0.6166132962446873,4.961076758182868,2.84403028538148
stillbirths,per_head,constant,2005,population,pre,23,0.1562591524990245,0.40225156988286054,,,0.7349988903045709,,,,12.308095494525219,10.010160263783453
stillbirths,per_head,constant,2006,population,pre,23,0.14575033237792479,0.380837376753355,,,0.6680640947017173,,,,13.835023840485478,7.090631428471812
stillbirths,per_head,constant,2007,population,pre,23,0.12715355527308908,0.43140306252559457,,,0.7876254425967583,,,,23.959515151515152,5.99104143337066
stillbirths,per_head,constant,2008,population,pre,23,0.13871657817515895,0.30689299611773646,,,0.536973632710337,,,,6.715753978054009,3.8364450371499332
stillbirths,per_head,constant,2009,population,pre,23,0.150961370623089,0.3198030405786226,,,0.5633892302190611,,,,5.8696762891865255,3.3459989112683726
stillbirths,per_head,constant,2010,population,pre,23,0.18702697584575637,0.32208361891384063,,,0.5866777642371966,,,,8.767468189729465,2.8220710728585527
stillbirths,per_head,constant,2011,population,post,23,0.17278364261062418,0.3793029569759566,,,0.6927870838672603,,,,6.648105789465185,5.333158734909707
stillbirths,per_head,constant,2012,population,post,23,0.2195940594764208,0.30425395993208,0.16438703651607645,0.1981774100572576,0.5966891481517381,0.08407736582317571,0.1797756758152551,0.5050134312139204,6.481359131665879,2.4421484679074372
stillbirths,per_head,constant,2013,population,post,23,0.22175668926318545,0.3734902017636587,0.23436308848758589,0.2783969558218838,0.7092123232097173,0.11936714693333306,0.2430037322106362,0.4855434360034012,14.56118721461187,3.0343280423280428
stillbirths,per_head,constant,2014,population,post,23,0.19954133566627627,0.3469556794323524,0.2129840343533756,0.29805567315482856,0.6432240526617947,0.11632236884266034,0.2577399853592829,0.5798480249514906,18.098830236289153,3.1774356976798654
stillbirths,per_head,constant,2015,population,post,23,0.1883362611111187,0.34532583468922046,0.1999251852044146,0.2508997959780198,0.6250897099368914,0.10561023903026312,0.22189966356409008,0.46936660917037853,7.842498311951384,3.7710476336150305
stillbirths,per_head,constant,2016,population,post,23,0.19683310075834617,0.33124988908638675,0.20114247429802423,0.30787139214241255,0.5961414437769368,0.11500723394045465,0.26499016002837084,0.6050795109494632,16.651700087183958,3.1702430196483973
stillbirths,per_head,constant,2017,population,post,23,0.189625496436763,0.34502082005640167,,,0.6284626463673887,,,,10.607194139194139,2.969587273443657
stillbirths,per_head,constant,2018,population,post,23,0.17856587577390756,0.3516150977941279,0.20405218720480076,0.25628269962939876,0.6453435206450427,0.10660066038679528,0.22607684992398913,0.5384921303538583,8.684297520661158,3.71176807879115
stillbirths,per_head,constant,2019,population,post,23,0.1833780585899837,0.30406253364642616,0.15089331337437695,0.18013128678205026,0.540246452788371,0.07907770206115072,0.16483944132879091,0.34681232241449866,6.388534099228472,2.824113247863248
stillbirths,per_head,constant,2020,population,post,23,0.15420798136354227,0.2967815918520756,0.14335529095686564,0.17342452010040066,0.525375902545966,0.07544456309295633,0.15921938919702405,0.36137719704992344,4.237982033880471,2.7097238895558218
stillbirths,per_head,constant,2021,population,post,23,0.14064830759631172,0.32365721155461696,0.16756781407818105,0.18630762780288412,0.5911994918069481,0.08459085327755145,0.1699817809774974,0.3400159113477277,6.108103061986556,3.400583474496518
stillbirths,per_head,constant,2022,population,post,23,0.12680002207334992,0.3246703511536249,0.17176215890362181,0.19165898250407626,0.5978424977215322,0.08693980583262884,0.17441163943252225,0.3370380203957092,6.268786482334869,2.9293770483872916
stillbirths,per_head,constant,2023,population,post,23,0.1138860151434138,0.328263045945362,0.1799798892764752,0.2185181890878166,0.6065274852876924,0.09344000824489895,0.19629113941933962,0.45128666650231253,7.51371910611218,2.6148982229905466
stillbirths,per_head,constant,2005,unweighted,pre,23,0.1562591524990245,0.46466803287232067,,,0.8483303739765718,,,,117.28163704900376,11.036142131979696
stillbirths,per_head,constant,2006,unweighted,pre,23,0.14575033237792479,0.4077187179038832,,,0.718697490616408,,,,16.663372345036844,7.090631428471812
stillbirths,per_head,constant,2007,unweighted,pre,23,0.12715355527308908,0.44426460880547125,,,0.8222103848930695,,,,46.33258678611422,3.893035180173764
stillbirths,per_head,constant,2008,unweighted,pre,23,0.13871657817515895,0.33972293391135866,,,0.5970935208756442,,,,41.51933701657458,5.1871141845167825
stillbirths,per_head,constant,2009,unweighted,pre,23,0.150961370623089,0.3381784096693166,,,0.6028496316741653,,,,11.583310075355847,3.9811440124331234
stillbirths,per_head,constant,2010,unweighted,pre,23,0.18702697584575637,0.3341330092642003,,,0.6068168099585435,,,,6.444083004944929,2.5702357409674486
stillbirths,per_head,constant,2011,unweighted,post,23,0.17278364261062418,0.38663114645107904,,,0.6963306832570282,,,,6.537589429477283,4.948221127531473
stillbirths,per_head,constant,2012,unweighted,post,23,0.2195940594764208,0.2718553984196424,0.14202752068721128,0.2166983797816602,0.5339030201881677,0.07916791203742668,0.19482721092407307,0.6430046219419233,3.119466996926747,2.0546558704453437
stillbirths,per_head,constant,2013,unweighted,post,23,0.22175668926318545,0.3628217284180399,0.22378438652471855,0.2726266379775532,0.6952560387802851,0.11490414578968389,0.2386229961741414,0.5051947203443734,7.532858273950911,2.7167410173946123
stillbirths,per_head,constant,2014,unweighted,post,23,0.19954133566627627,0.31405918914639214,0.17730227646288227,0.2552138567288798,0.5826651831056491,0.09834442084579242,0.2252492054273041,0.561311680179519,4.780589638718472,3.123728821082816
stillbirths,per_head,constant,2015,unweighted,post,23,0.1883362611111187,0.35276801933105656,0.21130499578779463,0.28769671102585515,0.6288742578906035,0.11503035573542586,0.2500109788501981,0.5493114358110054,6.923674124545484,4.787290611510428
stillbirths,per_head,constant,2016,unweighted,post,23,0.19683310075834617,0.33290892608178774,0.19185429662647374,0.2689181029146249,0.5927199351461535,0.10621789004242843,0.23579416068367964,0.5285680152918678,7.553558582024758,3.4192218103377954
stillbirths,per_head,constant,2017,unweighted,post,23,0.189625496436763,0.33765694321312606,,,0.6162819693217491,,,,4.847483338730846,2.85329207855888
stillbirths,per_head,constant,2018,unweighted,post,23,0.17856587577390756,0.34369583461069514,0.20077993081839499,0.2819729384570592,0.6329442021906241,0.10867926077503354,0.24570590338101794,0.6409407397417652,5.020803990610329,3.869648033126294
stillbirths,per_head,constant,2019,unweighted,post,23,0.1833780585899837,0.2981938297032995,0.1483445417187328,0.18707571206816037,0.5298675196740362,0.07942741307374701,0.17061906013804318,0.3829831234612139,5.3424209298936,2.734570980615736
stillbirths,per_head,constant,2020,unweighted,post,23,0.15420798136354227,0.3002328045725758,0.15300968757514113,0.20881948910899123,0.5262534887448813,0.08432488875627575,0.1884582854595218,0.46660085782746796,5.010422117564974,3.3906146728354263
stillbirths,per_head,constant,2021,unweighted,post,23,0.14064830759631172,0.3158393427862047,0.161635822714147,0.1908649562414163,0.5731907330476385,0.08356155442397561,0.17375584026566016,0.3772400562136924,4.509892958942325,3.2326265938069216
stillbirths,per_head,constant,2022,unweighted,post,23,0.12680002207334992,0.2936750253118469,0.14003711242452943,0.15152983758269548,0.5428973253154312,0.07032883425884007,0.14060776029664768,0.2745691944501638,3.5679746087064754,2.9293770483872916
stillbirths,per_head,constant,2023,unweighted,post,23,0.1138860151434138,0.30393477364545907,0.1588050130151463,0.2213327553848132,0.5530749923083716,0.08692669891229299,0.1985500508716893,0.5398785120069667,3.5138653415180747,2.801055192024393
stillbirths,share_of_national,as_printed,2005,population,pre,24,0.041666666666666664,0.44392941547245185,,,0.7889030678956085,,,,90.5,17.4
stillbirths,share_of_national,as_printed,2006,population,pre,24,0.041666666666666664,0.4767214983652399,,,0.873962924599755,,,,67.0,7.625
stillbirths,share_of_national,as_printed,2007,population,pre,24,0.041666666666666664,0.5734924617798196,,,1.172073425486736,,,,250.0,6.12
stillbirths,share_of_national,as_printed,2008,population,pre,24,0.041666666666666664,0.4487647067275898,,,0.845167491500671,,,,25.0,4.708333333333333
stillbirths,share_of_national,as_printed,2009,population,pre,24,0.041666666666666664,0.45607619704885627,,,0.8596835287824068,,,,54.75,5.944444444444444
stillbirths,share_of_national,as_printed,2011,population,post,24,0.041666666666666664,0.5147107873013731,,,1.093741834097498,,,,9.291666666666666,5.615384615384615
stillbirths,share_of_national,as_printed,2012,population,post,24,0.041666666666666664,0.4645752483549408,0.4084296798197054,0.5223736977174258,1.0496404649631004,0.19539890632861456,0.4068889905264991,0.8959350380277314,6.909090909090908,3.0545454545454547
stillbirths,share_of_national,as_printed,2013,population,post,24,0.041666666666666664,0.48812081664631884,,,1.0286286168602448,,,,12.25,6.714285714285714
stillbirths,share_of_national,as_printed,2014,population,post,24,0.041666666666666664,0.49816701470623626,,,1.0554497995426844,,,,12.421052631578949,5.5625
stillbirths,share_of_national,as_printed,2015,population,post,24,0.041666666666666664,0.46344382349913255,0.3878773031850454,0.47850627020558323,0.9756814238348899,0.19132833999869736,0.3802916223377496,0.7286338638418592,11.058823529411764,6.103448275862069
stillbirths,share_of_national,as_printed,2016,population,post,24,0.041666666666666664,0.45643514736918034,,,0.9295359321506532,,,,13.0625,10.049999999999999
stillbirths,share_of_national,as_printed,2017,population,post,24,0.041666666666666664,0.47586016815690674,,,0.9893980282364887,,,,9.73913043478261,6.3939393939393945
stillbirths,share_of_national,as_printed,2018,population,post,24,0.041666666666666664,0.4774316959767472,0.4090391741511604,0.5749396572819359,0.9990684397788044,0.20615175454284618,0.43726117502729933,0.8934592237111055,10.19047619047619,4.534883720930233
stillbirths,share_of_national,as_printed,2019,population,post,24,0.041666666666666664,0.44164232662977837,0.3329543461250977,0.4783482811705091,0.8603528446821386,0.17326700120742833,0.38019370747460157,0.8612670384355924,9.115384615384615,3.593220338983051
stillbirths,share_of_national,as_printed,2020,population,post,24,0.041666666666666664,0.4328936554634966,,,0.8541338851153427,,,,8.0,4.0
stillbirths,share_of_national,as_printed,2021,population,post,24,0.041666666666666664,0.44127691443838,,,0.917396808890995,,,,8.166666666666666,4.242424242424242
stillbirths,share_of_national,as_printed,2022,population,post,24,0.041666666666666664,0.47010689364155084,0.38408158217018007,0.48481095253549655,0.9700412187488027,0.1889509518744682,0.38418639623888784,0.8176342923496416,10.23529411764706,3.9714285714285715
stillbirths,share_of_national,as_printed,2023,population,post,24,0.041666666666666664,0.4697906625469336,0.3860612780321128,0.4586896860626213,0.9837239006249654,0.18652065710657673,0.3678886325645656,0.7509267211336733,7.550000000000001,4.423076923076923
stillbirths,share_of_national,as_printed,2003,unweighted,pre,24,0.041666666666666664,0.4997311827956989,,,0.9090421025589329,,,,73.0,9.76923076923077
stillbirths,share_of_national,as_printed,2004,unweighted,pre,24,0.041666666666666664,0.5313387978142077,,,0.9703072487346764,,,,,14.75
stillbirths,share_of_national,as_printed,2005,unweighted,pre,24,0.041666666666666664,0.5340447154471544,,,0.9802481202004185,,,,174.0,61.0
stillbirths,share_of_national,as_printed,2006,unweighted,pre,24,0.041666666666666664,0.5277601522842641,,,1.020424520059623,,,,61.0,8.583333333333334
stillbirths,share_of_national,as_printed,2007,unweighted,pre,24,0.041666666666666664,0.6112341772151899,,,1.3982501023859446,,,,,19.0
stillbirths,share_of_national,as_printed,2008,unweighted,pre,24,0.041666666666666664,0.4982616940581542,,,0.9856161118482789,,,,112.99999999999999,8.916666666666666
stillbirths,share_of_national,as_printed,2009,unweighted,pre,24,0.041666666666666664,0.5087981407702524,,,1.0184072276538567,,,,214.0,5.88235294117647
stillbirths,share_of_national,as_printed,2011,unweighted,post,24,0.041666666666666664,0.5397782063645131,,,1.2263601045900352,,,,,5.5
stillbirths,share_of_national,as_printed,2012,unweighted,post,24,0.041666666666666664,0.47550719054956336,0.43958656396271195,0.6110819503319137,1.1349355106342558,0.21378910115743854,0.4572366916655547,0.9052573149652536,7.636363636363636,5.629629629629629
stillbirths,share_of_national,as_printed,2013,unweighted,post,24,0.041666666666666664,0.5117125984251968,,,1.1328068178213673,,,,13.055555555555555,5.2592592592592595
stillbirths,share_of_national,as_printed,2014,unweighted,post,24,0.041666666666666664,0.5170572376607218,,,1.1707822160318129,,,,9.368421052631579,7.086956521739131
stillbirths,share_of_national,as_printed,2015,unweighted,post,24,0.041666666666666664,0.4989711934156379,0.4511203354543625,0.5763788568156065,1.0825807133443508,0.222164033919108,0.4380704859621247,0.7789526396090404,17.7,6.681818181818182
stillbirths,share_of_national,as_printed,2016,unweighted,post,24,0.041666666666666664,0.5073232323232323,,,1.0620148796180542,,,,13.399999999999999,9.823529411764707
stillbirths,share_of_national,as_printed,2017,unweighted,post,24,0.041666666666666664,0.5210278792800108,,,1.1378876044329407,,,,13.1875,8.59090909090909
stillbirths,share_of_national,as_printed,2018,unweighted,post,24,0.041666666666666664,0.5260706638115632,0.5011349182473646,0.711089826670599,1.1523414092672193,0.2488152860802384,0.508891317635552,0.9009825487991877,13.000000000000002,8.714285714285714
stillbirths,share_of_national,as_printed,2019,unweighted,post,24,0.041666666666666664,0.4889801210025929,0.41452594418467836,0.5777418922925778,0.9989184745911734,0.21049187067760555,0.43883589406761236,0.8526555860389243,19.272727272727277,6.576923076923077
stillbirths,share_of_national,as_printed,2020,unweighted,post,24,0.041666666666666664,0.46323794096472276,,,0.9591286608512809,,,,10.133333333333331,4.760000000000001
stillbirths,share_of_national,as_printed,2021,unweighted,post,24,0.041666666666666664,0.48869147547099423,,,1.0403737678281273,,,,9.333333333333334,6.833333333333334
stillbirths,share_of_national,as_printed,2022,unweighted,post,24,0.041666666666666664,0.4969562103540004,0.4407044987079148,0.5324545266905117,1.092595404523372,0.2108649826900031,0.41283800529513714,0.7958975243223936,9.266666666666666,6.176470588235294
stillbirths,share_of_national,as_printed,2023,unweighted,post,24,0.041666666666666664,0.48286052009456254,0.4243064794962657,0.5126072955614839,1.0847336308731215,0.2022946021364982,0.40106805133629364,0.7896455865528798,7.666666666666668,4.35
stillbirths,share_of_national,constant,2005,population,pre,23,0.04347826086956521,0.4353735741668047,,,0.7739527884645163,,,,20.11111111111111,8.285714285714286
stillbirths,share_of_national,constant,2006,population,pre,23,0.043478260869565216,0.4636903284713513,,,0.8539711568221362,,,,16.75,7.32
stillbirths,share_of_national,constant,2007,population,pre,23,0.04347826086956521,0.5589281658882732,,,1.1487547864869945,,,,50.00000000000001,5.464285714285714
stillbirths,share_of_national,constant,2008,population,pre,23,0.043478260869565216,0.43398448141393864,,,0.8224393584830044,,,,12.5,3.4242424242424243
stillbirths,share_of_national,constant,2009,population,pre,23,0.043478260869565216,0.43908633998828367,,,0.8339391537662517,,,,10.950000000000001,5.487179487179487
stillbirths,share_of_national,constant,2010,population,pre,23,0.043478260869565216,0.4721829788112408,,,0.9818361794401211,,,,19.565217391304344,4.309523809523809
stillbirths,share_of_national,constant,2011,population,post,23,0.04347826086956521,0.5005307816263423,,,1.0726253005650885,,,,9.291666666666666,4.055555555555555
stillbirths,share_of_national,constant,2012,population,post,23,0.043478260869565216,0.4485722685233726,0.3797591095553622,0.3951766991480438,1.0272638670856638,0.17289344843814214,0.32643898892372447,0.7694056348390668,4.384615384615385,2.9999999999999996
stillbirths,share_of_national,constant,2013,population,post,23,0.04347826086956521,0.47719678126879805,0.40326602370444853,0.4447993865117482,1.0135381162146946,0.1908233699013323,0.359047153078213,0.6570324059936897,9.1875,6.714285714285714
stillbirths,share_of_national,constant,2014,population,post,23,0.04347826086956523,0.49180382888425245,0.42840872954369424,0.4920964389345469,1.046820493844884,0.20443383395088743,0.38865659431725896,0.7172210771217866,12.421052631578949,5.5625
stillbirths,share_of_national,constant,2015,population,post,23,0.043478260869565216,0.4478861484516729,0.36185332492722605,0.4247822594322559,0.9510113219237449,0.17563746339996067,0.34608784716691554,0.6988392004237183,8.173913043478262,3.6875
stillbirths,share_of_national,constant,2016,population,post,23,0.043478260869565216,0.4511662492976727,0.36744599632038893,0.4743445509776147,0.9221716314312339,0.1867434760011356,0.3777071959684096,0.6928280618572664,13.0625,10.049999999999999
stillbirths,share_of_national,constant,2017,population,post,23,0.043478260869565216,0.465088369728949,,,0.9736736492181702,,,,9.333333333333334,6.0285714285714285
stillbirths,share_of_national,constant,2018,population,post,23,0.043478260869565216,0.4636733941283207,0.3819252587528907,0.4503563318610684,0.9788050920943755,0.18443581576415946,0.3625990151283853,0.7770056365832189,8.916666666666666,4.4318181818181825
stillbirths,share_of_national,constant,2019,population,post,23,0.043478260869565216,0.42261739989502267,0.3007057680733742,0.34676802435043896,0.8327498184588943,0.1482661916370862,0.29303069109809166,0.5885265428794804,7.8999999999999995,3.5333333333333337
stillbirths,share_of_national,constant,2020,population,post,23,0.04347826086956521,0.40837282862953933,0.2858985941969029,0.32951895746509063,0.8178920571995977,0.14052056685028835,0.2807303504794316,0.6196033488921867,7.6923076923076925,2.5333333333333328
stillbirths,share_of_national,constant,2021,population,post,23,0.04347826086956521,0.4209185491337312,0.3158499781954149,0.3480593492900695,0.8867838668431881,0.15166801648208605,0.2939430290091025,0.5805942568918036,6.681818181818181,3.5000000000000004
stillbirths,share_of_national,constant,2022,population,post,23,0.04347826086956521,0.4532114157112494,0.35420263804005103,0.3677263920820575,0.9459899578848303,0.16619349132436778,0.3076934236614588,0.5221097599653712,7.565217391304348,3.8611111111111116
stillbirths,share_of_national,constant,2023,population,post,23,0.043478260869565216,0.4530666911131044,0.3588263786886175,0.3838828788368295,0.9602707201655972,0.16810347791244684,0.31878879324358245,0.6811047107957284,6.863636363636364,3.965517241379311
stillbirths,share_of_national,constant,2003,unweighted,pre,23,0.04347826086956523,0.47798036465638155,0.39455268031995844,0.5954245534537598,0.8661751054004039,0.21456795116435767,0.4486715522231355,0.7950829074006691,13.272727272727272,9.071428571428571
stillbirths,share_of_national,constant,2004,unweighted,pre,23,0.043478260869565216,0.5115324305060583,,,0.9279840049034381,,,,,11.799999999999999
stillbirths,share_of_national,constant,2005,unweighted,pre,23,0.04347826086956521,0.5143690349946978,,,0.9379939705966502,,,,174.0,13.555555555555555
stillbirths,share_of_national,constant,2006,unweighted,pre,23,0.043478260869565216,0.507724564113882,,,0.9781267852581137,,,,61.0,6.058823529411765
stillbirths,share_of_national,constant,2007,unweighted,pre,23,0.04347826086956521,0.5943313153549807,,,1.353504356336312,,,,153.0,6.785714285714286
stillbirths,share_of_national,constant,2008,unweighted,pre,23,0.043478260869565216,0.4787555653273238,,,0.9451274503886278,,,,112.99999999999999,5.944444444444445
stillbirths,share_of_national,constant,2009,unweighted,pre,23,0.043478260869565216,0.4878869614708867,,,0.9761724417250399,,,,53.5,5.000000000000001
stillbirths,share_of_national,constant,2010,unweighted,pre,23,0.043478260869565216,0.4726711181677795,,,1.0638550204598753,,,,11.312500000000002,3.2500000000000004
stillbirths,share_of_national,constant,2011,unweighted,post,23,0.04347826086956521,0.51976856316297,,,1.1830585263240339,,,,9.125,5.5
stillbirths,share_of_national,constant,2012,unweighted,post,23,0.043478260869565216,0.45297112614724994,0.39895929526555796,0.47578896463563136,1.0922991435497331,0.18650740320758152,0.3786053953519485,0.8481099383489185,6.461538461538462,4.6060606060606055
stillbirths,share_of_national,constant,2013,unweighted,post,23,0.04347826086956521,0.49048271140020544,0.4343943276978214,0.4919681995292271,1.0900072551279798,0.20446500267038203,0.38857819097537594,0.7142897261162938,9.791666666666668,4.4375
stillbirths,share_of_national,constant,2014,unweighted,post,23,0.04347826086956523,0.49605972625466604,0.4503189923520918,0.5197662401061233,1.1278078467329207,0.21158496003114535,0.4053404607249411,0.7630009361048459,8.09090909090909,5.82142857142857
stillbirths,share_of_national,constant,2015,unweighted,post,23,0.043478260869565216,0.48029292232190773,0.4195925204962846,0.5366437131472612,1.0416616042727598,0.2072915385205255,0.4152925914221083,0.7765704248612436,10.411764705882353,6.391304347826087
stillbirths,share_of_national,constant,2016,unweighted,post,23,0.043478260869565216,0.48590250329380763,0.4282811611009357,0.5507305561087913,1.019418521024638,0.21514018359108178,0.4234715299028542,0.7224374219684246,12.5625,9.277777777777779
stillbirths,share_of_national,constant,2017,unweighted,post,23,0.043478260869565216,0.5007678864587193,,,1.0952956173677009,,,,10.047619047619047,8.217391304347826
stillbirths,share_of_national,constant,2018,unweighted,post,23,0.043478260869565216,0.5058002048226421,0.4606193033650052,0.5845358310324754,1.1096206849046282,0.2232007017291734,0.44263548691084276,0.8480287805917839,11.470588235294118,8.714285714285714
stillbirths,share_of_national,constant,2019,unweighted,post,23,0.043478260869565216,0.46710007139904547,0.3741642401128521,0.446051754388353,0.9566094909757412,0.18350766544011876,0.35984935940055274,0.6682459137118505,8.153846153846155,6.576923076923077
stillbirths,share_of_national,constant,2020,unweighted,post,23,0.04347826086956521,0.43990046013710216,0.33865214719229203,0.4113727088847199,0.9164773848256921,0.16670572532062156,0.33726012347646284,0.7074304101766068,9.499999999999998,4.5769230769230775
stillbirths,share_of_national,constant,2021,unweighted,post,23,0.04347826086956521,0.46646067005668956,0.3849187208128696,0.4451027096610782,0.9978035099251038,0.18565530409641717,0.35924153943188364,0.6619338071046303,9.333333333333334,5.590909090909091
stillbirths,share_of_national,constant,2022,unweighted,post,23,0.04347826086956521,0.4755651640109964,0.400949979213791,0.4135626572601647,1.0502211997024504,0.18512163492481448,0.33870990154342406,0.5561406251468338,8.176470588235295,6.176470588235294
stillbirths,share_of_national,constant,2023,unweighted,post,23,0.043478260869565216,0.46179463459759484,0.38858745530090605,0.4433725247298595,1.0429564521389647,0.18219802711182087,0.3581319491774888,0.7662008439100068,7.666666666666668,3.9545454545454546
youth_centre_members,per_head,as_printed,2007,population,pre,24,6.753802074657322,0.2996886579342026,,,0.5259399739393991,,,,4.748211273833574,2.5263059837632142
youth_centre_members,per_head,as_printed,2008,population,pre,24,7.794281371797762,0.22541750541349065,0.10046119885751308,0.119595611210916,0.4621157803985218,0.0522806956422176,0.11272083007246914,0.2826957060788211,2.466382411695575,1.7362772860929645
youth_centre_members,per_head,as_printed,2009,population,pre,24,7.677658986172809,0.22326096053480216,0.09149772416213722,0.12139123764847706,0.3984560405739022,0.05090719155018186,0.11431262244755425,0.28486299345977617,4.267901924882675,1.9186010246737906
youth_centre_members,per_head,as_printed,2010,population,pre,24,7.913005118836317,0.2608672583798712,0.1155548049521161,0.13567226302265994,0.4779494503341345,0.06041290523496412,0.12687125782341413,0.27573709455968276,5.9119267064504015,2.275951375981296
youth_centre_members,per_head,as_printed,2011,population,post,24,5.536487897928413,0.38061930536422106,,,0.7001908615026143,,,,9.77965868848455,3.8546988640744266
youth_centre_members,per_head,as_printed,2012,population,post,24,5.668602748639896,0.33711118527757,,,0.6191272060961289,,,,9.653185287325606,3.4619691433018525
youth_centre_members,per_head,as_printed,2013,population,post,24,6.1642603113813195,0.26503507415940264,0.1314840455021189,0.19630918580261975,0.46948176181188805,0.07576482759401304,0.17824188054792112,0.477573245089316,4.113611037608219,3.0838801060280883
youth_centre_members,per_head,as_printed,2014,population,post,24,6.5360899337637335,0.2664150813572512,0.13315759197376142,0.19998444371185958,0.47225825575967845,0.07685829199081962,0.18125651041144775,0.48650215206620784,4.099912786369147,3.1403281907835194
youth_centre_members,per_head,as_printed,2015,population,post,24,7.08581261040009,0.23632753067025924,0.09385552137725675,0.1038114293198642,0.4307856862516213,0.04820487969244891,0.09860474188720714,0.200942189806249,3.299535473669117,2.6798326869491884
youth_centre_members,per_head,as_printed,2016,population,post,24,13.285659655407025,0.28995185590444683,0.15470138857318905,0.15229816450710254,0.6159587316488407,0.07362283821556836,0.14126780089708546,0.2635920172196239,4.19926399582409,2.678935561721898
youth_centre_members,per_head,as_printed,2017,population,post,24,12.815897349459064,0.3368689929050358,0.1925066337492396,0.20690567478357755,0.6625121607504215,0.09502184339529174,0.18690365814105625,0.35014648178970964,6.400302841944044,3.327407381739388
youth_centre_members,per_head,as_printed,2018,population,post,24,8.747117879797948,0.2646751035460488,0.11817921024115008,0.1352605922396693,0.4804306491561675,0.0613540385625001,0.126511742234516,0.2584026112138176,4.586288989958715,3.016001782154729
youth_centre_members,per_head,as_printed,2019,population,post,24,8.986420797173679,0.2696077990165645,0.1337612287668693,0.15224753482733594,0.5343814204635027,0.06847852956422573,0.14122432246019956,0.29466175389505134,5.845910784719649,3.2502138581042295
youth_centre_members,per_head,as_printed,2020,population,post,24,6.244493889286903,0.28046703590677535,0.13033936991184047,0.14073108435367235,0.5220434454022103,0.06561161952743877,0.13127710653225966,0.2546255089766174,3.610193190320581,3.087057842626368
youth_centre_members,per_head,as_printed,2021,population,post,24,6.547849017008221,0.30529897778588305,0.16123540323666086,0.1695072304411946,0.6106064881581824,0.07906965055848025,0.1559193486172149,0.30195725631993353,5.739947264337509,2.3594330861641306
youth_centre_members,per_head,as_printed,2022,population,post,24,8.070773508334199,0.309766974180459,0.19776984669776032,0.20214917051631254,0.7331339384982222,0.09372610044393848,0.18302694943955877,0.36379612484168955,4.411217680877133,2.5538562185874616
youth_centre_members,per_head,as_printed,2023,population,post,24,8.760429276175648,0.25904955289076426,0.12746896853154677,0.11390319636145582,0.5786310559493165,0.058284275554090215,0.10765566612015731,0.18871251659179278,3.1567026587496687,2.3614004344858732
youth_centre_members,per_head,as_printed,2007,unweighted,pre,24,6.753802074657322,0.2794972684725428,,,0.4931429179675722,,,,4.865350552770841,2.8340170833448943
youth_centre_members,per_head,as_printed,2008,unweighted,pre,24,7.794281371797762,0.2414047321231004,0.12097875715000189,0.13288940533663318,0.531939153634965,0.06011302270232366,0.12443808076989515,0.2986929983028409,3.144097621490087,1.8372072665619283
youth_centre_members,per_head,as_printed,2009,unweighted,pre,24,7.677658986172809,0.19972126356014414,0.07469935221137541,0.1012189691742646,0.35814054785179095,0.04199909111283129,0.0962648789148548,0.25877110808765436,2.956989247311828,2.150773168764683
youth_centre_members,per_head,as_printed,2010,unweighted,pre,24,7.913005118836317,0.2794011106559924,0.1325604732497805,0.15255838134819424,0.5224497947978552,0.06823536141569875,0.14149122840621897,0.30320135102847334,3.6870094847921906,2.524648585497786
youth_centre_members,per_head,as_printed,2011,unweighted,post,24,5.536487897928413,0.36437097754936754,,,0.6535607962711735,,,,11.305478735152057,4.365131396140434
youth_centre_members,per_head,as_printed,2012,unweighted,post,24,5.668602748639896,0.34716041814837273,,,0.6267115532172665,,,,13.995473371543321,3.619364346339042
youth_centre_members,per_head,as_printed,2013,unweighted,post,24,6.1642603113813195,0.23598918706549316,0.108593010871461,0.16763139040578556,0.4209349767689635,0.06371186989271471,0.15433450234391877,0.4535749752779089,4.551757661637492,2.6777648612349467
youth_centre_members,per_head,as_printed,2014,unweighted,post,24,6.5360899337637335,0.2363930680778778,0.10923399524905893,0.16942715232450997,0.42187769655506496,0.06418614691597901,0.15585175352191438,0.4599062416315748,4.537622732003077,2.6743627457150274
youth_centre_members,per_head,as_printed,2015,unweighted,post,24,7.08581261040009,0.24758521770564992,0.1018445015730042,0.11076109964199037,0.4551471957914494,0.0517088808031112,0.10484742434282923,0.21253272249892452,4.539888846528078,1.8529112268852814
youth_centre_members,per_head,as_printed,2016,unweighted,post,24,13.285659655407025,0.33695930376233957,0.20221438753302626,0.19714286126718283,0.7083810013526112,0.09501558484249617,0.178926674642235,0.3214497634790191,4.917094874835957,2.51811903260714
youth_centre_members,per_head,as_printed,2017,unweighted,post,24,12.815897349459064,0.36394779397860516,0.2352396336182508,0.23693780399500972,0.7661654969073854,0.11128373083551946,0.21095963835022746,0.380068523206594,5.065482692380126,3.272238671553958
youth_centre_members,per_head,as_printed,2018,unweighted,post,24,8.747117879797948,0.25793112059561596,0.11538512953595764,0.13171961344886932,0.480053012618372,0.05967820141879521,0.12341325624069965,0.25784316906925464,3.458881271473972,2.54199594433899
youth_centre_members,per_head,as_printed,2019,unweighted,post,24,8.986420797173679,0.27902284331624155,0.1461376501571408,0.1581846137234327,0.577228605179031,0.07257164613145384,0.14630783586936424,0.302178185559142,3.613520103095153,2.012433732592076
youth_centre_members,per_head,as_printed,2020,unweighted,post,24,6.244493889286903,0.29073644677203414,0.1421274026355938,0.15305785239956385,0.550618321196127,0.07111360303263392,0.14191992161614053,0.2769485493590532,4.290169486984053,2.4673512437772174
youth_centre_members,per_head,as_printed,2021,unweighted,post,24,6.547849017008221,0.3377773578776571,0.19140755631752693,0.2016132297457319,0.6632962139005855,0.09348903511047946,0.18258898292172465,0.3451469231783144,4.799873177469022,3.4335975024015366
youth_centre_members,per_head,as_printed,2022,unweighted,post,24,8.070773508334199,0.3516372426555758,0.25156492711478023,0.24137682029709834,0.844189229286915,0.1147506374951015,0.21445443890157412,0.3991453418441747,5.0327994025492115,2.358989208060408
youth_centre_members,per_head,as_printed,2023,unweighted,post,24,8.760429276175648,0.32094250595674406,0.1794395418583492,0.16769623862969124,0.6660821280424406,0.08337769497199954,0.15438934047136366,0.26574785795427236,4.764607811548653,2.2211072978931337
youth_centre_members,per_head,constant,2007,population,pre,23,6.947117261974868,0.2976672598794258,,,0.5222372732489918,,,,5.6080086155136435,3.7731604205043774
youth_centre_members,per_head,constant,2008,population,pre,23,7.939622086190118,0.21614438154083812,0.08459411544939456,0.0812417168822813,0.44509691126178064,0.04049844669310554,0.07802919140098863,0.1461604153731384,2.599878284372344,2.1788760986587996
youth_centre_members,per_head,constant,2009,population,pre,23,7.896405756019366,0.2215288377224313,0.08688506275741048,0.10576533305974598,0.39479511705681264,0.04680133309234513,0.10036426192696946,0.2218711954668643,4.267901924882675,1.9186010246737906
youth_centre_members,per_head,constant,2010,population,pre,23,8.146261625530478,0.2600643592857891,0.11314794795869496,0.12828218138218778,0.4762567197321299,0.05837542110620997,0.12039486407155131,0.2503467837489566,4.919326112063368,2.275951375981296
youth_centre_members,per_head,constant,2011,population,post,23,5.740835560237117,0.3806036452366936,,,0.7001896333105266,,,,9.992530751666482,3.8546988640744266
youth_centre_members,per_head,constant,2012,population,post,23,5.8141735609758936,0.3338556981201037,,,0.6154485302004669,,,,4.332595527276075,3.4619691433018525
youth_centre_members,per_head,constant,2013,population,post,23,6.377815651517807,0.26456818584373865,0.12741612764487437,0.17072583770136898,0.46795812580669977,0.07091751197174301,0.1569473249502391,0.35766553391503486,4.113611037608219,3.0838801060280883
youth_centre_members,per_head,constant,2014,population,post,23,6.762811929826241,0.26593558726414496,0.12898467315020723,0.17337685071898493,0.47072196138122085,0.0718558418024915,0.15917930875010322,0.36293235194196516,4.099912786369147,3.1403281907835194
youth_centre_members,per_head,constant,2015,population,post,23,7.290955423540071,0.23631839165111226,0.09385485014185638,0.10380966239948138,0.43078509431550793,0.04820434845664889,0.09860314919214541,0.200936250279945,3.299535473669117,2.6798326869491884
youth_centre_members,per_head,constant,2016,population,post,23,13.701966559393151,0.2896770784127947,0.15402757783028534,0.1502489524274588,0.6155960742663478,0.07305781632564923,0.1395062722450362,0.25671597967036597,4.19926399582409,2.678935561721898
youth_centre_members,per_head,constant,2017,population,post,23,13.169853434439977,0.33461146197824204,0.18995880006953392,0.20019507722588506,0.6610131379900717,0.09306018581113451,0.18142894706863832,0.33447002811592863,4.428463925446614,4.270984010812832
youth_centre_members,per_head,constant,2018,population,post,23,8.990509532363033,0.26385616428616154,0.11692875765202723,0.131909043687195,0.4794462516659507,0.06036363846162118,0.12357929254983757,0.2482610545908095,4.076639830244024,3.016001782154729
youth_centre_members,per_head,constant,2019,population,post,23,9.244366297597889,0.268755332509326,0.13196485921358414,0.1472041369999602,0.5331601321404146,0.06702881161086138,0.13688223483998185,0.2800114953575875,4.267338801180017,3.2502138581042295
youth_centre_members,per_head,constant,2020,population,post,23,6.402774597132625,0.27765340672206795,0.12799440892506905,0.13535357568315937,0.5200416745943429,0.0638987749151213,0.12659295840463325,0.2403839268468343,3.5248331967002544,3.087057842626368
youth_centre_members,per_head,constant,2021,population,post,23,6.748097904216511,0.3046517534084522,0.15991828949416356,0.16548715001009612,0.6098887714339248,0.07796725159293028,0.1525192467459231,0.28960790761237687,4.985593382524933,2.3594330861641306
youth_centre_members,per_head,constant,2022,population,post,23,8.308113622755057,0.3070786840556771,0.19244897566024535,0.18438025905806657,0.730813522520534,0.08912945702975816,0.16838048715839604,0.30802878456658545,4.191056846887423,2.5538562185874616
youth_centre_members,per_head,constant,2023,population,post,23,8.994783260113211,0.2573916289658317,0.1260242889084269,0.1111520908380661,0.5773037978077762,0.05731807590921334,0.1051973527051433,0.18167598943937413,2.84709843521378,2.1706390441775834
youth_centre_members,per_head,constant,2007,unweighted,pre,23,6.947117261974868,0.2640631166827066,,,0.466897196757822,,,,4.865350552770841,2.5648878377656117
youth_centre_members,per_head,constant,2008,unweighted,pre,23,7.939622086190118,0.23066443247667665,0.1045705717783954,0.0943150816109344,0.5133714421868922,0.04830185384511099,0.0900040059383036,0.16045049272478773,3.144097621490087,1.8372072665619283
youth_centre_members,per_head,constant,2009,unweighted,pre,23,7.896405756019366,0.18121249923686505,0.05885948715006108,0.07151866497239352,0.324901317090262,0.03179092351171908,0.06902109926278799,0.1623771840596776,2.279297672519396,1.734652038696891
youth_centre_members,per_head,constant,2010,unweighted,pre,23,8.146261625530478,0.2645957995879441,0.11867850966866292,0.13156094637193735,0.49790047511682195,0.060310483197477116,0.12327415974966516,0.25770001771908335,3.132313268864877,2.306731508495654
youth_centre_members,per_head,constant,2011,unweighted,post,23,5.740835560237117,0.3449158343171323,,,0.6197878222104135,,,,6.550241744207262,4.225535258010514
youth_centre_members,per_head,constant,2012,unweighted,post,23,5.8141735609758936,0.3367820759165134,,,0.6087931417399327,,,,6.281525064195601,3.619364346339042
youth_centre_members,per_head,constant,2013,unweighted,post,23,6.377815651517807,0.21289597556956563,0.08565938751950128,0.11597309724899309,0.3804216418943454,0.048219011033883374,0.10950082014706986,0.2781878804085015,3.656453317727035,1.879842050865275
youth_centre_members,per_head,constant,2014,unweighted,post,23,6.762811929826241,0.21326555389425694,0.08621898998661322,0.11718760334278763,0.3813461112882389,0.04860500917852639,0.11058168033901783,0.2819512946574517,3.708286449143136,1.8585134013106561
youth_centre_members,per_head,constant,2015,unweighted,post,23,7.290955423540071,0.23262769755057516,0.0902189502103123,0.09645212822458987,0.4303164354773445,0.045532146377350924,0.0919466333138994,0.18670450875251798,3.9399887171946917,1.656933270862972
youth_centre_members,per_head,constant,2016,unweighted,post,23,13.701966559393151,0.32379153949709305,0.18826533217653865,0.1791736996809882,0.6854761170633348,0.08780304716937315,0.16403931931837468,0.2908282960462808,4.80591696412538,2.2713663722997137
youth_centre_members,per_head,constant,2017,unweighted,post,23,13.169853434439977,0.3553869052895199,0.22527593854586253,0.22449977542735064,0.7493242592800898,0.1063208508732516,0.2010842438854702,0.3617610981224375,5.013920713832258,3.272238671553958
youth_centre_members,per_head,constant,2018,unweighted,post,23,8.990509532363033,0.2441120145486881,0.10426375033195814,0.11739782493877342,0.45759113168128257,0.053706530663283236,0.11076863562596806,0.23174899158509532,3.458881271473972,2.2548980991362013
youth_centre_members,per_head,constant,2019,unweighted,post,23,9.244366297597889,0.2651147579688094,0.13408945582586615,0.14188391782696314,0.5559186475062825,0.06604835389817931,0.13227802230740482,0.2729154820212091,3.613520103095153,1.9768518581949484
youth_centre_members,per_head,constant,2020,unweighted,post,23,6.402774597132625,0.28068750803177794,0.1333223184005437,0.1418948451783173,0.5338036684953094,0.0664957743121165,0.13228750415852708,0.2569217190433356,4.188732023465222,2.4472563741190334
youth_centre_members,per_head,constant,2021,unweighted,post,23,6.748097904216511,0.3251847757193439,0.1779376463139008,0.18404210886405634,0.6407873251248798,0.08646518101407552,0.16809922730742966,0.3165050877621831,3.9551497094382695,3.166813754899193
youth_centre_members,per_head,constant,2022,unweighted,post,23,8.308113622755057,0.3399180956199281,0.23766433161815567,0.2164690901215,0.8247336139416728,0.10665851121179404,0.19464257196180224,0.340277646837173,5.0327994025492115,1.5397259678232196
youth_centre_members,per_head,constant,2023,unweighted,post,23,8.994783260113211,0.3122918139222357,0.17048696164244828,0.15718110332261057,0.6496447640011634,0.07891529729586211,0.14545071691159328,0.24766271348845215,4.3797077339797905,2.197203559417304
youth_centre_members,share_of_national,as_printed,2007,population,pre,24,0.041666666666666664,0.31891262341202475,,,0.5630849150092233,,,,5.813715455475946,2.8685474189675872
youth_centre_members,share_of_national,as_printed,2008,population,pre,24,0.041666666666666664,0.28597303532806323,0.135915661328854,0.1622574866989322,0.5193328913610304,0.07094897806963296,0.1497777445687084,0.34113738485399325,3.7205479452054795,3.1115107913669062
youth_centre_members,share_of_national,as_printed,2009,population,pre,24,0.041666666666666664,0.28707869689244436,0.13659963164989117,0.16172818900588326,0.5170808873884706,0.07130135293817697,0.14932760477186124,0.32701345114348757,4.695526695526696,2.5876817792985456
youth_centre_members,share_of_national,as_printed,2010,population,pre,24,0.041666666666666664,0.27691147526613324,0.12611810326491757,0.1494640555268459,0.49063418762867944,0.06633963167153534,0.13883060825652704,0.29239150838309547,4.807835820895523,2.5141333333333336
youth_centre_members,share_of_national,as_printed,2011,population,post,24,0.041666666666666664,0.3569379970934626,,,0.6336956816173718,,,,10.412280701754385,4.0
youth_centre_members,share_of_national,as_printed,2012,population,post,24,0.041666666666666664,0.35373665358594786,,,0.6194505219099483,,,,12.609756097560975,3.6771589991928977
youth_centre_members,share_of_national,as_printed,2013,population,post,24,0.041666666666666664,0.3049824485868396,0.15574840371615267,0.21342602625625054,0.5346389818247069,0.08572638748738315,0.19218808518801855,0.47680880692831196,4.552703941338222,2.839388145315487
youth_centre_members,share_of_national,as_printed,2014,population,post,24,0.041666666666666664,0.3054896714260153,0.15644133462778212,0.21509457481000074,0.5354390697047525,0.08621118319666232,0.19353483471923671,0.4803220847515993,4.552880481513328,2.838613269575613
youth_centre_members,share_of_national,as_printed,2015,population,post,24,0.041666666666666664,0.2804710041693462,0.1305341457250391,0.1348538306170407,0.5336437982302688,0.06423290425992045,0.12615636846213385,0.24163233518755434,3.665714285714286,2.1424317617866
youth_centre_members,share_of_national,as_printed,2016,population,post,24,0.041666666666666664,0.24639534845803274,0.0982353520730047,0.1107243080722202,0.43580626577715476,0.05087630485889694,0.10481448966853146,0.21650945624874895,3.658368441210264,2.5286184210526317
youth_centre_members,share_of_national,as_printed,2017,population,post,24,0.041666666666666664,0.36555160617633164,0.21981002195400906,0.22515678233121933,0.7115559368198001,0.10591129395736565,0.20160896466138556,0.35518813159479956,5.918570591681312,3.4429530201342287
youth_centre_members,share_of_national,as_printed,2018,population,post,24,0.041666666666666664,0.29499230706107227,0.15100938868385821,0.1573747558444926,0.5771854000688199,0.07429660822838957,0.14561618651301578,0.2741448840447911,3.8541801685029164,3.321095571095571
youth_centre_members,share_of_national,as_printed,2019,population,post,24,0.041666666666666664,0.29833850157507985,0.1551458699829118,0.16009518957145796,0.5916858231441049,0.0757623366115634,0.14793732237534274,0.27997012137109667,4.760935143288084,1.8796400449943758
youth_centre_members,share_of_national,as_printed,2020,population,post,24,0.041666666666666664,0.3041647819592007,0.1598112796389272,0.15500890298986297,0.6146375077353735,0.07585120324976413,0.14359244713808894,0.25675951317631873,3.6639004149377588,2.407835581245986
youth_centre_members,share_of_national,as_printed,2021,population,post,24,0.041666666666666664,0.29064487101986497,0.13487452156331417,0.1545037634071479,0.5093565962547302,0.06997151670025448,0.14315973250275837,0.28358280039435346,4.789625360230548,3.6883614088820824
youth_centre_members,share_of_national,as_printed,2022,population,post,24,0.041666666666666664,0.300709167726136,0.14776540128532573,0.178629748920821,0.530609612647684,0.07801959308516693,0.16358447417518274,0.34197460329253604,5.655258764607679,3.216796875
youth_centre_members,share_of_national,as_printed,2023,population,post,24,0.041666666666666664,0.17176340132371654,0.050766805806318135,0.05815741781118972,0.3086172878319532,0.02671233945390794,0.05649858818107323,0.12747842001851695,2.323516287371709,1.6583941605839416
youth_centre_members,share_of_national,as_printed,2007,unweighted,pre,24,0.041666666666666664,0.3410416499370968,,,0.6112203572050638,,,,6.230769230769231,3.438211382113821
youth_centre_members,share_of_national,as_printed,2008,unweighted,pre,24,0.041666666666666664,0.2982701008675439,0.14847397380588312,0.1675061326303977,0.5580742289899159,0.07542334620845448,0.15422856953064457,0.3257298186266677,5.088235294117647,2.063013698630137
youth_centre_members,share_of_national,as_printed,2009,unweighted,pre,24,0.041666666666666664,0.30911174861922885,0.15483413106060875,0.1725571495131442,0.5657270339914513,0.07846705104042295,0.1584898044604477,0.3185788944345517,5.238095238095239,3.2034632034632033
youth_centre_members,share_of_national,as_printed,2010,unweighted,pre,24,0.041666666666666664,0.28188971864662143,0.1260257091414148,0.13843179983736864,0.505443042734296,0.06403378222642642,0.12927736733066242,0.25659622102051727,4.16198347107438,2.8675034867503486
youth_centre_members,share_of_national,as_printed,2011,unweighted,post,24,0.041666666666666664,0.3916698708705821,,,0.7099175675638594,,,,9.631578947368421,4.194117647058823
youth_centre_members,share_of_national,as_printed,2012,unweighted,post,24,0.041666666666666664,0.4016579049674773,,,0.7175335444262968,,,,10.829268292682926,4.807486631016043
youth_centre_members,share_of_national,as_printed,2013,unweighted,post,24,0.041666666666666664,0.32250161801556615,0.1683528834438145,0.20992076158130207,0.5723981877403229,0.08898382303038155,0.18935152207115458,0.4284857013801592,4.597523219814241,3.4595782073813712
youth_centre_members,share_of_national,as_printed,2014,unweighted,post,24,0.041666666666666664,0.32188203150112504,0.1677382704179135,0.20919290257710477,0.5713763787981279,0.08866728543343705,0.18876126949298755,0.4279887915269953,4.5972894482091,3.344223107569721
youth_centre_members,share_of_national,as_printed,2015,unweighted,post,24,0.041666666666666664,0.2830861175115207,0.13227615631100215,0.13407775998772375,0.5434539915113257,0.06449174847756789,0.1254779408652662,0.2353105264984502,3.995993589743589,2.8400546821599453
youth_centre_members,share_of_national,as_printed,2016,unweighted,post,24,0.041666666666666664,0.2561698466871611,0.10459150799656186,0.11198808979135681,0.4599588802666616,0.05283140302702527,0.10594509418258757,0.2076785992338006,3.0658751436231326,2.3978382147838215
youth_centre_members,share_of_national,as_printed,2017,unweighted,post,24,0.041666666666666664,0.34607761282479454,0.19802548723251717,0.1967437853170781,0.6843032021316622,0.0944280655492632,0.17859893863338194,0.3133261663594574,5.192735793790275,3.513888888888889
youth_centre_members,share_of_national,as_printed,2018,unweighted,post,24,0.041666666666666664,0.2933094690675104,0.1462392172405569,0.14955545598466544,0.5719211735014158,0.07145015526514087,0.13890931593617883,0.25671755911218896,4.02756183745583,2.9526184538653366
youth_centre_members,share_of_national,as_printed,2019,unweighted,post,24,0.041666666666666664,0.2795492104471531,0.1357857981468622,0.13704023825012207,0.5583793775367387,0.0658722331787921,0.12806485971804715,0.24125495122239105,3.7805429864253393,2.705848949460534
youth_centre_members,share_of_national,as_printed,2020,unweighted,post,24,0.041666666666666664,0.28150429783799114,0.1373462451303258,0.12946755291836448,0.5776166507349758,0.06454105230721974,0.12143690523777195,0.21593904333683744,3.141908713692946,2.521739130434783
youth_centre_members,share_of_national,as_printed,2021,unweighted,post,24,0.041666666666666664,0.29465078702663366,0.13503753732047147,0.14509427337274067,0.5237897298461758,0.06799746519575744,0.13505925161451737,0.25525690450949323,4.627281460134485,3.122480620155039
youth_centre_members,share_of_national,as_printed,2022,unweighted,post,24,0.041666666666666664,0.32562384344234485,0.16831381491059239,0.19241219323892728,0.5802042327267604,0.08638125391375118,0.17503324731801606,0.3410689494909025,6.767567567567568,3.5546762589928056
youth_centre_members,share_of_national,as_printed,2023,unweighted,post,24,0.041666666666666664,0.1895308279895942,0.06060212158092055,0.06940510960280477,0.3368768761389344,0.03186092341365776,0.06705134294690263,0.14734945796563526,2.411948051948052,1.964747880410531
youth_centre_members,share_of_national,constant,2007,population,pre,23,0.043478260869565216,0.29383612960854066,,,0.5241485910010999,,,,3.8120805369127515,2.8685474189675872
youth_centre_members,share_of_national,constant,2008,population,pre,23,0.043478260869565216,0.2524009569255178,0.10263148578738548,0.10518775518585816,0.46490480352992897,0.05074982673156769,0.09984450214367446,0.19150047936297587,3.6922240348015225,2.7152466367713006
youth_centre_members,share_of_national,constant,2009,population,pre,23,0.043478260869565216,0.2613399679199068,0.10955206764598198,0.11288916754157022,0.4772050308704022,0.0543293746743122,0.10675034431471597,0.20171180493067564,3.405546834118263,2.5876817792985456
youth_centre_members,share_of_national,constant,2010,population,pre,23,0.04347826086956521,0.2513515583284981,0.1008526896411911,0.11004198413286115,0.4487433337956,0.0513963699908665,0.10420347473331171,0.20953287191903636,2.759100642398287,2.427394438722966
youth_centre_members,share_of_national,constant,2011,population,post,23,0.043478260869565216,0.3417424674998014,,,0.6106638929001151,,,,6.280423280423281,4.0
youth_centre_members,share_of_national,constant,2012,population,post,23,0.043478260869565216,0.3261405351713365,,,0.5760127747170893,,,,4.7352206494587845,2.6958579881656806
youth_centre_members,share_of_national,constant,2013,population,post,23,0.043478260869565216,0.28706441442089264,0.129471055739103,0.14451583900480836,0.5047388998724882,0.06639290570546086,0.13455879543285232,0.2646391985219442,4.552703941338222,2.839388145315487
youth_centre_members,share_of_national,constant,2014,population,post,23,0.04347826086956523,0.28724954136619946,0.12964510071341534,0.14475765747202382,0.504989446695473,0.0664913300817559,0.13476804979660162,0.2650360131370397,4.552880481513328,2.838613269575613
youth_centre_members,share_of_national,constant,2015,population,post,23,0.04347826086956523,0.2516963519176209,0.10706111675282164,0.10395412948867226,0.49173501538181047,0.05144315830205348,0.09873336196543003,0.18246273559591286,2.546898263027295,1.8575731497418242
youth_centre_members,share_of_national,constant,2016,population,post,23,0.043478260869565216,0.21768813395996547,0.07417392224208506,0.07661745895111285,0.3885039663882902,0.03710436706642184,0.07375588776283815,0.14282406829463135,3.1681592039800996,2.255575117370892
youth_centre_members,share_of_national,constant,2017,population,post,23,0.043478260869565216,0.336346976965509,0.19047414350225841,0.19020441451805484,0.6663833040223714,0.09110909636382669,0.17320989123326425,0.31061984990552005,4.384982638888888,2.670136629798309
youth_centre_members,share_of_national,constant,2018,population,post,23,0.043478260869565216,0.2668366409214939,0.12478506717143907,0.12412751852364423,0.5321602285611702,0.06033391233325558,0.1167327992283731,0.2187556605285762,3.465617715617716,2.342375667899712
youth_centre_members,share_of_national,constant,2019,population,post,23,0.043478260869565216,0.26709989881130464,0.12784636625341306,0.12467276161456728,0.546107190843178,0.06109762680035613,0.11721426329762541,0.21931489067160437,2.367079115110611,1.7713780918727915
youth_centre_members,share_of_national,constant,2020,population,post,23,0.04347826086956521,0.27175313678665236,0.1335866887737488,0.12601548474753313,0.5660119157442184,0.06283152703801187,0.11839880469421271,0.21329339742125486,2.83558124598587,2.0397170837867247
youth_centre_members,share_of_national,constant,2021,population,post,23,0.043478260869565216,0.26230581942093345,0.10823500851786773,0.11799183464654318,0.4628023334959637,0.0551521784078729,0.1112966908383709,0.21910390659701873,3.8651162790697677,2.5897849462365587
youth_centre_members,share_of_national,constant,2022,population,post,23,0.043478260869565216,0.2700825755086486,0.11608720902296438,0.12935364575642483,0.48040945626005477,0.059485258752941084,0.12133682490923747,0.2471791087601537,4.87410071942446,2.215695067264574
youth_centre_members,share_of_national,constant,2023,population,post,23,0.04347826086956521,0.14616513339998144,0.036308051687181125,0.03994679529205543,0.263488871816552,0.018817407572850997,0.03915944096627344,0.0857911422495421,1.9896828429499425,1.6583941605839416
youth_centre_members,share_of_national,constant,2007,unweighted,pre,23,0.043478260869565216,0.31401129115037774,,,0.5670434482502142,,,,4.89150460593654,2.6681388012618297
youth_centre_members,share_of_national,constant,2008,unweighted,pre,23,0.043478260869565216,0.2742307398457178,0.12316597167853963,0.12671325488021895,0.5163854990513868,0.06061704825737879,0.11901374510875873,0.22825236655664438,3.944625407166124,2.0473083197389883
youth_centre_members,share_of_national,constant,2009,unweighted,pre,23,0.043478260869565216,0.28152925789236866,0.1273353943892696,0.13133251664980747,0.5206345210865306,0.06283894890306407,0.12307386663401343,0.2315722454410868,4.632465543644717,2.3233908948194664
youth_centre_members,share_of_national,constant,2010,unweighted,pre,23,0.04347826086956521,0.25393882320199546,0.1015272124692832,0.10557282441437772,0.4595536061493346,0.05058944815116706,0.10019105759857805,0.19273804181546017,3.5118549511854953,2.1930666666666667
youth_centre_members,share_of_national,constant,2011,unweighted,post,23,0.043478260869565216,0.3657222623908655,,,0.6660652169728721,,,,5.304347826086956,3.8251072961373382
youth_centre_members,share_of_national,constant,2012,unweighted,post,23,0.043478260869565216,0.3801099084903211,,,0.6778821889544923,,,,6.708791208791208,3.7427144046627814
youth_centre_members,share_of_national,constant,2013,unweighted,post,23,0.043478260869565216,0.29335397851448486,0.1340034562541767,0.14280235975486716,0.5236334095104501,0.0672283834370423,0.13307460868831966,0.2502738727765602,4.0834097158570115,2.909830007390983
youth_centre_members,share_of_national,constant,2014,unweighted,post,23,0.04347826086956523,0.292707007618535,0.1333806007718571,0.1419920645056051,0.5225597662635205,0.06689154583159007,0.13237185848314992,0.2489221068895292,4.083404987102322,2.910540915395284
youth_centre_members,share_of_national,constant,2015,unweighted,post,23,0.04347826086956523,0.25843768783810855,0.1122076187661241,0.1108029270271575,0.5036966431188753,0.05423290463719266,0.10488486545135656,0.1965064710374057,3.4087491455912504,2.0754245754245755
youth_centre_members,share_of_national,constant,2016,unweighted,post,23,0.043478260869565216,0.22774639221492393,0.0820371468332043,0.08317810589481676,0.41310985842683273,0.04060946459190984,0.07981275814780742,0.1509274474202713,2.7911436541143653,2.280928689883914
youth_centre_members,share_of_national,constant,2017,unweighted,post,23,0.043478260869565216,0.3273430369079942,0.1785560677613865,0.17751847493840311,0.6480838388620139,0.08539902698733559,0.16265447071422445,0.2920635970683708,4.3070942662779395,2.9612289685442574
youth_centre_members,share_of_national,constant,2018,unweighted,post,23,0.043478260869565216,0.2716448577596061,0.12683316936436242,0.1287034827441872,0.5335203327864424,0.061900668032963124,0.12076536486161571,0.22773092964672126,3.5529925187032414,2.188539741219963
youth_centre_members,share_of_national,constant,2019,unweighted,post,23,0.043478260869565216,0.25406017789834795,0.11544767424318471,0.11374705942269987,0.5186617441450094,0.0555315627161852,0.10751632732986616,0.20439923235532442,2.8466780238500853,1.7866516685414324
youth_centre_members,share_of_national,constant,2020,unweighted,post,23,0.04347826086956521,0.2625669788314167,0.12208768031789602,0.11477113982330224,0.544078380324377,0.057415579171938735,0.10842983453465693,0.19584627338436433,2.853051996985682,2.16994292961319
youth_centre_members,share_of_national,constant,2021,unweighted,post,23,0.043478260869565216,0.2700939184030661,0.11309856171112972,0.11898170405740242,0.4811001561887613,0.0566261673634193,0.1121759558088955,0.2131211031110377,3.734108527131783,2.856737588652482
youth_centre_members,share_of_national,constant,2022,unweighted,post,23,0.043478260869565216,0.30108795055696774,0.14356461521269231,0.160203052731074,0.5376606714935405,0.0732324624860633,0.14802922359147574,0.2914014947666159,5.225375626043405,2.8945518453427064
youth_centre_members,share_of_national,constant,2023,unweighted,post,23,0.04347826086956521,0.17000546801212907,0.048477435864520045,0.05428878867649671,0.3027342804808024,0.025288768364980396,0.05284146165871351,0.11528642510644604,2.261568436434486,1.6824608330149025
youth_centres,per_head,as_printed,2007,population,pre,24,0.03491892533223658,0.2491951754953034,0.10410110475231221,0.10682020090536064,0.4760074764259614,0.05131547774014067,0.10131275838266929,0.1976547497482437,3.4700271287302,2.282346859653657
youth_centres,per_head,as_printed,2008,population,pre,24,0.035513544444498175,0.2362167718156817,0.09538316112397054,0.09624498376665336,0.45755366513397205,0.04674248663211811,0.09175851560838177,0.17707205061595144,3.5531187341654107,1.744073884043099
youth_centres,per_head,as_printed,2009,population,pre,24,0.03519650795341791,0.23356920335784828,0.09398690105140352,0.09537252165530033,0.45316252660590606,0.04618494418391028,0.09096576355251129,0.17690149071894046,3.4894329739935444,1.736412078152753
youth_centres,per_head,as_printed,2010,population,pre,24,0.03515710743639436,0.2354008597265728,0.09520212551537895,0.09706519825338072,0.45473871558837103,0.046883377915283075,0.0925031630042894,0.18048192524971252,3.450422024138203,1.8323123273914135
youth_centres,per_head,as_printed,2011,population,post,24,0.03493789620140961,0.23300413138336024,0.09330381614112306,0.0964146347673008,0.44782036629072874,0.046245968876588495,0.09191258661551882,0.18204788065435418,3.4444639924935494,1.8291085657370518
youth_centres,per_head,as_printed,2012,population,post,24,0.035155660753833314,0.23525218603194287,0.09471592413435066,0.09902147759683252,0.448620152001964,0.04720084392773294,0.09427674494426608,0.18819191572745808,3.3256159728122343,2.02837463296836
youth_centres,per_head,as_printed,2013,population,post,24,0.03522380921634804,0.23732455164153354,0.09668991573110516,0.10141545831739172,0.45284378321605945,0.04823370688603268,0.09644243560985855,0.19302439152316064,3.3365249821461633,2.3711731569924073
youth_centres,per_head,as_printed,2014,population,post,24,0.0352856678684285,0.235766597178304,0.09621257728097761,0.1006112021842439,0.4532330849099114,0.04789684148850848,0.09571545159555472,0.1923722143278661,3.299438552713662,1.870353675450763
youth_centres,per_head,as_printed,2015,population,post,24,0.035391009804551316,0.23562583329271916,0.09585914008493283,0.09742370261096442,0.45740681195095767,0.04711755237911519,0.09282844626362852,0.18080579369924443,3.391581632653061,1.9834508745576291
youth_centres,per_head,as_printed,2016,population,post,24,0.03576496826194362,0.239989567832315,0.09885579517697815,0.10107915187745696,0.4637689670216714,0.048694141309721384,0.09613851227928016,0.18796224362324,3.3858615611192935,1.9921886735766863
youth_centres,per_head,as_printed,2017,population,post,24,0.036528610600158384,0.24542440759140963,0.10356484280698518,0.10602875224406248,0.47584098096753275,0.05097343596609205,0.10060121202930328,0.19668577569533963,3.3495167773754875,2.000739043677481
youth_centres,per_head,as_printed,2018,population,post,24,0.036577437673463005,0.24193209732764154,0.10005142967118419,0.10093660363249926,0.4690171290398823,0.04897766598384168,0.09600965922685012,0.1846630674995573,3.316495659037095,2.0092698196995804
youth_centres,per_head,as_printed,2019,population,post,24,0.03690625744435155,0.246282263146966,0.10520487640849334,0.10475172923884171,0.48702946725513524,0.051070852164833536,0.09945192540965753,0.18962751515236265,3.286439448875997,2.0168067226890756
youth_centres,per_head,as_printed,2020,population,post,24,0.03676966056971063,0.24099201043991342,0.10095835416863737,0.09894252026661621,0.4792320281282469,0.0487025195096209,0.0942052286308005,0.1772463027337121,3.2657961712957846,2.0209059233449476
youth_centres,per_head,as_printed,2021,population,post,24,0.0367388169704215,0.23985609422881582,0.10006386170408799,0.09852019430900125,0.47604045418067864,0.048385160922534975,0.09382260719678492,0.1773424299928803,3.2542587445303686,2.022710139464757
youth_centres,per_head,as_printed,2022,population,post,24,0.03666102045604347,0.23945699751454463,0.09961884107092506,0.09833409978636806,0.474463744626739,0.048231118517922056,0.09365395685548483,0.17750653585182696,3.247478346672513,2.0242353216922537
youth_centres,per_head,as_printed,2023,population,post,24,0.036804097771981674,0.23867870174582934,0.09884809438753334,0.09810246973802692,0.47148242035541543,0.047986887170372805,0.0934439955619637,0.1780427503311215,3.2416721275666225,2.026075801749271
youth_centres,per_head,as_printed,2007,unweighted,pre,24,0.03491892533223658,0.2767067247144612,0.12550941877482988,0.1298719515427223,0.5226814122471505,0.06184328196044997,0.12179212311505405,0.23598285394293395,3.6236512731981017,2.114041018706333
youth_centres,per_head,as_printed,2008,unweighted,pre,24,0.035513544444498175,0.2652485283844794,0.11646234796247165,0.11760159121227529,0.5061774808100864,0.05688033007227844,0.11094981252786917,0.21085885714238717,3.651077844311377,1.9742346368715082
youth_centres,per_head,as_printed,2009,unweighted,pre,24,0.03519650795341791,0.2615278283665697,0.11420377777197625,0.11522226806473798,0.5018358677593086,0.055754895330858645,0.10883195630445652,0.20780681582330773,3.6246753246753247,1.9225851148060176
youth_centres,per_head,as_printed,2010,unweighted,pre,24,0.03515710743639436,0.2606734047027893,0.11295258507368815,0.11518766741610506,0.49634997323767627,0.055438899581241485,0.10880112077864224,0.20998034525021714,3.6213700234192037,1.9911438644182984
youth_centres,per_head,as_printed,2011,unweighted,post,24,0.03493789620140961,0.25667440369028705,0.11014650007059514,0.11273056613024406,0.4900435706713423,0.05414796234005925,0.10660866242348066,0.20792980731811883,3.603074245939676,1.9894530756599722
youth_centres,per_head,as_printed,2012,unweighted,post,24,0.035155660753833314,0.2552512471722148,0.10762272625327253,0.11270978963677133,0.4781171778489168,0.05353696021973009,0.10659010069136321,0.21177462891409393,3.2591954022988507,1.9881464167953586
youth_centres,per_head,as_printed,2013,unweighted,post,24,0.03522380921634804,0.25592992117871954,0.10790605021589808,0.11375487703080686,0.4771764624329563,0.05384204836212103,0.10752330439018876,0.21496927251887143,3.2413204325554923,1.9868622501758595
youth_centres,per_head,as_printed,2014,unweighted,post,24,0.0352856678684285,0.25360998287215286,0.10619649351151617,0.11209722266478783,0.47329057107774414,0.05301572679730726,0.10604265963956838,0.21367698319448014,2.605090311986864,1.9843612289655457
youth_centres,per_head,as_printed,2015,unweighted,post,24,0.035391009804551316,0.25499791024848867,0.1075706016375362,0.11009701011189776,0.4820442175447787,0.05295941583256003,0.10425276545798445,0.20253242281366046,2.648714810281518,1.960339985659656
youth_centres,per_head,as_printed,2016,unweighted,post,24,0.03576496826194362,0.25668101695979684,0.1087287080596562,0.11224986254716543,0.48276477180194366,0.05373443506773756,0.10617910276925535,0.20777518780302462,3.0843653700796567,1.8569577218257711
youth_centres,per_head,as_printed,2017,unweighted,post,24,0.036528610600158384,0.2617106436786126,0.11303163435872018,0.11771727297353024,0.4905765975951446,0.05604751426915622,0.11105265347087434,0.21808166077996682,3.446906035141329,1.8432163337324343
youth_centres,per_head,as_printed,2018,unweighted,post,24,0.036577437673463005,0.25952402074381786,0.11003377936224237,0.11328713485911879,0.484499059178417,0.05435844541276069,0.10710575775793174,0.2068862836140697,3.480015130500568,1.9433356418812566
youth_centres,per_head,as_printed,2019,unweighted,post,24,0.03690625744435155,0.26763798946168993,0.1186628898227198,0.1202364748824075,0.5100397308628899,0.058022487487982555,0.11328927289231505,0.21585875695166157,3.5095613048368954,1.9658995640509727
youth_centres,per_head,as_printed,2020,unweighted,post,24,0.03676966056971063,0.26430605581320543,0.11553138007682565,0.11542526403925692,0.5049025381540371,0.05619035562458308,0.10901284146984536,0.204617497981881,3.527367506516073,1.9787593984962404
youth_centres,per_head,as_printed,2021,unweighted,post,24,0.0367388169704215,0.2628167995348495,0.11427542865121552,0.11448502579486414,0.5015404786946429,0.055660004480400316,0.10817470730698153,0.2038543275450182,3.5337696011853312,1.9226351843754557
youth_centres,per_head,as_printed,2022,unweighted,post,24,0.03666102045604347,0.2623352408397535,0.11391616266687882,0.11423343994290126,0.5005736201192444,0.05551092272959102,0.10795030845431264,0.20373303244738583,3.5422665190107057,1.924919941775837
youth_centres,per_head,as_printed,2023,unweighted,post,24,0.036804097771981674,0.2590623739957832,0.11156496702849664,0.11245325871874572,0.4943775648724288,0.05450900303485595,0.10636088403039745,0.20234093450667412,3.5507050889025136,1.92739965095986
youth_centres,per_head,constant,2007,population,pre,23,0.03564554239497376,0.24404853545610486,0.0981167566950702,0.0955000654350431,0.4689867210881782,0.04732711303981141,0.09108169782144004,0.16762239266975631,2.846591406318369,2.480079754827752
youth_centres,per_head,constant,2008,population,pre,23,0.03623748537071064,0.23311529626442007,0.09119498098434631,0.08876515443480301,0.4522363075051544,0.044018872786394714,0.08493955376979634,0.15796896886730838,2.759229858845943,2.2752180605438683
youth_centres,per_head,constant,2009,population,pre,23,0.03591827084941783,0.23074055403922403,0.08976517830626608,0.08770335509319563,0.4478387309438585,0.04341540161295554,0.08396742718010508,0.1569391916568772,2.7527287637145124,2.2662268459781783
youth_centres,per_head,constant,2010,population,pre,23,0.03587725744361631,0.23199593339561472,0.09041757709475039,0.08813099307175844,0.4488596038536532,0.04370371880325796,0.08435907375040164,0.15656443301886191,2.933126922773527,2.3999748932965104
youth_centres,per_head,constant,2011,population,post,23,0.03558846245355545,0.2277882213568131,0.08687694547109892,0.08485076760668572,0.4393897503455002,0.04205623430952632,0.08135063358376893,0.15179516204786292,2.7762634555738,2.390413346613546
youth_centres,per_head,constant,2012,population,post,23,0.03582584693783923,0.2302574972838228,0.08815393696164736,0.08692707246842277,0.44021938293554397,0.042874115682722036,0.08325605093131117,0.156140246915078,2.7226847918436703,2.3810076562114104
youth_centres,per_head,constant,2013,population,post,23,0.03590700271946203,0.23249833070222933,0.08997510517353052,0.08878014911659576,0.444490624215248,0.0437632000376027,0.08495327470713787,0.15910913239450664,2.774597296796889,2.3711731569924073
youth_centres,per_head,constant,2014,population,post,23,0.03591369527038014,0.2278505419718876,0.08761863877470849,0.08503198663569513,0.4419923605405732,0.0422859722846316,0.08151709524648465,0.15122380173159566,2.6209061135371177,1.870353675450763
youth_centres,per_head,constant,2015,population,post,23,0.035943490806610405,0.22567159211889287,0.08755725860822693,0.08380427933297918,0.4456055251182463,0.04195448345940733,0.08038877459487048,0.1479394011996844,2.441220238095238,1.9834508745576291
youth_centres,per_head,constant,2016,population,post,23,0.03635028402914172,0.2309984115786562,0.09059585192006661,0.08709126712865932,0.4525502777268116,0.043479709115581855,0.08340656303557326,0.15362425914949318,2.4879275879882305,1.9921886735766863
youth_centres,per_head,constant,2017,population,post,23,0.037098074853577905,0.23413072655832828,0.09379984549812939,0.0896698613329657,0.4626436837484616,0.044854449850731615,0.08576704089464082,0.15721530625514546,2.3784096041340628,2.000739043677481
youth_centres,per_head,constant,2018,population,post,23,0.03714018301379509,0.23194276302312297,0.09207272847821245,0.08817396486827472,0.4577358444223125,0.04408000252508126,0.08439841964057737,0.1551759795810912,2.2807419100236777,2.0092698196995804
youth_centres,per_head,constant,2019,population,post,23,0.037499230615498556,0.23667862560496977,0.09723255836841825,0.09177442625155191,0.4763699911814007,0.046139752364899644,0.0876890802700433,0.15944385496995017,2.2983600156188984,2.0168067226890756
youth_centres,per_head,constant,2020,population,post,23,0.037341995095210724,0.23229847244447027,0.09446869193464166,0.08890030142988857,0.47006719415611176,0.04477962902606181,0.08506321308314513,0.15482879547298734,2.1972815462358453,2.0209059233449476
youth_centres,per_head,constant,2021,population,post,23,0.03731636597645597,0.23143213302552246,0.09360182684361892,0.08844485965150531,0.4669220159348842,0.04446355447859862,0.08464641774000126,0.15467779928110226,2.200787076533561,2.022710139464757
youth_centres,per_head,constant,2022,population,post,23,0.03724047264370197,0.2312731235003312,0.09315810794530521,0.08821026536592455,0.46536148661254323,0.04430020090859843,0.08443165583034462,0.1546193865797103,2.2049848335343345,2.0242353216922537
youth_centres,per_head,constant,2023,population,post,23,0.037395236599060404,0.23100806173716523,0.09240814783453374,0.08792903250561092,0.4624249009002227,0.04405223158748017,0.08417413171567689,0.154876317966808,2.209971603320227,2.026075801749271
youth_centres,per_head,constant,2007,unweighted,pre,23,0.03564554239497376,0.26927349941542905,0.11698418301893002,0.11594891271053512,0.5087686039719227,0.05673895465834611,0.10947928357498315,0.20129799969307705,3.6236512731981017,2.114041018706333
youth_centres,per_head,constant,2008,unweighted,pre,23,0.03623748537071064,0.2591117342914433,0.10963179824773095,0.10760183718457,0.49371335343084155,0.052990631867806504,0.1020149304770388,0.18766041540172662,3.651077844311377,1.9742346368715082
youth_centres,per_head,constant,2009,unweighted,pre,23,0.03591827084941783,0.2552511027619887,0.10720268400059907,0.10488201645097388,0.4890751110239907,0.051746749771117706,0.09956924766472586,0.1834322024361289,3.6246753246753247,1.9225851148060176
youth_centres,per_head,constant,2010,unweighted,pre,23,0.03587725744361631,0.25416768117527366,0.10556852334572236,0.10384978949535073,0.48317424121092495,0.05113050231423699,0.09863931890429611,0.18210427560375853,3.6213700234192037,1.9911438644182984
youth_centres,per_head,constant,2011,unweighted,post,23,0.03558846245355545,0.2504469321520009,0.10269878499390375,0.10045929169376108,0.477724328832862,0.049624726226395244,0.0955780708517473,0.17628330440343332,3.603074245939676,1.9894530756599722
youth_centres,per_head,constant,2012,unweighted,post,23,0.03582584693783923,0.2486764249365574,0.09980006838967131,0.09975925479580468,0.4649160463666346,0.04877727675952914,0.09494472047156954,0.17812601684926554,3.2591954022988507,1.9881464167953586
youth_centres,per_head,constant,2013,unweighted,post,23,0.03590700271946203,0.249278807678792,0.09982889890558885,0.10025172763032984,0.46355211927820555,0.04890942251635044,0.09539032587719576,0.17946052367541,3.2413204325554923,1.9868622501758595
youth_centres,per_head,constant,2014,unweighted,post,23,0.03591369527038014,0.24659532572431325,0.09782408144583776,0.09729322998899913,0.4600979515941646,0.047736256216919126,0.09271007749066684,0.17312767995005252,2.605090311986864,1.9843612289655457
youth_centres,per_head,constant,2015,unweighted,post,23,0.035943490806610405,0.2487322208781609,0.10080406848809276,0.09852634650541844,0.471616535067857,0.048742878708255666,0.0938281821609448,0.17257643392315158,2.648714810281518,1.960339985659656
youth_centres,per_head,constant,2016,unweighted,post,23,0.03635028402914172,0.25063466621636027,0.10168175882036087,0.10015056056571961,0.47177004292364183,0.04934558178207138,0.09529880454245232,0.1762135864289901,3.0843653700796567,1.8569577218257711
youth_centres,per_head,constant,2017,unweighted,post,23,0.037098074853577905,0.25507837297938224,0.10555722020782282,0.1044137334935748,0.4796200770580971,0.051306705513292306,0.09914749254642952,0.18314751030764498,3.446906035141329,1.8432163337324343
youth_centres,per_head,constant,2018,unweighted,post,23,0.03714018301379509,0.2538735158055187,0.10396362252940575,0.10315064038770133,0.47492928262052936,0.050625971205967346,0.0980089130402686,0.18163007688574906,3.480015130500568,1.9433356418812566
youth_centres,per_head,constant,2019,unweighted,post,23,0.037499230615498556,0.2623831128559659,0.11256046429954274,0.10992916209793616,0.5007221651493925,0.05426513371551167,0.10410240344502475,0.19014882250284393,3.5095613048368954,1.9658995640509727
youth_centres,per_head,constant,2020,unweighted,post,23,0.037341995095210724,0.2599213416646251,0.11070394551139737,0.10775900544678504,0.49700892683996256,0.05330541263797295,0.10215605413954021,0.18638480791137846,3.527367506516073,1.9787593984962404
youth_centres,per_head,constant,2021,unweighted,post,23,0.03731636597645597,0.25833381509523273,0.109348197575467,0.106677419138852,0.49341852403124853,0.052718228025491976,0.10118443306973268,0.18524358093529514,3.5337696011853312,1.9226351843754557
youth_centres,per_head,constant,2022,unweighted,post,23,0.03724047264370197,0.25786852223516743,0.10893707698807431,0.10634467806415515,0.4923451171761537,0.05253853636896799,0.10088531044960747,0.184896343117525,3.5422665190107057,1.924919941775837
youth_centres,per_head,constant,2023,unweighted,post,23,0.037395236599060404,0.25472104382225286,0.10641200329989334,0.10431618620310398,0.4857468669893683,0.05143656979396016,0.0990596125390546,0.18284154901117666,3.5507050889025136,1.92739965095986
youth_centres,share_of_national,as_printed,2007,population,pre,24,0.041666666666666664,0.21486991028074312,0.0739312876187291,0.08166840975075201,0.3784518982265394,0.038107856991882905,0.07842250585175303,0.16482964634849684,3.0,2.2222222222222223
youth_centres,share_of_national,as_printed,2008,population,pre,24,0.041666666666666664,0.20734958909209703,0.06801944468213023,0.0725414986786051,0.3668839507674587,0.03455951367341026,0.06997284903838275,0.1418090592376573,2.4444444444444446,2.2222222222222223
youth_centres,share_of_national,as_printed,2009,population,pre,24,0.041666666666666664,0.21708075791606632,0.07444012483334966,0.07879990351651722,0.38609159461385173,0.03762901001451058,0.07577515991556605,0.15189703489670447,2.555555555555556,2.2222222222222223
youth_centres,share_of_national,as_printed,2010,population,pre,24,0.041666666666666664,0.2164220693102695,0.0739384600903034,0.0793205160099027,0.3823701352018506,0.03762135855845572,0.07625619768601044,0.15462858377564115,2.5555555555555554,2.222222222222222
youth_centres,share_of_national,as_printed,2011,population,post,24,0.041666666666666664,0.2198371800638765,0.07686167817887206,0.08269338759932202,0.3903523278014847,0.03911755386906768,0.07936661843909587,0.16161802562776884,2.5555555555555554,2.1
youth_centres,share_of_national,as_printed,2012,population,post,24,0.041666666666666664,0.2152613676278248,0.07348802359556289,0.08006072613429502,0.3796649580430271,0.03763960143778855,0.07693970919854809,0.15926757726209573,2.555555555555556,2.1
youth_centres,share_of_national,as_printed,2013,population,post,24,0.041666666666666664,0.21427644272572668,0.07318411538525943,0.07979319717749314,0.3790064266755994,0.037491360926194206,0.07669273080642214,0.15924788159584902,2.6666666666666665,2.1
youth_centres,share_of_national,as_printed,2014,population,post,24,0.041666666666666664,0.1937905754894941,0.061932881673286956,0.06861063922244703,0.3462566357399314,0.03201421321208686,0.06630984836373921,0.14242573149298354,2.3,2.0
youth_centres,share_of_national,as_printed,2015,population,post,24,0.041666666666666664,0.19391863232055956,0.06112225321869185,0.06608876114803548,0.346171383133309,0.0312762776524903,0.06395222407104317,0.1330067567365335,2.6666666666666665,1.9090909090909094
youth_centres,share_of_national,as_printed,2016,population,post,24,0.041666666666666664,0.1945464065562102,0.06203930577769201,0.06738644576996773,0.3485424202267331,0.0317992030889519,0.06516613107068758,0.13625463487270562,2.6666666666666665,1.9090909090909087
youth_centres,share_of_national,as_printed,2017,population,post,24,0.041666666666666664,0.1920878641626678,0.061121046277201094,0.06656915837940407,0.3460623027287249,0.031359694728821386,0.06440179083706743,0.13564117823407484,2.6666666666666665,1.75
youth_centres,share_of_national,as_printed,2018,population,post,24,0.041666666666666664,0.1906739272608421,0.059326902906502256,0.0629478494695905,0.3443858420981719,0.03008215956469429,0.06100755863385543,0.12532725708593961,2.6666666666666665,1.75
youth_centres,share_of_national,as_printed,2019,population,post,24,0.041666666666666664,0.1882418522975681,0.0579555910530013,0.06148837430670691,0.3403840283143181,0.029390339853862857,0.059636121942089004,0.12282365156770336,2.6666666666666665,1.75
youth_centres,share_of_national,as_printed,2020,population,post,24,0.041666666666666664,0.18420588546118608,0.054733220528296184,0.057348372118144975,0.331921624705786,0.027617503439407387,0.055734943557416816,0.11357650569706124,2.666666666666667,1.75
youth_centres,share_of_national,as_printed,2021,population,post,24,0.041666666666666664,0.1852462965634419,0.05537657593989735,0.05819270222326115,0.3333393603815739,0.027980827803409714,0.0565318784863601,0.1153600494529825,2.666666666666667,1.833333333333333
youth_centres,share_of_national,as_printed,2022,population,post,24,0.041666666666666664,0.18913461511044466,0.05787771690201572,0.060379493523553214,0.3424266957749422,0.02912175155301555,0.058592792151269446,0.11863476312788457,2.6666666666666665,1.8333333333333335
youth_centres,share_of_national,as_printed,2023,population,post,24,0.041666666666666664,0.18455358622064486,0.05564587569029005,0.057772486953585354,0.3364763806987855,0.027940360513506235,0.056135335464366554,0.11366629965321395,2.4,1.6923076923076923
youth_centres,share_of_national,as_printed,2007,unweighted,pre,24,0.041666666666666664,0.21963276836158194,0.07753899336773655,0.08050278277873413,0.3988924626795219,0.038775693619146234,0.07734766395711556,0.15320552115707264,3.0,1.8888888888888888
youth_centres,share_of_national,as_printed,2008,unweighted,pre,24,0.041666666666666664,0.2118969298245614,0.07160856319603126,0.07227155445711751,0.38653765319916794,0.03540582784247126,0.0697217596946198,0.13395085190543066,2.6250000000000004,2.0
youth_centres,share_of_national,as_printed,2009,unweighted,pre,24,0.041666666666666664,0.2197339847991314,0.0780440634571525,0.0786891188915229,0.40494508231019616,0.03850721492031994,0.07567276434142423,0.144841939263481,2.4444444444444446,2.0
youth_centres,share_of_national,as_printed,2010,unweighted,pre,24,0.041666666666666664,0.22177419354838712,0.07905616392568286,0.08027378479240971,0.40593925720617735,0.03914208286634324,0.0771363542362572,0.14812936018803313,2.444444444444444,2.0
youth_centres,share_of_national,as_printed,2011,unweighted,post,24,0.041666666666666664,0.2251064962726305,0.08253868216161223,0.08498752646956309,0.4137966085299879,0.04107589321227845,0.0814762584361508,0.15901770305451668,2.4444444444444446,2.0
youth_centres,share_of_national,as_printed,2012,unweighted,post,24,0.041666666666666664,0.22252891692954785,0.07896261024382514,0.08283843019114007,0.40120180889517054,0.03967338658207442,0.07950013980749504,0.158236183859769,2.6250000000000004,2.0
youth_centres,share_of_national,as_printed,2013,unweighted,post,24,0.041666666666666664,0.22187500000000004,0.0787739660902063,0.08275920053470821,0.400780488547035,0.0395980920806851,0.07942720603060516,0.15859187169947875,2.625,2.0
youth_centres,share_of_national,as_printed,2014,unweighted,post,24,0.041666666666666664,0.2057372793354102,0.06861683395909106,0.07370002687156574,0.3699565497736353,0.03491531389912028,0.0710496878185044,0.14657123457077947,2.625,1.7
youth_centres,share_of_national,as_printed,2015,unweighted,post,24,0.041666666666666664,0.2098623853211009,0.07033166708361986,0.07454750448689972,0.37592295868895187,0.03557830662687189,0.07183661891349313,0.14523959335468906,2.625,2.111111111111111
youth_centres,share_of_national,as_printed,2016,unweighted,post,24,0.041666666666666664,0.2118263473053892,0.0715825392920637,0.07658161237343647,0.37791025929316546,0.036361981717048186,0.07372268448621322,0.1500923427493558,2.75,2.111111111111111
youth_centres,share_of_national,as_printed,2017,unweighted,post,24,0.041666666666666664,0.20638401559454192,0.06881918983280746,0.07434592641956808,0.36925552947103835,0.03512564044157229,0.07164950267433412,0.1480624984513922,2.75,2.0
youth_centres,share_of_national,as_printed,2018,unweighted,post,24,0.041666666666666664,0.2032755298651252,0.06664358741037196,0.07113254528546287,0.3653526726719187,0.03382832881171627,0.06866156057308048,0.14092622009283495,2.75,2.0
youth_centres,share_of_national,as_printed,2019,unweighted,post,24,0.041666666666666664,0.19973734479465136,0.06466418097365517,0.0694131357927285,0.35896758481519553,0.032920980089705676,0.06705883093996334,0.13881493948409163,2.75,1.7999999999999998
youth_centres,share_of_national,as_printed,2020,unweighted,post,24,0.041666666666666664,0.1969373219373219,0.06257228222787628,0.06687452398274654,0.3535404765802809,0.03180255248007857,0.06468744673173232,0.13376731669196873,2.75,1.7999999999999998
youth_centres,share_of_national,as_printed,2021,unweighted,post,24,0.041666666666666664,0.19794617563739372,0.06326808001517334,0.06774332048676734,0.3551712073389998,0.032182342642521955,0.0654996901199798,0.13551443844247868,2.7499999999999996,1.7999999999999998
youth_centres,share_of_national,as_printed,2022,unweighted,post,24,0.041666666666666664,0.20009416195856874,0.06485292041409785,0.06905685818012505,0.36100766545979546,0.032882738090528885,0.06672638566966416,0.1373519525439041,2.75,1.8
youth_centres,share_of_national,as_printed,2023,unweighted,post,24,0.041666666666666664,0.19405430711610494,0.06186277192612482,0.06586898707968358,0.3528161453507322,0.03137035811091782,0.0637464824356454,0.13214471383654636,2.75,1.6363636363636365
youth_centres,share_of_national,constant,2007,population,pre,23,0.04347826086956521,0.18479021050085,0.05326434579401607,0.05505509539013391,0.3266527171568153,0.02677240896999744,0.05356699757849759,0.10569072316074524,2.3333333333333335,2.0
youth_centres,share_of_national,constant,2008,population,pre,23,0.04347826086956521,0.1787069951637931,0.04984476218757557,0.050881461175253245,0.3174847968221339,0.024920569090760125,0.049608677874125595,0.09700758141473098,2.4444444444444446,2.0
youth_centres,share_of_national,constant,2009,population,pre,23,0.043478260869565216,0.1885258520746326,0.05546661980237402,0.05622541882571654,0.33684269866405947,0.027598154218944515,0.05467398240994492,0.10601316594046217,2.555555555555556,2.0
youth_centres,share_of_national,constant,2010,population,pre,23,0.043478260869565216,0.18606191469319514,0.05407590105846518,0.05539877197783263,0.3308524337301486,0.02705208978082574,0.05389220855635457,0.10563846656801446,2.5555555555555554,2.0
youth_centres,share_of_national,constant,2011,population,post,23,0.043478260869565216,0.19071068531853017,0.056832176106052325,0.058798088724157406,0.33864576052165535,0.02852981574846636,0.057102868498888903,0.11353239536587345,2.3,2.1
youth_centres,share_of_national,constant,2012,population,post,23,0.043478260869565216,0.18410499279517714,0.05305665113843577,0.05533695799309551,0.3261076139870023,0.026748379476136175,0.05383372405621156,0.10856896203634148,2.555555555555556,2.1
youth_centres,share_of_national,constant,2013,population,post,23,0.04347826086956521,0.1823196624149267,0.05222903957434507,0.05425688294644347,0.32419195820850877,0.026281168738618077,0.05281124139197424,0.10635438874447745,2.4,2.1
youth_centres,share_of_national,constant,2014,population,post,23,0.043478260869565216,0.16123765562304815,0.04192402809468709,0.04385049280801628,0.28932318158085263,0.021195466048891443,0.04290296033227203,0.08839952202551271,2.3,1.6666666666666667
youth_centres,share_of_national,constant,2015,population,post,23,0.043478260869565216,0.16802349893544366,0.04507476336226468,0.04791138899423755,0.2977399687349472,0.022958901581204283,0.04678175103692528,0.0973161469278605,2.4000000000000004,1.75
youth_centres,share_of_national,constant,2016,population,post,23,0.04347826086956521,0.16692765162152542,0.04501532092241586,0.0479009910372204,0.29782206885600754,0.022931704656048324,0.046771839463014775,0.09773517911389751,2.4,1.6153846153846152
youth_centres,share_of_national,constant,2017,population,post,23,0.043478260869565216,0.16558925415280382,0.044319010519050725,0.04708639427644674,0.29589086640729434,0.022557767743489276,0.04599502653947274,0.09626685939172608,2.4,1.6153846153846154
youth_centres,share_of_national,constant,2018,population,post,23,0.04347826086956521,0.16836924664448508,0.045721463695450604,0.048440976272441205,0.3011889361064012,0.023230290995207015,0.04728642964744689,0.09868894847197007,2.1818181818181817,1.6153846153846152
youth_centres,share_of_national,constant,2019,population,post,23,0.043478260869565216,0.16535983802959406,0.04411072934630718,0.04658502465101684,0.2961826875883352,0.02238265113685667,0.04551659749839787,0.09498070555533655,2.181818181818182,1.4999999999999998
youth_centres,share_of_national,constant,2020,population,post,23,0.043478260869565216,0.16571175330213436,0.044282989854341204,0.047054874663860546,0.2957987927025762,0.022538970589916052,0.04596495619840335,0.09636687377217712,2.181818181818182,1.5
youth_centres,share_of_national,constant,2021,population,post,23,0.043478260869565216,0.16633686547103194,0.04452877740986916,0.047455393212394746,0.2961640155764993,0.022696510857842966,0.04634698841879481,0.09737875265755336,2.181818181818182,1.5714285714285714
youth_centres,share_of_national,constant,2022,population,post,23,0.04347826086956523,0.1700202371859649,0.046595007848590324,0.04928710360414969,0.3043941000195332,0.023649814091784682,0.04809220569596884,0.10023746705215464,2.1818181818181817,1.5714285714285714
youth_centres,share_of_national,constant,2023,population,post,23,0.043478260869565216,0.16548568012918558,0.04429357758601176,0.04643197739332646,0.2978771936710611,0.022391061625590458,0.04537050525191133,0.0941927722890632,2.1818181818181817,1.5714285714285714
youth_centres,share_of_national,constant,2007,unweighted,pre,23,0.04347826086956521,0.19926308032424464,0.062179863716718346,0.06176460753585325,0.3603439258554119,0.030605489546156606,0.05989584581886365,0.11297690570766794,2.625,1.8888888888888888
youth_centres,share_of_national,constant,2008,unweighted,pre,23,0.04347826086956521,0.19393592677345536,0.05906405356808116,0.05834868381303972,0.3520197953071512,0.029007792350663197,0.056679030667044605,0.10675959192755247,2.3333333333333335,2.0
youth_centres,share_of_national,constant,2009,unweighted,pre,23,0.043478260869565216,0.20223764339328715,0.0652062466162629,0.0646183142584634,0.37073498502112184,0.032014087281836856,0.06257480306641117,0.1182997586529202,2.4444444444444446,2.0
youth_centres,share_of_national,constant,2010,unweighted,pre,23,0.043478260869565216,0.20392706872370264,0.06593071678565189,0.06584907215973713,0.37120609453535014,0.03249510315861659,0.0637278368361317,0.12105427501324417,2.444444444444444,2.0
youth_centres,share_of_national,constant,2011,unweighted,post,23,0.043478260869565216,0.2097513543547715,0.07048294162275921,0.0719302265667632,0.3819728994844433,0.03502705078374213,0.06940417558834155,0.1354514153973012,2.4444444444444446,2.0
youth_centres,share_of_national,constant,2012,unweighted,post,23,0.043478260869565216,0.20518447400905224,0.0665219627790424,0.06913557900070738,0.36807270335069037,0.03336613029743596,0.06679985084275464,0.13322849278447135,2.3333333333333335,2.0
youth_centres,share_of_national,constant,2013,unweighted,post,23,0.04347826086956521,0.2040760869565217,0.06605095331022934,0.06864337318893138,0.36705117150065053,0.03312390522949882,0.06634041124564571,0.13264476735137498,2.3333333333333335,1.8
youth_centres,share_of_national,constant,2014,unweighted,post,23,0.043478260869565216,0.18827035080590543,0.05701479584211396,0.06039256290263077,0.33771539521165483,0.028896560411101002,0.058605095678535446,0.12068579483928099,2.333333333333333,1.7
youth_centres,share_of_national,constant,2015,unweighted,post,23,0.043478260869565216,0.19890971945220043,0.0628095298186665,0.0670608373864561,0.3531812211911955,0.031932946868962864,0.06486169176446777,0.13319856482871162,2.625,1.9000000000000001
youth_centres,share_of_national,constant,2016,unweighted,post,23,0.04347826086956521,0.19916688362405616,0.0633260836436467,0.06826247943851835,0.3533948905312455,0.03233569532713665,0.06598471840698583,0.13671587662459417,2.75,1.9
youth_centres,share_of_national,constant,2017,unweighted,post,23,0.043478260869565216,0.19476226798881266,0.0609070670566846,0.06602983941349677,0.34594486496369214,0.031187726599647192,0.06389706888757107,0.133920230792254,2.4444444444444446,1.9
youth_centres,share_of_national,constant,2018,unweighted,post,23,0.04347826086956521,0.19552651419954756,0.06150863420745058,0.06664323942332613,0.34816694442486923,0.03147411038019243,0.06447109836187548,0.13526145953293756,2.444444444444444,1.8181818181818183
youth_centres,share_of_national,constant,2019,unweighted,post,23,0.043478260869565216,0.19110502055562475,0.059207525811858536,0.06447371877244176,0.34086584201634507,0.030376941274874114,0.06243924581420501,0.1322071581090154,2.444444444444444,1.8181818181818183
youth_centres,share_of_national,constant,2020,unweighted,post,23,0.043478260869565216,0.1922457574631488,0.05977077952347729,0.06526068589209767,0.34197529545580996,0.030704998188479604,0.06317678505279989,0.1339052028056421,2.4444444444444446,1.909090909090909
youth_centres,share_of_national,constant,2021,unweighted,post,23,0.043478260869565216,0.19288089666215052,0.06024131888746336,0.06592021991944841,0.34295174958462454,0.030978093410475527,0.06379444813336999,0.13537069959993764,2.444444444444444,1.9090909090909092
youth_centres,share_of_national,constant,2022,unweighted,post,23,0.04347826086956523,0.19503807418324734,0.06171448455957651,0.06716787419945346,0.34843232906504745,0.03163683856345578,0.06496178063200053,0.1371546486232822,2.444444444444444,1.909090909090909
youth_centres,share_of_national,constant,2023,unweighted,post,23,0.043478260869565216,0.18881289692232534,0.0585028687762984,0.06359645141124275,0.3396670284125801,0.02997723773173855,0.06161639348744441,0.13103883339291011,2.2,1.9090909090909092
youth_complexes,per_head,as_printed,2014,population,post,24,0.0030827238575268866,0.4532294504376884,,,0.9398464953707664,,,,,
youth_complexes,per_head,as_printed,2015,population,post,24,0.003088889250396623,0.44393898360680595,,,0.9076098135651904,,,,,
youth_complexes,per_head,as_printed,2016,population,post,24,0.0031332597124802187,0.4081302540851989,,,0.8501658684163165,,,,,2.6808166565595313
youth_complexes,per_head,as_printed,2021,population,post,24,0.0036638291821296,0.31302647644852066,,,0.6661120214423628,,,,3.5350790513833994,2.40513437625351
youth_complexes,per_head,as_printed,2022,population,post,24,0.003652807932015456,0.31334824528364735,,,0.6667831878071029,,,,3.5427024366231854,2.3989623520021284
youth_complexes,per_head,as_printed,2023,population,post,24,0.003836607333103783,0.3195104571890768,,,0.6482767412688905,,,,3.573050345508391,2.61628664495114
youth_complexes,per_head,as_printed,2014,unweighted,post,24,0.0030827238575268866,0.5115400487078112,,,1.012855204876106,,,,,
youth_complexes,per_head,as_printed,2015,unweighted,post,24,0.003088889250396623,0.5058843261890107,,,1.0010064638899845,,,,,
youth_complexes,per_head,as_printed,2016,unweighted,post,24,0.0031332597124802187,0.4828826865654499,,,0.9647139146031815,,,,,
youth_complexes,per_head,as_printed,2021,unweighted,post,24,0.0036638291821296,0.3601073339130938,,,0.7371094206115562,,,,3.5586854460093895,3.1430825881115205
youth_complexes,per_head,as_printed,2022,unweighted,post,24,0.003652807932015456,0.3603069915996381,,,0.7376414198988179,,,,3.562244301578024,3.1415836392239123
youth_complexes,per_head,as_printed,2023,unweighted,post,24,0.003836607333103783,0.34832863269353875,,,0.6968078897813302,,,,3.567268491555038,3.1400940930475696
youth_complexes,per_head,constant,2014,population,post,23,0.0032167553295932736,0.4532294504376884,,,0.939846495370766,,,,,
youth_complexes,per_head,constant,2015,population,post,23,0.0032231887830225627,0.44393898360680595,,,0.9076098135651902,,,,,
youth_complexes,per_head,constant,2016,population,post,23,0.003269488395631532,0.4081302540851989,,,0.8501658684163165,,,,,2.6808166565595313
youth_complexes,per_head,constant,2021,population,post,23,0.003760234933551444,0.30554304030151813,0.16556367862844532,0.15404538756836814,0.6542578277136931,0.07666233240669518,0.14276688759801404,0.2513417970555263,3.5350790513833994,2.432410750100281
youth_complexes,per_head,constant,2022,population,post,23,0.0037490298238365416,0.30588586464971,0.1658994697486995,0.15443090203852913,0.6549534497962256,0.07682747545595625,0.14309729967373674,0.2520028824611191,3.5427024366231854,2.4324863642410532
youth_complexes,per_head,constant,2023,population,post,23,0.003941129785467639,0.31265960212610255,0.1667515772629823,0.16318457215297907,0.6374814686644968,0.0791972437831574,0.15056560798963825,0.27147914895192093,3.573050345508391,2.6601520086862105
youth_complexes,per_head,constant,2014,unweighted,post,23,0.0032167553295932736,0.4903026595211941,,,0.970290770830799,,,,,
youth_complexes,per_head,constant,2015,unweighted,post,23,0.0032231887830225627,0.4844010360233155,,,0.9584345012666752,,,,,
youth_complexes,per_head,constant,2016,unweighted,post,23,0.003269488395631532,0.46039932511177367,,,0.9220782132332663,,,,,2.935369632580788
youth_complexes,per_head,constant,2021,unweighted,post,23,0.003760234933551444,0.34978573861739676,0.20834952813651328,0.20042797446926255,0.7171620389567915,0.09753727725919648,0.18161956781199073,0.3133993514028357,3.5586854460093895,3.1430825881115205
youth_complexes,per_head,constant,2022,unweighted,post,23,0.0037490298238365416,0.34999168054285884,0.20860935029376096,0.200727942792074,0.7176853329044861,0.09766177922147223,0.18186501920199305,0.3138939098517115,3.562244301578024,3.1415836392239123
youth_complexes,per_head,constant,2023,unweighted,post,23,0.003941129785467639,0.3365486719628562,0.19244844507535236,0.19345417199185788,0.6752681501802401,0.09217200503012923,0.17589239746035545,0.31668985364857904,3.567268491555038,3.1400940930475696
youth_complexes,share_of_national,as_printed,2014,population,post,24,0.041666666666666664,0.39943097707084935,,,0.7339693743795923,,,,,
youth_complexes,share_of_national,as_printed,2015,population,post,24,0.041666666666666664,0.42813030725680934,,,0.7797780518927359,,,,,
youth_complexes,share_of_national,as_printed,2016,population,post,24,0.041666666666666664,0.39026639796182516,,,0.7184845475566283,,,,,2.0
youth_complexes,share_of_national,as_printed,2021,population,post,24,0.041666666666666664,0.2803274727641375,,,0.5340249223602903,,,,3.0,2.0
youth_complexes,share_of_national,as_printed,2022,population,post,24,0.041666666666666664,0.2804295421198976,,,0.5341859654816643,,,,3.0,2.0
youth_complexes,share_of_national,as_printed,2023,population,post,24,0.041666666666666664,0.2702807359697013,,,0.5062018467552328,,,,3.0,2.0
youth_complexes,share_of_national,as_printed,2014,unweighted,post,24,0.041666666666666664,0.39833333333333343,,,0.7578918128598569,,,,,
youth_complexes,share_of_national,as_printed,2015,unweighted,post,24,0.041666666666666664,0.4166666666666667,,,0.7956984948298924,,,,,
youth_complexes,share_of_national,as_printed,2016,unweighted,post,24,0.041666666666666664,0.3811728395061728,,,0.7398142353865993,,,,,
youth_complexes,share_of_national,as_printed,2021,unweighted,post,24,0.041666666666666664,0.2462121212121212,,,0.5061603966209112,,,,2.0,2.0
youth_complexes,share_of_national,as_printed,2022,unweighted,post,24,0.041666666666666664,0.2462121212121212,,,0.5061603966209112,,,,2.0,2.0
youth_complexes,share_of_national,as_printed,2023,unweighted,post,24,0.041666666666666664,0.24642857142857139,,,0.48403069560278333,,,,2.0,2.0
youth_complexes,share_of_national,constant,2014,population,post,23,0.043478260869565216,0.3994309770708493,,,0.733969374379592,,,,,
youth_complexes,share_of_national,constant,2015,population,post,23,0.043478260869565216,0.4281303072568093,,,0.7797780518927355,,,,,
youth_complexes,share_of_national,constant,2016,population,post,23,0.043478260869565216,0.39026639796182516,,,0.7184845475566283,,,,,2.0
youth_complexes,share_of_national,constant,2021,population,post,23,0.04347826086956521,0.23676809979356075,0.10146205726542133,0.0992100825161492,0.4665692338338189,0.049252838134892785,0.09444755269761085,0.1686736544701405,3.0,2.0
youth_complexes,share_of_national,constant,2022,population,post,23,0.04347826086956521,0.23674986356158464,0.10144948111616856,0.09919604409992817,0.4665439643148083,0.0492464006158867,0.09443484008621383,0.16865086301175125,3.0,2.0
youth_complexes,share_of_national,constant,2023,population,post,23,0.043478260869565216,0.2287418125275233,0.09258406335593783,0.09345575669489245,0.4384879543346693,0.04570803354769315,0.08922168762243876,0.16479193829169392,3.0,2.0
youth_complexes,share_of_national,constant,2014,unweighted,post,23,0.043478260869565216,0.3721739130434782,,,0.7133021800050803,,,,,
youth_complexes,share_of_national,constant,2015,unweighted,post,23,0.043478260869565216,0.39130434782608714,,,0.7517238571420027,,,,,
youth_complexes,share_of_national,constant,2016,unweighted,post,23,0.043478260869565216,0.3542673107890499,,,0.6948764088627303,,,,,2.0
youth_complexes,share_of_national,constant,2021,unweighted,post,23,0.04347826086956521,0.21343873517786566,0.09078786351503339,0.0846608385505524,0.4515049825985256,0.043123526339807206,0.08117613880639929,0.14123376623376616,2.0,2.0
youth_complexes,share_of_national,constant,2022,unweighted,post,23,0.04347826086956521,0.21343873517786566,0.09078786351503339,0.0846608385505524,0.4515049825985256,0.043123526339807206,0.08117613880639929,0.14123376623376616,2.0,2.0
youth_complexes,share_of_national,constant,2023,unweighted,post,23,0.043478260869565216,0.21366459627329196,0.08534697218167303,0.0832276706987079,0.4276179870598792,0.041482317097829347,0.079858365917713,0.14447439353099678,2.0,2.0
