series,description,unit,year,month,t,running,treated,value,log_value,published_share
money_orders,Money orders sent from abroad and paid in Tunisia (12.2.8),thousand dinars,1995,1,1995.0,-192,False,16204.0,9.693013404322581,1.0
money_orders,Money orders sent from abroad and paid in Tunisia (12.2.8),thousand dinars,1995,2,1995.0833333333333,-191,False,15013.0,9.616671771412305,1.0
money_orders,Money orders sent from abroad and paid in Tunisia (12.2.8),thousand dinars,1995,3,1995.1666666666667,-190,False,15908.0,9.67457740632758,1.0
money_orders,Money orders sent from abroad and paid in Tunisia (12.2.8),thousand dinars,1995,4,1995.25,-189,False,14344.0,9.571087015284968,1.0
money_orders,Money orders sent from abroad and paid in Tunisia (12.2.8),thousand dinars,1995,5,1995.3333333333333,-188,False,15378.0,9.640693195592126,1.0
money_orders,Money orders sent from abroad and paid in Tunisia (12.2.8),thousand dinars,1995,6,1995.4166666666667,-187,False,16781.0,9.728002573001161,1.0
money_orders,Money orders sent from abroad and paid in Tunisia (12.2.8),thousand dinars,1995,7,1995.5,-186,False,14098.0,9.553788222333822,1.0
money_orders,Money orders sent from abroad and paid in Tunisia (12.2.8),thousand dinars,1995,8,1995.5833333333333,-185,False,14286.0,9.567035315714918,1.0
money_orders,Money orders sent from abroad and paid in Tunisia (12.2.8),thousand dinars,1995,9,1995.6666666666667,-184,False,18471.0,9.82395721357932,1.0
money_orders,Money orders sent from abroad and paid in Tunisia (12.2.8),thousand dinars,1995,10,1995.75,-183,False,19316.0,9.868689046993433,1.0
money_orders,Money orders sent from abroad and paid in Tunisia (12.2.8),thousand dinars,1995,11,1995.8333333333333,-182,False,16989.0,9.740321354781914,1.0
money_orders,Money orders sent from abroad and paid in Tunisia (12.2.8),thousand dinars,1995,12,1995.9166666666667,-181,False,12209.0,9.409928663668856,1.0
money_orders,Money orders sent from abroad and paid in Tunisia (12.2.8),thousand dinars,1996,1,1996.0,-180,False,18832.0,9.843312829500057,1.0
money_orders,Money orders sent from abroad and paid in Tunisia (12.2.8),thousand dinars,1996,2,1996.0833333333333,-179,False,15616.0,9.656051308652874,1.0
money_orders,Money orders sent from abroad and paid in Tunisia (12.2.8),thousand dinars,1996,3,1996.1666666666667,-178,False,15489.0,9.647885373547759,1.0
money_orders,Money orders sent from abroad and paid in Tunisia (12.2.8),thousand dinars,1996,4,1996.25,-177,False,16706.0,9.723523215315852,1.0
money_orders,Money orders sent from abroad and paid in Tunisia (12.2.8),thousand dinars,1996,5,1996.3333333333333,-176,False,15554.0,9.652073119254888,1.0
money_orders,Money orders sent from abroad and paid in Tunisia (12.2.8),thousand dinars,1996,6,1996.4166666666667,-175,False,15365.0,9.639847474564585,1.0
money_orders,Money orders sent from abroad and paid in Tunisia (12.2.8),thousand dinars,1996,7,1996.5,-174,False,14047.0,9.55016412883091,1.0
money_orders,Money orders sent from abroad and paid in Tunisia (12.2.8),thousand dinars,1996,8,1996.5833333333333,-173,False,13283.0,9.494240301132503,1.0
money_orders,Money orders sent from abroad and paid in Tunisia (12.2.8),thousand dinars,1996,9,1996.6666666666667,-172,False,16967.0,9.73902556004294,1.0
money_orders,Money orders sent from abroad and paid in Tunisia (12.2.8),thousand dinars,1996,10,1996.75,-171,False,18555.0,9.828494573494698,1.0
money_orders,Money orders sent from abroad and paid in Tunisia (12.2.8),thousand dinars,1996,11,1996.8333333333333,-170,False,16202.0,9.692889970390437,1.0
money_orders,Money orders sent from abroad and paid in Tunisia (12.2.8),thousand dinars,1996,12,1996.9166666666667,-169,False,15407.0,9.642577230581775,1.0
money_orders,Money orders sent from abroad and paid in Tunisia (12.2.8),thousand dinars,1997,1,1997.0,-168,False,17185.0,9.751792189283934,1.0
money_orders,Money orders sent from abroad and paid in Tunisia (12.2.8),thousand dinars,1997,2,1997.0833333333333,-167,False,13864.0,9.537050831395442,1.0
money_orders,Money orders sent from abroad and paid in Tunisia (12.2.8),thousand dinars,1997,3,1997.1666666666667,-166,False,15380.0,9.640823243059636,1.0
money_orders,Money orders sent from abroad and paid in Tunisia (12.2.8),thousand dinars,1997,4,1997.25,-165,False,15302.0,9.635738817791797,1.0
money_orders,Money orders sent from abroad and paid in Tunisia (12.2.8),thousand dinars,1997,5,1997.3333333333333,-164,False,15383.0,9.64101828255575,1.0
money_orders,Money orders sent from abroad and paid in Tunisia (12.2.8),thousand dinars,1997,6,1997.4166666666667,-163,False,15085.0,9.621456151593161,1.0
money_orders,Money orders sent from abroad and paid in Tunisia (12.2.8),thousand dinars,1997,7,1997.5,-162,False,12807.0,9.457747175426071,1.0
money_orders,Money orders sent from abroad and paid in Tunisia (12.2.8),thousand dinars,1997,8,1997.5833333333333,-161,False,12396.0,9.42512911890764,1.0
money_orders,Money orders sent from abroad and paid in Tunisia (12.2.8),thousand dinars,1997,9,1997.6666666666667,-160,False,17320.0,9.759617182116425,1.0
money_orders,Money orders sent from abroad and paid in Tunisia (12.2.8),thousand dinars,1997,10,1997.75,-159,False,18339.0,9.816785218696834,1.0
money_orders,Money orders sent from abroad and paid in Tunisia (12.2.8),thousand dinars,1997,11,1997.8333333333333,-158,False,16431.0,9.706925073451831,1.0
money_orders,Money orders sent from abroad and paid in Tunisia (12.2.8),thousand dinars,1997,12,1997.9166666666667,-157,False,16389.0,9.704365657063827,1.0
money_orders,Money orders sent from abroad and paid in Tunisia (12.2.8),thousand dinars,1998,1,1998.0,-156,False,17840.0,9.789198406134,1.0
money_orders,Money orders sent from abroad and paid in Tunisia (12.2.8),thousand dinars,1998,2,1998.0833333333333,-155,False,15329.0,9.637501738166108,1.0
money_orders,Money orders sent from abroad and paid in Tunisia (12.2.8),thousand dinars,1998,3,1998.1666666666667,-154,False,17250.0,9.755567422459507,1.0
money_orders,Money orders sent from abroad and paid in Tunisia (12.2.8),thousand dinars,1998,4,1998.25,-153,False,15524.0,9.650142492488797,1.0
money_orders,Money orders sent from abroad and paid in Tunisia (12.2.8),thousand dinars,1998,5,1998.3333333333333,-152,False,17139.0,9.749111847392573,1.0
money_orders,Money orders sent from abroad and paid in Tunisia (12.2.8),thousand dinars,1998,6,1998.4166666666667,-151,False,16492.0,9.71063069382679,1.0
money_orders,Money orders sent from abroad and paid in Tunisia (12.2.8),thousand dinars,1998,7,1998.5,-150,False,14574.0,9.586994398230228,1.0
money_orders,Money orders sent from abroad and paid in Tunisia (12.2.8),thousand dinars,1998,8,1998.5833333333333,-149,False,14007.0,9.547312483639047,1.0
money_orders,Money orders sent from abroad and paid in Tunisia (12.2.8),thousand dinars,1998,9,1998.6666666666667,-148,False,18598.0,9.830809327038143,1.0
money_orders,Money orders sent from abroad and paid in Tunisia (12.2.8),thousand dinars,1998,10,1998.75,-147,False,20085.0,9.907728546793383,1.0
money_orders,Money orders sent from abroad and paid in Tunisia (12.2.8),thousand dinars,1998,11,1998.8333333333333,-146,False,16855.0,9.732402627668161,1.0
money_orders,Money orders sent from abroad and paid in Tunisia (12.2.8),thousand dinars,1998,12,1998.9166666666667,-145,False,17295.0,9.758172721371269,1.0
money_orders,Money orders sent from abroad and paid in Tunisia (12.2.8),thousand dinars,1999,1,1999.0,-144,False,17545.0,9.772524288017316,1.0
money_orders,Money orders sent from abroad and paid in Tunisia (12.2.8),thousand dinars,1999,2,1999.0833333333333,-143,False,15575.0,9.653422343655654,1.0
money_orders,Money orders sent from abroad and paid in Tunisia (12.2.8),thousand dinars,1999,3,1999.1666666666667,-142,False,18556.0,9.828548465871634,1.0
money_orders,Money orders sent from abroad and paid in Tunisia (12.2.8),thousand dinars,1999,4,1999.25,-141,False,16546.0,9.713899659750128,1.0
money_orders,Money orders sent from abroad and paid in Tunisia (12.2.8),thousand dinars,1999,5,1999.3333333333333,-140,False,17495.0,9.769670404801788,1.0
money_orders,Money orders sent from abroad and paid in Tunisia (12.2.8),thousand dinars,1999,6,1999.4166666666667,-139,False,16338.0,9.701248961901815,1.0
money_orders,Money orders sent from abroad and paid in Tunisia (12.2.8),thousand dinars,1999,7,1999.5,-138,False,14940.0,9.611797458686809,1.0
money_orders,Money orders sent from abroad and paid in Tunisia (12.2.8),thousand dinars,1999,8,1999.5833333333333,-137,False,13547.0,9.513920399580737,1.0
money_orders,Money orders sent from abroad and paid in Tunisia (12.2.8),thousand dinars,1999,9,1999.6666666666667,-136,False,18947.0,9.849400886632361,1.0
money_orders,Money orders sent from abroad and paid in Tunisia (12.2.8),thousand dinars,1999,10,1999.75,-135,False,19457.0,9.875962181471376,1.0
money_orders,Money orders sent from abroad and paid in Tunisia (12.2.8),thousand dinars,1999,11,1999.8333333333333,-134,False,17088.0,9.746131741759921,1.0
money_orders,Money orders sent from abroad and paid in Tunisia (12.2.8),thousand dinars,1999,12,1999.9166666666667,-133,False,16268.0,9.696955267027116,1.0
money_orders,Money orders sent from abroad and paid in Tunisia (12.2.8),thousand dinars,2000,1,2000.0,-132,False,19061.0,9.855399641729074,1.0
money_orders,Money orders sent from abroad and paid in Tunisia (12.2.8),thousand dinars,2000,2,2000.0833333333333,-131,False,15286.0,9.63469265580283,1.0
money_orders,Money orders sent from abroad and paid in Tunisia (12.2.8),thousand dinars,2000,3,2000.1666666666667,-130,False,14986.0,9.614871710924255,1.0
money_orders,Money orders sent from abroad and paid in Tunisia (12.2.8),thousand dinars,2000,4,2000.25,-129,False,16076.0,9.685082755569091,1.0
money_orders,Money orders sent from abroad and paid in Tunisia (12.2.8),thousand dinars,2000,5,2000.3333333333333,-128,False,17154.0,9.749986661550366,1.0
money_orders,Money orders sent from abroad and paid in Tunisia (12.2.8),thousand dinars,2000,6,2000.4166666666667,-127,False,17214.0,9.75347828520942,1.0
money_orders,Money orders sent from abroad and paid in Tunisia (12.2.8),thousand dinars,2000,7,2000.5,-126,False,14409.0,9.575608290332934,1.0
money_orders,Money orders sent from abroad and paid in Tunisia (12.2.8),thousand dinars,2000,8,2000.5833333333333,-125,False,14608.0,9.58932460283475,1.0
money_orders,Money orders sent from abroad and paid in Tunisia (12.2.8),thousand dinars,2000,9,2000.6666666666667,-124,False,18745.0,9.838682329170013,1.0
money_orders,Money orders sent from abroad and paid in Tunisia (12.2.8),thousand dinars,2000,10,2000.75,-123,False,20346.0,9.920639611353694,1.0
money_orders,Money orders sent from abroad and paid in Tunisia (12.2.8),thousand dinars,2000,11,2000.8333333333333,-122,False,19644.0,9.885527227159136,1.0
money_orders,Money orders sent from abroad and paid in Tunisia (12.2.8),thousand dinars,2000,12,2000.9166666666667,-121,False,18094.0,9.803335670585687,1.0
money_orders,Money orders sent from abroad and paid in Tunisia (12.2.8),thousand dinars,2001,1,2001.0,-120,False,22040.0,10.00061426326685,1.0
money_orders,Money orders sent from abroad and paid in Tunisia (12.2.8),thousand dinars,2001,2,2001.0833333333333,-119,False,18554.0,9.828440678213218,1.0
money_orders,Money orders sent from abroad and paid in Tunisia (12.2.8),thousand dinars,2001,3,2001.1666666666667,-118,False,17721.0,9.782505655975346,1.0
money_orders,Money orders sent from abroad and paid in Tunisia (12.2.8),thousand dinars,2001,4,2001.25,-117,False,20305.0,9.918622440120398,1.0
money_orders,Money orders sent from abroad and paid in Tunisia (12.2.8),thousand dinars,2001,5,2001.3333333333333,-116,False,21439.0,9.972966972305931,1.0
money_orders,Money orders sent from abroad and paid in Tunisia (12.2.8),thousand dinars,2001,6,2001.4166666666667,-115,False,17948.0,9.795233967095873,1.0
money_orders,Money orders sent from abroad and paid in Tunisia (12.2.8),thousand dinars,2001,7,2001.5,-114,False,15528.0,9.650400124848845,1.0
money_orders,Money orders sent from abroad and paid in Tunisia (12.2.8),thousand dinars,2001,8,2001.5833333333333,-113,False,15638.0,9.65745912868446,1.0
money_orders,Money orders sent from abroad and paid in Tunisia (12.2.8),thousand dinars,2001,9,2001.6666666666667,-112,False,19507.0,9.878528654494932,1.0
money_orders,Money orders sent from abroad and paid in Tunisia (12.2.8),thousand dinars,2001,10,2001.75,-111,False,23107.0,10.047890880908506,1.0
money_orders,Money orders sent from abroad and paid in Tunisia (12.2.8),thousand dinars,2001,11,2001.8333333333333,-110,False,21493.0,9.975482579707275,1.0
money_orders,Money orders sent from abroad and paid in Tunisia (12.2.8),thousand dinars,2001,12,2001.9166666666667,-109,False,20768.0,9.941168619503816,1.0
money_orders,Money orders sent from abroad and paid in Tunisia (12.2.8),thousand dinars,2002,1,2002.0,-108,False,21947.0,9.996385734902859,1.0
money_orders,Money orders sent from abroad and paid in Tunisia (12.2.8),thousand dinars,2002,2,2002.0833333333333,-107,False,18362.0,9.818038590703646,1.0
money_orders,Money orders sent from abroad and paid in Tunisia (12.2.8),thousand dinars,2002,3,2002.1666666666667,-106,False,19406.0,9.873337575585245,1.0
money_orders,Money orders sent from abroad and paid in Tunisia (12.2.8),thousand dinars,2002,4,2002.25,-105,False,22176.0,10.00676590198963,1.0
money_orders,Money orders sent from abroad and paid in Tunisia (12.2.8),thousand dinars,2002,5,2002.3333333333333,-104,False,21852.0,9.992047729515608,1.0
money_orders,Money orders sent from abroad and paid in Tunisia (12.2.8),thousand dinars,2002,6,2002.4166666666667,-103,False,20272.0,9.91699590256092,1.0
money_orders,Money orders sent from abroad and paid in Tunisia (12.2.8),thousand dinars,2002,7,2002.5,-102,False,18852.0,9.844374288043621,1.0
money_orders,Money orders sent from abroad and paid in Tunisia (12.2.8),thousand dinars,2002,8,2002.5833333333333,-101,False,17921.0,9.793728488543389,1.0
money_orders,Money orders sent from abroad and paid in Tunisia (12.2.8),thousand dinars,2002,9,2002.6666666666667,-100,False,22154.0,10.005773346076879,1.0
money_orders,Money orders sent from abroad and paid in Tunisia (12.2.8),thousand dinars,2002,10,2002.75,-99,False,25535.0,10.147805339081744,1.0
money_orders,Money orders sent from abroad and paid in Tunisia (12.2.8),thousand dinars,2002,11,2002.8333333333333,-98,False,24061.0,10.088347551424729,1.0
money_orders,Money orders sent from abroad and paid in Tunisia (12.2.8),thousand dinars,2002,12,2002.9166666666667,-97,False,23079.0,10.046678392127044,1.0
money_orders,Money orders sent from abroad and paid in Tunisia (12.2.8),thousand dinars,2003,1,2003.0,-96,False,24294.0,10.097984685260217,1.0
money_orders,Money orders sent from abroad and paid in Tunisia (12.2.8),thousand dinars,2003,2,2003.0833333333333,-95,False,19606.0,9.883590920821671,1.0
money_orders,Money orders sent from abroad and paid in Tunisia (12.2.8),thousand dinars,2003,3,2003.1666666666667,-94,False,25239.0,10.136145696218923,1.0
money_orders,Money orders sent from abroad and paid in Tunisia (12.2.8),thousand dinars,2003,4,2003.25,-93,False,25513.0,10.146943405162217,1.0
money_orders,Money orders sent from abroad and paid in Tunisia (12.2.8),thousand dinars,2003,5,2003.3333333333333,-92,False,26419.0,10.181838727246433,1.0
money_orders,Money orders sent from abroad and paid in Tunisia (12.2.8),thousand dinars,2003,6,2003.4166666666667,-91,False,23358.0,10.05869481683851,1.0
money_orders,Money orders sent from abroad and paid in Tunisia (12.2.8),thousand dinars,2003,7,2003.5,-90,False,20517.0,9.929009089766206,1.0
money_orders,Money orders sent from abroad and paid in Tunisia (12.2.8),thousand dinars,2003,8,2003.5833333333333,-89,False,19429.0,9.874522074243114,1.0
money_orders,Money orders sent from abroad and paid in Tunisia (12.2.8),thousand dinars,2003,9,2003.6666666666667,-88,False,25589.0,10.149917850625528,1.0
money_orders,Money orders sent from abroad and paid in Tunisia (12.2.8),thousand dinars,2003,10,2003.75,-87,False,29255.0,10.283805778222337,1.0
money_orders,Money orders sent from abroad and paid in Tunisia (12.2.8),thousand dinars,2003,11,2003.8333333333333,-86,False,25246.0,10.136423006312807,1.0
money_orders,Money orders sent from abroad and paid in Tunisia (12.2.8),thousand dinars,2003,12,2003.9166666666667,-85,False,26166.0,10.172216137070821,1.0
money_orders,Money orders sent from abroad and paid in Tunisia (12.2.8),thousand dinars,2004,1,2004.0,-84,False,29353.0,10.287150034683448,1.0
money_orders,Money orders sent from abroad and paid in Tunisia (12.2.8),thousand dinars,2004,2,2004.0833333333333,-83,False,20021.0,9.904537001671699,1.0
money_orders,Money orders sent from abroad and paid in Tunisia (12.2.8),thousand dinars,2004,3,2004.1666666666667,-82,False,28039.0,10.241351677174485,1.0
money_orders,Money orders sent from abroad and paid in Tunisia (12.2.8),thousand dinars,2004,4,2004.25,-81,False,27326.0,10.215593908898434,1.0
money_orders,Money orders sent from abroad and paid in Tunisia (12.2.8),thousand dinars,2004,5,2004.3333333333333,-80,False,28412.0,10.254566870117701,1.0
money_orders,Money orders sent from abroad and paid in Tunisia (12.2.8),thousand dinars,2004,6,2004.4166666666667,-79,False,27145.0,10.208948146339551,1.0
money_orders,Money orders sent from abroad and paid in Tunisia (12.2.8),thousand dinars,2004,7,2004.5,-78,False,23200.0,10.0519075576544,1.0
money_orders,Money orders sent from abroad and paid in Tunisia (12.2.8),thousand dinars,2004,8,2004.5833333333333,-77,False,22412.0,10.017351808685175,1.0
money_orders,Money orders sent from abroad and paid in Tunisia (12.2.8),thousand dinars,2004,9,2004.6666666666667,-76,False,29275.0,10.284489188465917,1.0
money_orders,Money orders sent from abroad and paid in Tunisia (12.2.8),thousand dinars,2004,10,2004.75,-75,False,31837.0,10.368384414413704,1.0
money_orders,Money orders sent from abroad and paid in Tunisia (12.2.8),thousand dinars,2004,11,2004.8333333333333,-74,False,30144.0,10.31374117737609,1.0
money_orders,Money orders sent from abroad and paid in Tunisia (12.2.8),thousand dinars,2004,12,2004.9166666666667,-73,False,30625.0,10.329571947847029,1.0
money_orders,Money orders sent from abroad and paid in Tunisia (12.2.8),thousand dinars,2005,1,2005.0,-72,False,29940.0,10.30695065797362,1.0
money_orders,Money orders sent from abroad and paid in Tunisia (12.2.8),thousand dinars,2005,2,2005.0833333333333,-71,False,26276.0,10.176411254012363,1.0
money_orders,Money orders sent from abroad and paid in Tunisia (12.2.8),thousand dinars,2005,3,2005.1666666666667,-70,False,33861.0,10.430019188623737,1.0
money_orders,Money orders sent from abroad and paid in Tunisia (12.2.8),thousand dinars,2005,4,2005.25,-69,False,33042.0,10.405534758490537,1.0
money_orders,Money orders sent from abroad and paid in Tunisia (12.2.8),thousand dinars,2005,5,2005.3333333333333,-68,False,34612.0,10.451955721726629,1.0
money_orders,Money orders sent from abroad and paid in Tunisia (12.2.8),thousand dinars,2005,6,2005.4166666666667,-67,False,31096.0,10.344834472532058,1.0
money_orders,Money orders sent from abroad and paid in Tunisia (12.2.8),thousand dinars,2005,7,2005.5,-66,False,26496.0,10.184749057184986,1.0
money_orders,Money orders sent from abroad and paid in Tunisia (12.2.8),thousand dinars,2005,8,2005.5833333333333,-65,False,28542.0,10.259131965660336,1.0
money_orders,Money orders sent from abroad and paid in Tunisia (12.2.8),thousand dinars,2005,9,2005.6666666666667,-64,False,35160.0,10.467664351799113,1.0
money_orders,Money orders sent from abroad and paid in Tunisia (12.2.8),thousand dinars,2005,10,2005.75,-63,False,38236.0,10.551532759183653,1.0
money_orders,Money orders sent from abroad and paid in Tunisia (12.2.8),thousand dinars,2005,11,2005.8333333333333,-62,False,32291.0,10.382543832613134,1.0
money_orders,Money orders sent from abroad and paid in Tunisia (12.2.8),thousand dinars,2005,12,2005.9166666666667,-61,False,33732.0,10.426202220694533,1.0
money_orders,Money orders sent from abroad and paid in Tunisia (12.2.8),thousand dinars,2006,1,2006.0,-60,False,29588.0,10.295124152707759,1.0
money_orders,Money orders sent from abroad and paid in Tunisia (12.2.8),thousand dinars,2006,2,2006.0833333333333,-59,False,30525.0,10.326301298978905,1.0
money_orders,Money orders sent from abroad and paid in Tunisia (12.2.8),thousand dinars,2006,3,2006.1666666666667,-58,False,35424.0,10.475144835508363,1.0
money_orders,Money orders sent from abroad and paid in Tunisia (12.2.8),thousand dinars,2006,4,2006.25,-57,False,34969.0,10.462217233709174,1.0
money_orders,Money orders sent from abroad and paid in Tunisia (12.2.8),thousand dinars,2006,5,2006.3333333333333,-56,False,39041.0,10.572367654953075,1.0
money_orders,Money orders sent from abroad and paid in Tunisia (12.2.8),thousand dinars,2006,6,2006.4166666666667,-55,False,35606.0,10.480269441964808,1.0
money_orders,Money orders sent from abroad and paid in Tunisia (12.2.8),thousand dinars,2006,7,2006.5,-54,False,31236.0,10.349326554782566,1.0
money_orders,Money orders sent from abroad and paid in Tunisia (12.2.8),thousand dinars,2006,8,2006.5833333333333,-53,False,32096.0,10.376486690761663,1.0
money_orders,Money orders sent from abroad and paid in Tunisia (12.2.8),thousand dinars,2006,9,2006.6666666666667,-52,False,40017.0,10.597059642809153,1.0
money_orders,Money orders sent from abroad and paid in Tunisia (12.2.8),thousand dinars,2006,10,2006.75,-51,False,41661.0,10.63732071836749,1.0
money_orders,Money orders sent from abroad and paid in Tunisia (12.2.8),thousand dinars,2006,11,2006.8333333333333,-50,False,36915.0,10.516373251493265,1.0
money_orders,Money orders sent from abroad and paid in Tunisia (12.2.8),thousand dinars,2006,12,2006.9166666666667,-49,False,36997.0,10.518592107258032,1.0
money_orders,Money orders sent from abroad and paid in Tunisia (12.2.8),thousand dinars,2007,1,2007.0,-48,False,36834.0,10.514176610655552,1.0
money_orders,Money orders sent from abroad and paid in Tunisia (12.2.8),thousand dinars,2007,2,2007.0833333333333,-47,False,36426.0,10.503038084358488,1.0
money_orders,Money orders sent from abroad and paid in Tunisia (12.2.8),thousand dinars,2007,3,2007.1666666666667,-46,False,41130.0,10.62449306122447,1.0
money_orders,Money orders sent from abroad and paid in Tunisia (12.2.8),thousand dinars,2007,4,2007.25,-45,False,41912.0,10.643327461088056,1.0
money_orders,Money orders sent from abroad and paid in Tunisia (12.2.8),thousand dinars,2007,5,2007.3333333333333,-44,False,43516.0,10.680883965540973,1.0
money_orders,Money orders sent from abroad and paid in Tunisia (12.2.8),thousand dinars,2007,6,2007.4166666666667,-43,False,40575.0,10.610907392382792,1.0
money_orders,Money orders sent from abroad and paid in Tunisia (12.2.8),thousand dinars,2007,7,2007.5,-42,False,35339.0,10.472742448925512,1.0
money_orders,Money orders sent from abroad and paid in Tunisia (12.2.8),thousand dinars,2007,8,2007.5833333333333,-41,False,35952.0,10.48993999442511,1.0
money_orders,Money orders sent from abroad and paid in Tunisia (12.2.8),thousand dinars,2007,9,2007.6666666666667,-40,False,43110.0,10.67151026774118,1.0
money_orders,Money orders sent from abroad and paid in Tunisia (12.2.8),thousand dinars,2007,10,2007.75,-39,False,47573.0,10.770020652394722,1.0
money_orders,Money orders sent from abroad and paid in Tunisia (12.2.8),thousand dinars,2007,11,2007.8333333333333,-38,False,41500.0,10.63344870621879,1.0
money_orders,Money orders sent from abroad and paid in Tunisia (12.2.8),thousand dinars,2007,12,2007.9166666666667,-37,False,40573.0,10.610858099732317,1.0
money_orders,Money orders sent from abroad and paid in Tunisia (12.2.8),thousand dinars,2008,1,2008.0,-36,False,40733.0,10.614793853711983,1.0
money_orders,Money orders sent from abroad and paid in Tunisia (12.2.8),thousand dinars,2008,2,2008.0833333333333,-35,False,42223.0,10.650720375249316,1.0
money_orders,Money orders sent from abroad and paid in Tunisia (12.2.8),thousand dinars,2008,3,2008.1666666666667,-34,False,46221.0,10.741189519249884,1.0
money_orders,Money orders sent from abroad and paid in Tunisia (12.2.8),thousand dinars,2008,4,2008.25,-33,False,47062.0,10.759221160315827,1.0
money_orders,Money orders sent from abroad and paid in Tunisia (12.2.8),thousand dinars,2008,5,2008.3333333333333,-32,False,46870.0,10.755133090916752,1.0
money_orders,Money orders sent from abroad and paid in Tunisia (12.2.8),thousand dinars,2008,6,2008.4166666666667,-31,False,42669.0,10.661227940238337,1.0
money_orders,Money orders sent from abroad and paid in Tunisia (12.2.8),thousand dinars,2008,7,2008.5,-30,False,39406.0,10.581673367955913,1.0
money_orders,Money orders sent from abroad and paid in Tunisia (12.2.8),thousand dinars,2008,8,2008.5833333333333,-29,False,39811.0,10.591898534995632,1.0
money_orders,Money orders sent from abroad and paid in Tunisia (12.2.8),thousand dinars,2008,9,2008.6666666666667,-28,False,47860.0,10.776035361462364,1.0
money_orders,Money orders sent from abroad and paid in Tunisia (12.2.8),thousand dinars,2008,10,2008.75,-27,False,43614.0,10.68313347871269,1.0
money_orders,Money orders sent from abroad and paid in Tunisia (12.2.8),thousand dinars,2008,11,2008.8333333333333,-26,False,41855.0,10.641966543094156,1.0
money_orders,Money orders sent from abroad and paid in Tunisia (12.2.8),thousand dinars,2008,12,2008.9166666666667,-25,False,41313.0,10.628932499395235,1.0
money_orders,Money orders sent from abroad and paid in Tunisia (12.2.8),thousand dinars,2009,1,2009.0,-24,False,42378.0,10.654384638636976,1.0
money_orders,Money orders sent from abroad and paid in Tunisia (12.2.8),thousand dinars,2009,2,2009.0833333333333,-23,False,40884.0,10.618494067448967,1.0
money_orders,Money orders sent from abroad and paid in Tunisia (12.2.8),thousand dinars,2009,3,2009.1666666666667,-22,False,45528.0,10.72608280028296,1.0
money_orders,Money orders sent from abroad and paid in Tunisia (12.2.8),thousand dinars,2009,4,2009.25,-21,False,45715.0,10.730181750598527,1.0
money_orders,Money orders sent from abroad and paid in Tunisia (12.2.8),thousand dinars,2009,5,2009.3333333333333,-20,False,44691.0,10.707527418047702,1.0
money_orders,Money orders sent from abroad and paid in Tunisia (12.2.8),thousand dinars,2009,6,2009.4166666666667,-19,False,44698.0,10.707684036871369,1.0
money_orders,Money orders sent from abroad and paid in Tunisia (12.2.8),thousand dinars,2009,7,2009.5,-18,False,41000.0,10.621327345686446,1.0
money_orders,Money orders sent from abroad and paid in Tunisia (12.2.8),thousand dinars,2009,8,2009.5833333333333,-17,False,42436.0,10.655752337579163,1.0
money_orders,Money orders sent from abroad and paid in Tunisia (12.2.8),thousand dinars,2009,9,2009.6666666666667,-16,False,46934.0,10.756497638482541,1.0
money_orders,Money orders sent from abroad and paid in Tunisia (12.2.8),thousand dinars,2009,10,2009.75,-15,False,48824.0,10.795977274224331,1.0
money_orders,Money orders sent from abroad and paid in Tunisia (12.2.8),thousand dinars,2009,11,2009.8333333333333,-14,False,45056.0,10.715661439517714,1.0
money_orders,Money orders sent from abroad and paid in Tunisia (12.2.8),thousand dinars,2009,12,2009.9166666666667,-13,False,42090.0,10.647565461764616,1.0
money_orders,Money orders sent from abroad and paid in Tunisia (12.2.8),thousand dinars,2010,1,2010.0,-12,False,43887.0,10.689373427646196,1.0
money_orders,Money orders sent from abroad and paid in Tunisia (12.2.8),thousand dinars,2010,2,2010.0833333333333,-11,False,41662.0,10.63734472134386,1.0
money_orders,Money orders sent from abroad and paid in Tunisia (12.2.8),thousand dinars,2010,3,2010.1666666666667,-10,False,48526.0,10.789855015758926,1.0
money_orders,Money orders sent from abroad and paid in Tunisia (12.2.8),thousand dinars,2010,4,2010.25,-9,False,48080.0,10.780621569209089,1.0
money_orders,Money orders sent from abroad and paid in Tunisia (12.2.8),thousand dinars,2010,5,2010.3333333333333,-8,False,46825.0,10.754172527312289,1.0
money_orders,Money orders sent from abroad and paid in Tunisia (12.2.8),thousand dinars,2010,6,2010.4166666666667,-7,False,44202.0,10.696525315910868,1.0
money_orders,Money orders sent from abroad and paid in Tunisia (12.2.8),thousand dinars,2010,7,2010.5,-6,False,43533.0,10.681274550159202,1.0
money_orders,Money orders sent from abroad and paid in Tunisia (12.2.8),thousand dinars,2010,8,2010.5833333333333,-5,False,45851.0,10.733152287697589,1.0
money_orders,Money orders sent from abroad and paid in Tunisia (12.2.8),thousand dinars,2010,9,2010.6666666666667,-4,False,48489.0,10.78909224707792,1.0
money_orders,Money orders sent from abroad and paid in Tunisia (12.2.8),thousand dinars,2010,10,2010.75,-3,False,52489.0,10.868358902817011,1.0
money_orders,Money orders sent from abroad and paid in Tunisia (12.2.8),thousand dinars,2010,11,2010.8333333333333,-2,False,46796.0,10.753553008167492,1.0
money_orders,Money orders sent from abroad and paid in Tunisia (12.2.8),thousand dinars,2010,12,2010.9166666666667,-1,False,47910.0,10.777079529877168,1.0
money_orders,Money orders sent from abroad and paid in Tunisia (12.2.8),thousand dinars,2011,1,2011.0,0,True,42833.0,10.665064112517854,1.0
money_orders,Money orders sent from abroad and paid in Tunisia (12.2.8),thousand dinars,2011,2,2011.0833333333333,1,True,44705.0,10.707840631169418,1.0
money_orders,Money orders sent from abroad and paid in Tunisia (12.2.8),thousand dinars,2011,3,2011.1666666666667,2,True,48507.0,10.789463396407925,1.0
money_orders,Money orders sent from abroad and paid in Tunisia (12.2.8),thousand dinars,2011,4,2011.25,3,True,45211.0,10.719095699044251,1.0
money_orders,Money orders sent from abroad and paid in Tunisia (12.2.8),thousand dinars,2011,5,2011.3333333333333,4,True,47098.0,10.759985816257926,1.0
money_orders,Money orders sent from abroad and paid in Tunisia (12.2.8),thousand dinars,2011,6,2011.4166666666667,5,True,45249.0,10.719935849436363,1.0
money_orders,Money orders sent from abroad and paid in Tunisia (12.2.8),thousand dinars,2011,7,2011.5,6,True,43513.0,10.68081502300455,1.0
money_orders,Money orders sent from abroad and paid in Tunisia (12.2.8),thousand dinars,2011,8,2011.5833333333333,7,True,44553.0,10.704434770699056,1.0
money_orders,Money orders sent from abroad and paid in Tunisia (12.2.8),thousand dinars,2011,9,2011.6666666666667,8,True,45935.0,10.734982632705567,1.0
money_orders,Money orders sent from abroad and paid in Tunisia (12.2.8),thousand dinars,2011,10,2011.75,9,True,55481.0,10.923795898779666,1.0
money_orders,Money orders sent from abroad and paid in Tunisia (12.2.8),thousand dinars,2011,11,2011.8333333333333,10,True,39695.0,10.588980514159214,1.0
money_orders,Money orders sent from abroad and paid in Tunisia (12.2.8),thousand dinars,2011,12,2011.9166666666667,11,True,43372.0,10.677569350592073,1.0
money_orders,Money orders sent from abroad and paid in Tunisia (12.2.8),thousand dinars,2012,1,2012.0,12,True,43810.0,10.687617380807945,1.0
money_orders,Money orders sent from abroad and paid in Tunisia (12.2.8),thousand dinars,2012,2,2012.0833333333333,13,True,45521.0,10.725929036924466,1.0
money_orders,Money orders sent from abroad and paid in Tunisia (12.2.8),thousand dinars,2012,3,2012.1666666666667,14,True,51529.0,10.849900034962806,1.0
money_orders,Money orders sent from abroad and paid in Tunisia (12.2.8),thousand dinars,2012,4,2012.25,15,True,50814.0,10.835927186149654,1.0
money_orders,Money orders sent from abroad and paid in Tunisia (12.2.8),thousand dinars,2012,5,2012.3333333333333,16,True,55184.0,10.918428335176623,1.0
money_orders,Money orders sent from abroad and paid in Tunisia (12.2.8),thousand dinars,2012,6,2012.4166666666667,17,True,52477.0,10.868130257349865,1.0
money_orders,Money orders sent from abroad and paid in Tunisia (12.2.8),thousand dinars,2012,7,2012.5,18,True,50656.0,10.83281296268074,1.0
money_orders,Money orders sent from abroad and paid in Tunisia (12.2.8),thousand dinars,2012,8,2012.5833333333333,19,True,44864.0,10.711390970394262,1.0
money_orders,Money orders sent from abroad and paid in Tunisia (12.2.8),thousand dinars,2012,9,2012.6666666666667,20,True,50190.0,10.823571082648979,1.0
money_orders,Money orders sent from abroad and paid in Tunisia (12.2.8),thousand dinars,2012,10,2012.75,21,True,57528.0,10.96002706478233,1.0
money_orders,Money orders sent from abroad and paid in Tunisia (12.2.8),thousand dinars,2012,11,2012.8333333333333,22,True,45582.0,10.727268180731276,1.0
money_orders,Money orders sent from abroad and paid in Tunisia (12.2.8),thousand dinars,2012,12,2012.9166666666667,23,True,53886.0,10.894625982899004,1.0
money_orders,Money orders sent from abroad and paid in Tunisia (12.2.8),thousand dinars,2013,1,2013.0,24,True,50007.0,10.819918274611197,1.0
money_orders,Money orders sent from abroad and paid in Tunisia (12.2.8),thousand dinars,2013,2,2013.0833333333333,25,True,44174.0,10.695891659693414,1.0
money_orders,Money orders sent from abroad and paid in Tunisia (12.2.8),thousand dinars,2013,3,2013.1666666666667,26,True,45973.0,10.735809546623079,1.0
money_orders,Money orders sent from abroad and paid in Tunisia (12.2.8),thousand dinars,2013,4,2013.25,27,True,49770.0,10.815167671852599,1.0
money_orders,Money orders sent from abroad and paid in Tunisia (12.2.8),thousand dinars,2013,5,2013.3333333333333,28,True,49191.0,10.803465958917979,1.0
money_orders,Money orders sent from abroad and paid in Tunisia (12.2.8),thousand dinars,2013,6,2013.4166666666667,29,True,44468.0,10.702525108353505,1.0
money_orders,Money orders sent from abroad and paid in Tunisia (12.2.8),thousand dinars,2013,7,2013.5,30,True,50446.0,10.82865873621622,1.0
money_orders,Money orders sent from abroad and paid in Tunisia (12.2.8),thousand dinars,2013,8,2013.5833333333333,31,True,43510.0,10.680746075714726,1.0
money_orders,Money orders sent from abroad and paid in Tunisia (12.2.8),thousand dinars,2013,9,2013.6666666666667,32,True,53056.0,10.879103238494967,1.0
money_orders,Money orders sent from abroad and paid in Tunisia (12.2.8),thousand dinars,2013,10,2013.75,33,True,53762.0,10.892322176885992,1.0
money_orders,Money orders sent from abroad and paid in Tunisia (12.2.8),thousand dinars,2013,11,2013.8333333333333,34,True,49059.0,10.8007789344005,1.0
money_orders,Money orders sent from abroad and paid in Tunisia (12.2.8),thousand dinars,2013,12,2013.9166666666667,35,True,56975.0,10.950367854113885,1.0
money_orders,Money orders sent from abroad and paid in Tunisia (12.2.8),thousand dinars,2014,1,2014.0,36,True,51651.0,10.852264835444583,1.0
money_orders,Money orders sent from abroad and paid in Tunisia (12.2.8),thousand dinars,2014,2,2014.0833333333333,37,True,48571.0,10.79078192396869,1.0
money_orders,Money orders sent from abroad and paid in Tunisia (12.2.8),thousand dinars,2014,3,2014.1666666666667,38,True,52172.0,10.862301231490173,1.0
money_orders,Money orders sent from abroad and paid in Tunisia (12.2.8),thousand dinars,2014,4,2014.25,39,True,52286.0,10.864483927794135,1.0
money_orders,Money orders sent from abroad and paid in Tunisia (12.2.8),thousand dinars,2014,5,2014.3333333333333,40,True,52376.0,10.866203750120928,1.0
money_orders,Money orders sent from abroad and paid in Tunisia (12.2.8),thousand dinars,2014,6,2014.4166666666667,41,True,51214.0,10.84376821115038,1.0
money_orders,Money orders sent from abroad and paid in Tunisia (12.2.8),thousand dinars,2014,7,2014.5,42,True,46905.0,10.755879558560052,1.0
money_orders,Money orders sent from abroad and paid in Tunisia (12.2.8),thousand dinars,2014,8,2014.5833333333333,43,True,44428.0,10.70162518028701,1.0
money_orders,Money orders sent from abroad and paid in Tunisia (12.2.8),thousand dinars,2014,9,2014.6666666666667,44,True,57383.0,10.95750337119409,1.0
money_orders,Money orders sent from abroad and paid in Tunisia (12.2.8),thousand dinars,2014,10,2014.75,45,True,48177.0,10.782637007729601,1.0
money_orders,Money orders sent from abroad and paid in Tunisia (12.2.8),thousand dinars,2014,11,2014.8333333333333,46,True,45817.0,10.73241048027168,1.0
money_orders,Money orders sent from abroad and paid in Tunisia (12.2.8),thousand dinars,2014,12,2014.9166666666667,47,True,52790.0,10.874077057817662,1.0
money_orders,Money orders sent from abroad and paid in Tunisia (12.2.8),thousand dinars,2015,1,2015.0,48,True,46401.0,10.74507628970625,1.0
money_orders,Money orders sent from abroad and paid in Tunisia (12.2.8),thousand dinars,2015,2,2015.0833333333333,49,True,43099.0,10.671255073966524,1.0
money_orders,Money orders sent from abroad and paid in Tunisia (12.2.8),thousand dinars,2015,3,2015.1666666666667,50,True,50336.0,10.826475805858005,1.0
money_orders,Money orders sent from abroad and paid in Tunisia (12.2.8),thousand dinars,2015,4,2015.25,51,True,49422.0,10.808150948169304,1.0
money_orders,Money orders sent from abroad and paid in Tunisia (12.2.8),thousand dinars,2015,5,2015.3333333333333,52,True,50361.0,10.826972344990523,1.0
money_orders,Money orders sent from abroad and paid in Tunisia (12.2.8),thousand dinars,2015,6,2015.4166666666667,53,True,55258.0,10.919768405278106,1.0
money_orders,Money orders sent from abroad and paid in Tunisia (12.2.8),thousand dinars,2015,7,2015.5,54,True,46856.0,10.754834347769618,1.0
money_orders,Money orders sent from abroad and paid in Tunisia (12.2.8),thousand dinars,2015,8,2015.5833333333333,55,True,47484.0,10.768148091173424,1.0
money_orders,Money orders sent from abroad and paid in Tunisia (12.2.8),thousand dinars,2015,9,2015.6666666666667,56,True,57482.0,10.959227134298843,1.0
money_orders,Money orders sent from abroad and paid in Tunisia (12.2.8),thousand dinars,2015,10,2015.75,57,True,49830.0,10.81637249127545,1.0
money_orders,Money orders sent from abroad and paid in Tunisia (12.2.8),thousand dinars,2015,11,2015.8333333333333,58,True,50017.0,10.82011822662338,1.0
money_orders,Money orders sent from abroad and paid in Tunisia (12.2.8),thousand dinars,2015,12,2015.9166666666667,59,True,54892.0,10.913122897389524,1.0
money_orders,Money orders sent from abroad and paid in Tunisia (12.2.8),thousand dinars,2016,1,2016.0,60,True,44139.0,10.695099024366057,1.0
money_orders,Money orders sent from abroad and paid in Tunisia (12.2.8),thousand dinars,2016,2,2016.0833333333333,61,True,46992.0,10.757732653438401,1.0
money_orders,Money orders sent from abroad and paid in Tunisia (12.2.8),thousand dinars,2016,3,2016.1666666666667,62,True,50112.0,10.822015779350474,1.0
money_orders,Money orders sent from abroad and paid in Tunisia (12.2.8),thousand dinars,2016,4,2016.25,63,True,47180.0,10.761725352961665,1.0
money_orders,Money orders sent from abroad and paid in Tunisia (12.2.8),thousand dinars,2016,5,2016.3333333333333,64,True,52003.0,10.859056688207119,1.0
money_orders,Money orders sent from abroad and paid in Tunisia (12.2.8),thousand dinars,2016,6,2016.4166666666667,65,True,50785.0,10.835356314373602,1.0
money_orders,Money orders sent from abroad and paid in Tunisia (12.2.8),thousand dinars,2016,7,2016.5,66,True,47716.0,10.773022050401837,1.0
money_orders,Money orders sent from abroad and paid in Tunisia (12.2.8),thousand dinars,2016,8,2016.5833333333333,67,True,56889.0,10.948857279808518,1.0
money_orders,Money orders sent from abroad and paid in Tunisia (12.2.8),thousand dinars,2016,9,2016.6666666666667,68,True,59746.0,10.997857521946106,1.0
money_orders,Money orders sent from abroad and paid in Tunisia (12.2.8),thousand dinars,2016,10,2016.75,69,True,57546.0,10.960339906956007,1.0
money_orders,Money orders sent from abroad and paid in Tunisia (12.2.8),thousand dinars,2016,11,2016.8333333333333,70,True,51503.0,10.849395337382406,1.0
money_orders,Money orders sent from abroad and paid in Tunisia (12.2.8),thousand dinars,2016,12,2016.9166666666667,71,True,57550.0,10.960409414150028,1.0
money_orders,Money orders sent from abroad and paid in Tunisia (12.2.8),thousand dinars,2017,1,2017.0,72,True,50687.0,10.833424746444134,1.0
money_orders,Money orders sent from abroad and paid in Tunisia (12.2.8),thousand dinars,2017,2,2017.0833333333333,73,True,45758.0,10.731121918804826,1.0
money_orders,Money orders sent from abroad and paid in Tunisia (12.2.8),thousand dinars,2017,3,2017.1666666666667,74,True,52317.0,10.86507664503757,1.0
money_orders,Money orders sent from abroad and paid in Tunisia (12.2.8),thousand dinars,2017,4,2017.25,75,True,51176.0,10.843025951129974,1.0
money_orders,Money orders sent from abroad and paid in Tunisia (12.2.8),thousand dinars,2017,5,2017.3333333333333,76,True,68078.0,11.128409385612446,1.0
money_orders,Money orders sent from abroad and paid in Tunisia (12.2.8),thousand dinars,2017,6,2017.4166666666667,77,True,59505.0,10.993815621616541,1.0
money_orders,Money orders sent from abroad and paid in Tunisia (12.2.8),thousand dinars,2017,7,2017.5,78,True,54636.0,10.908448285122782,1.0
money_orders,Money orders sent from abroad and paid in Tunisia (12.2.8),thousand dinars,2017,8,2017.5833333333333,79,True,67926.0,11.126174156306165,1.0
money_orders,Money orders sent from abroad and paid in Tunisia (12.2.8),thousand dinars,2017,9,2017.6666666666667,80,True,57085.0,10.952296664110428,1.0
money_orders,Money orders sent from abroad and paid in Tunisia (12.2.8),thousand dinars,2017,10,2017.75,81,True,70282.0,11.160270999494303,1.0
money_orders,Money orders sent from abroad and paid in Tunisia (12.2.8),thousand dinars,2017,11,2017.8333333333333,82,True,65174.0,11.08481589537751,1.0
money_orders,Money orders sent from abroad and paid in Tunisia (12.2.8),thousand dinars,2017,12,2017.9166666666667,83,True,63924.0,11.065450156705,1.0
money_orders,Money orders sent from abroad and paid in Tunisia (12.2.8),thousand dinars,2018,1,2018.0,84,True,63225.0,11.054455071538166,1.0
money_orders,Money orders sent from abroad and paid in Tunisia (12.2.8),thousand dinars,2018,2,2018.0833333333333,85,True,57414.0,10.958043455007317,1.0
money_orders,Money orders sent from abroad and paid in Tunisia (12.2.8),thousand dinars,2018,3,2018.1666666666667,86,True,66576.0,11.106099431222722,1.0
money_orders,Money orders sent from abroad and paid in Tunisia (12.2.8),thousand dinars,2018,4,2018.25,87,True,66136.0,11.099468506932512,1.0
money_orders,Money orders sent from abroad and paid in Tunisia (12.2.8),thousand dinars,2018,5,2018.3333333333333,88,True,76976.0,11.251248963939235,1.0
money_orders,Money orders sent from abroad and paid in Tunisia (12.2.8),thousand dinars,2018,6,2018.4166666666667,89,True,73292.0,11.202206741400065,1.0
money_orders,Money orders sent from abroad and paid in Tunisia (12.2.8),thousand dinars,2018,7,2018.5,90,True,72954.0,11.197584384524474,1.0
money_orders,Money orders sent from abroad and paid in Tunisia (12.2.8),thousand dinars,2018,8,2018.5833333333333,91,True,77508.0,11.258136435820473,1.0
money_orders,Money orders sent from abroad and paid in Tunisia (12.2.8),thousand dinars,2018,9,2018.6666666666667,92,True,75166.0,11.227454280037827,1.0
money_orders,Money orders sent from abroad and paid in Tunisia (12.2.8),thousand dinars,2018,10,2018.75,93,True,87146.0,11.375340152017603,1.0
money_orders,Money orders sent from abroad and paid in Tunisia (12.2.8),thousand dinars,2018,11,2018.8333333333333,94,True,87583.0,11.380342194164701,1.0
money_orders,Money orders sent from abroad and paid in Tunisia (12.2.8),thousand dinars,2018,12,2018.9166666666667,95,True,91541.0,11.424542238334112,1.0
money_orders,Money orders sent from abroad and paid in Tunisia (12.2.8),thousand dinars,2019,1,2019.0,96,True,85222.0,11.353014895447844,1.0
money_orders,Money orders sent from abroad and paid in Tunisia (12.2.8),thousand dinars,2019,2,2019.0833333333333,97,True,84193.0,11.340867061382555,1.0
money_orders,Money orders sent from abroad and paid in Tunisia (12.2.8),thousand dinars,2019,3,2019.1666666666667,98,True,90531.0,11.413447612470558,1.0
money_orders,Money orders sent from abroad and paid in Tunisia (12.2.8),thousand dinars,2019,4,2019.25,99,True,97963.0,11.49234513534197,1.0
money_orders,Money orders sent from abroad and paid in Tunisia (12.2.8),thousand dinars,2019,5,2019.3333333333333,100,True,107062.0,11.581163384886278,1.0
money_orders,Money orders sent from abroad and paid in Tunisia (12.2.8),thousand dinars,2019,6,2019.4166666666667,101,True,86598.0,11.369031999595618,1.0
money_orders,Money orders sent from abroad and paid in Tunisia (12.2.8),thousand dinars,2019,7,2019.5,102,True,95983.0,11.471926371435535,1.0
money_orders,Money orders sent from abroad and paid in Tunisia (12.2.8),thousand dinars,2019,8,2019.5833333333333,103,True,77702.0,11.26063627605021,1.0
money_orders,Money orders sent from abroad and paid in Tunisia (12.2.8),thousand dinars,2019,9,2019.6666666666667,104,True,92694.0,11.437059024540105,1.0
money_orders,Money orders sent from abroad and paid in Tunisia (12.2.8),thousand dinars,2019,10,2019.75,105,True,98444.0,11.497243137568121,1.0
money_orders,Money orders sent from abroad and paid in Tunisia (12.2.8),thousand dinars,2019,11,2019.8333333333333,106,True,89612.0,11.40324451856682,1.0
money_orders,Money orders sent from abroad and paid in Tunisia (12.2.8),thousand dinars,2019,12,2019.9166666666667,107,True,95306.0,11.464848046737055,1.0
money_orders,Money orders sent from abroad and paid in Tunisia (12.2.8),thousand dinars,2020,1,2020.0,108,True,90402.0,11.412021670029343,1.0
money_orders,Money orders sent from abroad and paid in Tunisia (12.2.8),thousand dinars,2020,2,2020.0833333333333,109,True,91435.0,11.423383616308733,1.0
money_orders,Money orders sent from abroad and paid in Tunisia (12.2.8),thousand dinars,2020,3,2020.1666666666667,110,True,89743.0,11.404705308879832,1.0
money_orders,Money orders sent from abroad and paid in Tunisia (12.2.8),thousand dinars,2020,4,2020.25,111,True,88059.0,11.385762323351557,1.0
money_orders,Money orders sent from abroad and paid in Tunisia (12.2.8),thousand dinars,2020,5,2020.3333333333333,112,True,118606.0,11.683562354485344,1.0
money_orders,Money orders sent from abroad and paid in Tunisia (12.2.8),thousand dinars,2020,6,2020.4166666666667,113,True,147231.0,11.89975806093039,1.0
money_orders,Money orders sent from abroad and paid in Tunisia (12.2.8),thousand dinars,2020,7,2020.5,114,True,144089.0,11.87818644319602,1.0
money_orders,Money orders sent from abroad and paid in Tunisia (12.2.8),thousand dinars,2020,8,2020.5833333333333,115,True,113547.0,11.639972127105429,1.0
money_orders,Money orders sent from abroad and paid in Tunisia (12.2.8),thousand dinars,2020,9,2020.6666666666667,116,True,133611.0,11.802687872024656,1.0
money_orders,Money orders sent from abroad and paid in Tunisia (12.2.8),thousand dinars,2020,10,2020.75,117,True,130273.0,11.777387527519865,1.0
money_orders,Money orders sent from abroad and paid in Tunisia (12.2.8),thousand dinars,2020,11,2020.8333333333333,118,True,133311.0,11.800440023392317,1.0
money_orders,Money orders sent from abroad and paid in Tunisia (12.2.8),thousand dinars,2020,12,2020.9166666666667,119,True,152308.0,11.93366006540916,1.0
money_orders,Money orders sent from abroad and paid in Tunisia (12.2.8),thousand dinars,2021,1,2021.0,120,True,128182.0,11.76120640799469,1.0
money_orders,Money orders sent from abroad and paid in Tunisia (12.2.8),thousand dinars,2021,2,2021.0833333333333,121,True,155423.0,11.953905711112007,1.0
money_orders,Money orders sent from abroad and paid in Tunisia (12.2.8),thousand dinars,2021,3,2021.1666666666667,122,True,207646.0,12.243589985690122,1.0
money_orders,Money orders sent from abroad and paid in Tunisia (12.2.8),thousand dinars,2021,4,2021.25,123,True,196535.0,12.18859581147884,1.0
money_orders,Money orders sent from abroad and paid in Tunisia (12.2.8),thousand dinars,2021,5,2021.3333333333333,124,True,180944.0,12.105942870111107,1.0
money_orders,Money orders sent from abroad and paid in Tunisia (12.2.8),thousand dinars,2021,6,2021.4166666666667,125,True,179898.0,12.100145302589445,1.0
money_orders,Money orders sent from abroad and paid in Tunisia (12.2.8),thousand dinars,2021,7,2021.5,126,True,185596.0,12.131327547377857,1.0
money_orders,Money orders sent from abroad and paid in Tunisia (12.2.8),thousand dinars,2021,8,2021.5833333333333,127,True,174089.0,12.067321941680945,1.0
money_orders,Money orders sent from abroad and paid in Tunisia (12.2.8),thousand dinars,2021,9,2021.6666666666667,128,True,179089.0,12.095638167960507,1.0
money_orders,Money orders sent from abroad and paid in Tunisia (12.2.8),thousand dinars,2021,10,2021.75,129,True,168236.0,12.033123034535212,1.0
money_orders,Money orders sent from abroad and paid in Tunisia (12.2.8),thousand dinars,2021,11,2021.8333333333333,130,True,174776.0,12.071260433005929,1.0
money_orders,Money orders sent from abroad and paid in Tunisia (12.2.8),thousand dinars,2021,12,2021.9166666666667,131,True,186511.0,12.136245497559926,1.0
money_orders,Money orders sent from abroad and paid in Tunisia (12.2.8),thousand dinars,2022,1,2022.0,132,True,164523.0,12.01080565704317,1.0
money_orders,Money orders sent from abroad and paid in Tunisia (12.2.8),thousand dinars,2022,2,2022.0833333333333,133,True,169351.0,12.0397287631591,1.0
money_orders,Money orders sent from abroad and paid in Tunisia (12.2.8),thousand dinars,2022,3,2022.1666666666667,134,True,201509.0,12.213589324383829,1.0
money_orders,Money orders sent from abroad and paid in Tunisia (12.2.8),thousand dinars,2022,4,2022.25,135,True,209531.0,12.252626978758029,1.0
money_orders,Money orders sent from abroad and paid in Tunisia (12.2.8),thousand dinars,2022,5,2022.3333333333333,136,True,194027.0,12.17575260361922,1.0
money_orders,Money orders sent from abroad and paid in Tunisia (12.2.8),thousand dinars,2022,6,2022.4166666666667,137,True,206479.0,12.237953991296692,1.0
money_orders,Money orders sent from abroad and paid in Tunisia (12.2.8),thousand dinars,2022,7,2022.5,138,True,180895.0,12.105672031421529,1.0
money_orders,Money orders sent from abroad and paid in Tunisia (12.2.8),thousand dinars,2022,8,2022.5833333333333,139,True,201992.0,12.215983371638687,1.0
money_orders,Money orders sent from abroad and paid in Tunisia (12.2.8),thousand dinars,2022,9,2022.6666666666667,140,True,204748.0,12.22953523365784,1.0
money_orders,Money orders sent from abroad and paid in Tunisia (12.2.8),thousand dinars,2022,10,2022.75,141,True,200534.0,12.208739087412216,1.0
money_orders,Money orders sent from abroad and paid in Tunisia (12.2.8),thousand dinars,2022,11,2022.8333333333333,142,True,198160.0,12.19683006416324,1.0
money_orders,Money orders sent from abroad and paid in Tunisia (12.2.8),thousand dinars,2022,12,2022.9166666666667,143,True,204846.0,12.230013756301581,1.0
money_orders,Money orders sent from abroad and paid in Tunisia (12.2.8),thousand dinars,2023,1,2023.0,144,True,198490.0,12.198494000006624,1.0
money_orders,Money orders sent from abroad and paid in Tunisia (12.2.8),thousand dinars,2023,2,2023.0833333333333,145,True,186310.0,12.1351672320144,1.0
money_orders,Money orders sent from abroad and paid in Tunisia (12.2.8),thousand dinars,2023,3,2023.1666666666667,146,True,238225.0,12.380970884216389,1.0
money_orders,Money orders sent from abroad and paid in Tunisia (12.2.8),thousand dinars,2023,4,2023.25,147,True,213439.0,12.271106356540999,1.0
money_orders,Money orders sent from abroad and paid in Tunisia (12.2.8),thousand dinars,2023,5,2023.3333333333333,148,True,229585.0,12.344028610282932,1.0
money_orders,Money orders sent from abroad and paid in Tunisia (12.2.8),thousand dinars,2023,6,2023.4166666666667,149,True,251008.0,12.433240090115964,1.0
money_orders,Money orders sent from abroad and paid in Tunisia (12.2.8),thousand dinars,2023,7,2023.5,150,True,212843.0,12.268310083705877,1.0
money_orders,Money orders sent from abroad and paid in Tunisia (12.2.8),thousand dinars,2023,8,2023.5833333333333,151,True,234329.0,12.364481389777323,1.0
money_orders,Money orders sent from abroad and paid in Tunisia (12.2.8),thousand dinars,2023,9,2023.6666666666667,152,True,230982.0,12.350095064389926,1.0
money_orders,Money orders sent from abroad and paid in Tunisia (12.2.8),thousand dinars,2023,10,2023.75,153,True,252814.0,12.440409319468273,1.0
money_orders,Money orders sent from abroad and paid in Tunisia (12.2.8),thousand dinars,2023,11,2023.8333333333333,154,True,238871.0,12.38367893624277,1.0
money_orders,Money orders sent from abroad and paid in Tunisia (12.2.8),thousand dinars,2023,12,2023.9166666666667,155,True,227149.0,12.333361468800575,1.0
road_deaths,"Road traffic deaths (table 11.8, monthly panel)",deaths,1995,1,1995.0,-192,False,88.0,4.477336814478207,1.0
road_deaths,"Road traffic deaths (table 11.8, monthly panel)",deaths,1995,2,1995.0833333333333,-191,False,107.0,4.672828834461906,1.0
road_deaths,"Road traffic deaths (table 11.8, monthly panel)",deaths,1995,3,1995.1666666666667,-190,False,115.0,4.74493212836325,1.0
road_deaths,"Road traffic deaths (table 11.8, monthly panel)",deaths,1995,4,1995.25,-189,False,90.0,4.499809670330265,1.0
road_deaths,"Road traffic deaths (table 11.8, monthly panel)",deaths,1995,5,1995.3333333333333,-188,False,119.0,4.77912349311153,1.0
road_deaths,"Road traffic deaths (table 11.8, monthly panel)",deaths,1995,6,1995.4166666666667,-187,False,73.0,4.290459441148391,1.0
road_deaths,"Road traffic deaths (table 11.8, monthly panel)",deaths,1995,7,1995.5,-186,False,141.0,4.948759890378168,1.0
road_deaths,"Road traffic deaths (table 11.8, monthly panel)",deaths,1995,8,1995.5833333333333,-185,False,129.0,4.859812404361672,1.0
road_deaths,"Road traffic deaths (table 11.8, monthly panel)",deaths,1995,9,1995.6666666666667,-184,False,124.0,4.820281565605037,1.0
road_deaths,"Road traffic deaths (table 11.8, monthly panel)",deaths,1995,10,1995.75,-183,False,105.0,4.653960350157523,1.0
road_deaths,"Road traffic deaths (table 11.8, monthly panel)",deaths,1995,11,1995.8333333333333,-182,False,117.0,4.762173934797756,1.0
road_deaths,"Road traffic deaths (table 11.8, monthly panel)",deaths,1995,12,1995.9166666666667,-181,False,110.0,4.700480365792417,1.0
road_deaths,"Road traffic deaths (table 11.8, monthly panel)",deaths,1996,1,1996.0,-180,False,101.0,4.61512051684126,1.0
road_deaths,"Road traffic deaths (table 11.8, monthly panel)",deaths,1996,2,1996.0833333333333,-179,False,114.0,4.736198448394496,1.0
road_deaths,"Road traffic deaths (table 11.8, monthly panel)",deaths,1996,3,1996.1666666666667,-178,False,102.0,4.624972813284271,1.0
road_deaths,"Road traffic deaths (table 11.8, monthly panel)",deaths,1996,4,1996.25,-177,False,96.0,4.564348191467836,1.0
road_deaths,"Road traffic deaths (table 11.8, monthly panel)",deaths,1996,5,1996.3333333333333,-176,False,83.0,4.418840607796598,1.0
road_deaths,"Road traffic deaths (table 11.8, monthly panel)",deaths,1996,6,1996.4166666666667,-175,False,79.0,4.3694478524670215,1.0
road_deaths,"Road traffic deaths (table 11.8, monthly panel)",deaths,1996,7,1996.5,-174,False,127.0,4.844187086458591,1.0
road_deaths,"Road traffic deaths (table 11.8, monthly panel)",deaths,1996,8,1996.5833333333333,-173,False,127.0,4.844187086458591,1.0
road_deaths,"Road traffic deaths (table 11.8, monthly panel)",deaths,1996,9,1996.6666666666667,-172,False,129.0,4.859812404361672,1.0
road_deaths,"Road traffic deaths (table 11.8, monthly panel)",deaths,1996,10,1996.75,-171,False,108.0,4.68213122712422,1.0
road_deaths,"Road traffic deaths (table 11.8, monthly panel)",deaths,1996,11,1996.8333333333333,-170,False,124.0,4.820281565605037,1.0
road_deaths,"Road traffic deaths (table 11.8, monthly panel)",deaths,1996,12,1996.9166666666667,-169,False,107.0,4.672828834461906,1.0
road_deaths,"Road traffic deaths (table 11.8, monthly panel)",deaths,1997,1,1997.0,-168,False,98.0,4.584967478670572,1.0
road_deaths,"Road traffic deaths (table 11.8, monthly panel)",deaths,1997,2,1997.0833333333333,-167,False,99.0,4.59511985013459,1.0
road_deaths,"Road traffic deaths (table 11.8, monthly panel)",deaths,1997,3,1997.1666666666667,-166,False,78.0,4.356708826689592,1.0
road_deaths,"Road traffic deaths (table 11.8, monthly panel)",deaths,1997,4,1997.25,-165,False,98.0,4.584967478670572,1.0
road_deaths,"Road traffic deaths (table 11.8, monthly panel)",deaths,1997,5,1997.3333333333333,-164,False,80.0,4.382026634673881,1.0
road_deaths,"Road traffic deaths (table 11.8, monthly panel)",deaths,1997,6,1997.4166666666667,-163,False,109.0,4.6913478822291435,1.0
road_deaths,"Road traffic deaths (table 11.8, monthly panel)",deaths,1997,7,1997.5,-162,False,138.0,4.927253685157205,1.0
road_deaths,"Road traffic deaths (table 11.8, monthly panel)",deaths,1997,8,1997.5833333333333,-161,False,182.0,5.204006687076795,1.0
road_deaths,"Road traffic deaths (table 11.8, monthly panel)",deaths,1997,9,1997.6666666666667,-160,False,120.0,4.787491742782046,1.0
road_deaths,"Road traffic deaths (table 11.8, monthly panel)",deaths,1997,10,1997.75,-159,False,87.0,4.465908118654584,1.0
road_deaths,"Road traffic deaths (table 11.8, monthly panel)",deaths,1997,11,1997.8333333333333,-158,False,97.0,4.574710978503383,1.0
road_deaths,"Road traffic deaths (table 11.8, monthly panel)",deaths,1997,12,1997.9166666666667,-157,False,121.0,4.795790545596741,1.0
road_deaths,"Road traffic deaths (table 11.8, monthly panel)",deaths,1998,1,1998.0,-156,False,129.0,4.859812404361672,1.0
road_deaths,"Road traffic deaths (table 11.8, monthly panel)",deaths,1998,2,1998.0833333333333,-155,False,103.0,4.634728988229636,1.0
road_deaths,"Road traffic deaths (table 11.8, monthly panel)",deaths,1998,3,1998.1666666666667,-154,False,74.0,4.30406509320417,1.0
road_deaths,"Road traffic deaths (table 11.8, monthly panel)",deaths,1998,4,1998.25,-153,False,98.0,4.584967478670572,1.0
road_deaths,"Road traffic deaths (table 11.8, monthly panel)",deaths,1998,5,1998.3333333333333,-152,False,100.0,4.605170185988092,1.0
road_deaths,"Road traffic deaths (table 11.8, monthly panel)",deaths,1998,6,1998.4166666666667,-151,False,113.0,4.727387818712341,1.0
road_deaths,"Road traffic deaths (table 11.8, monthly panel)",deaths,1998,7,1998.5,-150,False,124.0,4.820281565605037,1.0
road_deaths,"Road traffic deaths (table 11.8, monthly panel)",deaths,1998,8,1998.5833333333333,-149,False,158.0,5.062595033026967,1.0
road_deaths,"Road traffic deaths (table 11.8, monthly panel)",deaths,1998,9,1998.6666666666667,-148,False,123.0,4.812184355372417,1.0
road_deaths,"Road traffic deaths (table 11.8, monthly panel)",deaths,1998,10,1998.75,-147,False,102.0,4.624972813284271,1.0
road_deaths,"Road traffic deaths (table 11.8, monthly panel)",deaths,1998,11,1998.8333333333333,-146,False,101.0,4.61512051684126,1.0
road_deaths,"Road traffic deaths (table 11.8, monthly panel)",deaths,1998,12,1998.9166666666667,-145,False,105.0,4.653960350157523,1.0
road_deaths,"Road traffic deaths (table 11.8, monthly panel)",deaths,1999,1,1999.0,-144,False,121.0,4.795790545596741,1.0
road_deaths,"Road traffic deaths (table 11.8, monthly panel)",deaths,1999,2,1999.0833333333333,-143,False,92.0,4.5217885770490405,1.0
road_deaths,"Road traffic deaths (table 11.8, monthly panel)",deaths,1999,3,1999.1666666666667,-142,False,103.0,4.634728988229636,1.0
road_deaths,"Road traffic deaths (table 11.8, monthly panel)",deaths,1999,4,1999.25,-141,False,91.0,4.51085950651685,1.0
road_deaths,"Road traffic deaths (table 11.8, monthly panel)",deaths,1999,5,1999.3333333333333,-140,False,108.0,4.68213122712422,1.0
road_deaths,"Road traffic deaths (table 11.8, monthly panel)",deaths,1999,6,1999.4166666666667,-139,False,110.0,4.700480365792417,1.0
road_deaths,"Road traffic deaths (table 11.8, monthly panel)",deaths,1999,7,1999.5,-138,False,179.0,5.187385805840755,1.0
road_deaths,"Road traffic deaths (table 11.8, monthly panel)",deaths,1999,8,1999.5833333333333,-137,False,176.0,5.170483995038151,1.0
road_deaths,"Road traffic deaths (table 11.8, monthly panel)",deaths,1999,9,1999.6666666666667,-136,False,108.0,4.68213122712422,1.0
road_deaths,"Road traffic deaths (table 11.8, monthly panel)",deaths,1999,10,1999.75,-135,False,107.0,4.672828834461906,1.0
road_deaths,"Road traffic deaths (table 11.8, monthly panel)",deaths,1999,11,1999.8333333333333,-134,False,117.0,4.762173934797756,1.0
road_deaths,"Road traffic deaths (table 11.8, monthly panel)",deaths,1999,12,1999.9166666666667,-133,False,132.0,4.882801922586371,1.0
road_deaths,"Road traffic deaths (table 11.8, monthly panel)",deaths,2000,1,2000.0,-132,False,135.0,4.90527477843843,1.0
road_deaths,"Road traffic deaths (table 11.8, monthly panel)",deaths,2000,2,2000.0833333333333,-131,False,98.0,4.584967478670572,1.0
road_deaths,"Road traffic deaths (table 11.8, monthly panel)",deaths,2000,3,2000.1666666666667,-130,False,145.0,4.976733742420574,1.0
road_deaths,"Road traffic deaths (table 11.8, monthly panel)",deaths,2000,4,2000.25,-129,False,82.0,4.406719247264253,1.0
road_deaths,"Road traffic deaths (table 11.8, monthly panel)",deaths,2000,5,2000.3333333333333,-128,False,95.0,4.553876891600541,1.0
road_deaths,"Road traffic deaths (table 11.8, monthly panel)",deaths,2000,6,2000.4166666666667,-127,False,122.0,4.804021044733257,1.0
road_deaths,"Road traffic deaths (table 11.8, monthly panel)",deaths,2000,7,2000.5,-126,False,139.0,4.9344739331306915,1.0
road_deaths,"Road traffic deaths (table 11.8, monthly panel)",deaths,2000,8,2000.5833333333333,-125,False,158.0,5.062595033026967,1.0
road_deaths,"Road traffic deaths (table 11.8, monthly panel)",deaths,2000,9,2000.6666666666667,-124,False,147.0,4.990432586778736,1.0
road_deaths,"Road traffic deaths (table 11.8, monthly panel)",deaths,2000,10,2000.75,-123,False,104.0,4.6443908991413725,1.0
road_deaths,"Road traffic deaths (table 11.8, monthly panel)",deaths,2000,11,2000.8333333333333,-122,False,113.0,4.727387818712341,1.0
road_deaths,"Road traffic deaths (table 11.8, monthly panel)",deaths,2000,12,2000.9166666666667,-121,False,161.0,5.081404364984463,1.0
road_deaths,"Road traffic deaths (table 11.8, monthly panel)",deaths,2001,1,2001.0,-120,False,126.0,4.836281906951478,1.0
road_deaths,"Road traffic deaths (table 11.8, monthly panel)",deaths,2001,2,2001.0833333333333,-119,False,118.0,4.770684624465665,1.0
road_deaths,"Road traffic deaths (table 11.8, monthly panel)",deaths,2001,3,2001.1666666666667,-118,False,125.0,4.8283137373023015,1.0
road_deaths,"Road traffic deaths (table 11.8, monthly panel)",deaths,2001,4,2001.25,-117,False,114.0,4.736198448394496,1.0
road_deaths,"Road traffic deaths (table 11.8, monthly panel)",deaths,2001,5,2001.3333333333333,-116,False,93.0,4.532599493153256,1.0
road_deaths,"Road traffic deaths (table 11.8, monthly panel)",deaths,2001,6,2001.4166666666667,-115,False,122.0,4.804021044733257,1.0
road_deaths,"Road traffic deaths (table 11.8, monthly panel)",deaths,2001,7,2001.5,-114,False,171.0,5.14166355650266,1.0
road_deaths,"Road traffic deaths (table 11.8, monthly panel)",deaths,2001,8,2001.5833333333333,-113,False,169.0,5.1298987149230735,1.0
road_deaths,"Road traffic deaths (table 11.8, monthly panel)",deaths,2001,9,2001.6666666666667,-112,False,137.0,4.919980925828125,1.0
road_deaths,"Road traffic deaths (table 11.8, monthly panel)",deaths,2001,10,2001.75,-111,False,134.0,4.897839799950911,1.0
road_deaths,"Road traffic deaths (table 11.8, monthly panel)",deaths,2001,11,2001.8333333333333,-110,False,132.0,4.882801922586371,1.0
road_deaths,"Road traffic deaths (table 11.8, monthly panel)",deaths,2001,12,2001.9166666666667,-109,False,177.0,5.176149732573829,1.0
road_deaths,"Road traffic deaths (table 11.8, monthly panel)",deaths,2002,1,2002.0,-108,False,125.0,4.8283137373023015,1.0
road_deaths,"Road traffic deaths (table 11.8, monthly panel)",deaths,2002,2,2002.0833333333333,-107,False,117.0,4.762173934797756,1.0
road_deaths,"Road traffic deaths (table 11.8, monthly panel)",deaths,2002,3,2002.1666666666667,-106,False,117.0,4.762173934797756,1.0
road_deaths,"Road traffic deaths (table 11.8, monthly panel)",deaths,2002,4,2002.25,-105,False,120.0,4.787491742782046,1.0
road_deaths,"Road traffic deaths (table 11.8, monthly panel)",deaths,2002,5,2002.3333333333333,-104,False,109.0,4.6913478822291435,1.0
road_deaths,"Road traffic deaths (table 11.8, monthly panel)",deaths,2002,6,2002.4166666666667,-103,False,109.0,4.6913478822291435,1.0
road_deaths,"Road traffic deaths (table 11.8, monthly panel)",deaths,2002,7,2002.5,-102,False,134.0,4.897839799950911,1.0
road_deaths,"Road traffic deaths (table 11.8, monthly panel)",deaths,2002,8,2002.5833333333333,-101,False,185.0,5.220355825078324,1.0
road_deaths,"Road traffic deaths (table 11.8, monthly panel)",deaths,2002,9,2002.6666666666667,-100,False,129.0,4.859812404361672,1.0
road_deaths,"Road traffic deaths (table 11.8, monthly panel)",deaths,2002,10,2002.75,-99,False,132.0,4.882801922586371,1.0
road_deaths,"Road traffic deaths (table 11.8, monthly panel)",deaths,2002,11,2002.8333333333333,-98,False,145.0,4.976733742420574,1.0
road_deaths,"Road traffic deaths (table 11.8, monthly panel)",deaths,2002,12,2002.9166666666667,-97,False,163.0,5.093750200806762,1.0
road_deaths,"Road traffic deaths (table 11.8, monthly panel)",deaths,2003,1,2003.0,-96,False,100.0,4.605170185988092,1.0
road_deaths,"Road traffic deaths (table 11.8, monthly panel)",deaths,2003,2,2003.0833333333333,-95,False,135.0,4.90527477843843,1.0
road_deaths,"Road traffic deaths (table 11.8, monthly panel)",deaths,2003,3,2003.1666666666667,-94,False,127.0,4.844187086458591,1.0
road_deaths,"Road traffic deaths (table 11.8, monthly panel)",deaths,2003,4,2003.25,-93,False,109.0,4.6913478822291435,1.0
road_deaths,"Road traffic deaths (table 11.8, monthly panel)",deaths,2003,5,2003.3333333333333,-92,False,121.0,4.795790545596741,1.0
road_deaths,"Road traffic deaths (table 11.8, monthly panel)",deaths,2003,6,2003.4166666666667,-91,False,119.0,4.77912349311153,1.0
road_deaths,"Road traffic deaths (table 11.8, monthly panel)",deaths,2003,7,2003.5,-90,False,175.0,5.1647859739235145,1.0
road_deaths,"Road traffic deaths (table 11.8, monthly panel)",deaths,2003,8,2003.5833333333333,-89,False,224.0,5.4116460518550396,1.0
road_deaths,"Road traffic deaths (table 11.8, monthly panel)",deaths,2003,9,2003.6666666666667,-88,False,144.0,4.969813299576001,1.0
road_deaths,"Road traffic deaths (table 11.8, monthly panel)",deaths,2003,10,2003.75,-87,False,129.0,4.859812404361672,1.0
road_deaths,"Road traffic deaths (table 11.8, monthly panel)",deaths,2003,11,2003.8333333333333,-86,False,134.0,4.897839799950911,1.0
road_deaths,"Road traffic deaths (table 11.8, monthly panel)",deaths,2003,12,2003.9166666666667,-85,False,139.0,4.9344739331306915,1.0
road_deaths,"Road traffic deaths (table 11.8, monthly panel)",deaths,2004,1,2004.0,-84,False,135.0,4.90527477843843,1.0
road_deaths,"Road traffic deaths (table 11.8, monthly panel)",deaths,2004,2,2004.0833333333333,-83,False,109.0,4.6913478822291435,1.0
road_deaths,"Road traffic deaths (table 11.8, monthly panel)",deaths,2004,3,2004.1666666666667,-82,False,106.0,4.663439094112067,1.0
road_deaths,"Road traffic deaths (table 11.8, monthly panel)",deaths,2004,4,2004.25,-81,False,98.0,4.584967478670572,1.0
road_deaths,"Road traffic deaths (table 11.8, monthly panel)",deaths,2004,5,2004.3333333333333,-80,False,124.0,4.820281565605037,1.0
road_deaths,"Road traffic deaths (table 11.8, monthly panel)",deaths,2004,6,2004.4166666666667,-79,False,118.0,4.770684624465665,1.0
road_deaths,"Road traffic deaths (table 11.8, monthly panel)",deaths,2004,7,2004.5,-78,False,139.0,4.9344739331306915,1.0
road_deaths,"Road traffic deaths (table 11.8, monthly panel)",deaths,2004,8,2004.5833333333333,-77,False,181.0,5.198497031265826,1.0
road_deaths,"Road traffic deaths (table 11.8, monthly panel)",deaths,2004,9,2004.6666666666667,-76,False,121.0,4.795790545596741,1.0
road_deaths,"Road traffic deaths (table 11.8, monthly panel)",deaths,2004,10,2004.75,-75,False,144.0,4.969813299576001,1.0
road_deaths,"Road traffic deaths (table 11.8, monthly panel)",deaths,2004,11,2004.8333333333333,-74,False,147.0,4.990432586778736,1.0
road_deaths,"Road traffic deaths (table 11.8, monthly panel)",deaths,2004,12,2004.9166666666667,-73,False,111.0,4.709530201312334,1.0
road_deaths,"Road traffic deaths (table 11.8, monthly panel)",deaths,2005,1,2005.0,-72,False,110.0,4.700480365792417,1.0
road_deaths,"Road traffic deaths (table 11.8, monthly panel)",deaths,2005,2,2005.0833333333333,-71,False,93.0,4.532599493153256,1.0
road_deaths,"Road traffic deaths (table 11.8, monthly panel)",deaths,2005,3,2005.1666666666667,-70,False,122.0,4.804021044733257,1.0
road_deaths,"Road traffic deaths (table 11.8, monthly panel)",deaths,2005,4,2005.25,-69,False,109.0,4.6913478822291435,1.0
road_deaths,"Road traffic deaths (table 11.8, monthly panel)",deaths,2005,5,2005.3333333333333,-68,False,107.0,4.672828834461906,1.0
road_deaths,"Road traffic deaths (table 11.8, monthly panel)",deaths,2005,6,2005.4166666666667,-67,False,138.0,4.927253685157205,1.0
road_deaths,"Road traffic deaths (table 11.8, monthly panel)",deaths,2005,7,2005.5,-66,False,126.0,4.836281906951478,1.0
road_deaths,"Road traffic deaths (table 11.8, monthly panel)",deaths,2005,8,2005.5833333333333,-65,False,211.0,5.351858133476067,1.0
road_deaths,"Road traffic deaths (table 11.8, monthly panel)",deaths,2005,9,2005.6666666666667,-64,False,131.0,4.875197323201151,1.0
road_deaths,"Road traffic deaths (table 11.8, monthly panel)",deaths,2005,10,2005.75,-63,False,144.0,4.969813299576001,1.0
road_deaths,"Road traffic deaths (table 11.8, monthly panel)",deaths,2005,11,2005.8333333333333,-62,False,132.0,4.882801922586371,1.0
road_deaths,"Road traffic deaths (table 11.8, monthly panel)",deaths,2005,12,2005.9166666666667,-61,False,96.0,4.564348191467836,1.0
road_deaths,"Road traffic deaths (table 11.8, monthly panel)",deaths,2006,1,2006.0,-60,False,117.0,4.762173934797756,1.0
road_deaths,"Road traffic deaths (table 11.8, monthly panel)",deaths,2006,2,2006.0833333333333,-59,False,110.0,4.700480365792417,1.0
road_deaths,"Road traffic deaths (table 11.8, monthly panel)",deaths,2006,3,2006.1666666666667,-58,False,103.0,4.634728988229636,1.0
road_deaths,"Road traffic deaths (table 11.8, monthly panel)",deaths,2006,4,2006.25,-57,False,110.0,4.700480365792417,1.0
road_deaths,"Road traffic deaths (table 11.8, monthly panel)",deaths,2006,5,2006.3333333333333,-56,False,119.0,4.77912349311153,1.0
road_deaths,"Road traffic deaths (table 11.8, monthly panel)",deaths,2006,6,2006.4166666666667,-55,False,106.0,4.663439094112067,1.0
road_deaths,"Road traffic deaths (table 11.8, monthly panel)",deaths,2006,7,2006.5,-54,False,165.0,5.10594547390058,1.0
road_deaths,"Road traffic deaths (table 11.8, monthly panel)",deaths,2006,8,2006.5833333333333,-53,False,172.0,5.147494476813453,1.0
road_deaths,"Road traffic deaths (table 11.8, monthly panel)",deaths,2006,9,2006.6666666666667,-52,False,145.0,4.976733742420574,1.0
road_deaths,"Road traffic deaths (table 11.8, monthly panel)",deaths,2006,10,2006.75,-51,False,144.0,4.969813299576001,1.0
road_deaths,"Road traffic deaths (table 11.8, monthly panel)",deaths,2006,11,2006.8333333333333,-50,False,125.0,4.8283137373023015,1.0
road_deaths,"Road traffic deaths (table 11.8, monthly panel)",deaths,2006,12,2006.9166666666667,-49,False,100.0,4.605170185988092,1.0
road_deaths,"Road traffic deaths (table 11.8, monthly panel)",deaths,2007,1,2007.0,-48,False,105.0,4.653960350157523,1.0
road_deaths,"Road traffic deaths (table 11.8, monthly panel)",deaths,2007,2,2007.0833333333333,-47,False,96.0,4.564348191467836,1.0
road_deaths,"Road traffic deaths (table 11.8, monthly panel)",deaths,2007,3,2007.1666666666667,-46,False,105.0,4.653960350157523,1.0
road_deaths,"Road traffic deaths (table 11.8, monthly panel)",deaths,2007,4,2007.25,-45,False,100.0,4.605170185988092,1.0
road_deaths,"Road traffic deaths (table 11.8, monthly panel)",deaths,2007,5,2007.3333333333333,-44,False,119.0,4.77912349311153,1.0
road_deaths,"Road traffic deaths (table 11.8, monthly panel)",deaths,2007,6,2007.4166666666667,-43,False,119.0,4.77912349311153,1.0
road_deaths,"Road traffic deaths (table 11.8, monthly panel)",deaths,2007,7,2007.5,-42,False,165.0,5.10594547390058,1.0
road_deaths,"Road traffic deaths (table 11.8, monthly panel)",deaths,2007,8,2007.5833333333333,-41,False,168.0,5.123963979403259,1.0
road_deaths,"Road traffic deaths (table 11.8, monthly panel)",deaths,2007,9,2007.6666666666667,-40,False,141.0,4.948759890378168,1.0
road_deaths,"Road traffic deaths (table 11.8, monthly panel)",deaths,2007,10,2007.75,-39,False,125.0,4.8283137373023015,1.0
road_deaths,"Road traffic deaths (table 11.8, monthly panel)",deaths,2007,11,2007.8333333333333,-38,False,125.0,4.8283137373023015,1.0
road_deaths,"Road traffic deaths (table 11.8, monthly panel)",deaths,2007,12,2007.9166666666667,-37,False,129.0,4.859812404361672,1.0
road_deaths,"Road traffic deaths (table 11.8, monthly panel)",deaths,2008,1,2008.0,-36,False,123.0,4.812184355372417,1.0
road_deaths,"Road traffic deaths (table 11.8, monthly panel)",deaths,2008,2,2008.0833333333333,-35,False,89.0,4.48863636973214,1.0
road_deaths,"Road traffic deaths (table 11.8, monthly panel)",deaths,2008,3,2008.1666666666667,-34,False,108.0,4.68213122712422,1.0
road_deaths,"Road traffic deaths (table 11.8, monthly panel)",deaths,2008,4,2008.25,-33,False,121.0,4.795790545596741,1.0
road_deaths,"Road traffic deaths (table 11.8, monthly panel)",deaths,2008,5,2008.3333333333333,-32,False,94.0,4.543294782270004,1.0
road_deaths,"Road traffic deaths (table 11.8, monthly panel)",deaths,2008,6,2008.4166666666667,-31,False,127.0,4.844187086458591,1.0
road_deaths,"Road traffic deaths (table 11.8, monthly panel)",deaths,2008,7,2008.5,-30,False,180.0,5.19295685089021,1.0
road_deaths,"Road traffic deaths (table 11.8, monthly panel)",deaths,2008,8,2008.5833333333333,-29,False,171.0,5.14166355650266,1.0
road_deaths,"Road traffic deaths (table 11.8, monthly panel)",deaths,2008,9,2008.6666666666667,-28,False,113.0,4.727387818712341,1.0
road_deaths,"Road traffic deaths (table 11.8, monthly panel)",deaths,2008,10,2008.75,-27,False,146.0,4.983606621708336,1.0
road_deaths,"Road traffic deaths (table 11.8, monthly panel)",deaths,2008,11,2008.8333333333333,-26,False,108.0,4.68213122712422,1.0
road_deaths,"Road traffic deaths (table 11.8, monthly panel)",deaths,2008,12,2008.9166666666667,-25,False,150.0,5.0106352940962555,1.0
road_deaths,"Road traffic deaths (table 11.8, monthly panel)",deaths,2009,3,2009.1666666666667,-22,False,105.0,4.653960350157523,0.25
road_deaths,"Road traffic deaths (table 11.8, monthly panel)",deaths,2009,5,2009.3333333333333,-20,False,90.0,4.499809670330265,0.25
road_deaths,"Road traffic deaths (table 11.8, monthly panel)",deaths,2009,9,2009.6666666666667,-16,False,131.0,4.875197323201151,0.25
road_deaths,"Road traffic deaths (table 11.8, monthly panel)",deaths,2010,1,2010.0,-12,False,104.0,4.6443908991413725,1.0
road_deaths,"Road traffic deaths (table 11.8, monthly panel)",deaths,2010,2,2010.0833333333333,-11,False,99.0,4.59511985013459,1.0
road_deaths,"Road traffic deaths (table 11.8, monthly panel)",deaths,2010,3,2010.1666666666667,-10,False,96.0,4.564348191467836,1.0
road_deaths,"Road traffic deaths (table 11.8, monthly panel)",deaths,2010,4,2010.25,-9,False,69.0,4.23410650459726,1.0
road_deaths,"Road traffic deaths (table 11.8, monthly panel)",deaths,2010,5,2010.3333333333333,-8,False,82.0,4.406719247264253,1.0
road_deaths,"Road traffic deaths (table 11.8, monthly panel)",deaths,2010,6,2010.4166666666667,-7,False,93.0,4.532599493153256,1.0
road_deaths,"Road traffic deaths (table 11.8, monthly panel)",deaths,2010,7,2010.5,-6,False,124.0,4.820281565605037,1.0
road_deaths,"Road traffic deaths (table 11.8, monthly panel)",deaths,2010,8,2010.5833333333333,-5,False,116.0,4.7535901911063645,1.0
road_deaths,"Road traffic deaths (table 11.8, monthly panel)",deaths,2010,9,2010.6666666666667,-4,False,136.0,4.912654885736052,1.0
road_deaths,"Road traffic deaths (table 11.8, monthly panel)",deaths,2010,10,2010.75,-3,False,95.0,4.553876891600541,1.0
road_deaths,"Road traffic deaths (table 11.8, monthly panel)",deaths,2010,11,2010.8333333333333,-2,False,97.0,4.574710978503383,1.0
road_deaths,"Road traffic deaths (table 11.8, monthly panel)",deaths,2010,12,2010.9166666666667,-1,False,97.0,4.574710978503383,1.0
road_deaths,"Road traffic deaths (table 11.8, monthly panel)",deaths,2011,1,2011.0,0,True,85.0,4.442651256490317,1.0
road_deaths,"Road traffic deaths (table 11.8, monthly panel)",deaths,2011,2,2011.0833333333333,1,True,89.0,4.48863636973214,1.0
road_deaths,"Road traffic deaths (table 11.8, monthly panel)",deaths,2011,3,2011.1666666666667,2,True,99.0,4.59511985013459,1.0
road_deaths,"Road traffic deaths (table 11.8, monthly panel)",deaths,2011,4,2011.25,3,True,92.0,4.5217885770490405,1.0
road_deaths,"Road traffic deaths (table 11.8, monthly panel)",deaths,2011,5,2011.3333333333333,4,True,106.0,4.663439094112067,1.0
road_deaths,"Road traffic deaths (table 11.8, monthly panel)",deaths,2011,6,2011.4166666666667,5,True,132.0,4.882801922586371,1.0
road_deaths,"Road traffic deaths (table 11.8, monthly panel)",deaths,2011,7,2011.5,6,True,173.0,5.153291594497779,1.0
road_deaths,"Road traffic deaths (table 11.8, monthly panel)",deaths,2011,8,2011.5833333333333,7,True,174.0,5.159055299214529,1.0
road_deaths,"Road traffic deaths (table 11.8, monthly panel)",deaths,2011,9,2011.6666666666667,8,True,163.0,5.093750200806762,1.0
road_deaths,"Road traffic deaths (table 11.8, monthly panel)",deaths,2011,10,2011.75,9,True,120.0,4.787491742782046,1.0
road_deaths,"Road traffic deaths (table 11.8, monthly panel)",deaths,2011,11,2011.8333333333333,10,True,114.0,4.736198448394496,1.0
road_deaths,"Road traffic deaths (table 11.8, monthly panel)",deaths,2011,12,2011.9166666666667,11,True,138.0,4.927253685157205,1.0
road_deaths,"Road traffic deaths (table 11.8, monthly panel)",deaths,2012,1,2012.0,12,True,124.0,4.820281565605037,1.0
road_deaths,"Road traffic deaths (table 11.8, monthly panel)",deaths,2012,2,2012.0833333333333,13,True,104.0,4.6443908991413725,1.0
road_deaths,"Road traffic deaths (table 11.8, monthly panel)",deaths,2012,3,2012.1666666666667,14,True,119.0,4.77912349311153,1.0
road_deaths,"Road traffic deaths (table 11.8, monthly panel)",deaths,2012,4,2012.25,15,True,137.0,4.919980925828125,1.0
road_deaths,"Road traffic deaths (table 11.8, monthly panel)",deaths,2012,5,2012.3333333333333,16,True,138.0,4.927253685157205,1.0
road_deaths,"Road traffic deaths (table 11.8, monthly panel)",deaths,2012,6,2012.4166666666667,17,True,136.0,4.912654885736052,1.0
road_deaths,"Road traffic deaths (table 11.8, monthly panel)",deaths,2012,7,2012.5,18,True,136.0,4.912654885736052,1.0
road_deaths,"Road traffic deaths (table 11.8, monthly panel)",deaths,2012,8,2012.5833333333333,19,True,185.0,5.220355825078324,1.0
road_deaths,"Road traffic deaths (table 11.8, monthly panel)",deaths,2012,9,2012.6666666666667,20,True,119.0,4.77912349311153,1.0
road_deaths,"Road traffic deaths (table 11.8, monthly panel)",deaths,2012,10,2012.75,21,True,142.0,4.955827057601261,1.0
road_deaths,"Road traffic deaths (table 11.8, monthly panel)",deaths,2012,11,2012.8333333333333,22,True,134.0,4.897839799950911,1.0
road_deaths,"Road traffic deaths (table 11.8, monthly panel)",deaths,2012,12,2012.9166666666667,23,True,149.0,5.003946305945459,1.0
road_deaths,"Road traffic deaths (table 11.8, monthly panel)",deaths,2013,1,2013.0,24,True,112.0,4.718498871295094,1.0
road_deaths,"Road traffic deaths (table 11.8, monthly panel)",deaths,2013,2,2013.0833333333333,25,True,85.0,4.442651256490317,1.0
road_deaths,"Road traffic deaths (table 11.8, monthly panel)",deaths,2013,3,2013.1666666666667,26,True,102.0,4.624972813284271,1.0
road_deaths,"Road traffic deaths (table 11.8, monthly panel)",deaths,2013,4,2013.25,27,True,107.0,4.672828834461906,1.0
road_deaths,"Road traffic deaths (table 11.8, monthly panel)",deaths,2013,5,2013.3333333333333,28,True,139.0,4.9344739331306915,1.0
road_deaths,"Road traffic deaths (table 11.8, monthly panel)",deaths,2013,6,2013.4166666666667,29,True,131.0,4.875197323201151,1.0
road_deaths,"Road traffic deaths (table 11.8, monthly panel)",deaths,2013,7,2013.5,30,True,127.0,4.844187086458591,1.0
road_deaths,"Road traffic deaths (table 11.8, monthly panel)",deaths,2013,8,2013.5833333333333,31,True,151.0,5.017279836814924,1.0
road_deaths,"Road traffic deaths (table 11.8, monthly panel)",deaths,2013,9,2013.6666666666667,32,True,143.0,4.962844630259907,1.0
road_deaths,"Road traffic deaths (table 11.8, monthly panel)",deaths,2013,10,2013.75,33,True,146.0,4.983606621708336,1.0
road_deaths,"Road traffic deaths (table 11.8, monthly panel)",deaths,2013,11,2013.8333333333333,34,True,130.0,4.867534450455582,1.0
road_deaths,"Road traffic deaths (table 11.8, monthly panel)",deaths,2013,12,2013.9166666666667,35,True,132.0,4.882801922586371,1.0
road_deaths,"Road traffic deaths (table 11.8, monthly panel)",deaths,2014,1,2014.0,36,True,95.0,4.553876891600541,1.0
road_deaths,"Road traffic deaths (table 11.8, monthly panel)",deaths,2014,2,2014.0833333333333,37,True,104.0,4.6443908991413725,1.0
road_deaths,"Road traffic deaths (table 11.8, monthly panel)",deaths,2014,3,2014.1666666666667,38,True,109.0,4.6913478822291435,1.0
road_deaths,"Road traffic deaths (table 11.8, monthly panel)",deaths,2014,4,2014.25,39,True,132.0,4.882801922586371,1.0
road_deaths,"Road traffic deaths (table 11.8, monthly panel)",deaths,2014,5,2014.3333333333333,40,True,118.0,4.770684624465665,1.0
road_deaths,"Road traffic deaths (table 11.8, monthly panel)",deaths,2014,6,2014.4166666666667,41,True,160.0,5.075173815233827,1.0
road_deaths,"Road traffic deaths (table 11.8, monthly panel)",deaths,2014,7,2014.5,42,True,135.0,4.90527477843843,1.0
road_deaths,"Road traffic deaths (table 11.8, monthly panel)",deaths,2014,8,2014.5833333333333,43,True,172.0,5.147494476813453,1.0
road_deaths,"Road traffic deaths (table 11.8, monthly panel)",deaths,2014,9,2014.6666666666667,44,True,148.0,4.997212273764115,1.0
road_deaths,"Road traffic deaths (table 11.8, monthly panel)",deaths,2014,10,2014.75,45,True,139.0,4.9344739331306915,1.0
road_deaths,"Road traffic deaths (table 11.8, monthly panel)",deaths,2014,11,2014.8333333333333,46,True,123.0,4.812184355372417,1.0
road_deaths,"Road traffic deaths (table 11.8, monthly panel)",deaths,2014,12,2014.9166666666667,47,True,130.0,4.867534450455582,1.0
road_deaths,"Road traffic deaths (table 11.8, monthly panel)",deaths,2015,1,2015.0,48,True,102.0,4.624972813284271,1.0
road_deaths,"Road traffic deaths (table 11.8, monthly panel)",deaths,2015,2,2015.0833333333333,49,True,98.0,4.584967478670572,1.0
road_deaths,"Road traffic deaths (table 11.8, monthly panel)",deaths,2015,3,2015.1666666666667,50,True,87.0,4.465908118654584,1.0
road_deaths,"Road traffic deaths (table 11.8, monthly panel)",deaths,2015,4,2015.25,51,True,104.0,4.6443908991413725,1.0
road_deaths,"Road traffic deaths (table 11.8, monthly panel)",deaths,2015,5,2015.3333333333333,52,True,97.0,4.574710978503383,1.0
road_deaths,"Road traffic deaths (table 11.8, monthly panel)",deaths,2015,6,2015.4166666666667,53,True,129.0,4.859812404361672,1.0
road_deaths,"Road traffic deaths (table 11.8, monthly panel)",deaths,2015,7,2015.5,54,True,163.0,5.093750200806762,1.0
road_deaths,"Road traffic deaths (table 11.8, monthly panel)",deaths,2015,8,2015.5833333333333,55,True,138.0,4.927253685157205,1.0
road_deaths,"Road traffic deaths (table 11.8, monthly panel)",deaths,2015,9,2015.6666666666667,56,True,129.0,4.859812404361672,1.0
road_deaths,"Road traffic deaths (table 11.8, monthly panel)",deaths,2015,10,2015.75,57,True,139.0,4.9344739331306915,1.0
road_deaths,"Road traffic deaths (table 11.8, monthly panel)",deaths,2015,11,2015.8333333333333,58,True,117.0,4.762173934797756,1.0
road_deaths,"Road traffic deaths (table 11.8, monthly panel)",deaths,2015,12,2015.9166666666667,59,True,104.0,4.6443908991413725,1.0
road_deaths,"Road traffic deaths (table 11.8, monthly panel)",deaths,2016,1,2016.0,60,True,110.0,4.700480365792417,1.0
road_deaths,"Road traffic deaths (table 11.8, monthly panel)",deaths,2016,2,2016.0833333333333,61,True,96.0,4.564348191467836,1.0
road_deaths,"Road traffic deaths (table 11.8, monthly panel)",deaths,2016,3,2016.1666666666667,62,True,102.0,4.624972813284271,1.0
road_deaths,"Road traffic deaths (table 11.8, monthly panel)",deaths,2016,4,2016.25,63,True,103.0,4.634728988229636,1.0
road_deaths,"Road traffic deaths (table 11.8, monthly panel)",deaths,2016,5,2016.3333333333333,64,True,121.0,4.795790545596741,1.0
road_deaths,"Road traffic deaths (table 11.8, monthly panel)",deaths,2016,6,2016.4166666666667,65,True,94.0,4.543294782270004,1.0
road_deaths,"Road traffic deaths (table 11.8, monthly panel)",deaths,2016,7,2016.5,66,True,152.0,5.0238805208462765,1.0
road_deaths,"Road traffic deaths (table 11.8, monthly panel)",deaths,2016,8,2016.5833333333333,67,True,174.0,5.159055299214529,1.0
road_deaths,"Road traffic deaths (table 11.8, monthly panel)",deaths,2016,9,2016.6666666666667,68,True,123.0,4.812184355372417,1.0
road_deaths,"Road traffic deaths (table 11.8, monthly panel)",deaths,2016,10,2016.75,69,True,119.0,4.77912349311153,1.0
road_deaths,"Road traffic deaths (table 11.8, monthly panel)",deaths,2016,11,2016.8333333333333,70,True,123.0,4.812184355372417,1.0
road_deaths,"Road traffic deaths (table 11.8, monthly panel)",deaths,2016,12,2016.9166666666667,71,True,126.0,4.836281906951478,1.0
road_deaths,"Road traffic deaths (table 11.8, monthly panel)",deaths,2017,1,2017.0,72,True,124.0,4.820281565605037,1.0
road_deaths,"Road traffic deaths (table 11.8, monthly panel)",deaths,2017,2,2017.0833333333333,73,True,89.0,4.48863636973214,1.0
road_deaths,"Road traffic deaths (table 11.8, monthly panel)",deaths,2017,3,2017.1666666666667,74,True,85.0,4.442651256490317,1.0
road_deaths,"Road traffic deaths (table 11.8, monthly panel)",deaths,2017,4,2017.25,75,True,110.0,4.700480365792417,1.0
road_deaths,"Road traffic deaths (table 11.8, monthly panel)",deaths,2017,5,2017.3333333333333,76,True,111.0,4.709530201312334,1.0
road_deaths,"Road traffic deaths (table 11.8, monthly panel)",deaths,2017,6,2017.4166666666667,77,True,124.0,4.820281565605037,1.0
road_deaths,"Road traffic deaths (table 11.8, monthly panel)",deaths,2017,7,2017.5,78,True,139.0,4.9344739331306915,1.0
road_deaths,"Road traffic deaths (table 11.8, monthly panel)",deaths,2017,8,2017.5833333333333,79,True,169.0,5.1298987149230735,1.0
road_deaths,"Road traffic deaths (table 11.8, monthly panel)",deaths,2017,9,2017.6666666666667,80,True,102.0,4.624972813284271,1.0
road_deaths,"Road traffic deaths (table 11.8, monthly panel)",deaths,2017,10,2017.75,81,True,102.0,4.624972813284271,1.0
road_deaths,"Road traffic deaths (table 11.8, monthly panel)",deaths,2017,11,2017.8333333333333,82,True,100.0,4.605170185988092,1.0
road_deaths,"Road traffic deaths (table 11.8, monthly panel)",deaths,2017,12,2017.9166666666667,83,True,114.0,4.736198448394496,1.0
road_deaths,"Road traffic deaths (table 11.8, monthly panel)",deaths,2018,1,2018.0,84,True,94.0,4.543294782270004,1.0
road_deaths,"Road traffic deaths (table 11.8, monthly panel)",deaths,2018,2,2018.0833333333333,85,True,88.0,4.477336814478207,1.0
road_deaths,"Road traffic deaths (table 11.8, monthly panel)",deaths,2018,3,2018.1666666666667,86,True,92.0,4.5217885770490405,1.0
road_deaths,"Road traffic deaths (table 11.8, monthly panel)",deaths,2018,4,2018.25,87,True,108.0,4.68213122712422,1.0
road_deaths,"Road traffic deaths (table 11.8, monthly panel)",deaths,2018,5,2018.3333333333333,88,True,76.0,4.330733340286331,1.0
road_deaths,"Road traffic deaths (table 11.8, monthly panel)",deaths,2018,6,2018.4166666666667,89,True,127.0,4.844187086458591,1.0
road_deaths,"Road traffic deaths (table 11.8, monthly panel)",deaths,2018,7,2018.5,90,True,135.0,4.90527477843843,1.0
road_deaths,"Road traffic deaths (table 11.8, monthly panel)",deaths,2018,8,2018.5833333333333,91,True,101.0,4.61512051684126,1.0
road_deaths,"Road traffic deaths (table 11.8, monthly panel)",deaths,2018,9,2018.6666666666667,92,True,98.0,4.584967478670572,1.0
road_deaths,"Road traffic deaths (table 11.8, monthly panel)",deaths,2018,10,2018.75,93,True,95.0,4.553876891600541,1.0
road_deaths,"Road traffic deaths (table 11.8, monthly panel)",deaths,2018,11,2018.8333333333333,94,True,87.0,4.465908118654584,1.0
road_deaths,"Road traffic deaths (table 11.8, monthly panel)",deaths,2018,12,2018.9166666666667,95,True,104.0,4.6443908991413725,1.0
road_deaths,"Road traffic deaths (table 11.8, monthly panel)",deaths,2019,1,2019.0,96,True,90.0,4.499809670330265,1.0
road_deaths,"Road traffic deaths (table 11.8, monthly panel)",deaths,2019,2,2019.0833333333333,97,True,76.0,4.330733340286331,1.0
road_deaths,"Road traffic deaths (table 11.8, monthly panel)",deaths,2019,3,2019.1666666666667,98,True,98.0,4.584967478670572,1.0
road_deaths,"Road traffic deaths (table 11.8, monthly panel)",deaths,2019,4,2019.25,99,True,102.0,4.624972813284271,1.0
road_deaths,"Road traffic deaths (table 11.8, monthly panel)",deaths,2019,5,2019.3333333333333,100,True,82.0,4.406719247264253,1.0
road_deaths,"Road traffic deaths (table 11.8, monthly panel)",deaths,2019,6,2019.4166666666667,101,True,98.0,4.584967478670572,1.0
road_deaths,"Road traffic deaths (table 11.8, monthly panel)",deaths,2019,7,2019.5,102,True,119.0,4.77912349311153,1.0
road_deaths,"Road traffic deaths (table 11.8, monthly panel)",deaths,2019,8,2019.5833333333333,103,True,119.0,4.77912349311153,1.0
road_deaths,"Road traffic deaths (table 11.8, monthly panel)",deaths,2019,9,2019.6666666666667,104,True,94.0,4.543294782270004,1.0
road_deaths,"Road traffic deaths (table 11.8, monthly panel)",deaths,2019,10,2019.75,105,True,80.0,4.382026634673881,1.0
road_deaths,"Road traffic deaths (table 11.8, monthly panel)",deaths,2019,11,2019.8333333333333,106,True,72.0,4.276666119016055,1.0
road_deaths,"Road traffic deaths (table 11.8, monthly panel)",deaths,2019,12,2019.9166666666667,107,True,120.0,4.787491742782046,1.0
road_deaths,"Road traffic deaths (table 11.8, monthly panel)",deaths,2020,1,2020.0,108,True,108.0,4.68213122712422,1.0
road_deaths,"Road traffic deaths (table 11.8, monthly panel)",deaths,2020,2,2020.0833333333333,109,True,105.0,4.653960350157523,1.0
road_deaths,"Road traffic deaths (table 11.8, monthly panel)",deaths,2020,3,2020.1666666666667,110,True,63.0,4.143134726391533,1.0
road_deaths,"Road traffic deaths (table 11.8, monthly panel)",deaths,2020,4,2020.25,111,True,37.0,3.6109179126442243,1.0
road_deaths,"Road traffic deaths (table 11.8, monthly panel)",deaths,2020,5,2020.3333333333333,112,True,51.0,3.9318256327243257,1.0
road_deaths,"Road traffic deaths (table 11.8, monthly panel)",deaths,2020,6,2020.4166666666667,113,True,82.0,4.406719247264253,1.0
road_deaths,"Road traffic deaths (table 11.8, monthly panel)",deaths,2020,7,2020.5,114,True,100.0,4.605170185988092,1.0
road_deaths,"Road traffic deaths (table 11.8, monthly panel)",deaths,2020,8,2020.5833333333333,115,True,96.0,4.564348191467836,1.0
road_deaths,"Road traffic deaths (table 11.8, monthly panel)",deaths,2020,9,2020.6666666666667,116,True,66.0,4.189654742026425,1.0
road_deaths,"Road traffic deaths (table 11.8, monthly panel)",deaths,2020,10,2020.75,117,True,69.0,4.23410650459726,1.0
road_deaths,"Road traffic deaths (table 11.8, monthly panel)",deaths,2020,11,2020.8333333333333,118,True,74.0,4.30406509320417,1.0
road_deaths,"Road traffic deaths (table 11.8, monthly panel)",deaths,2020,12,2020.9166666666667,119,True,80.0,4.382026634673881,1.0
road_deaths,"Road traffic deaths (table 11.8, monthly panel)",deaths,2021,1,2021.0,120,True,75.0,4.31748811353631,1.0
road_deaths,"Road traffic deaths (table 11.8, monthly panel)",deaths,2021,2,2021.0833333333333,121,True,73.0,4.290459441148391,1.0
road_deaths,"Road traffic deaths (table 11.8, monthly panel)",deaths,2021,3,2021.1666666666667,122,True,71.0,4.2626798770413155,1.0
road_deaths,"Road traffic deaths (table 11.8, monthly panel)",deaths,2021,4,2021.25,123,True,76.0,4.330733340286331,1.0
road_deaths,"Road traffic deaths (table 11.8, monthly panel)",deaths,2021,5,2021.3333333333333,124,True,87.0,4.465908118654584,1.0
road_deaths,"Road traffic deaths (table 11.8, monthly panel)",deaths,2021,6,2021.4166666666667,125,True,84.0,4.430816798843313,1.0
road_deaths,"Road traffic deaths (table 11.8, monthly panel)",deaths,2021,7,2021.5,126,True,88.0,4.477336814478207,1.0
road_deaths,"Road traffic deaths (table 11.8, monthly panel)",deaths,2021,8,2021.5833333333333,127,True,109.0,4.6913478822291435,1.0
road_deaths,"Road traffic deaths (table 11.8, monthly panel)",deaths,2021,9,2021.6666666666667,128,True,89.0,4.48863636973214,1.0
road_deaths,"Road traffic deaths (table 11.8, monthly panel)",deaths,2021,10,2021.75,129,True,82.0,4.406719247264253,1.0
road_deaths,"Road traffic deaths (table 11.8, monthly panel)",deaths,2021,11,2021.8333333333333,130,True,93.0,4.532599493153256,1.0
road_deaths,"Road traffic deaths (table 11.8, monthly panel)",deaths,2021,12,2021.9166666666667,131,True,87.0,4.465908118654584,1.0
road_deaths,"Road traffic deaths (table 11.8, monthly panel)",deaths,2022,1,2022.0,132,True,89.0,4.48863636973214,1.0
road_deaths,"Road traffic deaths (table 11.8, monthly panel)",deaths,2022,2,2022.0833333333333,133,True,70.0,4.248495242049359,1.0
road_deaths,"Road traffic deaths (table 11.8, monthly panel)",deaths,2022,3,2022.1666666666667,134,True,52.0,3.9512437185814275,1.0
road_deaths,"Road traffic deaths (table 11.8, monthly panel)",deaths,2022,4,2022.25,135,True,62.0,4.127134385045092,1.0
road_deaths,"Road traffic deaths (table 11.8, monthly panel)",deaths,2022,5,2022.3333333333333,136,True,72.0,4.276666119016055,1.0
road_deaths,"Road traffic deaths (table 11.8, monthly panel)",deaths,2022,6,2022.4166666666667,137,True,83.0,4.418840607796598,1.0
road_deaths,"Road traffic deaths (table 11.8, monthly panel)",deaths,2022,7,2022.5,138,True,125.0,4.8283137373023015,1.0
road_deaths,"Road traffic deaths (table 11.8, monthly panel)",deaths,2022,8,2022.5833333333333,139,True,98.0,4.584967478670572,1.0
road_deaths,"Road traffic deaths (table 11.8, monthly panel)",deaths,2022,9,2022.6666666666667,140,True,101.0,4.61512051684126,1.0
road_deaths,"Road traffic deaths (table 11.8, monthly panel)",deaths,2022,10,2022.75,141,True,89.0,4.48863636973214,1.0
road_deaths,"Road traffic deaths (table 11.8, monthly panel)",deaths,2022,11,2022.8333333333333,142,True,103.0,4.634728988229636,1.0
road_deaths,"Road traffic deaths (table 11.8, monthly panel)",deaths,2022,12,2022.9166666666667,143,True,113.0,4.727387818712341,1.0
road_deaths,"Road traffic deaths (table 11.8, monthly panel)",deaths,2023,1,2023.0,144,True,130.0,4.867534450455582,1.0
road_deaths,"Road traffic deaths (table 11.8, monthly panel)",deaths,2023,2,2023.0833333333333,145,True,77.0,4.343805421853684,1.0
road_deaths,"Road traffic deaths (table 11.8, monthly panel)",deaths,2023,3,2023.1666666666667,146,True,69.0,4.23410650459726,1.0
road_deaths,"Road traffic deaths (table 11.8, monthly panel)",deaths,2023,4,2023.25,147,True,117.0,4.762173934797756,1.0
road_deaths,"Road traffic deaths (table 11.8, monthly panel)",deaths,2023,5,2023.3333333333333,148,True,102.0,4.624972813284271,1.0
road_deaths,"Road traffic deaths (table 11.8, monthly panel)",deaths,2023,6,2023.4166666666667,149,True,79.0,4.3694478524670215,1.0
road_deaths,"Road traffic deaths (table 11.8, monthly panel)",deaths,2023,7,2023.5,150,True,116.0,4.7535901911063645,1.0
road_deaths,"Road traffic deaths (table 11.8, monthly panel)",deaths,2023,8,2023.5833333333333,151,True,96.0,4.564348191467836,1.0
road_deaths,"Road traffic deaths (table 11.8, monthly panel)",deaths,2023,9,2023.6666666666667,152,True,103.0,4.634728988229636,1.0
road_deaths,"Road traffic deaths (table 11.8, monthly panel)",deaths,2023,10,2023.75,153,True,113.0,4.727387818712341,1.0
road_deaths,"Road traffic deaths (table 11.8, monthly panel)",deaths,2023,11,2023.8333333333333,154,True,113.0,4.727387818712341,1.0
road_deaths,"Road traffic deaths (table 11.8, monthly panel)",deaths,2023,12,2023.9166666666667,155,True,100.0,4.605170185988092,1.0
road_injuries,"Road traffic injuries (table 11.7, monthly panel)",injuries,1995,1,1995.0,-192,False,955.0,6.86171134048073,1.0
road_injuries,"Road traffic injuries (table 11.7, monthly panel)",injuries,1995,2,1995.0833333333333,-191,False,837.0,6.729824070489475,1.0
road_injuries,"Road traffic injuries (table 11.7, monthly panel)",injuries,1995,3,1995.1666666666667,-190,False,1154.0,7.050989447068045,1.0
road_injuries,"Road traffic injuries (table 11.7, monthly panel)",injuries,1995,4,1995.25,-189,False,910.0,6.813444599510896,1.0
road_injuries,"Road traffic injuries (table 11.7, monthly panel)",injuries,1995,5,1995.3333333333333,-188,False,1075.0,6.980075940561763,1.0
road_injuries,"Road traffic injuries (table 11.7, monthly panel)",injuries,1995,6,1995.4166666666667,-187,False,1001.0,6.90875477931522,1.0
road_injuries,"Road traffic injuries (table 11.7, monthly panel)",injuries,1995,7,1995.5,-186,False,1252.0,7.132497551660044,1.0
road_injuries,"Road traffic injuries (table 11.7, monthly panel)",injuries,1995,8,1995.5833333333333,-185,False,1471.0,7.293697720601438,1.0
road_injuries,"Road traffic injuries (table 11.7, monthly panel)",injuries,1995,9,1995.6666666666667,-184,False,1218.0,7.1049654482698426,1.0
road_injuries,"Road traffic injuries (table 11.7, monthly panel)",injuries,1995,10,1995.75,-183,False,1006.0,6.913737350659685,1.0
road_injuries,"Road traffic injuries (table 11.7, monthly panel)",injuries,1995,11,1995.8333333333333,-182,False,1008.0,6.915723448631314,1.0
road_injuries,"Road traffic injuries (table 11.7, monthly panel)",injuries,1995,12,1995.9166666666667,-181,False,1202.0,7.091742115095153,1.0
road_injuries,"Road traffic injuries (table 11.7, monthly panel)",injuries,1996,1,1996.0,-180,False,1003.0,6.910750787961936,1.0
road_injuries,"Road traffic injuries (table 11.7, monthly panel)",injuries,1996,2,1996.0833333333333,-179,False,1118.0,7.0192966537150445,1.0
road_injuries,"Road traffic injuries (table 11.7, monthly panel)",injuries,1996,3,1996.1666666666667,-178,False,994.0,6.901737206656574,1.0
road_injuries,"Road traffic injuries (table 11.7, monthly panel)",injuries,1996,4,1996.25,-177,False,971.0,6.878326468291325,1.0
road_injuries,"Road traffic injuries (table 11.7, monthly panel)",injuries,1996,5,1996.3333333333333,-176,False,1006.0,6.913737350659685,1.0
road_injuries,"Road traffic injuries (table 11.7, monthly panel)",injuries,1996,6,1996.4166666666667,-175,False,1028.0,6.93537044601511,1.0
road_injuries,"Road traffic injuries (table 11.7, monthly panel)",injuries,1996,7,1996.5,-174,False,1216.0,7.103322062526113,1.0
road_injuries,"Road traffic injuries (table 11.7, monthly panel)",injuries,1996,8,1996.5833333333333,-173,False,1366.0,7.2196420401307355,1.0
road_injuries,"Road traffic injuries (table 11.7, monthly panel)",injuries,1996,9,1996.6666666666667,-172,False,1328.0,7.191429330036379,1.0
road_injuries,"Road traffic injuries (table 11.7, monthly panel)",injuries,1996,10,1996.75,-171,False,1138.0,7.037027614686276,1.0
road_injuries,"Road traffic injuries (table 11.7, monthly panel)",injuries,1996,11,1996.8333333333333,-170,False,1254.0,7.134093721192866,1.0
road_injuries,"Road traffic injuries (table 11.7, monthly panel)",injuries,1996,12,1996.9166666666667,-169,False,1159.0,7.055312843339752,1.0
road_injuries,"Road traffic injuries (table 11.7, monthly panel)",injuries,1997,1,1997.0,-168,False,1163.0,7.0587581525186645,1.0
road_injuries,"Road traffic injuries (table 11.7, monthly panel)",injuries,1997,2,1997.0833333333333,-167,False,1180.0,7.07326971745971,1.0
road_injuries,"Road traffic injuries (table 11.7, monthly panel)",injuries,1997,3,1997.1666666666667,-166,False,1156.0,7.052721049232323,1.0
road_injuries,"Road traffic injuries (table 11.7, monthly panel)",injuries,1997,4,1997.25,-165,False,1100.0,7.003065458786462,1.0
road_injuries,"Road traffic injuries (table 11.7, monthly panel)",injuries,1997,5,1997.3333333333333,-164,False,1048.0,6.954638864880987,1.0
road_injuries,"Road traffic injuries (table 11.7, monthly panel)",injuries,1997,6,1997.4166666666667,-163,False,1307.0,7.175489713624222,1.0
road_injuries,"Road traffic injuries (table 11.7, monthly panel)",injuries,1997,7,1997.5,-162,False,1349.0,7.207118856207756,1.0
road_injuries,"Road traffic injuries (table 11.7, monthly panel)",injuries,1997,8,1997.5833333333333,-161,False,1575.0,7.362010551259734,1.0
road_injuries,"Road traffic injuries (table 11.7, monthly panel)",injuries,1997,9,1997.6666666666667,-160,False,1270.0,7.146772179452637,1.0
road_injuries,"Road traffic injuries (table 11.7, monthly panel)",injuries,1997,10,1997.75,-159,False,1215.0,7.102499355774649,1.0
road_injuries,"Road traffic injuries (table 11.7, monthly panel)",injuries,1997,11,1997.8333333333333,-158,False,1172.0,7.066466970136958,1.0
road_injuries,"Road traffic injuries (table 11.7, monthly panel)",injuries,1997,12,1997.9166666666667,-157,False,1034.0,6.9411900550683745,1.0
road_injuries,"Road traffic injuries (table 11.7, monthly panel)",injuries,1998,1,1998.0,-156,False,1399.0,7.243512974665482,1.0
road_injuries,"Road traffic injuries (table 11.7, monthly panel)",injuries,1998,2,1998.0833333333333,-155,False,1034.0,6.9411900550683745,1.0
road_injuries,"Road traffic injuries (table 11.7, monthly panel)",injuries,1998,3,1998.1666666666667,-154,False,1024.0,6.931471805599453,1.0
road_injuries,"Road traffic injuries (table 11.7, monthly panel)",injuries,1998,4,1998.25,-153,False,1065.0,6.970730078143525,1.0
road_injuries,"Road traffic injuries (table 11.7, monthly panel)",injuries,1998,5,1998.3333333333333,-152,False,1137.0,7.036148493750536,1.0
road_injuries,"Road traffic injuries (table 11.7, monthly panel)",injuries,1998,6,1998.4166666666667,-151,False,1311.0,7.1785454837637,1.0
road_injuries,"Road traffic injuries (table 11.7, monthly panel)",injuries,1998,7,1998.5,-150,False,1533.0,7.334981878871814,1.0
road_injuries,"Road traffic injuries (table 11.7, monthly panel)",injuries,1998,8,1998.5833333333333,-149,False,1695.0,7.43543801981455,1.0
road_injuries,"Road traffic injuries (table 11.7, monthly panel)",injuries,1998,9,1998.6666666666667,-148,False,1450.0,7.27931883541462,1.0
road_injuries,"Road traffic injuries (table 11.7, monthly panel)",injuries,1998,10,1998.75,-147,False,1346.0,7.204892510204673,1.0
road_injuries,"Road traffic injuries (table 11.7, monthly panel)",injuries,1998,11,1998.8333333333333,-146,False,1336.0,7.197435354096591,1.0
road_injuries,"Road traffic injuries (table 11.7, monthly panel)",injuries,1998,12,1998.9166666666667,-145,False,1120.0,7.02108396428914,1.0
road_injuries,"Road traffic injuries (table 11.7, monthly panel)",injuries,1999,1,1999.0,-144,False,1274.0,7.149916836132109,1.0
road_injuries,"Road traffic injuries (table 11.7, monthly panel)",injuries,1999,2,1999.0833333333333,-143,False,1076.0,6.98100574072173,1.0
road_injuries,"Road traffic injuries (table 11.7, monthly panel)",injuries,1999,3,1999.1666666666667,-142,False,1286.0,7.1592919047975645,1.0
road_injuries,"Road traffic injuries (table 11.7, monthly panel)",injuries,1999,4,1999.25,-141,False,1149.0,7.046647277848756,1.0
road_injuries,"Road traffic injuries (table 11.7, monthly panel)",injuries,1999,5,1999.3333333333333,-140,False,1281.0,7.155396301896734,1.0
road_injuries,"Road traffic injuries (table 11.7, monthly panel)",injuries,1999,6,1999.4166666666667,-139,False,1347.0,7.205635176410364,1.0
road_injuries,"Road traffic injuries (table 11.7, monthly panel)",injuries,1999,7,1999.5,-138,False,1712.0,7.445417556701687,1.0
road_injuries,"Road traffic injuries (table 11.7, monthly panel)",injuries,1999,8,1999.5833333333333,-137,False,1757.0,7.471363088187097,1.0
road_injuries,"Road traffic injuries (table 11.7, monthly panel)",injuries,1999,9,1999.6666666666667,-136,False,1570.0,7.358830898342354,1.0
road_injuries,"Road traffic injuries (table 11.7, monthly panel)",injuries,1999,10,1999.75,-135,False,1524.0,7.329093736246592,1.0
road_injuries,"Road traffic injuries (table 11.7, monthly panel)",injuries,1999,11,1999.8333333333333,-134,False,1433.0,7.267525427828172,1.0
road_injuries,"Road traffic injuries (table 11.7, monthly panel)",injuries,1999,12,1999.9166666666667,-133,False,1452.0,7.280697195384741,1.0
road_injuries,"Road traffic injuries (table 11.7, monthly panel)",injuries,2000,1,2000.0,-132,False,1549.0,7.3453648404168685,1.0
road_injuries,"Road traffic injuries (table 11.7, monthly panel)",injuries,2000,2,2000.0833333333333,-131,False,1125.0,7.025538314638521,1.0
road_injuries,"Road traffic injuries (table 11.7, monthly panel)",injuries,2000,3,2000.1666666666667,-130,False,1503.0,7.315218389752975,1.0
road_injuries,"Road traffic injuries (table 11.7, monthly panel)",injuries,2000,4,2000.25,-129,False,1379.0,7.229113877793302,1.0
road_injuries,"Road traffic injuries (table 11.7, monthly panel)",injuries,2000,5,2000.3333333333333,-128,False,1581.0,7.365812837209472,1.0
road_injuries,"Road traffic injuries (table 11.7, monthly panel)",injuries,2000,6,2000.4166666666667,-127,False,1503.0,7.315218389752975,1.0
road_injuries,"Road traffic injuries (table 11.7, monthly panel)",injuries,2000,7,2000.5,-126,False,1868.0,7.532623618788788,1.0
road_injuries,"Road traffic injuries (table 11.7, monthly panel)",injuries,2000,8,2000.5833333333333,-125,False,1685.0,7.429520842786462,1.0
road_injuries,"Road traffic injuries (table 11.7, monthly panel)",injuries,2000,9,2000.6666666666667,-124,False,1347.0,7.205635176410364,1.0
road_injuries,"Road traffic injuries (table 11.7, monthly panel)",injuries,2000,10,2000.75,-123,False,1289.0,7.161622002939187,1.0
road_injuries,"Road traffic injuries (table 11.7, monthly panel)",injuries,2000,11,2000.8333333333333,-122,False,1365.0,7.21890970761906,1.0
road_injuries,"Road traffic injuries (table 11.7, monthly panel)",injuries,2000,12,2000.9166666666667,-121,False,1346.0,7.204892510204673,1.0
road_injuries,"Road traffic injuries (table 11.7, monthly panel)",injuries,2001,1,2001.0,-120,False,1252.0,7.132497551660044,1.0
road_injuries,"Road traffic injuries (table 11.7, monthly panel)",injuries,2001,2,2001.0833333333333,-119,False,1079.0,6.983789965258135,1.0
road_injuries,"Road traffic injuries (table 11.7, monthly panel)",injuries,2001,3,2001.1666666666667,-118,False,1373.0,7.224753405767971,1.0
road_injuries,"Road traffic injuries (table 11.7, monthly panel)",injuries,2001,4,2001.25,-117,False,1198.0,7.088408778675395,1.0
road_injuries,"Road traffic injuries (table 11.7, monthly panel)",injuries,2001,5,2001.3333333333333,-116,False,1206.0,7.095064377287131,1.0
road_injuries,"Road traffic injuries (table 11.7, monthly panel)",injuries,2001,6,2001.4166666666667,-115,False,1299.0,7.1693500166706,1.0
road_injuries,"Road traffic injuries (table 11.7, monthly panel)",injuries,2001,7,2001.5,-114,False,1579.0,7.364547014255642,1.0
road_injuries,"Road traffic injuries (table 11.7, monthly panel)",injuries,2001,8,2001.5833333333333,-113,False,1782.0,7.485491608030754,1.0
road_injuries,"Road traffic injuries (table 11.7, monthly panel)",injuries,2001,9,2001.6666666666667,-112,False,1345.0,7.20414929203594,1.0
road_injuries,"Road traffic injuries (table 11.7, monthly panel)",injuries,2001,10,2001.75,-111,False,1389.0,7.236339342754344,1.0
road_injuries,"Road traffic injuries (table 11.7, monthly panel)",injuries,2001,11,2001.8333333333333,-110,False,1330.0,7.1929342212158,1.0
road_injuries,"Road traffic injuries (table 11.7, monthly panel)",injuries,2001,12,2001.9166666666667,-109,False,1503.0,7.315218389752975,1.0
road_injuries,"Road traffic injuries (table 11.7, monthly panel)",injuries,2002,1,2002.0,-108,False,1200.0,7.090076835776092,1.0
road_injuries,"Road traffic injuries (table 11.7, monthly panel)",injuries,2002,2,2002.0833333333333,-107,False,1230.0,7.114769448366463,1.0
road_injuries,"Road traffic injuries (table 11.7, monthly panel)",injuries,2002,3,2002.1666666666667,-106,False,1315.0,7.181591944611865,1.0
road_injuries,"Road traffic injuries (table 11.7, monthly panel)",injuries,2002,4,2002.25,-105,False,1188.0,7.080026499922591,1.0
road_injuries,"Road traffic injuries (table 11.7, monthly panel)",injuries,2002,5,2002.3333333333333,-104,False,1194.0,7.085064293952548,1.0
road_injuries,"Road traffic injuries (table 11.7, monthly panel)",injuries,2002,6,2002.4166666666667,-103,False,1347.0,7.205635176410364,1.0
road_injuries,"Road traffic injuries (table 11.7, monthly panel)",injuries,2002,7,2002.5,-102,False,1496.0,7.310550158534422,1.0
road_injuries,"Road traffic injuries (table 11.7, monthly panel)",injuries,2002,8,2002.5833333333333,-101,False,1730.0,7.455876687491824,1.0
road_injuries,"Road traffic injuries (table 11.7, monthly panel)",injuries,2002,9,2002.6666666666667,-100,False,1410.0,7.251344983372214,1.0
road_injuries,"Road traffic injuries (table 11.7, monthly panel)",injuries,2002,10,2002.75,-99,False,1428.0,7.2640301428995295,1.0
road_injuries,"Road traffic injuries (table 11.7, monthly panel)",injuries,2002,11,2002.8333333333333,-98,False,1265.0,7.142827401161621,1.0
road_injuries,"Road traffic injuries (table 11.7, monthly panel)",injuries,2002,12,2002.9166666666667,-97,False,1613.0,7.385851078125209,1.0
road_injuries,"Road traffic injuries (table 11.7, monthly panel)",injuries,2003,1,2003.0,-96,False,1204.0,7.093404625868766,1.0
road_injuries,"Road traffic injuries (table 11.7, monthly panel)",injuries,2003,2,2003.0833333333333,-95,False,1299.0,7.1693500166706,1.0
road_injuries,"Road traffic injuries (table 11.7, monthly panel)",injuries,2003,3,2003.1666666666667,-94,False,1185.0,7.077498053569231,1.0
road_injuries,"Road traffic injuries (table 11.7, monthly panel)",injuries,2003,4,2003.25,-93,False,1160.0,7.05617528410041,1.0
road_injuries,"Road traffic injuries (table 11.7, monthly panel)",injuries,2003,5,2003.3333333333333,-92,False,1430.0,7.265429723253953,1.0
road_injuries,"Road traffic injuries (table 11.7, monthly panel)",injuries,2003,6,2003.4166666666667,-91,False,1267.0,7.144407180321139,1.0
road_injuries,"Road traffic injuries (table 11.7, monthly panel)",injuries,2003,7,2003.5,-90,False,1475.0,7.29641326877392,1.0
road_injuries,"Road traffic injuries (table 11.7, monthly panel)",injuries,2003,8,2003.5833333333333,-89,False,1698.0,7.437206366871292,1.0
road_injuries,"Road traffic injuries (table 11.7, monthly panel)",injuries,2003,9,2003.6666666666667,-88,False,1260.0,7.138866999945524,1.0
road_injuries,"Road traffic injuries (table 11.7, monthly panel)",injuries,2003,10,2003.75,-87,False,1114.0,7.01571242048723,1.0
road_injuries,"Road traffic injuries (table 11.7, monthly panel)",injuries,2003,11,2003.8333333333333,-86,False,1314.0,7.1808311990445555,1.0
road_injuries,"Road traffic injuries (table 11.7, monthly panel)",injuries,2003,12,2003.9166666666667,-85,False,1292.0,7.163946684342547,1.0
road_injuries,"Road traffic injuries (table 11.7, monthly panel)",injuries,2004,1,2004.0,-84,False,1156.0,7.052721049232323,1.0
road_injuries,"Road traffic injuries (table 11.7, monthly panel)",injuries,2004,2,2004.0833333333333,-83,False,1149.0,7.046647277848756,1.0
road_injuries,"Road traffic injuries (table 11.7, monthly panel)",injuries,2004,3,2004.1666666666667,-82,False,1058.0,6.964135612418245,1.0
road_injuries,"Road traffic injuries (table 11.7, monthly panel)",injuries,2004,4,2004.25,-81,False,1001.0,6.90875477931522,1.0
road_injuries,"Road traffic injuries (table 11.7, monthly panel)",injuries,2004,5,2004.3333333333333,-80,False,1259.0,7.138073034044347,1.0
road_injuries,"Road traffic injuries (table 11.7, monthly panel)",injuries,2004,6,2004.4166666666667,-79,False,1283.0,7.1569563646156364,1.0
road_injuries,"Road traffic injuries (table 11.7, monthly panel)",injuries,2004,7,2004.5,-78,False,1366.0,7.2196420401307355,1.0
road_injuries,"Road traffic injuries (table 11.7, monthly panel)",injuries,2004,8,2004.5833333333333,-77,False,1505.0,7.316548177182976,1.0
road_injuries,"Road traffic injuries (table 11.7, monthly panel)",injuries,2004,9,2004.6666666666667,-76,False,1341.0,7.201170883281678,1.0
road_injuries,"Road traffic injuries (table 11.7, monthly panel)",injuries,2004,10,2004.75,-75,False,1214.0,7.101675971619444,1.0
road_injuries,"Road traffic injuries (table 11.7, monthly panel)",injuries,2004,11,2004.8333333333333,-74,False,1256.0,7.135687347028144,1.0
road_injuries,"Road traffic injuries (table 11.7, monthly panel)",injuries,2004,12,2004.9166666666667,-73,False,1266.0,7.143617602704121,1.0
road_injuries,"Road traffic injuries (table 11.7, monthly panel)",injuries,2005,1,2005.0,-72,False,1243.0,7.1252830915107115,1.0
road_injuries,"Road traffic injuries (table 11.7, monthly panel)",injuries,2005,2,2005.0833333333333,-71,False,966.0,6.873163834212518,1.0
road_injuries,"Road traffic injuries (table 11.7, monthly panel)",injuries,2005,3,2005.1666666666667,-70,False,1177.0,7.0707241072602764,1.0
road_injuries,"Road traffic injuries (table 11.7, monthly panel)",injuries,2005,4,2005.25,-69,False,1199.0,7.089243155027514,1.0
road_injuries,"Road traffic injuries (table 11.7, monthly panel)",injuries,2005,5,2005.3333333333333,-68,False,1223.0,7.109062135687172,1.0
road_injuries,"Road traffic injuries (table 11.7, monthly panel)",injuries,2005,6,2005.4166666666667,-67,False,1225.0,7.110696122978827,1.0
road_injuries,"Road traffic injuries (table 11.7, monthly panel)",injuries,2005,7,2005.5,-66,False,1411.0,7.252053951852814,1.0
road_injuries,"Road traffic injuries (table 11.7, monthly panel)",injuries,2005,8,2005.5833333333333,-65,False,1636.0,7.400009517162692,1.0
road_injuries,"Road traffic injuries (table 11.7, monthly panel)",injuries,2005,9,2005.6666666666667,-64,False,1335.0,7.19668657083435,1.0
road_injuries,"Road traffic injuries (table 11.7, monthly panel)",injuries,2005,10,2005.75,-63,False,1277.0,7.152268856032539,1.0
road_injuries,"Road traffic injuries (table 11.7, monthly panel)",injuries,2005,11,2005.8333333333333,-62,False,1389.0,7.236339342754344,1.0
road_injuries,"Road traffic injuries (table 11.7, monthly panel)",injuries,2005,12,2005.9166666666667,-61,False,1287.0,7.160069207596127,1.0
road_injuries,"Road traffic injuries (table 11.7, monthly panel)",injuries,2006,1,2006.0,-60,False,1188.0,7.080026499922591,1.0
road_injuries,"Road traffic injuries (table 11.7, monthly panel)",injuries,2006,2,2006.0833333333333,-59,False,1041.0,6.947937068614969,1.0
road_injuries,"Road traffic injuries (table 11.7, monthly panel)",injuries,2006,3,2006.1666666666667,-58,False,1239.0,7.122059881629142,1.0
road_injuries,"Road traffic injuries (table 11.7, monthly panel)",injuries,2006,4,2006.25,-57,False,1264.0,7.142036574706803,1.0
road_injuries,"Road traffic injuries (table 11.7, monthly panel)",injuries,2006,5,2006.3333333333333,-56,False,1330.0,7.1929342212158,1.0
road_injuries,"Road traffic injuries (table 11.7, monthly panel)",injuries,2006,6,2006.4166666666667,-55,False,1284.0,7.157735484249907,1.0
road_injuries,"Road traffic injuries (table 11.7, monthly panel)",injuries,2006,7,2006.5,-54,False,1392.0,7.238496840894365,1.0
road_injuries,"Road traffic injuries (table 11.7, monthly panel)",injuries,2006,8,2006.5833333333333,-53,False,1487.0,7.304515946460155,1.0
road_injuries,"Road traffic injuries (table 11.7, monthly panel)",injuries,2006,9,2006.6666666666667,-52,False,1286.0,7.1592919047975645,1.0
road_injuries,"Road traffic injuries (table 11.7, monthly panel)",injuries,2006,10,2006.75,-51,False,1247.0,7.1284959456800365,1.0
road_injuries,"Road traffic injuries (table 11.7, monthly panel)",injuries,2006,11,2006.8333333333333,-50,False,1289.0,7.161622002939187,1.0
road_injuries,"Road traffic injuries (table 11.7, monthly panel)",injuries,2006,12,2006.9166666666667,-49,False,1100.0,7.003065458786462,1.0
road_injuries,"Road traffic injuries (table 11.7, monthly panel)",injuries,2007,1,2007.0,-48,False,1159.0,7.055312843339752,1.0
road_injuries,"Road traffic injuries (table 11.7, monthly panel)",injuries,2007,2,2007.0833333333333,-47,False,1079.0,6.983789965258135,1.0
road_injuries,"Road traffic injuries (table 11.7, monthly panel)",injuries,2007,3,2007.1666666666667,-46,False,1146.0,7.044032897274685,1.0
road_injuries,"Road traffic injuries (table 11.7, monthly panel)",injuries,2007,4,2007.25,-45,False,1037.0,6.9440872082295275,1.0
road_injuries,"Road traffic injuries (table 11.7, monthly panel)",injuries,2007,5,2007.3333333333333,-44,False,1251.0,7.1316985104669115,1.0
road_injuries,"Road traffic injuries (table 11.7, monthly panel)",injuries,2007,6,2007.4166666666667,-43,False,1182.0,7.074963197966044,1.0
road_injuries,"Road traffic injuries (table 11.7, monthly panel)",injuries,2007,7,2007.5,-42,False,1284.0,7.157735484249907,1.0
road_injuries,"Road traffic injuries (table 11.7, monthly panel)",injuries,2007,8,2007.5833333333333,-41,False,1485.0,7.3031700512368,1.0
road_injuries,"Road traffic injuries (table 11.7, monthly panel)",injuries,2007,9,2007.6666666666667,-40,False,1225.0,7.110696122978827,1.0
road_injuries,"Road traffic injuries (table 11.7, monthly panel)",injuries,2007,10,2007.75,-39,False,1352.0,7.20934025660291,1.0
road_injuries,"Road traffic injuries (table 11.7, monthly panel)",injuries,2007,11,2007.8333333333333,-38,False,1098.0,7.001245622069476,1.0
road_injuries,"Road traffic injuries (table 11.7, monthly panel)",injuries,2007,12,2007.9166666666667,-37,False,1261.0,7.13966033596492,1.0
road_injuries,"Road traffic injuries (table 11.7, monthly panel)",injuries,2008,1,2008.0,-36,False,1091.0,6.994849985833071,1.0
road_injuries,"Road traffic injuries (table 11.7, monthly panel)",injuries,2008,2,2008.0833333333333,-35,False,1064.0,6.96979066990159,1.0
road_injuries,"Road traffic injuries (table 11.7, monthly panel)",injuries,2008,3,2008.1666666666667,-34,False,1092.0,6.9957661563048505,1.0
road_injuries,"Road traffic injuries (table 11.7, monthly panel)",injuries,2008,4,2008.25,-33,False,1078.0,6.982862751468942,1.0
road_injuries,"Road traffic injuries (table 11.7, monthly panel)",injuries,2008,5,2008.3333333333333,-32,False,1141.0,7.039660349862076,1.0
road_injuries,"Road traffic injuries (table 11.7, monthly panel)",injuries,2008,6,2008.4166666666667,-31,False,1124.0,7.024649030453636,1.0
road_injuries,"Road traffic injuries (table 11.7, monthly panel)",injuries,2008,7,2008.5,-30,False,1321.0,7.186144304522325,1.0
road_injuries,"Road traffic injuries (table 11.7, monthly panel)",injuries,2008,8,2008.5833333333333,-29,False,1388.0,7.23561914106675,1.0
road_injuries,"Road traffic injuries (table 11.7, monthly panel)",injuries,2008,9,2008.6666666666667,-28,False,1160.0,7.05617528410041,1.0
road_injuries,"Road traffic injuries (table 11.7, monthly panel)",injuries,2008,10,2008.75,-27,False,1250.0,7.1308988302963465,1.0
road_injuries,"Road traffic injuries (table 11.7, monthly panel)",injuries,2008,11,2008.8333333333333,-26,False,1188.0,7.080026499922591,1.0
road_injuries,"Road traffic injuries (table 11.7, monthly panel)",injuries,2008,12,2008.9166666666667,-25,False,1188.0,7.080026499922591,1.0
road_injuries,"Road traffic injuries (table 11.7, monthly panel)",injuries,2009,1,2009.0,-24,False,878.0,6.777646593635117,1.0
road_injuries,"Road traffic injuries (table 11.7, monthly panel)",injuries,2009,2,2009.0833333333333,-23,False,898.0,6.8001700683022,1.0
road_injuries,"Road traffic injuries (table 11.7, monthly panel)",injuries,2009,3,2009.1666666666667,-22,False,1065.0,6.970730078143525,1.0
road_injuries,"Road traffic injuries (table 11.7, monthly panel)",injuries,2009,4,2009.25,-21,False,978.0,6.885509670034818,1.0
road_injuries,"Road traffic injuries (table 11.7, monthly panel)",injuries,2009,5,2009.3333333333333,-20,False,1070.0,6.975413927455952,1.0
road_injuries,"Road traffic injuries (table 11.7, monthly panel)",injuries,2009,6,2009.4166666666667,-19,False,1150.0,7.047517221357296,1.0
road_injuries,"Road traffic injuries (table 11.7, monthly panel)",injuries,2009,7,2009.5,-18,False,1279.0,7.153833801578843,1.0
road_injuries,"Road traffic injuries (table 11.7, monthly panel)",injuries,2009,8,2009.5833333333333,-17,False,1158.0,7.05444965813294,1.0
road_injuries,"Road traffic injuries (table 11.7, monthly panel)",injuries,2009,9,2009.6666666666667,-16,False,1148.0,7.045776576879511,1.0
road_injuries,"Road traffic injuries (table 11.7, monthly panel)",injuries,2009,10,2009.75,-15,False,1174.0,7.068172000388042,1.0
road_injuries,"Road traffic injuries (table 11.7, monthly panel)",injuries,2009,11,2009.8333333333333,-14,False,1173.0,7.067319848653476,1.0
road_injuries,"Road traffic injuries (table 11.7, monthly panel)",injuries,2009,12,2009.9166666666667,-13,False,1079.0,6.983789965258135,1.0
road_injuries,"Road traffic injuries (table 11.7, monthly panel)",injuries,2010,1,2010.0,-12,False,948.0,6.854354502255021,1.0
road_injuries,"Road traffic injuries (table 11.7, monthly panel)",injuries,2010,2,2010.0833333333333,-11,False,1032.0,6.939253946041508,1.0
road_injuries,"Road traffic injuries (table 11.7, monthly panel)",injuries,2010,3,2010.1666666666667,-10,False,984.0,6.891625897052253,1.0
road_injuries,"Road traffic injuries (table 11.7, monthly panel)",injuries,2010,4,2010.25,-9,False,939.0,6.844815479208263,1.0
road_injuries,"Road traffic injuries (table 11.7, monthly panel)",injuries,2010,5,2010.3333333333333,-8,False,1016.0,6.923628628138427,1.0
road_injuries,"Road traffic injuries (table 11.7, monthly panel)",injuries,2010,6,2010.4166666666667,-7,False,977.0,6.884486652042782,1.0
road_injuries,"Road traffic injuries (table 11.7, monthly panel)",injuries,2010,7,2010.5,-6,False,1189.0,7.080867896690782,1.0
road_injuries,"Road traffic injuries (table 11.7, monthly panel)",injuries,2010,8,2010.5833333333333,-5,False,1085.0,6.98933526597456,1.0
road_injuries,"Road traffic injuries (table 11.7, monthly panel)",injuries,2010,9,2010.6666666666667,-4,False,1120.0,7.02108396428914,1.0
road_injuries,"Road traffic injuries (table 11.7, monthly panel)",injuries,2010,10,2010.75,-3,False,1053.0,6.959398512133975,1.0
road_injuries,"Road traffic injuries (table 11.7, monthly panel)",injuries,2010,11,2010.8333333333333,-2,False,1039.0,6.946013991099227,1.0
road_injuries,"Road traffic injuries (table 11.7, monthly panel)",injuries,2010,12,2010.9166666666667,-1,False,1113.0,7.014814351275545,1.0
road_injuries,"Road traffic injuries (table 11.7, monthly panel)",injuries,2011,1,2011.0,0,True,495.0,6.20455776256869,1.0
road_injuries,"Road traffic injuries (table 11.7, monthly panel)",injuries,2011,2,2011.0833333333333,1,True,655.0,6.484635235635252,1.0
road_injuries,"Road traffic injuries (table 11.7, monthly panel)",injuries,2011,3,2011.1666666666667,2,True,1076.0,6.98100574072173,1.0
road_injuries,"Road traffic injuries (table 11.7, monthly panel)",injuries,2011,4,2011.25,3,True,1019.0,6.926577033222725,1.0
road_injuries,"Road traffic injuries (table 11.7, monthly panel)",injuries,2011,5,2011.3333333333333,4,True,956.0,6.862757913051401,1.0
road_injuries,"Road traffic injuries (table 11.7, monthly panel)",injuries,2011,6,2011.4166666666667,5,True,1227.0,7.112327444710911,1.0
road_injuries,"Road traffic injuries (table 11.7, monthly panel)",injuries,2011,7,2011.5,6,True,1280.0,7.154615356913663,1.0
road_injuries,"Road traffic injuries (table 11.7, monthly panel)",injuries,2011,8,2011.5833333333333,7,True,1103.0,7.005789019253503,1.0
road_injuries,"Road traffic injuries (table 11.7, monthly panel)",injuries,2011,9,2011.6666666666667,8,True,1245.0,7.126890808898808,1.0
road_injuries,"Road traffic injuries (table 11.7, monthly panel)",injuries,2011,10,2011.75,9,True,1184.0,7.076653815443951,1.0
road_injuries,"Road traffic injuries (table 11.7, monthly panel)",injuries,2011,11,2011.8333333333333,10,True,1244.0,7.126087273299125,1.0
road_injuries,"Road traffic injuries (table 11.7, monthly panel)",injuries,2011,12,2011.9166666666667,11,True,1169.0,7.063903961472068,1.0
road_injuries,"Road traffic injuries (table 11.7, monthly panel)",injuries,2012,1,2012.0,12,True,1074.0,6.97914527506881,1.0
road_injuries,"Road traffic injuries (table 11.7, monthly panel)",injuries,2012,2,2012.0833333333333,13,True,990.0,6.897704943128636,1.0
road_injuries,"Road traffic injuries (table 11.7, monthly panel)",injuries,2012,3,2012.1666666666667,14,True,1238.0,7.121252453244542,1.0
road_injuries,"Road traffic injuries (table 11.7, monthly panel)",injuries,2012,4,2012.25,15,True,1083.0,6.9874902470009905,1.0
road_injuries,"Road traffic injuries (table 11.7, monthly panel)",injuries,2012,5,2012.3333333333333,16,True,1275.0,7.150701457592526,1.0
road_injuries,"Road traffic injuries (table 11.7, monthly panel)",injuries,2012,6,2012.4166666666667,17,True,1175.0,7.069023426578259,1.0
road_injuries,"Road traffic injuries (table 11.7, monthly panel)",injuries,2012,7,2012.5,18,True,1270.0,7.146772179452637,1.0
road_injuries,"Road traffic injuries (table 11.7, monthly panel)",injuries,2012,8,2012.5833333333333,19,True,1373.0,7.224753405767971,1.0
road_injuries,"Road traffic injuries (table 11.7, monthly panel)",injuries,2012,9,2012.6666666666667,20,True,1135.0,7.034387929915503,1.0
road_injuries,"Road traffic injuries (table 11.7, monthly panel)",injuries,2012,10,2012.75,21,True,1218.0,7.1049654482698426,1.0
road_injuries,"Road traffic injuries (table 11.7, monthly panel)",injuries,2012,11,2012.8333333333333,22,True,1133.0,7.0326242610280065,1.0
road_injuries,"Road traffic injuries (table 11.7, monthly panel)",injuries,2012,12,2012.9166666666667,23,True,1180.0,7.07326971745971,1.0
road_injuries,"Road traffic injuries (table 11.7, monthly panel)",injuries,2013,1,2013.0,24,True,1026.0,6.933423025730715,1.0
road_injuries,"Road traffic injuries (table 11.7, monthly panel)",injuries,2013,2,2013.0833333333333,25,True,993.0,6.900730664045173,1.0
road_injuries,"Road traffic injuries (table 11.7, monthly panel)",injuries,2013,3,2013.1666666666667,26,True,1069.0,6.974478911025045,1.0
road_injuries,"Road traffic injuries (table 11.7, monthly panel)",injuries,2013,4,2013.25,27,True,1142.0,7.040536390215956,1.0
road_injuries,"Road traffic injuries (table 11.7, monthly panel)",injuries,2013,5,2013.3333333333333,28,True,1141.0,7.039660349862076,1.0
road_injuries,"Road traffic injuries (table 11.7, monthly panel)",injuries,2013,6,2013.4166666666667,29,True,1379.0,7.229113877793302,1.0
road_injuries,"Road traffic injuries (table 11.7, monthly panel)",injuries,2013,7,2013.5,30,True,1210.0,7.098375638590786,1.0
road_injuries,"Road traffic injuries (table 11.7, monthly panel)",injuries,2013,8,2013.5833333333333,31,True,1379.0,7.229113877793302,1.0
road_injuries,"Road traffic injuries (table 11.7, monthly panel)",injuries,2013,9,2013.6666666666667,32,True,1182.0,7.074963197966044,1.0
road_injuries,"Road traffic injuries (table 11.7, monthly panel)",injuries,2013,10,2013.75,33,True,1188.0,7.080026499922591,1.0
road_injuries,"Road traffic injuries (table 11.7, monthly panel)",injuries,2013,11,2013.8333333333333,34,True,926.0,6.8308742346461795,1.0
road_injuries,"Road traffic injuries (table 11.7, monthly panel)",injuries,2013,12,2013.9166666666667,35,True,904.0,6.806829360392176,1.0
road_injuries,"Road traffic injuries (table 11.7, monthly panel)",injuries,2014,1,2014.0,36,True,1173.0,7.067319848653476,1.0
road_injuries,"Road traffic injuries (table 11.7, monthly panel)",injuries,2014,2,2014.0833333333333,37,True,945.0,6.851184927493743,1.0
road_injuries,"Road traffic injuries (table 11.7, monthly panel)",injuries,2014,3,2014.1666666666667,38,True,1017.0,6.92461239604856,1.0
road_injuries,"Road traffic injuries (table 11.7, monthly panel)",injuries,2014,4,2014.25,39,True,1190.0,7.081708586105575,1.0
road_injuries,"Road traffic injuries (table 11.7, monthly panel)",injuries,2014,5,2014.3333333333333,40,True,1075.0,6.980075940561763,1.0
road_injuries,"Road traffic injuries (table 11.7, monthly panel)",injuries,2014,6,2014.4166666666667,41,True,1132.0,7.0317412587631285,1.0
road_injuries,"Road traffic injuries (table 11.7, monthly panel)",injuries,2014,7,2014.5,42,True,1049.0,6.955592608396297,1.0
road_injuries,"Road traffic injuries (table 11.7, monthly panel)",injuries,2014,8,2014.5833333333333,43,True,1278.0,7.15305163493748,1.0
road_injuries,"Road traffic injuries (table 11.7, monthly panel)",injuries,2014,9,2014.6666666666667,44,True,965.0,6.872128101338986,1.0
road_injuries,"Road traffic injuries (table 11.7, monthly panel)",injuries,2014,10,2014.75,45,True,942.0,6.848005274576363,1.0
road_injuries,"Road traffic injuries (table 11.7, monthly panel)",injuries,2014,11,2014.8333333333333,46,True,859.0,6.755768921984255,1.0
road_injuries,"Road traffic injuries (table 11.7, monthly panel)",injuries,2014,12,2014.9166666666667,47,True,729.0,6.591673732008658,1.0
road_injuries,"Road traffic injuries (table 11.7, monthly panel)",injuries,2015,1,2015.0,48,True,847.0,6.741700694652055,1.0
road_injuries,"Road traffic injuries (table 11.7, monthly panel)",injuries,2015,2,2015.0833333333333,49,True,775.0,6.652863029353347,1.0
road_injuries,"Road traffic injuries (table 11.7, monthly panel)",injuries,2015,3,2015.1666666666667,50,True,871.0,6.769641976852503,1.0
road_injuries,"Road traffic injuries (table 11.7, monthly panel)",injuries,2015,4,2015.25,51,True,839.0,6.732210706467206,1.0
road_injuries,"Road traffic injuries (table 11.7, monthly panel)",injuries,2015,5,2015.3333333333333,52,True,1041.0,6.947937068614969,1.0
road_injuries,"Road traffic injuries (table 11.7, monthly panel)",injuries,2015,6,2015.4166666666667,53,True,959.0,6.8658910748834385,1.0
road_injuries,"Road traffic injuries (table 11.7, monthly panel)",injuries,2015,7,2015.5,54,True,1181.0,7.074116816197362,1.0
road_injuries,"Road traffic injuries (table 11.7, monthly panel)",injuries,2015,8,2015.5833333333333,55,True,1145.0,7.0431599159883405,1.0
road_injuries,"Road traffic injuries (table 11.7, monthly panel)",injuries,2015,9,2015.6666666666667,56,True,955.0,6.86171134048073,1.0
road_injuries,"Road traffic injuries (table 11.7, monthly panel)",injuries,2015,10,2015.75,57,True,824.0,6.714170529909472,1.0
road_injuries,"Road traffic injuries (table 11.7, monthly panel)",injuries,2015,11,2015.8333333333333,58,True,686.0,6.530877627725885,1.0
road_injuries,"Road traffic injuries (table 11.7, monthly panel)",injuries,2015,12,2015.9166666666667,59,True,759.0,6.63200177739563,1.0
road_injuries,"Road traffic injuries (table 11.7, monthly panel)",injuries,2016,1,2016.0,60,True,942.0,6.848005274576363,1.0
road_injuries,"Road traffic injuries (table 11.7, monthly panel)",injuries,2016,2,2016.0833333333333,61,True,914.0,6.81783057145415,1.0
road_injuries,"Road traffic injuries (table 11.7, monthly panel)",injuries,2016,3,2016.1666666666667,62,True,945.0,6.851184927493743,1.0
road_injuries,"Road traffic injuries (table 11.7, monthly panel)",injuries,2016,4,2016.25,63,True,921.0,6.825460036255307,1.0
road_injuries,"Road traffic injuries (table 11.7, monthly panel)",injuries,2016,5,2016.3333333333333,64,True,911.0,6.814542897259958,1.0
road_injuries,"Road traffic injuries (table 11.7, monthly panel)",injuries,2016,6,2016.4166666666667,65,True,956.0,6.862757913051401,1.0
road_injuries,"Road traffic injuries (table 11.7, monthly panel)",injuries,2016,7,2016.5,66,True,1107.0,7.009408932708637,1.0
road_injuries,"Road traffic injuries (table 11.7, monthly panel)",injuries,2016,8,2016.5833333333333,67,True,1049.0,6.955592608396297,1.0
road_injuries,"Road traffic injuries (table 11.7, monthly panel)",injuries,2016,9,2016.6666666666667,68,True,1007.0,6.914730892718563,1.0
road_injuries,"Road traffic injuries (table 11.7, monthly panel)",injuries,2016,10,2016.75,69,True,766.0,6.641182169740591,1.0
road_injuries,"Road traffic injuries (table 11.7, monthly panel)",injuries,2016,11,2016.8333333333333,70,True,771.0,6.647688373563329,1.0
road_injuries,"Road traffic injuries (table 11.7, monthly panel)",injuries,2016,12,2016.9166666666667,71,True,746.0,6.61472560020376,1.0
road_injuries,"Road traffic injuries (table 11.7, monthly panel)",injuries,2017,1,2017.0,72,True,907.0,6.810142450115136,1.0
road_injuries,"Road traffic injuries (table 11.7, monthly panel)",injuries,2017,2,2017.0833333333333,73,True,738.0,6.6039438246004725,1.0
road_injuries,"Road traffic injuries (table 11.7, monthly panel)",injuries,2017,3,2017.1666666666667,74,True,1028.0,6.93537044601511,1.0
road_injuries,"Road traffic injuries (table 11.7, monthly panel)",injuries,2017,4,2017.25,75,True,878.0,6.777646593635117,1.0
road_injuries,"Road traffic injuries (table 11.7, monthly panel)",injuries,2017,5,2017.3333333333333,76,True,868.0,6.7661917146603505,1.0
road_injuries,"Road traffic injuries (table 11.7, monthly panel)",injuries,2017,6,2017.4166666666667,77,True,802.0,6.687108607866515,1.0
road_injuries,"Road traffic injuries (table 11.7, monthly panel)",injuries,2017,7,2017.5,78,True,1164.0,7.059617628291383,1.0
road_injuries,"Road traffic injuries (table 11.7, monthly panel)",injuries,2017,8,2017.5833333333333,79,True,1029.0,6.9363427358340495,1.0
road_injuries,"Road traffic injuries (table 11.7, monthly panel)",injuries,2017,9,2017.6666666666667,80,True,799.0,6.683360945766275,1.0
road_injuries,"Road traffic injuries (table 11.7, monthly panel)",injuries,2017,10,2017.75,81,True,783.0,6.663132695990803,1.0
road_injuries,"Road traffic injuries (table 11.7, monthly panel)",injuries,2017,11,2017.8333333333333,82,True,799.0,6.683360945766275,1.0
road_injuries,"Road traffic injuries (table 11.7, monthly panel)",injuries,2017,12,2017.9166666666667,83,True,620.0,6.429719478039138,1.0
road_injuries,"Road traffic injuries (table 11.7, monthly panel)",injuries,2018,1,2018.0,84,True,845.0,6.739336627357174,1.0
road_injuries,"Road traffic injuries (table 11.7, monthly panel)",injuries,2018,2,2018.0833333333333,85,True,821.0,6.710523109452428,1.0
road_injuries,"Road traffic injuries (table 11.7, monthly panel)",injuries,2018,3,2018.1666666666667,86,True,801.0,6.68586094706836,1.0
road_injuries,"Road traffic injuries (table 11.7, monthly panel)",injuries,2018,4,2018.25,87,True,700.0,6.551080335043404,1.0
road_injuries,"Road traffic injuries (table 11.7, monthly panel)",injuries,2018,5,2018.3333333333333,88,True,767.0,6.642486801367256,1.0
road_injuries,"Road traffic injuries (table 11.7, monthly panel)",injuries,2018,6,2018.4166666666667,89,True,916.0,6.82001636467413,1.0
road_injuries,"Road traffic injuries (table 11.7, monthly panel)",injuries,2018,7,2018.5,90,True,882.0,6.782192056006791,1.0
road_injuries,"Road traffic injuries (table 11.7, monthly panel)",injuries,2018,8,2018.5833333333333,91,True,803.0,6.688354713946762,1.0
road_injuries,"Road traffic injuries (table 11.7, monthly panel)",injuries,2018,9,2018.6666666666667,92,True,575.0,6.354370040797351,1.0
road_injuries,"Road traffic injuries (table 11.7, monthly panel)",injuries,2018,10,2018.75,93,True,551.0,6.311734809152915,1.0
road_injuries,"Road traffic injuries (table 11.7, monthly panel)",injuries,2018,11,2018.8333333333333,94,True,568.0,6.342121418721152,1.0
road_injuries,"Road traffic injuries (table 11.7, monthly panel)",injuries,2018,12,2018.9166666666667,95,True,647.0,6.472346294500901,1.0
road_injuries,"Road traffic injuries (table 11.7, monthly panel)",injuries,2019,1,2019.0,96,True,790.0,6.672032945461067,1.0
road_injuries,"Road traffic injuries (table 11.7, monthly panel)",injuries,2019,2,2019.0833333333333,97,True,634.0,6.452048954437226,1.0
road_injuries,"Road traffic injuries (table 11.7, monthly panel)",injuries,2019,3,2019.1666666666667,98,True,703.0,6.555356891810665,1.0
road_injuries,"Road traffic injuries (table 11.7, monthly panel)",injuries,2019,4,2019.25,99,True,759.0,6.63200177739563,1.0
road_injuries,"Road traffic injuries (table 11.7, monthly panel)",injuries,2019,5,2019.3333333333333,100,True,750.0,6.620073206530356,1.0
road_injuries,"Road traffic injuries (table 11.7, monthly panel)",injuries,2019,6,2019.4166666666667,101,True,823.0,6.71295620067707,1.0
road_injuries,"Road traffic injuries (table 11.7, monthly panel)",injuries,2019,7,2019.5,102,True,879.0,6.778784897685177,1.0
road_injuries,"Road traffic injuries (table 11.7, monthly panel)",injuries,2019,8,2019.5833333333333,103,True,724.0,6.584791392385716,1.0
road_injuries,"Road traffic injuries (table 11.7, monthly panel)",injuries,2019,9,2019.6666666666667,104,True,660.0,6.492239835020471,1.0
road_injuries,"Road traffic injuries (table 11.7, monthly panel)",injuries,2019,10,2019.75,105,True,632.0,6.448889394146858,1.0
road_injuries,"Road traffic injuries (table 11.7, monthly panel)",injuries,2019,11,2019.8333333333333,106,True,629.0,6.444131256700441,1.0
road_injuries,"Road traffic injuries (table 11.7, monthly panel)",injuries,2019,12,2019.9166666666667,107,True,591.0,6.3818160174060985,1.0
road_injuries,"Road traffic injuries (table 11.7, monthly panel)",injuries,2020,1,2020.0,108,True,780.0,6.659293919683638,1.0
road_injuries,"Road traffic injuries (table 11.7, monthly panel)",injuries,2020,2,2020.0833333333333,109,True,700.0,6.551080335043404,1.0
road_injuries,"Road traffic injuries (table 11.7, monthly panel)",injuries,2020,3,2020.1666666666667,110,True,417.0,6.0330862217988015,1.0
road_injuries,"Road traffic injuries (table 11.7, monthly panel)",injuries,2020,4,2020.25,111,True,179.0,5.187385805840755,1.0
road_injuries,"Road traffic injuries (table 11.7, monthly panel)",injuries,2020,5,2020.3333333333333,112,True,478.0,6.169610732491456,1.0
road_injuries,"Road traffic injuries (table 11.7, monthly panel)",injuries,2020,6,2020.4166666666667,113,True,639.0,6.459904454377535,1.0
road_injuries,"Road traffic injuries (table 11.7, monthly panel)",injuries,2020,7,2020.5,114,True,733.0,6.597145701886651,1.0
road_injuries,"Road traffic injuries (table 11.7, monthly panel)",injuries,2020,8,2020.5833333333333,115,True,703.0,6.555356891810665,1.0
road_injuries,"Road traffic injuries (table 11.7, monthly panel)",injuries,2020,9,2020.6666666666667,116,True,523.0,6.259581464064923,1.0
road_injuries,"Road traffic injuries (table 11.7, monthly panel)",injuries,2020,10,2020.75,117,True,563.0,6.333279628139691,1.0
road_injuries,"Road traffic injuries (table 11.7, monthly panel)",injuries,2020,11,2020.8333333333333,118,True,532.0,6.2766434893416445,1.0
road_injuries,"Road traffic injuries (table 11.7, monthly panel)",injuries,2020,12,2020.9166666666667,119,True,515.0,6.244166900663736,1.0
road_injuries,"Road traffic injuries (table 11.7, monthly panel)",injuries,2021,1,2021.0,120,True,590.0,6.380122536899765,1.0
road_injuries,"Road traffic injuries (table 11.7, monthly panel)",injuries,2021,2,2021.0833333333333,121,True,576.0,6.3561076606958915,1.0
road_injuries,"Road traffic injuries (table 11.7, monthly panel)",injuries,2021,3,2021.1666666666667,122,True,745.0,6.61338421837956,1.0
road_injuries,"Road traffic injuries (table 11.7, monthly panel)",injuries,2021,4,2021.25,123,True,518.0,6.249975242259483,1.0
road_injuries,"Road traffic injuries (table 11.7, monthly panel)",injuries,2021,5,2021.3333333333333,124,True,712.0,6.568077911411976,1.0
road_injuries,"Road traffic injuries (table 11.7, monthly panel)",injuries,2021,6,2021.4166666666667,125,True,710.0,6.565264970035361,1.0
road_injuries,"Road traffic injuries (table 11.7, monthly panel)",injuries,2021,7,2021.5,126,True,555.0,6.318968113746434,1.0
road_injuries,"Road traffic injuries (table 11.7, monthly panel)",injuries,2021,8,2021.5833333333333,127,True,600.0,6.396929655216146,1.0
road_injuries,"Road traffic injuries (table 11.7, monthly panel)",injuries,2021,9,2021.6666666666667,128,True,475.0,6.163314804034641,1.0
road_injuries,"Road traffic injuries (table 11.7, monthly panel)",injuries,2021,10,2021.75,129,True,504.0,6.222576268071369,1.0
road_injuries,"Road traffic injuries (table 11.7, monthly panel)",injuries,2021,11,2021.8333333333333,130,True,442.0,6.091309882077698,1.0
road_injuries,"Road traffic injuries (table 11.7, monthly panel)",injuries,2021,12,2021.9166666666667,131,True,456.0,6.1224928095143865,1.0
road_injuries,"Road traffic injuries (table 11.7, monthly panel)",injuries,2022,1,2022.0,132,True,701.0,6.55250788703459,1.0
road_injuries,"Road traffic injuries (table 11.7, monthly panel)",injuries,2022,2,2022.0833333333333,133,True,628.0,6.4425401664681985,1.0
road_injuries,"Road traffic injuries (table 11.7, monthly panel)",injuries,2022,3,2022.1666666666667,134,True,593.0,6.385194398997726,1.0
road_injuries,"Road traffic injuries (table 11.7, monthly panel)",injuries,2022,4,2022.25,135,True,637.0,6.456769655572163,1.0
road_injuries,"Road traffic injuries (table 11.7, monthly panel)",injuries,2022,5,2022.3333333333333,136,True,736.0,6.601230118728877,1.0
road_injuries,"Road traffic injuries (table 11.7, monthly panel)",injuries,2022,6,2022.4166666666667,137,True,728.0,6.590301048196686,1.0
road_injuries,"Road traffic injuries (table 11.7, monthly panel)",injuries,2022,7,2022.5,138,True,830.0,6.721425700790643,1.0
road_injuries,"Road traffic injuries (table 11.7, monthly panel)",injuries,2022,8,2022.5833333333333,139,True,779.0,6.658011045870748,1.0
road_injuries,"Road traffic injuries (table 11.7, monthly panel)",injuries,2022,9,2022.6666666666667,140,True,653.0,6.481577129276431,1.0
road_injuries,"Road traffic injuries (table 11.7, monthly panel)",injuries,2022,10,2022.75,141,True,713.0,6.569481420414296,1.0
road_injuries,"Road traffic injuries (table 11.7, monthly panel)",injuries,2022,11,2022.8333333333333,142,True,638.0,6.45833828334479,1.0
road_injuries,"Road traffic injuries (table 11.7, monthly panel)",injuries,2022,12,2022.9166666666667,143,True,548.0,6.306275286948016,1.0
road_injuries,"Road traffic injuries (table 11.7, monthly panel)",injuries,2023,1,2023.0,144,True,742.0,6.60934924316738,1.0
road_injuries,"Road traffic injuries (table 11.7, monthly panel)",injuries,2023,2,2023.0833333333333,145,True,726.0,6.587550014824796,1.0
road_injuries,"Road traffic injuries (table 11.7, monthly panel)",injuries,2023,3,2023.1666666666667,146,True,653.0,6.481577129276431,1.0
road_injuries,"Road traffic injuries (table 11.7, monthly panel)",injuries,2023,4,2023.25,147,True,661.0,6.493753839851686,1.0
road_injuries,"Road traffic injuries (table 11.7, monthly panel)",injuries,2023,5,2023.3333333333333,148,True,751.0,6.621405651764134,1.0
road_injuries,"Road traffic injuries (table 11.7, monthly panel)",injuries,2023,6,2023.4166666666667,149,True,661.0,6.493753839851686,1.0
road_injuries,"Road traffic injuries (table 11.7, monthly panel)",injuries,2023,7,2023.5,150,True,732.0,6.595780513961311,1.0
road_injuries,"Road traffic injuries (table 11.7, monthly panel)",injuries,2023,8,2023.5833333333333,151,True,733.0,6.597145701886651,1.0
road_injuries,"Road traffic injuries (table 11.7, monthly panel)",injuries,2023,9,2023.6666666666667,152,True,634.0,6.452048954437226,1.0
road_injuries,"Road traffic injuries (table 11.7, monthly panel)",injuries,2023,10,2023.75,153,True,622.0,6.432940092739179,1.0
road_injuries,"Road traffic injuries (table 11.7, monthly panel)",injuries,2023,11,2023.8333333333333,154,True,505.0,6.22455842927536,1.0
road_injuries,"Road traffic injuries (table 11.7, monthly panel)",injuries,2023,12,2023.9166666666667,155,True,490.0,6.194405391104672,1.0
tourist_departures,"Non-resident departures, all transport modes",thousands,2004,1,2004.0,-84,False,323.3,5.778580684731388,0.8333
tourist_departures,"Non-resident departures, all transport modes",thousands,2004,2,2004.0833333333333,-83,False,296.5,5.69204721843778,0.8333
tourist_departures,"Non-resident departures, all transport modes",thousands,2004,3,2004.1666666666667,-82,False,361.4,5.889985378158128,0.8333
tourist_departures,"Non-resident departures, all transport modes",thousands,2004,4,2004.25,-81,False,450.7,6.110801929696603,0.8333
tourist_departures,"Non-resident departures, all transport modes",thousands,2004,5,2004.3333333333333,-80,False,455.3,6.120956542340736,0.8333
tourist_departures,"Non-resident departures, all transport modes",thousands,2004,6,2004.4166666666667,-79,False,506.7,6.227919112481864,0.8333
tourist_departures,"Non-resident departures, all transport modes",thousands,2004,7,2004.5,-78,False,661.7,6.494812281018014,0.8333
tourist_departures,"Non-resident departures, all transport modes",thousands,2004,9,2004.6666666666667,-76,False,704.3,6.557204401751364,0.8333
tourist_departures,"Non-resident departures, all transport modes",thousands,2004,10,2004.75,-75,False,610.1,6.413622878157807,0.8333
tourist_departures,"Non-resident departures, all transport modes",thousands,2004,11,2004.8333333333333,-74,False,357.0,5.877735781779639,0.8333
tourist_departures,"Non-resident departures, all transport modes",thousands,2005,1,2005.0,-72,False,330.1,5.799395638859147,1.0
tourist_departures,"Non-resident departures, all transport modes",thousands,2005,2,2005.0833333333333,-71,False,307.0,5.726847747587197,1.0
tourist_departures,"Non-resident departures, all transport modes",thousands,2005,3,2005.1666666666667,-70,False,392.5,5.972536537222463,1.0
tourist_departures,"Non-resident departures, all transport modes",thousands,2005,4,2005.25,-69,False,461.1,6.13361493921266,1.0
tourist_departures,"Non-resident departures, all transport modes",thousands,2005,5,2005.3333333333333,-68,False,538.7,6.289158829686488,1.0
tourist_departures,"Non-resident departures, all transport modes",thousands,2005,6,2005.4166666666667,-67,False,576.3,6.35662835844262,1.0
tourist_departures,"Non-resident departures, all transport modes",thousands,2005,7,2005.5,-66,False,763.5,6.637913124658687,1.0
tourist_departures,"Non-resident departures, all transport modes",thousands,2005,8,2005.5833333333333,-65,False,976.9,6.884384292658897,1.0
tourist_departures,"Non-resident departures, all transport modes",thousands,2005,9,2005.6666666666667,-64,False,729.7,6.592633490771575,1.0
tourist_departures,"Non-resident departures, all transport modes",thousands,2005,10,2005.75,-63,False,577.8,6.359227788032134,1.0
tourist_departures,"Non-resident departures, all transport modes",thousands,2005,11,2005.8333333333333,-62,False,368.6,5.909712045235723,1.0
tourist_departures,"Non-resident departures, all transport modes",thousands,2005,12,2005.9166666666667,-61,False,316.7,5.757954953544594,1.0
tourist_departures,"Non-resident departures, all transport modes",thousands,2006,1,2006.0,-60,False,320.0,5.768320995793772,1.0
tourist_departures,"Non-resident departures, all transport modes",thousands,2006,2,2006.0833333333333,-59,False,273.0,5.60947179518496,1.0
tourist_departures,"Non-resident departures, all transport modes",thousands,2006,3,2006.1666666666667,-58,False,357.4,5.878855602725328,1.0
tourist_departures,"Non-resident departures, all transport modes",thousands,2006,4,2006.25,-57,False,520.8,6.255366090894359,1.0
tourist_departures,"Non-resident departures, all transport modes",thousands,2006,5,2006.3333333333333,-56,False,528.5,6.270042805310292,1.0
tourist_departures,"Non-resident departures, all transport modes",thousands,2006,6,2006.4166666666667,-55,False,580.8,6.364406463510586,1.0
tourist_departures,"Non-resident departures, all transport modes",thousands,2006,7,2006.5,-54,False,768.0,6.643789733147672,1.0
tourist_departures,"Non-resident departures, all transport modes",thousands,2006,8,2006.5833333333333,-53,False,1016.1,6.923727048491836,1.0
tourist_departures,"Non-resident departures, all transport modes",thousands,2006,9,2006.6666666666667,-52,False,769.1,6.6452210000630085,1.0
tourist_departures,"Non-resident departures, all transport modes",thousands,2006,10,2006.75,-51,False,575.9,6.355934034512627,1.0
tourist_departures,"Non-resident departures, all transport modes",thousands,2006,11,2006.8333333333333,-50,False,385.8,5.955319100471629,1.0
tourist_departures,"Non-resident departures, all transport modes",thousands,2006,12,2006.9166666666667,-49,False,274.1,5.61349300330874,1.0
tourist_departures,"Non-resident departures, all transport modes",thousands,2007,1,2007.0,-48,False,308.6,5.73204593992906,1.0
tourist_departures,"Non-resident departures, all transport modes",thousands,2007,2,2007.0833333333333,-47,False,275.4,5.618224586294555,1.0
tourist_departures,"Non-resident departures, all transport modes",thousands,2007,3,2007.1666666666667,-46,False,380.0,5.940171252720432,1.0
tourist_departures,"Non-resident departures, all transport modes",thousands,2007,4,2007.25,-45,False,520.5,6.254789888055024,1.0
tourist_departures,"Non-resident departures, all transport modes",thousands,2007,5,2007.3333333333333,-44,False,506.3,6.227129378975864,1.0
tourist_departures,"Non-resident departures, all transport modes",thousands,2007,6,2007.4166666666667,-43,False,592.0,6.3835066348840055,1.0
tourist_departures,"Non-resident departures, all transport modes",thousands,2007,7,2007.5,-42,False,791.3,6.673677162615148,1.0
tourist_departures,"Non-resident departures, all transport modes",thousands,2007,8,2007.5833333333333,-41,False,1044.6,6.9513893160021984,1.0
tourist_departures,"Non-resident departures, all transport modes",thousands,2007,9,2007.6666666666667,-40,False,760.8,6.634370511231181,1.0
tourist_departures,"Non-resident departures, all transport modes",thousands,2007,10,2007.75,-39,False,597.4,6.392586905782009,1.0
tourist_departures,"Non-resident departures, all transport modes",thousands,2007,11,2007.8333333333333,-38,False,406.0,6.0063531596017325,1.0
tourist_departures,"Non-resident departures, all transport modes",thousands,2007,12,2007.9166666666667,-37,False,269.7,5.597310230145684,1.0
tourist_departures,"Non-resident departures, all transport modes",thousands,2008,1,2008.0,-36,False,328.0,5.793013608384144,1.0
tourist_departures,"Non-resident departures, all transport modes",thousands,2008,2,2008.0833333333333,-35,False,301.4,5.708438286192395,1.0
tourist_departures,"Non-resident departures, all transport modes",thousands,2008,3,2008.1666666666667,-34,False,425.3,6.052794802259588,1.0
tourist_departures,"Non-resident departures, all transport modes",thousands,2008,4,2008.25,-33,False,461.5,6.134482053942907,1.0
tourist_departures,"Non-resident departures, all transport modes",thousands,2008,5,2008.3333333333333,-32,False,583.0,6.368187186350492,1.0
tourist_departures,"Non-resident departures, all transport modes",thousands,2008,6,2008.4166666666667,-31,False,652.7,6.481117605641172,1.0
tourist_departures,"Non-resident departures, all transport modes",thousands,2008,7,2008.5,-30,False,838.0,6.731018100482083,1.0
tourist_departures,"Non-resident departures, all transport modes",thousands,2008,8,2008.5833333333333,-29,False,1152.5,7.049688774870804,1.0
tourist_departures,"Non-resident departures, all transport modes",thousands,2008,9,2008.6666666666667,-28,False,668.0,6.504288173536645,1.0
tourist_departures,"Non-resident departures, all transport modes",thousands,2008,10,2008.75,-27,False,667.8,6.5039887275095545,1.0
tourist_departures,"Non-resident departures, all transport modes",thousands,2008,11,2008.8333333333333,-26,False,439.5,6.085637717125231,1.0
tourist_departures,"Non-resident departures, all transport modes",thousands,2008,12,2008.9166666666667,-25,False,326.5,5.788429948716486,1.0
tourist_departures,"Non-resident departures, all transport modes",thousands,2009,1,2009.0,-24,False,337.6,5.821861762721802,1.0
tourist_departures,"Non-resident departures, all transport modes",thousands,2009,2,2009.0833333333333,-23,False,300.5,5.705447753975262,1.0
tourist_departures,"Non-resident departures, all transport modes",thousands,2009,3,2009.1666666666667,-22,False,390.5,5.967427969279741,1.0
tourist_departures,"Non-resident departures, all transport modes",thousands,2009,4,2009.25,-21,False,501.7,6.218002331490207,1.0
tourist_departures,"Non-resident departures, all transport modes",thousands,2009,5,2009.3333333333333,-20,False,561.6,6.330789852711601,1.0
tourist_departures,"Non-resident departures, all transport modes",thousands,2009,6,2009.4166666666667,-19,False,640.9,6.462873438510181,1.0
tourist_departures,"Non-resident departures, all transport modes",thousands,2009,7,2009.5,-18,False,839.7,6.733044685189517,1.0
tourist_departures,"Non-resident departures, all transport modes",thousands,2009,8,2009.5833333333333,-17,False,1031.4,6.9386723816168585,1.0
tourist_departures,"Non-resident departures, all transport modes",thousands,2009,9,2009.6666666666667,-16,False,625.4,6.438391445023741,1.0
tourist_departures,"Non-resident departures, all transport modes",thousands,2009,10,2009.75,-15,False,662.0,6.495265555937008,1.0
tourist_departures,"Non-resident departures, all transport modes",thousands,2009,11,2009.8333333333333,-14,False,408.1,6.01151224241176,1.0
tourist_departures,"Non-resident departures, all transport modes",thousands,2009,12,2009.9166666666667,-13,False,345.8,5.84586057324919,1.0
tourist_departures,"Non-resident departures, all transport modes",thousands,2010,1,2010.0,-12,False,364.1,5.897428555181388,1.0
tourist_departures,"Non-resident departures, all transport modes",thousands,2010,2,2010.0833333333333,-11,False,297.6,5.6957503029589365,1.0
tourist_departures,"Non-resident departures, all transport modes",thousands,2010,3,2010.1666666666667,-10,False,392.9,5.973555126564414,1.0
tourist_departures,"Non-resident departures, all transport modes",thousands,2010,4,2010.25,-9,False,473.3,6.159729436912202,1.0
tourist_departures,"Non-resident departures, all transport modes",thousands,2010,5,2010.3333333333333,-8,False,560.8,6.32936433572038,1.0
tourist_departures,"Non-resident departures, all transport modes",thousands,2010,6,2010.4166666666667,-7,False,633.1,6.450628387550081,1.0
tourist_departures,"Non-resident departures, all transport modes",thousands,2010,7,2010.5,-6,False,888.0,6.78897174299217,1.0
tourist_departures,"Non-resident departures, all transport modes",thousands,2010,8,2010.5833333333333,-5,False,900.9,6.8033942636573945,1.0
tourist_departures,"Non-resident departures, all transport modes",thousands,2010,9,2010.6666666666667,-4,False,670.5,6.508023702721733,1.0
tourist_departures,"Non-resident departures, all transport modes",thousands,2010,10,2010.75,-3,False,686.4,6.531460548173753,1.0
tourist_departures,"Non-resident departures, all transport modes",thousands,2010,11,2010.8333333333333,-2,False,380.1,5.940434375995203,1.0
tourist_departures,"Non-resident departures, all transport modes",thousands,2010,12,2010.9166666666667,-1,False,334.2,5.811739616161293,1.0
tourist_departures,"Non-resident departures, all transport modes",thousands,2011,1,2011.0,0,True,247.0,5.5093883366279774,0.5
tourist_departures,"Non-resident departures, all transport modes",thousands,2011,2,2011.0833333333333,1,True,115.8,4.751864565138895,0.5
tourist_departures,"Non-resident departures, all transport modes",thousands,2011,3,2011.1666666666667,2,True,269.2,5.595454597770573,0.5
tourist_departures,"Non-resident departures, all transport modes",thousands,2011,4,2011.25,3,True,263.1,5.572534188046247,0.5
tourist_departures,"Non-resident departures, all transport modes",thousands,2011,10,2011.75,9,True,478.2,6.170029055024225,0.5
tourist_departures,"Non-resident departures, all transport modes",thousands,2011,11,2011.8333333333333,10,True,303.9,5.716698699922747,0.5
tourist_departures,"Non-resident departures, all transport modes",thousands,2012,1,2012.0,12,True,254.6,5.539693686123306,1.0
tourist_departures,"Non-resident departures, all transport modes",thousands,2012,2,2012.0833333333333,13,True,201.9,5.307772525318792,1.0
tourist_departures,"Non-resident departures, all transport modes",thousands,2012,3,2012.1666666666667,14,True,286.3,5.65704021210407,1.0
tourist_departures,"Non-resident departures, all transport modes",thousands,2012,4,2012.25,15,True,370.7,5.915393110156686,1.0
tourist_departures,"Non-resident departures, all transport modes",thousands,2012,5,2012.3333333333333,16,True,405.2,6.004380772374528,1.0
tourist_departures,"Non-resident departures, all transport modes",thousands,2012,6,2012.4166666666667,17,True,481.0,6.175867270105761,1.0
tourist_departures,"Non-resident departures, all transport modes",thousands,2012,7,2012.5,18,True,630.0,6.4457198193855785,1.0
tourist_departures,"Non-resident departures, all transport modes",thousands,2012,8,2012.5833333333333,19,True,644.8,6.468940191192418,1.0
tourist_departures,"Non-resident departures, all transport modes",thousands,2012,9,2012.6666666666667,20,True,655.7,6.485703367269574,1.0
tourist_departures,"Non-resident departures, all transport modes",thousands,2012,10,2012.75,21,True,433.2,6.071199515126835,1.0
tourist_departures,"Non-resident departures, all transport modes",thousands,2012,11,2012.8333333333333,22,True,334.2,5.811739616161293,1.0
tourist_departures,"Non-resident departures, all transport modes",thousands,2012,12,2012.9166666666667,23,True,279.1,5.6315701405422764,1.0
tourist_departures,"Non-resident departures, all transport modes",thousands,2013,1,2013.0,24,True,231.5,5.444579873526289,1.0
tourist_departures,"Non-resident departures, all transport modes",thousands,2013,2,2013.0833333333333,25,True,189.6,5.244916589820922,1.0
tourist_departures,"Non-resident departures, all transport modes",thousands,2013,3,2013.1666666666667,26,True,283.4,5.64685932725658,1.0
tourist_departures,"Non-resident departures, all transport modes",thousands,2013,4,2013.25,27,True,316.2,5.756374924775372,1.0
tourist_departures,"Non-resident departures, all transport modes",thousands,2013,5,2013.3333333333333,28,True,434.2,6.073505257444191,1.0
tourist_departures,"Non-resident departures, all transport modes",thousands,2013,6,2013.4166666666667,29,True,553.2,6.3157195997906035,1.0
tourist_departures,"Non-resident departures, all transport modes",thousands,2013,7,2013.5,30,True,566.7,6.339830063175573,1.0
tourist_departures,"Non-resident departures, all transport modes",thousands,2013,8,2013.5833333333333,31,True,703.3,6.555783543313972,1.0
tourist_departures,"Non-resident departures, all transport modes",thousands,2013,9,2013.6666666666667,32,True,677.5,6.518409552753856,1.0
tourist_departures,"Non-resident departures, all transport modes",thousands,2013,10,2013.75,33,True,525.1,6.2635887206438134,1.0
tourist_departures,"Non-resident departures, all transport modes",thousands,2013,11,2013.8333333333333,34,True,350.8,5.860216260498028,1.0
tourist_departures,"Non-resident departures, all transport modes",thousands,2013,12,2013.9166666666667,35,True,332.3,5.806038175360548,1.0
tourist_departures,"Non-resident departures, all transport modes",thousands,2014,1,2014.0,36,True,296.4,5.6917098934219315,1.0
tourist_departures,"Non-resident departures, all transport modes",thousands,2014,2,2014.0833333333333,37,True,266.3,5.584623492819887,1.0
tourist_departures,"Non-resident departures, all transport modes",thousands,2014,3,2014.1666666666667,38,True,309.9,5.736249664793703,1.0
tourist_departures,"Non-resident departures, all transport modes",thousands,2014,4,2014.25,39,True,363.1,5.89467827842029,1.0
tourist_departures,"Non-resident departures, all transport modes",thousands,2014,5,2014.3333333333333,40,True,457.9,6.12665081966305,1.0
tourist_departures,"Non-resident departures, all transport modes",thousands,2014,6,2014.4166666666667,41,True,584.1,6.370072201046264,1.0
tourist_departures,"Non-resident departures, all transport modes",thousands,2014,7,2014.5,42,True,514.8,6.243778475721972,1.0
tourist_departures,"Non-resident departures, all transport modes",thousands,2014,8,2014.5833333333333,43,True,854.6,6.750633523209925,1.0
tourist_departures,"Non-resident departures, all transport modes",thousands,2014,9,2014.6666666666667,44,True,630.4,6.44635453854367,1.0
tourist_departures,"Non-resident departures, all transport modes",thousands,2014,10,2014.75,45,True,465.4,6.142897250868192,1.0
tourist_departures,"Non-resident departures, all transport modes",thousands,2014,11,2014.8333333333333,46,True,297.3,5.694741730004052,1.0
tourist_departures,"Non-resident departures, all transport modes",thousands,2014,12,2014.9166666666667,47,True,262.9,5.571773731735836,1.0
tourist_departures,"Non-resident departures, all transport modes",thousands,2015,1,2015.0,48,True,241.9,5.488524417615982,1.0
tourist_departures,"Non-resident departures, all transport modes",thousands,2015,2,2015.0833333333333,49,True,189.8,5.245970886175828,1.0
tourist_departures,"Non-resident departures, all transport modes",thousands,2015,3,2015.1666666666667,50,True,253.4,5.534969267887039,1.0
tourist_departures,"Non-resident departures, all transport modes",thousands,2015,4,2015.25,51,True,283.3,5.646506406836471,1.0
tourist_departures,"Non-resident departures, all transport modes",thousands,2015,5,2015.3333333333333,52,True,352.5,5.8650506222523235,1.0
tourist_departures,"Non-resident departures, all transport modes",thousands,2015,6,2015.4166666666667,53,True,395.8,5.980909033168466,1.0
tourist_departures,"Non-resident departures, all transport modes",thousands,2015,7,2015.5,54,True,248.5,5.5154428455366835,1.0
tourist_departures,"Non-resident departures, all transport modes",thousands,2015,8,2015.5833333333333,55,True,565.9,6.338417384148478,1.0
tourist_departures,"Non-resident departures, all transport modes",thousands,2015,9,2015.6666666666667,56,True,317.5,5.760477818332746,1.0
tourist_departures,"Non-resident departures, all transport modes",thousands,2015,10,2015.75,57,True,292.8,5.679489782087156,1.0
tourist_departures,"Non-resident departures, all transport modes",thousands,2015,11,2015.8333333333333,58,True,232.2,5.4475990692637914,1.0
tourist_departures,"Non-resident departures, all transport modes",thousands,2015,12,2015.9166666666667,59,True,253.7,5.536152466605236,1.0
tourist_departures,"Non-resident departures, all transport modes",thousands,2016,1,2016.0,60,True,189.6,5.244916589820922,1.0
tourist_departures,"Non-resident departures, all transport modes",thousands,2016,2,2016.0833333333333,61,True,176.8,5.175019150203543,1.0
tourist_departures,"Non-resident departures, all transport modes",thousands,2016,3,2016.1666666666667,62,True,174.9,5.164214382024556,1.0
tourist_departures,"Non-resident departures, all transport modes",thousands,2016,4,2016.25,63,True,216.5,5.377590547442544,1.0
tourist_departures,"Non-resident departures, all transport modes",thousands,2016,5,2016.3333333333333,64,True,281.8,5.64119759946458,1.0
tourist_departures,"Non-resident departures, all transport modes",thousands,2016,6,2016.4166666666667,65,True,281.8,5.64119759946458,1.0
tourist_departures,"Non-resident departures, all transport modes",thousands,2016,7,2016.5,66,True,412.9,6.023205432892045,1.0
tourist_departures,"Non-resident departures, all transport modes",thousands,2016,8,2016.5833333333333,67,True,805.9,6.691959665330466,1.0
tourist_departures,"Non-resident departures, all transport modes",thousands,2016,9,2016.6666666666667,68,True,470.4,6.153583396584417,1.0
tourist_departures,"Non-resident departures, all transport modes",thousands,2016,10,2016.75,69,True,404.1,6.001662372084428,1.0
tourist_departures,"Non-resident departures, all transport modes",thousands,2016,11,2016.8333333333333,70,True,297.2,5.694405312843604,1.0
tourist_departures,"Non-resident departures, all transport modes",thousands,2016,12,2016.9166666666667,71,True,359.4,5.884435974349459,1.0
tourist_departures,"Non-resident departures, all transport modes",thousands,2017,1,2017.0,72,True,236.0,5.4638318050256105,1.0
tourist_departures,"Non-resident departures, all transport modes",thousands,2017,2,2017.0833333333333,73,True,229.9,5.437644431769136,1.0
tourist_departures,"Non-resident departures, all transport modes",thousands,2017,3,2017.1666666666667,74,True,321.9,5.774240938304763,1.0
tourist_departures,"Non-resident departures, all transport modes",thousands,2017,4,2017.25,75,True,317.7,5.761107541275471,1.0
tourist_departures,"Non-resident departures, all transport modes",thousands,2017,5,2017.3333333333333,76,True,379.9,5.93990806019358,1.0
tourist_departures,"Non-resident departures, all transport modes",thousands,2017,6,2017.4166666666667,77,True,302.6,5.712411801354255,1.0
tourist_departures,"Non-resident departures, all transport modes",thousands,2017,7,2017.5,78,True,546.2,6.302985209039605,1.0
tourist_departures,"Non-resident departures, all transport modes",thousands,2017,8,2017.5833333333333,79,True,896.0,6.79794041297493,1.0
tourist_departures,"Non-resident departures, all transport modes",thousands,2017,9,2017.6666666666667,80,True,562.6,6.332568896055757,1.0
tourist_departures,"Non-resident departures, all transport modes",thousands,2017,10,2017.75,81,True,493.7,6.201928045264817,1.0
tourist_departures,"Non-resident departures, all transport modes",thousands,2017,11,2017.8333333333333,82,True,361.6,5.890538628518022,1.0
tourist_departures,"Non-resident departures, all transport modes",thousands,2017,12,2017.9166666666667,83,True,424.0,6.049733455231958,1.0
tourist_departures,"Non-resident departures, all transport modes",thousands,2018,1,2018.0,84,True,298.8,5.699774453258662,1.0
tourist_departures,"Non-resident departures, all transport modes",thousands,2018,2,2018.0833333333333,85,True,280.7,5.637286483367837,1.0
tourist_departures,"Non-resident departures, all transport modes",thousands,2018,3,2018.1666666666667,86,True,405.1,6.004133950208645,1.0
tourist_departures,"Non-resident departures, all transport modes",thousands,2018,4,2018.25,87,True,392.4,5.972281727691208,1.0
tourist_departures,"Non-resident departures, all transport modes",thousands,2018,5,2018.3333333333333,88,True,471.5,6.155919102073512,1.0
tourist_departures,"Non-resident departures, all transport modes",thousands,2018,6,2018.4166666666667,89,True,491.6,6.19766537769188,1.0
tourist_departures,"Non-resident departures, all transport modes",thousands,2018,7,2018.5,90,True,684.8,6.529126824827532,1.0
tourist_departures,"Non-resident departures, all transport modes",thousands,2018,8,2018.5833333333333,91,True,882.7,6.7829853920261876,1.0
tourist_departures,"Non-resident departures, all transport modes",thousands,2018,9,2018.6666666666667,92,True,710.0,6.565264970035361,1.0
tourist_departures,"Non-resident departures, all transport modes",thousands,2018,10,2018.75,93,True,573.5,6.351757936569426,1.0
tourist_departures,"Non-resident departures, all transport modes",thousands,2018,11,2018.8333333333333,94,True,423.3,6.048081147526878,1.0
tourist_departures,"Non-resident departures, all transport modes",thousands,2018,12,2018.9166666666667,95,True,509.8,6.234018491942015,1.0
tourist_departures,"Non-resident departures, all transport modes",thousands,2019,1,2019.0,96,True,358.7,5.882486384538237,1.0
tourist_departures,"Non-resident departures, all transport modes",thousands,2019,2,2019.0833333333333,97,True,324.3,5.781669013313272,1.0
tourist_departures,"Non-resident departures, all transport modes",thousands,2019,3,2019.1666666666667,98,True,397.3,5.984691662820553,1.0
tourist_departures,"Non-resident departures, all transport modes",thousands,2019,4,2019.25,99,True,474.9,6.163104255555076,1.0
tourist_departures,"Non-resident departures, all transport modes",thousands,2019,5,2019.3333333333333,100,True,444.3,6.096500009941863,1.0
tourist_departures,"Non-resident departures, all transport modes",thousands,2019,6,2019.4166666666667,101,True,622.2,6.433261584463537,1.0
tourist_departures,"Non-resident departures, all transport modes",thousands,2019,7,2019.5,102,True,771.8,6.648725449103519,1.0
tourist_departures,"Non-resident departures, all transport modes",thousands,2019,8,2019.5833333333333,103,True,954.9,6.861606622956157,1.0
tourist_departures,"Non-resident departures, all transport modes",thousands,2019,9,2019.6666666666667,104,True,772.4,6.6495025505543595,1.0
tourist_departures,"Non-resident departures, all transport modes",thousands,2019,10,2019.75,105,True,599.4,6.3959291548825625,1.0
tourist_departures,"Non-resident departures, all transport modes",thousands,2019,11,2019.8333333333333,106,True,417.5,6.0342845442909105,1.0
tourist_departures,"Non-resident departures, all transport modes",thousands,2019,12,2019.9166666666667,107,True,501.6,6.217802989318711,1.0
tourist_departures,"Non-resident departures, all transport modes",thousands,2020,1,2020.0,108,True,348.9,5.8547853481927286,0.9167
tourist_departures,"Non-resident departures, all transport modes",thousands,2020,2,2020.0833333333333,109,True,323.6,5.779508185184337,0.9167
tourist_departures,"Non-resident departures, all transport modes",thousands,2020,3,2020.1666666666667,110,True,178.9,5.186826990514674,0.9167
tourist_departures,"Non-resident departures, all transport modes",thousands,2020,4,2020.25,111,True,2.7,0.9932517730102834,0.9167
tourist_departures,"Non-resident departures, all transport modes",thousands,2020,6,2020.4166666666667,113,True,4.0,1.3862943611198906,0.9167
tourist_departures,"Non-resident departures, all transport modes",thousands,2020,7,2020.5,114,True,23.5,3.1570004211501135,0.9167
tourist_departures,"Non-resident departures, all transport modes",thousands,2020,8,2020.5833333333333,115,True,89.6,4.4953553199808844,0.9167
tourist_departures,"Non-resident departures, all transport modes",thousands,2020,9,2020.6666666666667,116,True,54.8,4.00369019395397,0.9167
tourist_departures,"Non-resident departures, all transport modes",thousands,2020,10,2020.75,117,True,51.4,3.9396381724611196,0.9167
tourist_departures,"Non-resident departures, all transport modes",thousands,2020,11,2020.8333333333333,118,True,25.3,3.2308043957334744,0.9167
tourist_departures,"Non-resident departures, all transport modes",thousands,2020,12,2020.9166666666667,119,True,65.4,4.180522258463153,0.9167
tourist_departures,"Non-resident departures, all transport modes",thousands,2021,1,2021.0,120,True,70.5,4.255612709818223,1.0
tourist_departures,"Non-resident departures, all transport modes",thousands,2021,2,2021.0833333333333,121,True,56.0,4.02535169073515,1.0
tourist_departures,"Non-resident departures, all transport modes",thousands,2021,3,2021.1666666666667,122,True,61.6,4.120661870539474,1.0
tourist_departures,"Non-resident departures, all transport modes",thousands,2021,4,2021.25,123,True,66.3,4.194189897191817,1.0
tourist_departures,"Non-resident departures, all transport modes",thousands,2021,5,2021.3333333333333,124,True,63.5,4.151039905898646,1.0
tourist_departures,"Non-resident departures, all transport modes",thousands,2021,6,2021.4166666666667,125,True,126.2,4.837867950107113,1.0
tourist_departures,"Non-resident departures, all transport modes",thousands,2021,7,2021.5,126,True,118.0,4.770684624465665,1.0
tourist_departures,"Non-resident departures, all transport modes",thousands,2021,8,2021.5833333333333,127,True,144.3,4.971894465779825,1.0
tourist_departures,"Non-resident departures, all transport modes",thousands,2021,9,2021.6666666666667,128,True,98.9,4.594109238628667,1.0
tourist_departures,"Non-resident departures, all transport modes",thousands,2021,10,2021.75,129,True,131.9,4.882044059723269,1.0
tourist_departures,"Non-resident departures, all transport modes",thousands,2021,11,2021.8333333333333,130,True,170.3,5.1375615876686425,1.0
tourist_departures,"Non-resident departures, all transport modes",thousands,2021,12,2021.9166666666667,131,True,152.0,5.0238805208462765,1.0
tourist_departures,"Non-resident departures, all transport modes",thousands,2022,1,2022.0,132,True,140.2,4.94306997460049,0.8333
tourist_departures,"Non-resident departures, all transport modes",thousands,2022,2,2022.0833333333333,133,True,137.2,4.921439715291784,0.8333
tourist_departures,"Non-resident departures, all transport modes",thousands,2022,3,2022.1666666666667,134,True,175.0,5.1647859739235145,0.8333
tourist_departures,"Non-resident departures, all transport modes",thousands,2022,4,2022.25,135,True,151.5,5.020585624949423,0.8333
tourist_departures,"Non-resident departures, all transport modes",thousands,2022,5,2022.3333333333333,136,True,248.5,5.5154428455366835,0.8333
tourist_departures,"Non-resident departures, all transport modes",thousands,2022,6,2022.4166666666667,137,True,283.5,5.647212123167807,0.8333
tourist_departures,"Non-resident departures, all transport modes",thousands,2022,7,2022.5,138,True,373.4,5.922650231107622,0.8333
tourist_departures,"Non-resident departures, all transport modes",thousands,2022,9,2022.6666666666667,140,True,559.0,6.326149473155099,0.8333
tourist_departures,"Non-resident departures, all transport modes",thousands,2022,11,2022.8333333333333,142,True,394.2,5.97685839471862,0.8333
tourist_departures,"Non-resident departures, all transport modes",thousands,2022,12,2022.9166666666667,143,True,418.1,6.03572063836252,0.8333
tourist_departures,"Non-resident departures, all transport modes",thousands,2023,1,2023.0,144,True,371.4,5.917279648918606,1.0
tourist_departures,"Non-resident departures, all transport modes",thousands,2023,2,2023.0833333333333,145,True,341.4,5.83305481036034,1.0
tourist_departures,"Non-resident departures, all transport modes",thousands,2023,3,2023.1666666666667,146,True,388.2,5.9615206707349095,1.0
tourist_departures,"Non-resident departures, all transport modes",thousands,2023,4,2023.25,147,True,338.7,5.825114759823726,1.0
tourist_departures,"Non-resident departures, all transport modes",thousands,2023,5,2023.3333333333333,148,True,559.1,6.326328348032599,1.0
tourist_departures,"Non-resident departures, all transport modes",thousands,2023,6,2023.4166666666667,149,True,589.9,6.3799530310090296,1.0
tourist_departures,"Non-resident departures, all transport modes",thousands,2023,7,2023.5,150,True,732.9,6.597009266931805,1.0
tourist_departures,"Non-resident departures, all transport modes",thousands,2023,8,2023.5833333333333,151,True,988.3,6.895986295382138,1.0
tourist_departures,"Non-resident departures, all transport modes",thousands,2023,9,2023.6666666666667,152,True,805.2,6.691090693765636,1.0
tourist_departures,"Non-resident departures, all transport modes",thousands,2023,10,2023.75,153,True,657.1,6.487836213903822,1.0
tourist_departures,"Non-resident departures, all transport modes",thousands,2023,11,2023.8333333333333,154,True,501.4,6.217404185724193,1.0
tourist_departures,"Non-resident departures, all transport modes",thousands,2023,12,2023.9166666666667,155,True,508.7,6.231858451828719,1.0
tourist_entries,"Non-resident arrivals, all transport modes (table 10.2)",thousands,1998,1,1998.0,-156,False,204.8,5.322033893165353,1.0
tourist_entries,"Non-resident arrivals, all transport modes (table 10.2)",thousands,1998,2,1998.0833333333333,-155,False,247.1,5.509793112994564,1.0
tourist_entries,"Non-resident arrivals, all transport modes (table 10.2)",thousands,1998,3,1998.1666666666667,-154,False,326.8,5.789348362985848,1.0
tourist_entries,"Non-resident arrivals, all transport modes (table 10.2)",thousands,1998,4,1998.25,-153,False,386.5,5.957131868027477,1.0
tourist_entries,"Non-resident arrivals, all transport modes (table 10.2)",thousands,1998,5,1998.3333333333333,-152,False,368.3,5.90889782345102,1.0
tourist_entries,"Non-resident arrivals, all transport modes (table 10.2)",thousands,1998,6,1998.4166666666667,-151,False,410.0,6.016157159698354,1.0
tourist_entries,"Non-resident arrivals, all transport modes (table 10.2)",thousands,1998,7,1998.5,-150,False,523.9,6.261300826414174,1.0
tourist_entries,"Non-resident arrivals, all transport modes (table 10.2)",thousands,1998,8,1998.5833333333333,-149,False,629.0,6.444131256700441,1.0
tourist_entries,"Non-resident arrivals, all transport modes (table 10.2)",thousands,1998,9,1998.6666666666667,-148,False,474.7,6.162683025557272,1.0
tourist_entries,"Non-resident arrivals, all transport modes (table 10.2)",thousands,1998,10,1998.75,-147,False,452.8,6.115450526888973,1.0
tourist_entries,"Non-resident arrivals, all transport modes (table 10.2)",thousands,1998,11,1998.8333333333333,-146,False,333.9,5.810841546949609,1.0
tourist_entries,"Non-resident arrivals, all transport modes (table 10.2)",thousands,1998,12,1998.9166666666667,-145,False,359.7,5.885270350701578,1.0
tourist_entries,"Non-resident arrivals, all transport modes (table 10.2)",thousands,1999,1,1999.0,-144,False,231.5,5.444579873526289,1.0
tourist_entries,"Non-resident arrivals, all transport modes (table 10.2)",thousands,1999,2,1999.0833333333333,-143,False,268.4,5.592478405097527,1.0
tourist_entries,"Non-resident arrivals, all transport modes (table 10.2)",thousands,1999,3,1999.1666666666667,-142,False,374.3,5.925057614910384,1.0
tourist_entries,"Non-resident arrivals, all transport modes (table 10.2)",thousands,1999,4,1999.25,-141,False,399.3,5.989713014069176,1.0
tourist_entries,"Non-resident arrivals, all transport modes (table 10.2)",thousands,1999,5,1999.3333333333333,-140,False,409.0,6.013715156042802,1.0
tourist_entries,"Non-resident arrivals, all transport modes (table 10.2)",thousands,1999,6,1999.4166666666667,-139,False,450.9,6.111245585427039,1.0
tourist_entries,"Non-resident arrivals, all transport modes (table 10.2)",thousands,1999,7,1999.5,-138,False,537.1,6.286184296911414,1.0
tourist_entries,"Non-resident arrivals, all transport modes (table 10.2)",thousands,1999,8,1999.5833333333333,-137,False,635.4,6.454254721835416,1.0
tourist_entries,"Non-resident arrivals, all transport modes (table 10.2)",thousands,1999,9,1999.6666666666667,-136,False,476.9,6.167306825304179,1.0
tourist_entries,"Non-resident arrivals, all transport modes (table 10.2)",thousands,1999,10,1999.75,-135,False,464.9,6.141822328696539,1.0
tourist_entries,"Non-resident arrivals, all transport modes (table 10.2)",thousands,1999,11,1999.8333333333333,-134,False,314.5,5.750984076140496,1.0
tourist_entries,"Non-resident arrivals, all transport modes (table 10.2)",thousands,1999,12,1999.9166666666667,-133,False,269.5,5.596568390349052,1.0
tourist_entries,"Non-resident arrivals, all transport modes (table 10.2)",thousands,2000,1,2000.0,-132,False,208.1,5.338018733399589,1.0
tourist_entries,"Non-resident arrivals, all transport modes (table 10.2)",thousands,2000,2,2000.0833333333333,-131,False,262.5,5.570251082031678,1.0
tourist_entries,"Non-resident arrivals, all transport modes (table 10.2)",thousands,2000,3,2000.1666666666667,-130,False,342.4,5.835979644267587,1.0
tourist_entries,"Non-resident arrivals, all transport modes (table 10.2)",thousands,2000,4,2000.25,-129,False,484.0,6.182084906716632,1.0
tourist_entries,"Non-resident arrivals, all transport modes (table 10.2)",thousands,2000,5,2000.3333333333333,-128,False,407.9,6.011022046323513,1.0
tourist_entries,"Non-resident arrivals, all transport modes (table 10.2)",thousands,2000,6,2000.4166666666667,-127,False,464.7,6.141392036090933,1.0
tourist_entries,"Non-resident arrivals, all transport modes (table 10.2)",thousands,2000,7,2000.5,-126,False,585.8,6.372978434393633,1.0
tourist_entries,"Non-resident arrivals, all transport modes (table 10.2)",thousands,2000,8,2000.5833333333333,-125,False,664.2,6.498583308942647,1.0
tourist_entries,"Non-resident arrivals, all transport modes (table 10.2)",thousands,2000,9,2000.6666666666667,-124,False,527.0,6.267200548541362,1.0
tourist_entries,"Non-resident arrivals, all transport modes (table 10.2)",thousands,2000,10,2000.75,-123,False,521.8,6.257284372702628,1.0
tourist_entries,"Non-resident arrivals, all transport modes (table 10.2)",thousands,2000,11,2000.8333333333333,-122,False,324.7,5.7829016791088,1.0
tourist_entries,"Non-resident arrivals, all transport modes (table 10.2)",thousands,2000,12,2000.9166666666667,-121,False,264.4,5.577463107977531,1.0
tourist_entries,"Non-resident arrivals, all transport modes (table 10.2)",thousands,2001,1,2001.0,-120,False,246.8,5.508578292031233,1.0
tourist_entries,"Non-resident arrivals, all transport modes (table 10.2)",thousands,2001,2,2001.0833333333333,-119,False,302.9,5.713402718033191,1.0
tourist_entries,"Non-resident arrivals, all transport modes (table 10.2)",thousands,2001,3,2001.1666666666667,-118,False,401.4,5.9949584363622375,1.0
tourist_entries,"Non-resident arrivals, all transport modes (table 10.2)",thousands,2001,4,2001.25,-117,False,552.2,6.3139102994960545,1.0
tourist_entries,"Non-resident arrivals, all transport modes (table 10.2)",thousands,2001,5,2001.3333333333333,-116,False,461.8,6.135131896920395,1.0
tourist_entries,"Non-resident arrivals, all transport modes (table 10.2)",thousands,2001,6,2001.4166666666667,-115,False,538.7,6.289158829686488,1.0
tourist_entries,"Non-resident arrivals, all transport modes (table 10.2)",thousands,2001,7,2001.5,-114,False,660.5,6.49299712396238,1.0
tourist_entries,"Non-resident arrivals, all transport modes (table 10.2)",thousands,2001,8,2001.5833333333333,-113,False,737.9,6.603808314064321,1.0
tourist_entries,"Non-resident arrivals, all transport modes (table 10.2)",thousands,2001,9,2001.6666666666667,-112,False,581.6,6.3657829262193095,1.0
tourist_entries,"Non-resident arrivals, all transport modes (table 10.2)",thousands,2001,10,2001.75,-111,False,433.0,6.07073772800249,1.0
tourist_entries,"Non-resident arrivals, all transport modes (table 10.2)",thousands,2001,11,2001.8333333333333,-110,False,243.1,5.493472881322077,1.0
tourist_entries,"Non-resident arrivals, all transport modes (table 10.2)",thousands,2001,12,2001.9166666666667,-109,False,228.2,5.430222437427975,1.0
tourist_entries,"Non-resident arrivals, all transport modes (table 10.2)",thousands,2002,1,2002.0,-108,False,219.3,5.390440655423842,1.0
tourist_entries,"Non-resident arrivals, all transport modes (table 10.2)",thousands,2002,2,2002.0833333333333,-107,False,256.2,5.545958389462633,1.0
tourist_entries,"Non-resident arrivals, all transport modes (table 10.2)",thousands,2002,3,2002.1666666666667,-106,False,400.8,5.993462549770655,1.0
tourist_entries,"Non-resident arrivals, all transport modes (table 10.2)",thousands,2002,4,2002.25,-105,False,406.9,6.008567455007644,1.0
tourist_entries,"Non-resident arrivals, all transport modes (table 10.2)",thousands,2002,5,2002.3333333333333,-104,False,409.1,6.013959624935353,1.0
tourist_entries,"Non-resident arrivals, all transport modes (table 10.2)",thousands,2002,6,2002.4166666666667,-103,False,462.8,6.137294995319522,1.0
tourist_entries,"Non-resident arrivals, all transport modes (table 10.2)",thousands,2002,7,2002.5,-102,False,575.4,6.355065451117447,1.0
tourist_entries,"Non-resident arrivals, all transport modes (table 10.2)",thousands,2002,8,2002.5833333333333,-101,False,715.4,6.572841826824917,1.0
tourist_entries,"Non-resident arrivals, all transport modes (table 10.2)",thousands,2002,9,2002.6666666666667,-100,False,540.1,6.291754307598845,1.0
tourist_entries,"Non-resident arrivals, all transport modes (table 10.2)",thousands,2002,10,2002.75,-99,False,490.1,6.194609451915502,1.0
tourist_entries,"Non-resident arrivals, all transport modes (table 10.2)",thousands,2002,11,2002.8333333333333,-98,False,255.3,5.542439324247439,1.0
tourist_entries,"Non-resident arrivals, all transport modes (table 10.2)",thousands,2002,12,2002.9166666666667,-97,False,332.1,5.805436128382701,1.0
tourist_entries,"Non-resident arrivals, all transport modes (table 10.2)",thousands,2003,1,2003.0,-96,False,231.0,5.442417710521793,1.0
tourist_entries,"Non-resident arrivals, all transport modes (table 10.2)",thousands,2003,2,2003.0833333333333,-95,False,258.5,5.554895693948484,1.0
tourist_entries,"Non-resident arrivals, all transport modes (table 10.2)",thousands,2003,3,2003.1666666666667,-94,False,314.0,5.749392985908253,1.0
tourist_entries,"Non-resident arrivals, all transport modes (table 10.2)",thousands,2003,4,2003.25,-93,False,372.6,5.920505458167488,1.0
tourist_entries,"Non-resident arrivals, all transport modes (table 10.2)",thousands,2003,5,2003.3333333333333,-92,False,354.6,5.870990393640108,1.0
tourist_entries,"Non-resident arrivals, all transport modes (table 10.2)",thousands,2003,6,2003.4166666666667,-91,False,471.7,6.156343190290216,1.0
tourist_entries,"Non-resident arrivals, all transport modes (table 10.2)",thousands,2003,7,2003.5,-90,False,624.4,6.436791188641277,1.0
tourist_entries,"Non-resident arrivals, all transport modes (table 10.2)",thousands,2003,8,2003.5833333333333,-89,False,820.1,6.709426284042365,1.0
tourist_entries,"Non-resident arrivals, all transport modes (table 10.2)",thousands,2003,9,2003.6666666666667,-88,False,548.4,6.307004947688159,1.0
tourist_entries,"Non-resident arrivals, all transport modes (table 10.2)",thousands,2003,10,2003.75,-87,False,492.0,6.198478716492308,1.0
tourist_entries,"Non-resident arrivals, all transport modes (table 10.2)",thousands,2003,11,2003.8333333333333,-86,False,267.4,5.588745664667843,1.0
tourist_entries,"Non-resident arrivals, all transport modes (table 10.2)",thousands,2003,12,2003.9166666666667,-85,False,359.6,5.884992302597465,1.0
tourist_entries,"Non-resident arrivals, all transport modes (table 10.2)",thousands,2004,1,2004.0,-84,False,271.8,5.605066501717044,1.0
tourist_entries,"Non-resident arrivals, all transport modes (table 10.2)",thousands,2004,2,2004.0833333333333,-83,False,313.1,5.74652262833236,1.0
tourist_entries,"Non-resident arrivals, all transport modes (table 10.2)",thousands,2004,3,2004.1666666666667,-82,False,370.9,5.915932484495545,1.0
tourist_entries,"Non-resident arrivals, all transport modes (table 10.2)",thousands,2004,4,2004.25,-81,False,456.1,6.122712083717655,1.0
tourist_entries,"Non-resident arrivals, all transport modes (table 10.2)",thousands,2004,5,2004.3333333333333,-80,False,478.7,6.171074096398463,1.0
tourist_entries,"Non-resident arrivals, all transport modes (table 10.2)",thousands,2004,6,2004.4166666666667,-79,False,552.2,6.3139102994960545,1.0
tourist_entries,"Non-resident arrivals, all transport modes (table 10.2)",thousands,2004,7,2004.5,-78,False,736.6,6.602045004010965,1.0
tourist_entries,"Non-resident arrivals, all transport modes (table 10.2)",thousands,2004,8,2004.5833333333333,-77,False,906.3,6.809370377060736,1.0
tourist_entries,"Non-resident arrivals, all transport modes (table 10.2)",thousands,2004,9,2004.6666666666667,-76,False,641.9,6.464432528317732,1.0
tourist_entries,"Non-resident arrivals, all transport modes (table 10.2)",thousands,2004,10,2004.75,-75,False,550.5,6.310826956162734,1.0
tourist_entries,"Non-resident arrivals, all transport modes (table 10.2)",thousands,2004,11,2004.8333333333333,-74,False,324.6,5.782593655080491,1.0
tourist_entries,"Non-resident arrivals, all transport modes (table 10.2)",thousands,2004,12,2004.9166666666667,-73,False,395.4,5.979897910736517,1.0
tourist_entries,"Non-resident arrivals, all transport modes (table 10.2)",thousands,2005,1,2005.0,-72,False,299.0,5.700443573390687,1.0
tourist_entries,"Non-resident arrivals, all transport modes (table 10.2)",thousands,2005,2,2005.0833333333333,-71,False,312.9,5.745883650674837,1.0
tourist_entries,"Non-resident arrivals, all transport modes (table 10.2)",thousands,2005,3,2005.1666666666667,-70,False,416.1,6.030925615988895,1.0
tourist_entries,"Non-resident arrivals, all transport modes (table 10.2)",thousands,2005,4,2005.25,-69,False,476.9,6.167306825304179,1.0
tourist_entries,"Non-resident arrivals, all transport modes (table 10.2)",thousands,2005,5,2005.3333333333333,-68,False,554.8,6.318607688440676,1.0
tourist_entries,"Non-resident arrivals, all transport modes (table 10.2)",thousands,2005,6,2005.4166666666667,-67,False,641.8,6.464276728675756,1.0
tourist_entries,"Non-resident arrivals, all transport modes (table 10.2)",thousands,2005,7,2005.5,-66,False,841.8,6.7355424563364705,1.0
tourist_entries,"Non-resident arrivals, all transport modes (table 10.2)",thousands,2005,8,2005.5833333333333,-65,False,948.8,6.855198028243461,1.0
tourist_entries,"Non-resident arrivals, all transport modes (table 10.2)",thousands,2005,9,2005.6666666666667,-64,False,676.4,6.516784617024425,1.0
tourist_entries,"Non-resident arrivals, all transport modes (table 10.2)",thousands,2005,10,2005.75,-63,False,520.8,6.255366090894359,1.0
tourist_entries,"Non-resident arrivals, all transport modes (table 10.2)",thousands,2005,11,2005.8333333333333,-62,False,333.7,5.810242385757328,1.0
tourist_entries,"Non-resident arrivals, all transport modes (table 10.2)",thousands,2005,12,2005.9166666666667,-61,False,355.5,5.873525249243295,1.0
tourist_entries,"Non-resident arrivals, all transport modes (table 10.2)",thousands,2006,1,2006.0,-60,False,287.9,5.66261319761813,1.0
tourist_entries,"Non-resident arrivals, all transport modes (table 10.2)",thousands,2006,2,2006.0833333333333,-59,False,301.0,5.707110264748875,1.0
tourist_entries,"Non-resident arrivals, all transport modes (table 10.2)",thousands,2006,3,2006.1666666666667,-58,False,387.1,5.9586830575836025,1.0
tourist_entries,"Non-resident arrivals, all transport modes (table 10.2)",thousands,2006,4,2006.25,-57,False,565.8,6.338240658867467,1.0
tourist_entries,"Non-resident arrivals, all transport modes (table 10.2)",thousands,2006,5,2006.3333333333333,-56,False,540.3,6.29212454085002,1.0
tourist_entries,"Non-resident arrivals, all transport modes (table 10.2)",thousands,2006,6,2006.4166666666667,-55,False,636.5,6.4559844179974615,1.0
tourist_entries,"Non-resident arrivals, all transport modes (table 10.2)",thousands,2006,7,2006.5,-54,False,866.2,6.764115828780526,1.0
tourist_entries,"Non-resident arrivals, all transport modes (table 10.2)",thousands,2006,8,2006.5833333333333,-53,False,1025.1,6.932545447789356,1.0
tourist_entries,"Non-resident arrivals, all transport modes (table 10.2)",thousands,2006,9,2006.6666666666667,-52,False,714.5,6.571582997369922,1.0
tourist_entries,"Non-resident arrivals, all transport modes (table 10.2)",thousands,2006,10,2006.75,-51,False,578.0,6.359573868672378,1.0
tourist_entries,"Non-resident arrivals, all transport modes (table 10.2)",thousands,2006,11,2006.8333333333333,-50,False,333.0,5.808142489980444,1.0
tourist_entries,"Non-resident arrivals, all transport modes (table 10.2)",thousands,2006,12,2006.9166666666667,-49,False,314.0,5.749392985908253,1.0
tourist_entries,"Non-resident arrivals, all transport modes (table 10.2)",thousands,2007,1,2007.0,-48,False,307.5,5.728475087246572,1.0
tourist_entries,"Non-resident arrivals, all transport modes (table 10.2)",thousands,2007,2,2007.0833333333333,-47,False,314.4,5.7506660605550515,1.0
tourist_entries,"Non-resident arrivals, all transport modes (table 10.2)",thousands,2007,3,2007.1666666666667,-46,False,414.7,6.027555367252336,1.0
tourist_entries,"Non-resident arrivals, all transport modes (table 10.2)",thousands,2007,4,2007.25,-45,False,552.4,6.314272421535137,1.0
tourist_entries,"Non-resident arrivals, all transport modes (table 10.2)",thousands,2007,5,2007.3333333333333,-44,False,542.2,6.295634937064565,1.0
tourist_entries,"Non-resident arrivals, all transport modes (table 10.2)",thousands,2007,6,2007.4166666666667,-43,False,670.2,6.50757617530321,1.0
tourist_entries,"Non-resident arrivals, all transport modes (table 10.2)",thousands,2007,7,2007.5,-42,False,910.3,6.813774215511243,1.0
tourist_entries,"Non-resident arrivals, all transport modes (table 10.2)",thousands,2007,8,2007.5833333333333,-41,False,1056.3,6.962527514829117,1.0
tourist_entries,"Non-resident arrivals, all transport modes (table 10.2)",thousands,2007,9,2007.6666666666667,-40,False,706.2,6.559898483494286,1.0
tourist_entries,"Non-resident arrivals, all transport modes (table 10.2)",thousands,2007,10,2007.75,-39,False,605.5,6.406054562993147,1.0
tourist_entries,"Non-resident arrivals, all transport modes (table 10.2)",thousands,2007,11,2007.8333333333333,-38,False,348.6,5.85392513308592,1.0
tourist_entries,"Non-resident arrivals, all transport modes (table 10.2)",thousands,2007,12,2007.9166666666667,-37,False,333.4,5.809342970316694,1.0
tourist_entries,"Non-resident arrivals, all transport modes (table 10.2)",thousands,2008,1,2008.0,-36,False,308.6,5.73204593992906,1.0
tourist_entries,"Non-resident arrivals, all transport modes (table 10.2)",thousands,2008,2,2008.0833333333333,-35,False,336.9,5.819786150412507,1.0
tourist_entries,"Non-resident arrivals, all transport modes (table 10.2)",thousands,2008,3,2008.1666666666667,-34,False,455.7,6.121834698269836,1.0
tourist_entries,"Non-resident arrivals, all transport modes (table 10.2)",thousands,2008,4,2008.25,-33,False,516.7,6.247462435293139,1.0
tourist_entries,"Non-resident arrivals, all transport modes (table 10.2)",thousands,2008,5,2008.3333333333333,-32,False,601.6,6.39959277263563,1.0
tourist_entries,"Non-resident arrivals, all transport modes (table 10.2)",thousands,2008,6,2008.4166666666667,-31,False,732.9,6.597009266931805,1.0
tourist_entries,"Non-resident arrivals, all transport modes (table 10.2)",thousands,2008,7,2008.5,-30,False,958.3,6.865160881349716,1.0
tourist_entries,"Non-resident arrivals, all transport modes (table 10.2)",thousands,2008,8,2008.5833333333333,-29,False,1094.4,6.997961546868286,1.0
tourist_entries,"Non-resident arrivals, all transport modes (table 10.2)",thousands,2008,9,2008.6666666666667,-28,False,634.7,6.453152446312425,1.0
tourist_entries,"Non-resident arrivals, all transport modes (table 10.2)",thousands,2008,10,2008.75,-27,False,649.5,6.476202836110654,1.0
tourist_entries,"Non-resident arrivals, all transport modes (table 10.2)",thousands,2008,11,2008.8333333333333,-26,False,376.6,5.931183616223052,1.0
tourist_entries,"Non-resident arrivals, all transport modes (table 10.2)",thousands,2008,12,2008.9166666666667,-25,False,383.9,5.950382102006752,1.0
tourist_entries,"Non-resident arrivals, all transport modes (table 10.2)",thousands,2009,1,2009.0,-24,False,314.5,5.750984076140496,1.0
tourist_entries,"Non-resident arrivals, all transport modes (table 10.2)",thousands,2009,2,2009.0833333333333,-23,False,344.1,5.840932312803435,1.0
tourist_entries,"Non-resident arrivals, all transport modes (table 10.2)",thousands,2009,3,2009.1666666666667,-22,False,432.9,6.070506754447935,1.0
tourist_entries,"Non-resident arrivals, all transport modes (table 10.2)",thousands,2009,4,2009.25,-21,False,562.3,6.332035515298156,1.0
tourist_entries,"Non-resident arrivals, all transport modes (table 10.2)",thousands,2009,5,2009.3333333333333,-20,False,594.2,6.387215963028507,1.0
tourist_entries,"Non-resident arrivals, all transport modes (table 10.2)",thousands,2009,6,2009.4166666666667,-19,False,718.5,6.5771657055190795,1.0
tourist_entries,"Non-resident arrivals, all transport modes (table 10.2)",thousands,2009,7,2009.5,-18,False,986.4,6.8940619518501345,1.0
tourist_entries,"Non-resident arrivals, all transport modes (table 10.2)",thousands,2009,8,2009.5833333333333,-17,False,938.2,6.8439631458943575,1.0
tourist_entries,"Non-resident arrivals, all transport modes (table 10.2)",thousands,2009,9,2009.6666666666667,-16,False,631.8,6.448572888367985,1.0
tourist_entries,"Non-resident arrivals, all transport modes (table 10.2)",thousands,2009,10,2009.75,-15,False,612.5,6.417548942418882,1.0
tourist_entries,"Non-resident arrivals, all transport modes (table 10.2)",thousands,2009,11,2009.8333333333333,-14,False,360.4,5.887214525734183,1.0
tourist_entries,"Non-resident arrivals, all transport modes (table 10.2)",thousands,2009,12,2009.9166666666667,-13,False,406.5,6.007583928987866,1.0
tourist_entries,"Non-resident arrivals, all transport modes (table 10.2)",thousands,2010,1,2010.0,-12,False,333.1,5.808442745199634,1.0
tourist_entries,"Non-resident arrivals, all transport modes (table 10.2)",thousands,2010,2,2010.0833333333333,-11,False,324.6,5.782593655080491,1.0
tourist_entries,"Non-resident arrivals, all transport modes (table 10.2)",thousands,2010,3,2010.1666666666667,-10,False,441.0,6.089044875446846,1.0
tourist_entries,"Non-resident arrivals, all transport modes (table 10.2)",thousands,2010,4,2010.25,-9,False,495.0,6.20455776256869,1.0
tourist_entries,"Non-resident arrivals, all transport modes (table 10.2)",thousands,2010,5,2010.3333333333333,-8,False,612.1,6.416895667857024,1.0
tourist_entries,"Non-resident arrivals, all transport modes (table 10.2)",thousands,2010,6,2010.4166666666667,-7,False,702.8,6.555072356312942,1.0
tourist_entries,"Non-resident arrivals, all transport modes (table 10.2)",thousands,2010,7,2010.5,-6,False,1064.2,6.969978622162269,1.0
tourist_entries,"Non-resident arrivals, all transport modes (table 10.2)",thousands,2010,8,2010.5833333333333,-5,False,810.1,6.697157696836445,1.0
tourist_entries,"Non-resident arrivals, all transport modes (table 10.2)",thousands,2010,9,2010.6666666666667,-4,False,690.3,6.53712628570943,1.0
tourist_entries,"Non-resident arrivals, all transport modes (table 10.2)",thousands,2010,10,2010.75,-3,False,646.2,6.471109053390398,1.0
tourist_entries,"Non-resident arrivals, all transport modes (table 10.2)",thousands,2010,11,2010.8333333333333,-2,False,368.4,5.909169304381152,1.0
tourist_entries,"Non-resident arrivals, all transport modes (table 10.2)",thousands,2010,12,2010.9166666666667,-1,False,415.6,6.029723259225072,1.0
tourist_entries,"Non-resident arrivals, all transport modes (table 10.2)",thousands,2011,1,2011.0,0,True,177.7,5.180096735160606,0.5
tourist_entries,"Non-resident arrivals, all transport modes (table 10.2)",thousands,2011,2,2011.0833333333333,1,True,184.1,5.215479088239032,0.5
tourist_entries,"Non-resident arrivals, all transport modes (table 10.2)",thousands,2011,3,2011.1666666666667,2,True,252.3,5.530618855647012,0.5
tourist_entries,"Non-resident arrivals, all transport modes (table 10.2)",thousands,2011,4,2011.25,3,True,313.9,5.749074463847908,0.5
tourist_entries,"Non-resident arrivals, all transport modes (table 10.2)",thousands,2011,10,2011.75,9,True,494.2,6.2029402935545095,0.5
tourist_entries,"Non-resident arrivals, all transport modes (table 10.2)",thousands,2011,11,2011.8333333333333,10,True,372.5,5.920237037819614,0.5
tourist_entries,"Non-resident arrivals, all transport modes (table 10.2)",thousands,2012,1,2012.0,12,True,310.3,5.7375395714543345,0.5833
tourist_entries,"Non-resident arrivals, all transport modes (table 10.2)",thousands,2012,4,2012.25,15,True,468.9,6.15038952609554,0.5833
tourist_entries,"Non-resident arrivals, all transport modes (table 10.2)",thousands,2012,5,2012.3333333333333,16,True,499.4,6.213407377845673,0.5833
tourist_entries,"Non-resident arrivals, all transport modes (table 10.2)",thousands,2012,6,2012.4166666666667,17,True,596.1,6.390408438225881,0.5833
tourist_entries,"Non-resident arrivals, all transport modes (table 10.2)",thousands,2012,10,2012.75,21,True,495.0,6.20455776256869,0.5833
tourist_entries,"Non-resident arrivals, all transport modes (table 10.2)",thousands,2012,11,2012.8333333333333,22,True,385.5,5.954541193003384,0.5833
tourist_entries,"Non-resident arrivals, all transport modes (table 10.2)",thousands,2012,12,2012.9166666666667,23,True,396.1,5.981666704627871,0.5833
tourist_entries,"Non-resident arrivals, all transport modes (table 10.2)",thousands,2013,1,2013.0,24,True,279.1,5.6315701405422764,1.0
tourist_entries,"Non-resident arrivals, all transport modes (table 10.2)",thousands,2013,2,2013.0833333333333,25,True,248.4,5.515040350059324,1.0
tourist_entries,"Non-resident arrivals, all transport modes (table 10.2)",thousands,2013,3,2013.1666666666667,26,True,395.9,5.981161654112085,1.0
tourist_entries,"Non-resident arrivals, all transport modes (table 10.2)",thousands,2013,4,2013.25,27,True,441.3,6.089724916275501,1.0
tourist_entries,"Non-resident arrivals, all transport modes (table 10.2)",thousands,2013,5,2013.3333333333333,28,True,551.3,6.312279125595638,1.0
tourist_entries,"Non-resident arrivals, all transport modes (table 10.2)",thousands,2013,6,2013.4166666666667,29,True,706.5,6.560323202124582,1.0
tourist_entries,"Non-resident arrivals, all transport modes (table 10.2)",thousands,2013,7,2013.5,30,True,666.7,6.502340169624015,1.0
tourist_entries,"Non-resident arrivals, all transport modes (table 10.2)",thousands,2013,8,2013.5833333333333,31,True,888.6,6.7896471905018085,1.0
tourist_entries,"Non-resident arrivals, all transport modes (table 10.2)",thousands,2013,9,2013.6666666666667,32,True,727.3,6.589339047160495,1.0
tourist_entries,"Non-resident arrivals, all transport modes (table 10.2)",thousands,2013,10,2013.75,33,True,560.5,6.328829242512215,1.0
tourist_entries,"Non-resident arrivals, all transport modes (table 10.2)",thousands,2013,11,2013.8333333333333,34,True,371.4,5.917279648918606,1.0
tourist_entries,"Non-resident arrivals, all transport modes (table 10.2)",thousands,2013,12,2013.9166666666667,35,True,431.7,6.067730902561432,1.0
tourist_entries,"Non-resident arrivals, all transport modes (table 10.2)",thousands,2014,1,2014.0,36,True,340.4,5.830121396699219,1.0
tourist_entries,"Non-resident arrivals, all transport modes (table 10.2)",thousands,2014,2,2014.0833333333333,37,True,306.4,5.724891437866436,1.0
tourist_entries,"Non-resident arrivals, all transport modes (table 10.2)",thousands,2014,3,2014.1666666666667,38,True,342.0,5.834810737062605,1.0
tourist_entries,"Non-resident arrivals, all transport modes (table 10.2)",thousands,2014,4,2014.25,39,True,448.5,6.105908681498851,1.0
tourist_entries,"Non-resident arrivals, all transport modes (table 10.2)",thousands,2014,5,2014.3333333333333,40,True,535.2,6.282640508814019,1.0
tourist_entries,"Non-resident arrivals, all transport modes (table 10.2)",thousands,2014,6,2014.4166666666667,41,True,683.5,6.527226656164005,1.0
tourist_entries,"Non-resident arrivals, all transport modes (table 10.2)",thousands,2014,7,2014.5,42,True,654.3,6.483565961875693,1.0
tourist_entries,"Non-resident arrivals, all transport modes (table 10.2)",thousands,2014,8,2014.5833333333333,43,True,958.7,6.865578200082951,1.0
tourist_entries,"Non-resident arrivals, all transport modes (table 10.2)",thousands,2014,9,2014.6666666666667,44,True,646.0,6.470799503782602,1.0
tourist_entries,"Non-resident arrivals, all transport modes (table 10.2)",thousands,2014,10,2014.75,45,True,488.8,6.191953407857386,1.0
tourist_entries,"Non-resident arrivals, all transport modes (table 10.2)",thousands,2014,11,2014.8333333333333,46,True,315.4,5.753841674528938,1.0
tourist_entries,"Non-resident arrivals, all transport modes (table 10.2)",thousands,2014,12,2014.9166666666667,47,True,350.6,5.859645972487134,1.0
tourist_entries,"Non-resident arrivals, all transport modes (table 10.2)",thousands,2015,1,2015.0,48,True,269.1,5.59508305773286,1.0
tourist_entries,"Non-resident arrivals, all transport modes (table 10.2)",thousands,2015,2,2015.0833333333333,49,True,218.1,5.384953673207583,1.0
tourist_entries,"Non-resident arrivals, all transport modes (table 10.2)",thousands,2015,3,2015.1666666666667,50,True,315.9,5.7554257078080395,1.0
tourist_entries,"Non-resident arrivals, all transport modes (table 10.2)",thousands,2015,4,2015.25,51,True,333.1,5.808442745199634,1.0
tourist_entries,"Non-resident arrivals, all transport modes (table 10.2)",thousands,2015,5,2015.3333333333333,52,True,434.2,6.073505257444191,1.0
tourist_entries,"Non-resident arrivals, all transport modes (table 10.2)",thousands,2015,6,2015.4166666666667,53,True,433.0,6.07073772800249,1.0
tourist_entries,"Non-resident arrivals, all transport modes (table 10.2)",thousands,2015,7,2015.5,54,True,365.1,5.900171288661591,1.0
tourist_entries,"Non-resident arrivals, all transport modes (table 10.2)",thousands,2015,8,2015.5833333333333,55,True,637.3,6.457240502320248,1.0
tourist_entries,"Non-resident arrivals, all transport modes (table 10.2)",thousands,2015,9,2015.6666666666667,56,True,321.9,5.774240938304763,1.0
tourist_entries,"Non-resident arrivals, all transport modes (table 10.2)",thousands,2015,10,2015.75,57,True,323.1,5.777961872830453,1.0
tourist_entries,"Non-resident arrivals, all transport modes (table 10.2)",thousands,2015,11,2015.8333333333333,58,True,242.6,5.49141399650995,1.0
tourist_entries,"Non-resident arrivals, all transport modes (table 10.2)",thousands,2015,12,2015.9166666666667,59,True,308.4,5.731397641689174,1.0
tourist_entries,"Non-resident arrivals, all transport modes (table 10.2)",thousands,2016,1,2016.0,60,True,209.4,5.3442462984364365,1.0
tourist_entries,"Non-resident arrivals, all transport modes (table 10.2)",thousands,2016,2,2016.0833333333333,61,True,199.5,5.295814236329918,1.0
tourist_entries,"Non-resident arrivals, all transport modes (table 10.2)",thousands,2016,3,2016.1666666666667,62,True,201.5,5.305789381386738,1.0
tourist_entries,"Non-resident arrivals, all transport modes (table 10.2)",thousands,2016,4,2016.25,63,True,237.4,5.469746482175568,1.0
tourist_entries,"Non-resident arrivals, all transport modes (table 10.2)",thousands,2016,5,2016.3333333333333,64,True,342.5,5.83627165770228,1.0
tourist_entries,"Non-resident arrivals, all transport modes (table 10.2)",thousands,2016,6,2016.4166666666667,65,True,311.4,5.741078259399898,1.0
tourist_entries,"Non-resident arrivals, all transport modes (table 10.2)",thousands,2016,7,2016.5,66,True,581.6,6.3657829262193095,1.0
tourist_entries,"Non-resident arrivals, all transport modes (table 10.2)",thousands,2016,8,2016.5833333333333,67,True,832.0,6.723832440821209,1.0
tourist_entries,"Non-resident arrivals, all transport modes (table 10.2)",thousands,2016,9,2016.6666666666667,68,True,460.3,6.131878450823196,1.0
tourist_entries,"Non-resident arrivals, all transport modes (table 10.2)",thousands,2016,10,2016.75,69,True,406.4,6.007337896264272,1.0
tourist_entries,"Non-resident arrivals, all transport modes (table 10.2)",thousands,2016,11,2016.8333333333333,70,True,315.5,5.754158681981268,1.0
tourist_entries,"Non-resident arrivals, all transport modes (table 10.2)",thousands,2016,12,2016.9166666666667,71,True,428.2,6.059590376155582,1.0
tourist_entries,"Non-resident arrivals, all transport modes (table 10.2)",thousands,2017,1,2017.0,72,True,231.3,5.443715569237393,1.0
tourist_entries,"Non-resident arrivals, all transport modes (table 10.2)",thousands,2017,2,2017.0833333333333,73,True,274.0,5.6131281063880705,1.0
tourist_entries,"Non-resident arrivals, all transport modes (table 10.2)",thousands,2017,3,2017.1666666666667,74,True,374.7,5.926125705799642,1.0
tourist_entries,"Non-resident arrivals, all transport modes (table 10.2)",thousands,2017,4,2017.25,75,True,361.4,5.889985378158128,1.0
tourist_entries,"Non-resident arrivals, all transport modes (table 10.2)",thousands,2017,5,2017.3333333333333,76,True,424.0,6.049733455231958,1.0
tourist_entries,"Non-resident arrivals, all transport modes (table 10.2)",thousands,2017,6,2017.4166666666667,77,True,379.0,5.937536205082426,1.0
tourist_entries,"Non-resident arrivals, all transport modes (table 10.2)",thousands,2017,7,2017.5,78,True,740.9,6.607865663422611,1.0
tourist_entries,"Non-resident arrivals, all transport modes (table 10.2)",thousands,2017,8,2017.5833333333333,79,True,937.2,6.842896706633641,1.0
tourist_entries,"Non-resident arrivals, all transport modes (table 10.2)",thousands,2017,9,2017.6666666666667,80,True,609.5,6.412638948921326,1.0
tourist_entries,"Non-resident arrivals, all transport modes (table 10.2)",thousands,2017,10,2017.75,81,True,500.7,6.216007119335899,1.0
tourist_entries,"Non-resident arrivals, all transport modes (table 10.2)",thousands,2017,11,2017.8333333333333,82,True,380.7,5.942011663388452,1.0
tourist_entries,"Non-resident arrivals, all transport modes (table 10.2)",thousands,2017,12,2017.9166666666667,83,True,529.3,6.271555378863942,1.0
tourist_entries,"Non-resident arrivals, all transport modes (table 10.2)",thousands,2018,1,2018.0,84,True,296.0,5.69035945432406,1.0
tourist_entries,"Non-resident arrivals, all transport modes (table 10.2)",thousands,2018,2,2018.0833333333333,85,True,313.4,5.74748032992192,1.0
tourist_entries,"Non-resident arrivals, all transport modes (table 10.2)",thousands,2018,3,2018.1666666666667,86,True,451.2,6.1119107001838495,1.0
tourist_entries,"Non-resident arrivals, all transport modes (table 10.2)",thousands,2018,4,2018.25,87,True,470.1,6.152945438030085,1.0
tourist_entries,"Non-resident arrivals, all transport modes (table 10.2)",thousands,2018,5,2018.3333333333333,88,True,528.3,6.26966430417027,1.0
tourist_entries,"Non-resident arrivals, all transport modes (table 10.2)",thousands,2018,6,2018.4166666666667,89,True,590.9,6.381646798351629,1.0
tourist_entries,"Non-resident arrivals, all transport modes (table 10.2)",thousands,2018,7,2018.5,90,True,869.4,6.767803318554692,1.0
tourist_entries,"Non-resident arrivals, all transport modes (table 10.2)",thousands,2018,8,2018.5833333333333,91,True,931.3,6.836581459527612,1.0
tourist_entries,"Non-resident arrivals, all transport modes (table 10.2)",thousands,2018,9,2018.6666666666667,92,True,718.4,6.57702651698799,1.0
tourist_entries,"Non-resident arrivals, all transport modes (table 10.2)",thousands,2018,10,2018.75,93,True,610.5,6.414278293550759,1.0
tourist_entries,"Non-resident arrivals, all transport modes (table 10.2)",thousands,2018,11,2018.8333333333333,94,True,464.1,6.14010004624713,1.0
tourist_entries,"Non-resident arrivals, all transport modes (table 10.2)",thousands,2018,12,2018.9166666666667,95,True,677.6,6.518557143337845,1.0
tourist_entries,"Non-resident arrivals, all transport modes (table 10.2)",thousands,2019,1,2019.0,96,True,387.7,5.960231844676883,1.0
tourist_entries,"Non-resident arrivals, all transport modes (table 10.2)",thousands,2019,2,2019.0833333333333,97,True,403.5,6.000176487710004,1.0
tourist_entries,"Non-resident arrivals, all transport modes (table 10.2)",thousands,2019,3,2019.1666666666667,98,True,489.8,6.193997144518067,1.0
tourist_entries,"Non-resident arrivals, all transport modes (table 10.2)",thousands,2019,4,2019.25,99,True,577.9,6.359400843323733,1.0
tourist_entries,"Non-resident arrivals, all transport modes (table 10.2)",thousands,2019,5,2019.3333333333333,100,True,522.0,6.257667587882639,1.0
tourist_entries,"Non-resident arrivals, all transport modes (table 10.2)",thousands,2019,6,2019.4166666666667,101,True,783.1,6.663260401756892,1.0
tourist_entries,"Non-resident arrivals, all transport modes (table 10.2)",thousands,2019,7,2019.5,102,True,1000.5,6.908255154023788,1.0
tourist_entries,"Non-resident arrivals, all transport modes (table 10.2)",thousands,2019,8,2019.5833333333333,103,True,1068.3,6.973823878951841,1.0
tourist_entries,"Non-resident arrivals, all transport modes (table 10.2)",thousands,2019,9,2019.6666666666667,104,True,833.2,6.725273709386817,1.0
tourist_entries,"Non-resident arrivals, all transport modes (table 10.2)",thousands,2019,10,2019.75,105,True,684.5,6.528688644728503,1.0
tourist_entries,"Non-resident arrivals, all transport modes (table 10.2)",thousands,2019,11,2019.8333333333333,106,True,496.5,6.2075834834852275,1.0
tourist_entries,"Non-resident arrivals, all transport modes (table 10.2)",thousands,2019,12,2019.9166666666667,107,True,737.4,6.603130485800044,1.0
tourist_entries,"Non-resident arrivals, all transport modes (table 10.2)",thousands,2020,1,2020.0,108,True,428.7,6.0607573736039315,1.0
tourist_entries,"Non-resident arrivals, all transport modes (table 10.2)",thousands,2020,2,2020.0833333333333,109,True,442.4,6.092214450208125,1.0
tourist_entries,"Non-resident arrivals, all transport modes (table 10.2)",thousands,2020,3,2020.1666666666667,110,True,197.7,5.286750730176571,1.0
tourist_entries,"Non-resident arrivals, all transport modes (table 10.2)",thousands,2020,4,2020.25,111,True,0.1,-2.3025850929940455,1.0
tourist_entries,"Non-resident arrivals, all transport modes (table 10.2)",thousands,2020,5,2020.3333333333333,112,True,0.3,-1.2039728043259361,1.0
tourist_entries,"Non-resident arrivals, all transport modes (table 10.2)",thousands,2020,6,2020.4166666666667,113,True,2.1,0.7419373447293773,1.0
tourist_entries,"Non-resident arrivals, all transport modes (table 10.2)",thousands,2020,7,2020.5,114,True,69.9,4.247065649239764,1.0
tourist_entries,"Non-resident arrivals, all transport modes (table 10.2)",thousands,2020,8,2020.5833333333333,115,True,71.7,4.272490747605575,1.0
tourist_entries,"Non-resident arrivals, all transport modes (table 10.2)",thousands,2020,9,2020.6666666666667,116,True,49.8,3.9080149840306073,1.0
tourist_entries,"Non-resident arrivals, all transport modes (table 10.2)",thousands,2020,10,2020.75,117,True,48.1,3.8732821771117156,1.0
tourist_entries,"Non-resident arrivals, all transport modes (table 10.2)",thousands,2020,11,2020.8333333333333,118,True,30.7,3.4242626545931514,1.0
tourist_entries,"Non-resident arrivals, all transport modes (table 10.2)",thousands,2020,12,2020.9166666666667,119,True,90.5,4.505349850705881,1.0
tourist_entries,"Non-resident arrivals, all transport modes (table 10.2)",thousands,2021,1,2021.0,120,True,87.9,4.476199804691132,1.0
tourist_entries,"Non-resident arrivals, all transport modes (table 10.2)",thousands,2021,2,2021.0833333333333,121,True,68.8,4.231203744939298,1.0
tourist_entries,"Non-resident arrivals, all transport modes (table 10.2)",thousands,2021,3,2021.1666666666667,122,True,101.8,4.623010104116422,1.0
tourist_entries,"Non-resident arrivals, all transport modes (table 10.2)",thousands,2021,4,2021.25,123,True,98.2,4.58700621536042,1.0
tourist_entries,"Non-resident arrivals, all transport modes (table 10.2)",thousands,2021,5,2021.3333333333333,124,True,107.6,4.678420647727684,1.0
tourist_entries,"Non-resident arrivals, all transport modes (table 10.2)",thousands,2021,6,2021.4166666666667,125,True,210.5,5.349485653122436,1.0
tourist_entries,"Non-resident arrivals, all transport modes (table 10.2)",thousands,2021,7,2021.5,126,True,166.4,5.114394528387108,1.0
tourist_entries,"Non-resident arrivals, all transport modes (table 10.2)",thousands,2021,8,2021.5833333333333,127,True,101.1,4.616110126026426,1.0
tourist_entries,"Non-resident arrivals, all transport modes (table 10.2)",thousands,2021,9,2021.6666666666667,128,True,106.8,4.6709579265260945,1.0
tourist_entries,"Non-resident arrivals, all transport modes (table 10.2)",thousands,2021,10,2021.75,129,True,191.1,5.252796851246227,1.0
tourist_entries,"Non-resident arrivals, all transport modes (table 10.2)",thousands,2021,11,2021.8333333333333,130,True,177.0,5.176149732573829,1.0
tourist_entries,"Non-resident arrivals, all transport modes (table 10.2)",thousands,2021,12,2021.9166666666667,131,True,183.1,5.210032451680465,1.0
tourist_entries,"Non-resident arrivals, all transport modes (table 10.2)",thousands,2022,1,2022.0,132,True,150.7,5.01529110563245,1.0
tourist_entries,"Non-resident arrivals, all transport modes (table 10.2)",thousands,2022,2,2022.0833333333333,133,True,191.8,5.256453162449338,1.0
tourist_entries,"Non-resident arrivals, all transport modes (table 10.2)",thousands,2022,3,2022.1666666666667,134,True,244.1,5.497577977398914,1.0
tourist_entries,"Non-resident arrivals, all transport modes (table 10.2)",thousands,2022,4,2022.25,135,True,212.3,5.35800036870921,1.0
tourist_entries,"Non-resident arrivals, all transport modes (table 10.2)",thousands,2022,5,2022.3333333333333,136,True,351.5,5.86220971125072,1.0
tourist_entries,"Non-resident arrivals, all transport modes (table 10.2)",thousands,2022,6,2022.4166666666667,137,True,413.9,6.025624398754687,1.0
tourist_entries,"Non-resident arrivals, all transport modes (table 10.2)",thousands,2022,7,2022.5,138,True,603.5,6.402746040537586,1.0
tourist_entries,"Non-resident arrivals, all transport modes (table 10.2)",thousands,2022,8,2022.5833333333333,139,True,751.4,6.621938133139868,1.0
tourist_entries,"Non-resident arrivals, all transport modes (table 10.2)",thousands,2022,9,2022.6666666666667,140,True,646.6,6.471727865291332,1.0
tourist_entries,"Non-resident arrivals, all transport modes (table 10.2)",thousands,2022,10,2022.75,141,True,589.2,6.378765684588475,1.0
tourist_entries,"Non-resident arrivals, all transport modes (table 10.2)",thousands,2022,11,2022.8333333333333,142,True,436.9,6.07970433595739,1.0
tourist_entries,"Non-resident arrivals, all transport modes (table 10.2)",thousands,2022,12,2022.9166666666667,143,True,577.7,6.35905470278722,1.0
tourist_entries,"Non-resident arrivals, all transport modes (table 10.2)",thousands,2023,1,2023.0,144,True,457.3,6.125339630664009,1.0
tourist_entries,"Non-resident arrivals, all transport modes (table 10.2)",thousands,2023,2,2023.0833333333333,145,True,440.8,6.088591257838705,1.0
tourist_entries,"Non-resident arrivals, all transport modes (table 10.2)",thousands,2023,3,2023.1666666666667,146,True,472.8,6.158672466091889,1.0
tourist_entries,"Non-resident arrivals, all transport modes (table 10.2)",thousands,2023,4,2023.25,147,True,482.5,6.178980920779041,1.0
tourist_entries,"Non-resident arrivals, all transport modes (table 10.2)",thousands,2023,5,2023.3333333333333,148,True,688.3,6.534224789404319,1.0
tourist_entries,"Non-resident arrivals, all transport modes (table 10.2)",thousands,2023,6,2023.4166666666667,149,True,722.5,6.582717419986587,1.0
tourist_entries,"Non-resident arrivals, all transport modes (table 10.2)",thousands,2023,7,2023.5,150,True,953.6,6.860244296311086,1.0
tourist_entries,"Non-resident arrivals, all transport modes (table 10.2)",thousands,2023,8,2023.5833333333333,151,True,1092.5,6.996223926969745,1.0
tourist_entries,"Non-resident arrivals, all transport modes (table 10.2)",thousands,2023,9,2023.6666666666667,152,True,891.8,6.793241892193376,1.0
tourist_entries,"Non-resident arrivals, all transport modes (table 10.2)",thousands,2023,10,2023.75,153,True,748.6,6.618204795470328,1.0
tourist_entries,"Non-resident arrivals, all transport modes (table 10.2)",thousands,2023,11,2023.8333333333333,154,True,538.4,6.288601778330518,1.0
tourist_entries,"Non-resident arrivals, all transport modes (table 10.2)",thousands,2023,12,2023.9166666666667,155,True,645.2,6.469560346251054,1.0
