series,group,base_year,year,month,t,running,treated,value,log_value
cpi_general,all items,2000,2004,1,2004.0,-84,False,110.8,4.707727
cpi_general,all items,2000,2004,2,2004.083333,-83,False,110.3,4.703204
cpi_general,all items,2000,2004,3,2004.166667,-82,False,110.6,4.70592
cpi_general,all items,2000,2004,4,2004.25,-81,False,111.2,4.71133
cpi_general,all items,2000,2004,5,2004.333333,-80,False,111.7,4.715817
cpi_general,all items,2000,2004,6,2004.416667,-79,False,111.9,4.717606
cpi_general,all items,2000,2004,7,2004.5,-78,False,112.0,4.718499
cpi_general,all items,2000,2004,8,2004.583333,-77,False,111.9,4.717606
cpi_general,all items,2000,2004,9,2004.666667,-76,False,111.9,4.717606
cpi_general,all items,2000,2004,10,2004.75,-75,False,112.0,4.718499
cpi_general,all items,2000,2004,11,2004.833333,-74,False,111.9,4.717606
cpi_general,all items,2000,2004,12,2004.916667,-73,False,111.9,4.717606
cpi_general,all items,2000,2005,1,2005.0,-72,False,112.0,4.718499
cpi_general,all items,2000,2005,2,2005.083333,-71,False,112.2,4.720283
cpi_general,all items,2000,2005,3,2005.166667,-70,False,112.2,4.720283
cpi_general,all items,2000,2005,4,2005.25,-69,False,113.1,4.728272
cpi_general,all items,2000,2005,5,2005.333333,-68,False,113.0,4.727388
cpi_general,all items,2000,2005,6,2005.416667,-67,False,113.4,4.730921
cpi_general,all items,2000,2005,7,2005.5,-66,False,113.6,4.732684
cpi_general,all items,2000,2005,8,2005.583333,-65,False,114.0,4.736198
cpi_general,all items,2000,2005,9,2005.666667,-64,False,114.5,4.740575
cpi_general,all items,2000,2005,10,2005.75,-63,False,115.2,4.74667
cpi_general,all items,2000,2005,11,2005.833333,-62,False,115.6,4.750136
cpi_general,all items,2000,2005,12,2005.916667,-61,False,116.3,4.756173
cpi_general,all items,2000,2006,1,2006.0,-60,False,117.0,4.762174
cpi_general,all items,2000,2006,2,2006.083333,-59,False,116.7,4.759607
cpi_general,all items,2000,2006,3,2006.166667,-58,False,117.1,4.763028
cpi_general,all items,2000,2006,4,2006.25,-57,False,118.5,4.774913
cpi_general,all items,2000,2006,5,2006.333333,-56,False,119.0,4.779123
cpi_general,all items,2000,2006,6,2006.416667,-55,False,119.0,4.779123
cpi_general,all items,2000,2006,7,2006.5,-54,False,119.5,4.783316
cpi_general,all items,2000,2006,8,2006.583333,-53,False,119.5,4.783316
cpi_general,all items,2000,2006,9,2006.666667,-52,False,119.9,4.786658
cpi_general,all items,2000,2006,10,2006.75,-51,False,120.3,4.789989
cpi_general,all items,2000,2006,11,2006.833333,-50,False,120.0,4.787492
cpi_general,all items,2000,2006,12,2006.916667,-49,False,119.9,4.786658
cpi_general,all items,2000,2007,1,2007.0,-48,False,119.9,4.786658
cpi_general,all items,2000,2007,2,2007.083333,-47,False,119.7,4.784989
cpi_general,all items,2000,2007,3,2007.166667,-46,False,120.0,4.787492
cpi_general,all items,2000,2007,4,2007.25,-45,False,120.8,4.794136
cpi_general,all items,2000,2007,5,2007.333333,-44,False,121.6,4.800737
cpi_general,all items,2000,2007,6,2007.416667,-43,False,122.5,4.808111
cpi_general,all items,2000,2007,7,2007.5,-42,False,122.8,4.810557
cpi_general,all items,2000,2007,8,2007.583333,-41,False,123.9,4.819475
cpi_general,all items,2000,2007,9,2007.666667,-40,False,124.2,4.821893
cpi_general,all items,2000,2007,10,2007.75,-39,False,124.8,4.826712
cpi_general,all items,2000,2007,11,2007.833333,-38,False,125.5,4.832306
cpi_general,all items,2000,2007,12,2007.916667,-37,False,126.3,4.83866
cpi_general,all items,2000,2008,1,2008.0,-36,False,126.8,4.842611
cpi_general,all items,2000,2008,2,2008.083333,-35,False,126.5,4.840242
cpi_general,all items,2000,2008,3,2008.166667,-34,False,127.0,4.844187
cpi_general,all items,2000,2008,4,2008.25,-33,False,128.0,4.85203
cpi_general,all items,2000,2008,5,2008.333333,-32,False,128.1,4.852811
cpi_general,all items,2000,2008,6,2008.416667,-31,False,128.5,4.855929
cpi_general,all items,2000,2008,7,2008.5,-30,False,129.2,4.861362
cpi_general,all items,2000,2008,8,2008.583333,-29,False,129.0,4.859812
cpi_general,all items,2000,2008,9,2008.666667,-28,False,129.6,4.864453
cpi_general,all items,2000,2008,10,2008.75,-27,False,130.5,4.871373
cpi_general,all items,2000,2008,11,2008.833333,-26,False,131.0,4.875197
cpi_general,all items,2000,2008,12,2008.916667,-25,False,131.5,4.879007
cpi_general,all items,2005,2009,1,2009.0,-24,False,115.1,4.745801
cpi_general,all items,2005,2009,2,2009.083333,-23,False,114.5,4.740575
cpi_general,all items,2005,2009,3,2009.166667,-22,False,114.9,4.744062
cpi_general,all items,2005,2009,4,2009.25,-21,False,115.6,4.750136
cpi_general,all items,2005,2009,5,2009.333333,-20,False,116.0,4.75359
cpi_general,all items,2005,2009,6,2009.416667,-19,False,116.5,4.757891
cpi_general,all items,2005,2009,7,2009.5,-18,False,117.3,4.764735
cpi_general,all items,2005,2009,8,2009.583333,-17,False,117.6,4.767289
cpi_general,all items,2005,2009,9,2009.666667,-16,False,118.2,4.772378
cpi_general,all items,2005,2009,10,2009.75,-15,False,118.9,4.778283
cpi_general,all items,2005,2009,11,2009.833333,-14,False,119.4,4.782479
cpi_general,all items,2005,2009,12,2009.916667,-13,False,119.9,4.786658
cpi_general,all items,2005,2010,1,2010.0,-12,False,120.3,4.789989
cpi_general,all items,2005,2010,2,2010.083333,-11,False,120.4,4.79082
cpi_general,all items,2005,2010,3,2010.166667,-10,False,120.6,4.792479
cpi_general,all items,2005,2010,4,2010.25,-9,False,121.1,4.796617
cpi_general,all items,2005,2010,5,2010.333333,-8,False,121.5,4.799914
cpi_general,all items,2005,2010,6,2010.416667,-7,False,121.9,4.803201
cpi_general,all items,2005,2010,7,2010.5,-6,False,122.2,4.805659
cpi_general,all items,2005,2010,8,2010.583333,-5,False,122.5,4.808111
cpi_general,all items,2005,2010,9,2010.666667,-4,False,122.9,4.811371
cpi_general,all items,2005,2010,10,2010.75,-3,False,123.6,4.817051
cpi_general,all items,2005,2010,11,2010.833333,-2,False,124.2,4.821893
cpi_general,all items,2005,2010,12,2010.916667,-1,False,124.7,4.825911
cpi_general,all items,2005,2011,1,2011.0,0,True,124.5,4.824306
cpi_general,all items,2005,2011,2,2011.083333,1,True,123.9,4.819475
cpi_general,all items,2005,2011,3,2011.166667,2,True,124.1,4.821088
cpi_general,all items,2005,2011,4,2011.25,3,True,124.8,4.826712
cpi_general,all items,2005,2011,5,2011.333333,4,True,125.2,4.829912
cpi_general,all items,2005,2011,6,2011.416667,5,True,125.7,4.833898
cpi_general,all items,2005,2011,7,2011.5,6,True,126.3,4.83866
cpi_general,all items,2005,2011,8,2011.583333,7,True,126.9,4.843399
cpi_general,all items,2005,2011,9,2011.666667,8,True,127.7,4.849684
cpi_general,all items,2005,2011,10,2011.75,9,True,129.2,4.861362
cpi_general,all items,2005,2011,11,2011.833333,10,True,129.7,4.865224
cpi_general,all items,2005,2011,12,2011.916667,11,True,129.9,4.866765
cpi_general,all items,2005,2012,1,2012.0,12,True,130.8,4.873669
cpi_general,all items,2005,2012,2,2012.083333,13,True,131.0,4.875197
cpi_general,all items,2005,2012,3,2012.166667,14,True,130.8,4.873669
cpi_general,all items,2005,2012,4,2012.25,15,True,132.0,4.882802
cpi_general,all items,2005,2012,5,2012.333333,16,True,132.2,4.884316
cpi_general,all items,2005,2012,6,2012.416667,17,True,132.5,4.886583
cpi_general,all items,2005,2012,7,2012.5,18,True,133.4,4.893352
cpi_general,all items,2005,2012,8,2012.583333,19,True,134.1,4.898586
cpi_general,all items,2005,2012,9,2012.666667,20,True,135.0,4.905275
cpi_general,all items,2005,2012,10,2012.75,21,True,136.1,4.91339
cpi_general,all items,2005,2012,11,2012.833333,22,True,136.9,4.919251
cpi_general,all items,2005,2012,12,2012.916667,23,True,137.6,4.924351
industrial_prices,Energie,2000,1998,1,1998.0,-156,False,111.3,4.712229
industrial_prices,Energie,2000,1998,2,1998.083333,-155,False,111.3,4.712229
industrial_prices,Energie,2000,1998,3,1998.166667,-154,False,111.3,4.712229
industrial_prices,Energie,2000,1998,4,1998.25,-153,False,111.3,4.712229
industrial_prices,Energie,2000,1998,5,1998.333333,-152,False,114.1,4.737075
industrial_prices,Energie,2000,1998,6,1998.416667,-151,False,115.4,4.748404
industrial_prices,Energie,2000,1998,7,1998.5,-150,False,115.4,4.748404
industrial_prices,Energie,2000,1998,8,1998.583333,-149,False,115.4,4.748404
industrial_prices,Energie,2000,1998,9,1998.666667,-148,False,115.4,4.748404
industrial_prices,Energie,2000,1998,10,1998.75,-147,False,115.4,4.748404
industrial_prices,Energie,2000,1998,11,1998.833333,-146,False,115.4,4.748404
industrial_prices,Energie,2000,1998,12,1998.916667,-145,False,115.4,4.748404
industrial_prices,Energie,2000,1999,1,1999.0,-144,False,115.9,4.752728
industrial_prices,Energie,2000,1999,2,1999.083333,-143,False,115.9,4.752728
industrial_prices,Energie,2000,1999,3,1999.166667,-142,False,115.9,4.752728
industrial_prices,Energie,2000,1999,4,1999.25,-141,False,115.9,4.752728
industrial_prices,Energie,2000,1999,5,1999.333333,-140,False,115.9,4.752728
industrial_prices,Energie,2000,1999,6,1999.416667,-139,False,115.9,4.752728
industrial_prices,Energie,2000,1999,7,1999.5,-138,False,115.9,4.752728
industrial_prices,Energie,2000,1999,8,1999.583333,-137,False,115.9,4.752728
industrial_prices,Energie,2000,1999,9,1999.666667,-136,False,115.9,4.752728
industrial_prices,Energie,2000,1999,10,1999.75,-135,False,115.9,4.752728
industrial_prices,Energie,2000,1999,11,1999.833333,-134,False,115.9,4.752728
industrial_prices,Energie,2000,1999,12,1999.916667,-133,False,116.0,4.75359
industrial_prices,Energie,2000,2000,1,2000.0,-132,False,116.0,4.75359
industrial_prices,Energie,2000,2000,2,2000.083333,-131,False,116.0,4.75359
industrial_prices,Energie,2000,2000,3,2000.166667,-130,False,122.1,4.80484
industrial_prices,Energie,2000,2000,4,2000.25,-129,False,122.1,4.80484
industrial_prices,Energie,2000,2000,5,2000.333333,-128,False,122.1,4.80484
industrial_prices,Energie,2000,2000,6,2000.416667,-127,False,122.1,4.80484
industrial_prices,Energie,2000,2000,7,2000.5,-126,False,122.1,4.80484
industrial_prices,Energie,2000,2000,8,2000.583333,-125,False,123.9,4.819475
industrial_prices,Energie,2000,2000,9,2000.666667,-124,False,125.7,4.833898
industrial_prices,Energie,2000,2000,10,2000.75,-123,False,125.7,4.833898
industrial_prices,Energie,2000,2000,11,2000.833333,-122,False,125.7,4.833898
industrial_prices,Energie,2000,2000,12,2000.916667,-121,False,125.7,4.833898
industrial_prices,Energie,2000,2005,1,2005.0,-72,False,120.8,4.794136
industrial_prices,Energie,2000,2005,2,2005.083333,-71,False,123.0,4.812184
industrial_prices,Energie,2000,2005,3,2005.166667,-70,False,123.0,4.812184
industrial_prices,Energie,2000,2005,4,2005.25,-69,False,123.0,4.812184
industrial_prices,Energie,2000,2005,5,2005.333333,-68,False,126.1,4.837075
industrial_prices,Energie,2000,2005,6,2005.416667,-67,False,130.6,4.872139
industrial_prices,Energie,2000,2005,7,2005.5,-66,False,130.9,4.874434
industrial_prices,Energie,2000,2005,8,2005.583333,-65,False,130.9,4.874434
industrial_prices,Energie,2000,2005,9,2005.666667,-64,False,138.4,4.930148
industrial_prices,Energie,2000,2005,10,2005.75,-63,False,138.4,4.930148
industrial_prices,Energie,2000,2005,11,2005.833333,-62,False,138.4,4.930148
industrial_prices,Energie,2000,2005,12,2005.916667,-61,False,138.4,4.930148
industrial_prices,Energie,2000,2006,1,2006.0,-60,False,143.7,4.967728
industrial_prices,Energie,2000,2006,2,2006.083333,-59,False,146.3,4.985659
industrial_prices,Energie,2000,2006,3,2006.166667,-58,False,146.3,4.985659
industrial_prices,Energie,2000,2006,4,2006.25,-57,False,151.6,5.021245
industrial_prices,Energie,2000,2006,5,2006.333333,-56,False,151.6,5.021245
industrial_prices,Energie,2000,2006,6,2006.416667,-55,False,151.6,5.021245
industrial_prices,Energie,2000,2006,7,2006.5,-54,False,156.6,5.053695
industrial_prices,Energie,2000,2006,8,2006.583333,-53,False,156.6,5.053695
industrial_prices,Energie,2000,2006,9,2006.666667,-52,False,156.6,5.053695
industrial_prices,Energie,2000,2006,10,2006.75,-51,False,156.6,5.053695
industrial_prices,Energie,2000,2006,11,2006.833333,-50,False,156.6,5.053695
industrial_prices,Energie,2000,2006,12,2006.916667,-49,False,156.6,5.053695
industrial_prices,Energie,2000,2007,1,2007.0,-48,False,156.6,5.053695
industrial_prices,Energie,2000,2007,2,2007.083333,-47,False,156.6,5.053695
industrial_prices,Energie,2000,2007,3,2007.166667,-46,False,156.6,5.053695
industrial_prices,Energie,2000,2007,4,2007.25,-45,False,156.6,5.053695
industrial_prices,Energie,2000,2007,5,2007.333333,-44,False,162.0,5.087596
industrial_prices,Energie,2000,2007,6,2007.416667,-43,False,162.0,5.087596
industrial_prices,Energie,2000,2007,7,2007.5,-42,False,166.9,5.117395
industrial_prices,Energie,2000,2007,8,2007.583333,-41,False,166.9,5.117395
industrial_prices,Energie,2000,2007,9,2007.666667,-40,False,166.9,5.117395
industrial_prices,Energie,2000,2007,10,2007.75,-39,False,171.7,5.145749
industrial_prices,Energie,2000,2007,11,2007.833333,-38,False,171.7,5.145749
industrial_prices,Energie,2000,2007,12,2007.916667,-37,False,171.7,5.145749
industrial_prices,Energie,2000,2008,1,2008.0,-36,False,171.7,5.145749
industrial_prices,Energie,2000,2008,2,2008.083333,-35,False,176.4,5.172754
industrial_prices,Energie,2000,2008,3,2008.166667,-34,False,181.5,5.201256
industrial_prices,Energie,2000,2008,4,2008.25,-33,False,187.7,5.234845
industrial_prices,Energie,2000,2008,5,2008.333333,-32,False,187.7,5.234845
industrial_prices,Energie,2000,2008,6,2008.416667,-31,False,187.7,5.234845
industrial_prices,Energie,2000,2008,7,2008.5,-30,False,195.6,5.276072
industrial_prices,Energie,2000,2008,8,2008.583333,-29,False,195.6,5.276072
industrial_prices,Energie,2000,2008,9,2008.666667,-28,False,200.8,5.302309
industrial_prices,Energie,2000,2008,10,2008.75,-27,False,200.8,5.302309
industrial_prices,Energie,2000,2008,11,2008.833333,-26,False,200.8,5.302309
industrial_prices,Energie,2000,2008,12,2008.916667,-25,False,200.8,5.302309
industrial_prices,Energie,2000,2009,1,2009.0,-24,False,195.1,5.273512
industrial_prices,Energie,2000,2009,2,2009.083333,-23,False,195.1,5.273512
industrial_prices,Energie,2000,2009,3,2009.166667,-22,False,195.1,5.273512
industrial_prices,Energie,2000,2009,4,2009.25,-21,False,195.0,5.273
industrial_prices,Energie,2000,2009,5,2009.333333,-20,False,195.0,5.273
industrial_prices,Energie,2000,2009,6,2009.416667,-19,False,195.0,5.273
industrial_prices,Energie,2000,2009,7,2009.5,-18,False,198.0,5.288267
industrial_prices,Energie,2000,2009,8,2009.583333,-17,False,198.0,5.288267
industrial_prices,Energie,2000,2009,9,2009.666667,-16,False,198.0,5.288267
industrial_prices,Energie,2000,2009,10,2009.75,-15,False,198.0,5.288267
industrial_prices,Energie,2000,2009,11,2009.833333,-14,False,198.0,5.288267
industrial_prices,Energie,2000,2009,12,2009.916667,-13,False,198.0,5.288267
industrial_prices,Energie,2000,2010,1,2010.0,-12,False,198.0,5.288267
industrial_prices,Energie,2000,2010,2,2010.083333,-11,False,201.3,5.304796
industrial_prices,Energie,2000,2010,3,2010.166667,-10,False,201.3,5.304796
industrial_prices,Energie,2000,2010,4,2010.25,-9,False,201.3,5.304796
industrial_prices,Energie,2000,2010,5,2010.333333,-8,False,201.3,5.304796
industrial_prices,Energie,2000,2010,6,2010.416667,-7,False,209.8,5.346155
industrial_prices,Energie,2000,2010,7,2010.5,-6,False,210.3,5.348535
industrial_prices,Energie,2000,2010,8,2010.583333,-5,False,210.3,5.348535
industrial_prices,Energie,2000,2010,9,2010.666667,-4,False,210.3,5.348535
industrial_prices,Energie,2000,2010,10,2010.75,-3,False,210.3,5.348535
industrial_prices,Energie,2000,2010,11,2010.833333,-2,False,210.3,5.348535
industrial_prices,Energie,2000,2010,12,2010.916667,-1,False,213.8,5.365041
industrial_prices,Energie,2000,2011,1,2011.0,0,True,213.8,5.365041
industrial_prices,Energie,2000,2011,2,2011.083333,1,True,213.8,5.365041
industrial_prices,Energie,2000,2011,3,2011.166667,2,True,213.8,5.365041
industrial_prices,Energie,2000,2011,4,2011.25,3,True,213.1,5.361762
industrial_prices,Energie,2000,2011,5,2011.333333,4,True,213.1,5.361762
industrial_prices,Energie,2000,2011,6,2011.416667,5,True,213.1,5.361762
industrial_prices,Energie,2000,2011,7,2011.5,6,True,213.1,5.361762
industrial_prices,Energie,2000,2011,8,2011.583333,7,True,213.1,5.361762
industrial_prices,Energie,2000,2011,9,2011.666667,8,True,213.1,5.361762
industrial_prices,Energie,2000,2011,10,2011.75,9,True,213.1,5.361762
industrial_prices,Energie,2000,2011,11,2011.833333,10,True,213.1,5.361762
industrial_prices,Energie,2000,2011,12,2011.916667,11,True,213.1,5.361762
industrial_prices,Energie,2000,2012,1,2012.0,12,True,213.1,5.361762
industrial_prices,Energie,2000,2012,2,2012.083333,13,True,213.1,5.361762
industrial_prices,Energie,2000,2012,3,2012.166667,14,True,213.1,5.361762
industrial_prices,Energie,2000,2012,4,2012.25,15,True,213.1,5.361762
industrial_prices,Energie,2000,2012,5,2012.333333,16,True,213.1,5.361762
industrial_prices,Energie,2000,2012,6,2012.416667,17,True,213.1,5.361762
industrial_prices,Energie,2000,2012,7,2012.5,18,True,213.1,5.361762
industrial_prices,Energie,2000,2012,8,2012.583333,19,True,213.1,5.361762
industrial_prices,Energie,2000,2012,9,2012.666667,20,True,216.5,5.377591
industrial_prices,Energie,2000,2012,10,2012.75,21,True,216.5,5.377591
industrial_prices,Energie,2000,2012,11,2012.833333,22,True,216.5,5.377591
industrial_prices,Energie,2000,2012,12,2012.916667,23,True,216.5,5.377591
industrial_prices,Energie,2010,2010,1,2010.0,-12,False,96.1,4.565389
industrial_prices,Energie,2010,2010,2,2010.083333,-11,False,97.6,4.580877
industrial_prices,Energie,2010,2010,3,2010.166667,-10,False,97.9,4.583947
industrial_prices,Energie,2010,2010,4,2010.25,-9,False,98.4,4.589041
industrial_prices,Energie,2010,2010,5,2010.333333,-8,False,99.9,4.60417
industrial_prices,Energie,2010,2010,6,2010.416667,-7,False,101.5,4.620059
industrial_prices,Energie,2010,2010,7,2010.5,-6,False,100.8,4.613138
industrial_prices,Energie,2010,2010,8,2010.583333,-5,False,100.8,4.613138
industrial_prices,Energie,2010,2010,9,2010.666667,-4,False,100.6,4.611152
industrial_prices,Energie,2010,2010,10,2010.75,-3,False,101.4,4.619073
industrial_prices,Energie,2010,2010,11,2010.833333,-2,False,101.8,4.62301
industrial_prices,Energie,2010,2010,12,2010.916667,-1,False,103.1,4.635699
industrial_prices,Energie,2010,2011,1,2011.0,0,True,102.9,4.633758
industrial_prices,Energie,2010,2011,2,2011.083333,1,True,102.4,4.628887
industrial_prices,Energie,2010,2011,3,2011.166667,2,True,101.9,4.623992
industrial_prices,Energie,2010,2011,4,2011.25,3,True,101.1,4.61611
industrial_prices,Energie,2010,2011,5,2011.333333,4,True,101.3,4.618086
industrial_prices,Energie,2010,2011,6,2011.416667,5,True,101.1,4.61611
industrial_prices,Energie,2010,2011,7,2011.5,6,True,101.3,4.618086
industrial_prices,Energie,2010,2011,8,2011.583333,7,True,101.2,4.617099
industrial_prices,Energie,2010,2011,9,2011.666667,8,True,102.3,4.62791
industrial_prices,Energie,2010,2011,10,2011.75,9,True,102.5,4.629863
industrial_prices,Energie,2010,2011,11,2011.833333,10,True,103.1,4.635699
industrial_prices,Energie,2010,2011,12,2011.916667,11,True,103.9,4.643429
industrial_prices,Energie,2010,2012,1,2012.0,12,True,104.6,4.650144
industrial_prices,Energie,2010,2012,2,2012.083333,13,True,104.4,4.64823
industrial_prices,Energie,2010,2012,3,2012.166667,14,True,104.5,4.649187
industrial_prices,Energie,2010,2012,4,2012.25,15,True,103.8,4.642466
industrial_prices,Energie,2010,2012,5,2012.333333,16,True,105.0,4.65396
industrial_prices,Energie,2010,2012,6,2012.416667,17,True,105.5,4.658711
industrial_prices,Energie,2010,2012,7,2012.5,18,True,106.0,4.663439
industrial_prices,Energie,2010,2012,8,2012.583333,19,True,106.0,4.663439
industrial_prices,Energie,2010,2012,9,2012.666667,20,True,105.7,4.660605
industrial_prices,Energie,2010,2012,10,2012.75,21,True,106.5,4.668145
industrial_prices,Energie,2010,2012,11,2012.833333,22,True,106.9,4.671894
industrial_prices,Energie,2010,2012,12,2012.916667,23,True,106.4,4.667206
industrial_prices,Energie,2010,2013,1,2013.0,24,True,106.3,4.666265
industrial_prices,Energie,2010,2013,2,2013.083333,25,True,108.5,4.68675
industrial_prices,Energie,2010,2013,3,2013.166667,26,True,112.4,4.722064
industrial_prices,Energie,2010,2013,4,2013.25,27,True,112.9,4.726502
industrial_prices,Energie,2010,2013,5,2013.333333,28,True,113.8,4.734443
industrial_prices,Energie,2010,2013,6,2013.416667,29,True,113.6,4.732684
industrial_prices,Energie,2010,2013,7,2013.5,30,True,114.3,4.738827
industrial_prices,Energie,2010,2013,8,2013.583333,31,True,114.0,4.736198
industrial_prices,Energie,2010,2013,9,2013.666667,32,True,114.1,4.737075
industrial_prices,Energie,2010,2013,10,2013.75,33,True,113.9,4.735321
industrial_prices,Energie,2010,2013,11,2013.833333,34,True,114.5,4.740575
industrial_prices,Energie,2010,2013,12,2013.916667,35,True,114.7,4.74232
industrial_prices,Energie,2010,2014,1,2014.0,36,True,117.9,4.769837
industrial_prices,Energie,2010,2014,2,2014.083333,37,True,116.7,4.759607
industrial_prices,Energie,2010,2014,3,2014.166667,38,True,116.4,4.757033
industrial_prices,Energie,2010,2014,4,2014.25,39,True,116.7,4.759607
industrial_prices,Energie,2010,2014,5,2014.333333,40,True,120.8,4.794136
industrial_prices,Energie,2010,2014,6,2014.416667,41,True,121.8,4.80238
industrial_prices,Energie,2010,2014,7,2014.5,42,True,123.3,4.81462
industrial_prices,Energie,2010,2014,8,2014.583333,43,True,123.7,4.817859
industrial_prices,Energie,2010,2014,9,2014.666667,44,True,124.8,4.826712
industrial_prices,Energie,2010,2014,10,2014.75,45,True,125.5,4.832306
industrial_prices,Energie,2010,2014,11,2014.833333,46,True,126.3,4.83866
industrial_prices,Energie,2010,2014,12,2014.916667,47,True,126.8,4.842611
industrial_prices,Energie,2010,2015,1,2015.0,48,True,128.1,4.852811
industrial_prices,Energie,2010,2015,2,2015.083333,49,True,128.5,4.855929
industrial_prices,Energie,2010,2015,3,2015.166667,50,True,129.2,4.861362
industrial_prices,Energie,2010,2015,4,2015.25,51,True,129.1,4.860587
industrial_prices,Energie,2010,2015,5,2015.333333,52,True,128.6,4.856707
industrial_prices,Energie,2010,2015,6,2015.416667,53,True,128.8,4.858261
industrial_prices,Energie,2010,2015,7,2015.5,54,True,129.4,4.862908
industrial_prices,Energie,2010,2015,8,2015.583333,55,True,129.1,4.860587
industrial_prices,Energie,2010,2015,9,2015.666667,56,True,129.2,4.861362
industrial_prices,Energie,2010,2015,10,2015.75,57,True,129.5,4.863681
industrial_prices,Energie,2010,2015,11,2015.833333,58,True,131.0,4.875197
industrial_prices,Energie,2010,2015,12,2015.916667,59,True,131.2,4.876723
industrial_prices,Energie,2010,2016,1,2016.0,60,True,131.5,4.879007
industrial_prices,Energie,2010,2016,2,2016.083333,61,True,131.0,4.875197
industrial_prices,Energie,2010,2016,3,2016.166667,62,True,131.2,4.876723
industrial_prices,Energie,2010,2016,4,2016.25,63,True,130.7,4.872905
industrial_prices,Energie,2010,2016,5,2016.333333,64,True,129.3,4.862135
industrial_prices,Energie,2010,2016,6,2016.416667,65,True,132.7,4.888091
industrial_prices,Energie,2010,2016,7,2016.5,66,True,134.1,4.898586
industrial_prices,Energie,2010,2016,8,2016.583333,67,True,133.7,4.895598
industrial_prices,Energie,2010,2016,9,2016.666667,68,True,133.8,4.896346
industrial_prices,Energie,2010,2016,10,2016.75,69,True,134.6,4.902307
industrial_prices,Energie,2010,2016,11,2016.833333,70,True,135.4,4.908233
industrial_prices,Energie,2010,2016,12,2016.916667,71,True,136.5,4.916325
industrial_prices,Energie,2010,2017,1,2017.0,72,True,139.2,4.935912
industrial_prices,Energie,2010,2017,2,2017.083333,73,True,138.4,4.930148
industrial_prices,Energie,2010,2017,3,2017.166667,74,True,138.7,4.932313
industrial_prices,Energie,2010,2017,4,2017.25,75,True,140.3,4.943783
industrial_prices,Energie,2010,2017,5,2017.333333,76,True,142.3,4.957938
industrial_prices,Energie,2010,2017,6,2017.416667,77,True,142.2,4.957235
industrial_prices,Energie,2010,2017,7,2017.5,78,True,145.2,4.978112
industrial_prices,Energie,2010,2017,8,2017.583333,79,True,144.9,4.976044
industrial_prices,Energie,2010,2017,9,2017.666667,80,True,144.6,4.973971
industrial_prices,Energie,2010,2017,10,2017.75,81,True,145.5,4.980176
industrial_prices,Energie,2010,2017,11,2017.833333,82,True,145.8,4.982236
industrial_prices,Energie,2010,2017,12,2017.916667,83,True,146.2,4.984976
industrial_prices,Energie,2010,2018,1,2018.0,84,True,146.2,4.984976
industrial_prices,Energie,2010,2018,2,2018.083333,85,True,145.3,4.978801
industrial_prices,Energie,2010,2018,3,2018.166667,86,True,145.3,4.978801
industrial_prices,Energie,2010,2018,4,2018.25,87,True,145.3,4.978801
industrial_prices,Energie,2010,2018,5,2018.333333,88,True,146.3,4.985659
industrial_prices,Energie,2010,2018,6,2018.416667,89,True,147.3,4.992471
industrial_prices,Energie,2010,2018,7,2018.5,90,True,147.3,4.992471
industrial_prices,Energie,2010,2018,8,2018.583333,91,True,148.3,4.999237
industrial_prices,Energie,2010,2018,9,2018.666667,92,True,149.3,5.005958
industrial_prices,Energie,2010,2018,10,2018.75,93,True,150.3,5.012633
industrial_prices,Energie,2010,2018,11,2018.833333,94,True,151.3,5.019265
industrial_prices,Energie,2010,2018,12,2018.916667,95,True,152.3,5.025852
industrial_prices,Energie,2010,2019,1,2019.0,96,True,153.3,5.032397
industrial_prices,Energie,2010,2019,2,2019.083333,97,True,154.3,5.038899
industrial_prices,Energie,2010,2019,3,2019.166667,98,True,155.3,5.045359
industrial_prices,Energie,2010,2019,4,2019.25,99,True,156.3,5.051777
industrial_prices,Energie,2010,2019,5,2019.333333,100,True,157.3,5.058155
industrial_prices,Energie,2010,2019,6,2019.416667,101,True,159.6,5.072671
industrial_prices,Energie,2010,2019,7,2019.5,102,True,159.3,5.070789
industrial_prices,Energie,2010,2019,8,2019.583333,103,True,160.3,5.077047
industrial_prices,Energie,2010,2019,9,2019.666667,104,True,160.3,5.077047
industrial_prices,Energie,2010,2019,10,2019.75,105,True,161.7,5.085743
industrial_prices,Energie,2010,2019,11,2019.833333,106,True,161.6,5.085124
industrial_prices,Energie,2010,2019,12,2019.916667,107,True,161.6,5.085124
industrial_prices,Energie,2010,2020,1,2020.0,108,True,160.3,5.077047
industrial_prices,Energie,2010,2020,2,2020.083333,109,True,160.3,5.077047
industrial_prices,Energie,2010,2020,3,2020.166667,110,True,160.3,5.077047
industrial_prices,Energie,2010,2020,4,2020.25,111,True,160.1,5.075799
industrial_prices,Energie,2010,2020,5,2020.333333,112,True,160.0,5.075174
industrial_prices,Energie,2010,2020,6,2020.416667,113,True,162.1,5.088213
industrial_prices,Energie,2010,2020,7,2020.5,114,True,162.2,5.08883
industrial_prices,Energie,2010,2020,8,2020.583333,115,True,162.2,5.08883
industrial_prices,Energie,2010,2020,9,2020.666667,116,True,161.9,5.086979
industrial_prices,Energie,2010,2020,10,2020.75,117,True,161.9,5.086979
industrial_prices,Energie,2010,2020,11,2020.833333,118,True,161.9,5.086979
industrial_prices,Energie,2010,2020,12,2020.916667,119,True,161.9,5.086979
industrial_prices,Energie,2010,2021,1,2021.0,120,True,162.1,5.088213
industrial_prices,Energie,2010,2021,2,2021.083333,121,True,162.5,5.090678
industrial_prices,Energie,2010,2021,3,2021.166667,122,True,163.2,5.094976
industrial_prices,Energie,2010,2021,4,2021.25,123,True,163.2,5.094976
industrial_prices,Energie,2010,2021,5,2021.333333,124,True,163.4,5.096201
industrial_prices,Energie,2010,2021,6,2021.416667,125,True,156.9,5.055609
industrial_prices,Energie,2010,2021,7,2021.5,126,True,157.4,5.05879
industrial_prices,Energie,2010,2021,8,2021.583333,127,True,157.1,5.056883
industrial_prices,Energie,2010,2021,9,2021.666667,128,True,157.6,5.06006
industrial_prices,Energie,2010,2021,10,2021.75,129,True,158.2,5.06386
industrial_prices,Energie,2010,2021,11,2021.833333,130,True,158.8,5.067646
industrial_prices,Energie,2010,2021,12,2021.916667,131,True,159.1,5.069533
industrial_prices,Energie,2010,2022,1,2022.0,132,True,161.5,5.084505
industrial_prices,Energie,2010,2022,2,2022.083333,133,True,162.8,5.092522
industrial_prices,Energie,2010,2022,3,2022.166667,134,True,167.8,5.122773
industrial_prices,Energie,2010,2022,4,2022.25,135,True,171.4,5.144
industrial_prices,Energie,2010,2022,5,2022.333333,136,True,179.5,5.190175
industrial_prices,Energie,2010,2022,6,2022.416667,137,True,179.8,5.191845
industrial_prices,Energie,2010,2022,7,2022.5,138,True,181.2,5.199601
industrial_prices,Energie,2010,2022,8,2022.583333,139,True,182.5,5.20675
industrial_prices,Energie,2010,2022,9,2022.666667,140,True,185.1,5.220896
industrial_prices,Energie,2010,2022,10,2022.75,141,True,187.1,5.231643
industrial_prices,Energie,2010,2022,11,2022.833333,142,True,186.4,5.227895
industrial_prices,Energie,2010,2022,12,2022.916667,143,True,183.9,5.214392
industrial_prices,Energie,2010,2023,1,2023.0,144,True,190.7,5.250702
industrial_prices,Energie,2010,2023,2,2023.083333,145,True,189.2,5.242805
industrial_prices,Energie,2010,2023,3,2023.166667,146,True,188.5,5.239098
industrial_prices,Energie,2010,2023,4,2023.25,147,True,187.4,5.233245
industrial_prices,Energie,2010,2023,5,2023.333333,148,True,186.6,5.228967
industrial_prices,Energie,2010,2023,6,2023.416667,149,True,195.6,5.276072
industrial_prices,Energie,2010,2023,7,2023.5,150,True,194.7,5.27146
industrial_prices,Energie,2010,2023,8,2023.583333,151,True,195.4,5.275049
industrial_prices,Energie,2010,2023,9,2023.666667,152,True,196.2,5.279135
industrial_prices,Energie,2010,2023,10,2023.75,153,True,197.7,5.286751
industrial_prices,Energie,2010,2023,11,2023.833333,154,True,198.2,5.289277
industrial_prices,Energie,2010,2023,12,2023.916667,155,True,197.9,5.287762
industrial_prices,Industries agro-alimentaires,2000,1998,1,1998.0,-156,False,151.5,5.020586
industrial_prices,Industries agro-alimentaires,2000,1998,2,1998.083333,-155,False,151.9,5.023222
industrial_prices,Industries agro-alimentaires,2000,1998,3,1998.166667,-154,False,152.1,5.024538
industrial_prices,Industries agro-alimentaires,2000,1998,4,1998.25,-153,False,152.1,5.024538
industrial_prices,Industries agro-alimentaires,2000,1998,5,1998.333333,-152,False,150.9,5.016617
industrial_prices,Industries agro-alimentaires,2000,1998,6,1998.416667,-151,False,150.9,5.016617
industrial_prices,Industries agro-alimentaires,2000,1998,7,1998.5,-150,False,152.4,5.026509
industrial_prices,Industries agro-alimentaires,2000,1998,8,1998.583333,-149,False,153.4,5.033049
industrial_prices,Industries agro-alimentaires,2000,1998,9,1998.666667,-148,False,153.6,5.034352
industrial_prices,Industries agro-alimentaires,2000,1998,10,1998.75,-147,False,153.5,5.033701
industrial_prices,Industries agro-alimentaires,2000,1998,11,1998.833333,-146,False,153.5,5.033701
industrial_prices,Industries agro-alimentaires,2000,1998,12,1998.916667,-145,False,153.8,5.035653
industrial_prices,Industries agro-alimentaires,2000,1999,1,1999.0,-144,False,155.1,5.04407
industrial_prices,Industries agro-alimentaires,2000,1999,2,1999.083333,-143,False,154.7,5.041488
industrial_prices,Industries agro-alimentaires,2000,1999,3,1999.166667,-142,False,155.3,5.045359
industrial_prices,Industries agro-alimentaires,2000,1999,4,1999.25,-141,False,154.8,5.042134
industrial_prices,Industries agro-alimentaires,2000,1999,5,1999.333333,-140,False,153.5,5.033701
industrial_prices,Industries agro-alimentaires,2000,1999,6,1999.416667,-139,False,154.4,5.039547
industrial_prices,Industries agro-alimentaires,2000,1999,7,1999.5,-138,False,155.0,5.043425
industrial_prices,Industries agro-alimentaires,2000,1999,8,1999.583333,-137,False,156.6,5.053695
industrial_prices,Industries agro-alimentaires,2000,1999,9,1999.666667,-136,False,156.9,5.055609
industrial_prices,Industries agro-alimentaires,2000,1999,10,1999.75,-135,False,157.0,5.056246
industrial_prices,Industries agro-alimentaires,2000,1999,11,1999.833333,-134,False,157.0,5.056246
industrial_prices,Industries agro-alimentaires,2000,1999,12,1999.916667,-133,False,156.8,5.054971
industrial_prices,Industries agro-alimentaires,2000,2000,1,2000.0,-132,False,159.6,5.072671
industrial_prices,Industries agro-alimentaires,2000,2000,2,2000.083333,-131,False,160.9,5.080783
industrial_prices,Industries agro-alimentaires,2000,2000,3,2000.166667,-130,False,160.1,5.075799
industrial_prices,Industries agro-alimentaires,2000,2000,4,2000.25,-129,False,159.5,5.072044
industrial_prices,Industries agro-alimentaires,2000,2000,5,2000.333333,-128,False,158.7,5.067016
industrial_prices,Industries agro-alimentaires,2000,2000,6,2000.416667,-127,False,158.3,5.064492
industrial_prices,Industries agro-alimentaires,2000,2000,7,2000.5,-126,False,158.9,5.068275
industrial_prices,Industries agro-alimentaires,2000,2000,8,2000.583333,-125,False,159.9,5.074549
industrial_prices,Industries agro-alimentaires,2000,2000,9,2000.666667,-124,False,161.3,5.083266
industrial_prices,Industries agro-alimentaires,2000,2000,10,2000.75,-123,False,161.3,5.083266
industrial_prices,Industries agro-alimentaires,2000,2000,11,2000.833333,-122,False,161.9,5.086979
industrial_prices,Industries agro-alimentaires,2000,2000,12,2000.916667,-121,False,161.3,5.083266
industrial_prices,Industries agro-alimentaires,2000,2005,1,2005.0,-72,False,120.8,4.794136
industrial_prices,Industries agro-alimentaires,2000,2005,2,2005.083333,-71,False,121.5,4.799914
industrial_prices,Industries agro-alimentaires,2000,2005,3,2005.166667,-70,False,122.2,4.805659
industrial_prices,Industries agro-alimentaires,2000,2005,4,2005.25,-69,False,121.9,4.803201
industrial_prices,Industries agro-alimentaires,2000,2005,5,2005.333333,-68,False,121.0,4.795791
industrial_prices,Industries agro-alimentaires,2000,2005,6,2005.416667,-67,False,119.9,4.786658
industrial_prices,Industries agro-alimentaires,2000,2005,7,2005.5,-66,False,118.9,4.778283
industrial_prices,Industries agro-alimentaires,2000,2005,8,2005.583333,-65,False,120.5,4.79165
industrial_prices,Industries agro-alimentaires,2000,2005,9,2005.666667,-64,False,120.9,4.794964
industrial_prices,Industries agro-alimentaires,2000,2005,10,2005.75,-63,False,120.9,4.794964
industrial_prices,Industries agro-alimentaires,2000,2005,11,2005.833333,-62,False,119.7,4.784989
industrial_prices,Industries agro-alimentaires,2000,2005,12,2005.916667,-61,False,123.5,4.816241
industrial_prices,Industries agro-alimentaires,2000,2006,1,2006.0,-60,False,125.7,4.833898
industrial_prices,Industries agro-alimentaires,2000,2006,2,2006.083333,-59,False,126.6,4.841033
industrial_prices,Industries agro-alimentaires,2000,2006,3,2006.166667,-58,False,127.0,4.844187
industrial_prices,Industries agro-alimentaires,2000,2006,4,2006.25,-57,False,129.6,4.864453
industrial_prices,Industries agro-alimentaires,2000,2006,5,2006.333333,-56,False,129.3,4.862135
industrial_prices,Industries agro-alimentaires,2000,2006,6,2006.416667,-55,False,128.3,4.854371
industrial_prices,Industries agro-alimentaires,2000,2006,7,2006.5,-54,False,128.0,4.85203
industrial_prices,Industries agro-alimentaires,2000,2006,8,2006.583333,-53,False,127.9,4.851249
industrial_prices,Industries agro-alimentaires,2000,2006,9,2006.666667,-52,False,128.5,4.855929
industrial_prices,Industries agro-alimentaires,2000,2006,10,2006.75,-51,False,125.3,4.830711
industrial_prices,Industries agro-alimentaires,2000,2006,11,2006.833333,-50,False,123.4,4.815431
industrial_prices,Industries agro-alimentaires,2000,2006,12,2006.916667,-49,False,123.3,4.81462
industrial_prices,Industries agro-alimentaires,2000,2007,1,2007.0,-48,False,123.4,4.815431
industrial_prices,Industries agro-alimentaires,2000,2007,2,2007.083333,-47,False,123.7,4.817859
industrial_prices,Industries agro-alimentaires,2000,2007,3,2007.166667,-46,False,123.9,4.819475
industrial_prices,Industries agro-alimentaires,2000,2007,4,2007.25,-45,False,123.8,4.818667
industrial_prices,Industries agro-alimentaires,2000,2007,5,2007.333333,-44,False,123.9,4.819475
industrial_prices,Industries agro-alimentaires,2000,2007,6,2007.416667,-43,False,124.3,4.822698
industrial_prices,Industries agro-alimentaires,2000,2007,7,2007.5,-42,False,124.5,4.824306
industrial_prices,Industries agro-alimentaires,2000,2007,8,2007.583333,-41,False,125.8,4.834693
industrial_prices,Industries agro-alimentaires,2000,2007,9,2007.666667,-40,False,126.0,4.836282
industrial_prices,Industries agro-alimentaires,2000,2007,10,2007.75,-39,False,126.6,4.841033
industrial_prices,Industries agro-alimentaires,2000,2007,11,2007.833333,-38,False,128.2,4.853592
industrial_prices,Industries agro-alimentaires,2000,2007,12,2007.916667,-37,False,129.7,4.865224
industrial_prices,Industries agro-alimentaires,2000,2008,1,2008.0,-36,False,130.6,4.872139
industrial_prices,Industries agro-alimentaires,2000,2008,2,2008.083333,-35,False,131.5,4.879007
industrial_prices,Industries agro-alimentaires,2000,2008,3,2008.166667,-34,False,133.0,4.890349
industrial_prices,Industries agro-alimentaires,2000,2008,4,2008.25,-33,False,133.4,4.893352
industrial_prices,Industries agro-alimentaires,2000,2008,5,2008.333333,-32,False,132.5,4.886583
industrial_prices,Industries agro-alimentaires,2000,2008,6,2008.416667,-31,False,133.3,4.892602
industrial_prices,Industries agro-alimentaires,2000,2008,7,2008.5,-30,False,133.8,4.896346
industrial_prices,Industries agro-alimentaires,2000,2008,8,2008.583333,-29,False,135.9,4.911919
industrial_prices,Industries agro-alimentaires,2000,2008,9,2008.666667,-28,False,136.3,4.914858
industrial_prices,Industries agro-alimentaires,2000,2008,10,2008.75,-27,False,136.5,4.916325
industrial_prices,Industries agro-alimentaires,2000,2008,11,2008.833333,-26,False,136.1,4.91339
industrial_prices,Industries agro-alimentaires,2000,2008,12,2008.916667,-25,False,134.8,4.903792
industrial_prices,Industries agro-alimentaires,2000,2009,1,2009.0,-24,False,136.5,4.916325
industrial_prices,Industries agro-alimentaires,2000,2009,2,2009.083333,-23,False,136.7,4.917789
industrial_prices,Industries agro-alimentaires,2000,2009,3,2009.166667,-22,False,136.9,4.919251
industrial_prices,Industries agro-alimentaires,2000,2009,4,2009.25,-21,False,137.5,4.923624
industrial_prices,Industries agro-alimentaires,2000,2009,5,2009.333333,-20,False,138.0,4.927254
industrial_prices,Industries agro-alimentaires,2000,2009,6,2009.416667,-19,False,138.1,4.927978
industrial_prices,Industries agro-alimentaires,2000,2009,7,2009.5,-18,False,138.3,4.929425
industrial_prices,Industries agro-alimentaires,2000,2009,8,2009.583333,-17,False,139.7,4.939497
industrial_prices,Industries agro-alimentaires,2000,2009,9,2009.666667,-16,False,139.7,4.939497
industrial_prices,Industries agro-alimentaires,2000,2009,10,2009.75,-15,False,141.1,4.949469
industrial_prices,Industries agro-alimentaires,2000,2009,11,2009.833333,-14,False,142.4,4.95864
industrial_prices,Industries agro-alimentaires,2000,2009,12,2009.916667,-13,False,141.4,4.951593
industrial_prices,Industries agro-alimentaires,2000,2010,1,2010.0,-12,False,142.2,4.957235
industrial_prices,Industries agro-alimentaires,2000,2010,2,2010.083333,-11,False,144.3,4.971894
industrial_prices,Industries agro-alimentaires,2000,2010,3,2010.166667,-10,False,143.3,4.96494
industrial_prices,Industries agro-alimentaires,2000,2010,4,2010.25,-9,False,143.8,4.968423
industrial_prices,Industries agro-alimentaires,2000,2010,5,2010.333333,-8,False,144.2,4.971201
industrial_prices,Industries agro-alimentaires,2000,2010,6,2010.416667,-7,False,144.4,4.972587
industrial_prices,Industries agro-alimentaires,2000,2010,7,2010.5,-6,False,145.4,4.979489
industrial_prices,Industries agro-alimentaires,2000,2010,8,2010.583333,-5,False,145.9,4.982921
industrial_prices,Industries agro-alimentaires,2000,2010,9,2010.666667,-4,False,146.3,4.985659
industrial_prices,Industries agro-alimentaires,2000,2010,10,2010.75,-3,False,146.9,4.989752
industrial_prices,Industries agro-alimentaires,2000,2010,11,2010.833333,-2,False,147.7,4.995183
industrial_prices,Industries agro-alimentaires,2000,2010,12,2010.916667,-1,False,148.5,5.000585
industrial_prices,Industries agro-alimentaires,2000,2011,1,2011.0,0,True,149.4,5.006627
industrial_prices,Industries agro-alimentaires,2000,2011,2,2011.083333,1,True,149.4,5.006627
industrial_prices,Industries agro-alimentaires,2000,2011,3,2011.166667,2,True,149.9,5.009968
industrial_prices,Industries agro-alimentaires,2000,2011,4,2011.25,3,True,149.7,5.008633
industrial_prices,Industries agro-alimentaires,2000,2011,5,2011.333333,4,True,149.7,5.008633
industrial_prices,Industries agro-alimentaires,2000,2011,6,2011.416667,5,True,150.6,5.014627
industrial_prices,Industries agro-alimentaires,2000,2011,7,2011.5,6,True,152.5,5.027165
industrial_prices,Industries agro-alimentaires,2000,2011,8,2011.583333,7,True,153.9,5.036303
industrial_prices,Industries agro-alimentaires,2000,2011,9,2011.666667,8,True,154.1,5.037602
industrial_prices,Industries agro-alimentaires,2000,2011,10,2011.75,9,True,155.0,5.043425
industrial_prices,Industries agro-alimentaires,2000,2011,11,2011.833333,10,True,156.4,5.052417
industrial_prices,Industries agro-alimentaires,2000,2011,12,2011.916667,11,True,156.4,5.052417
industrial_prices,Industries agro-alimentaires,2000,2012,1,2012.0,12,True,157.0,5.056246
industrial_prices,Industries agro-alimentaires,2000,2012,2,2012.083333,13,True,160.0,5.075174
industrial_prices,Industries agro-alimentaires,2000,2012,3,2012.166667,14,True,158.6,5.066385
industrial_prices,Industries agro-alimentaires,2000,2012,4,2012.25,15,True,157.8,5.061328
industrial_prices,Industries agro-alimentaires,2000,2012,5,2012.333333,16,True,157.8,5.061328
industrial_prices,Industries agro-alimentaires,2000,2012,6,2012.416667,17,True,160.9,5.080783
industrial_prices,Industries agro-alimentaires,2000,2012,7,2012.5,18,True,161.9,5.086979
industrial_prices,Industries agro-alimentaires,2000,2012,8,2012.583333,19,True,165.3,5.107762
industrial_prices,Industries agro-alimentaires,2000,2012,9,2012.666667,20,True,166.2,5.113192
industrial_prices,Industries agro-alimentaires,2000,2012,10,2012.75,21,True,164.8,5.104733
industrial_prices,Industries agro-alimentaires,2000,2012,11,2012.833333,22,True,165.0,5.105945
industrial_prices,Industries agro-alimentaires,2000,2012,12,2012.916667,23,True,165.8,5.110782
industrial_prices,Industries agro-alimentaires,2010,2010,1,2010.0,-12,False,97.9,4.583947
industrial_prices,Industries agro-alimentaires,2010,2010,2,2010.083333,-11,False,99.2,4.597138
industrial_prices,Industries agro-alimentaires,2010,2010,3,2010.166667,-10,False,98.9,4.594109
industrial_prices,Industries agro-alimentaires,2010,2010,4,2010.25,-9,False,99.0,4.59512
industrial_prices,Industries agro-alimentaires,2010,2010,5,2010.333333,-8,False,99.3,4.598146
industrial_prices,Industries agro-alimentaires,2010,2010,6,2010.416667,-7,False,99.5,4.600158
industrial_prices,Industries agro-alimentaires,2010,2010,7,2010.5,-6,False,100.1,4.60617
industrial_prices,Industries agro-alimentaires,2010,2010,8,2010.583333,-5,False,100.4,4.609162
industrial_prices,Industries agro-alimentaires,2010,2010,9,2010.666667,-4,False,100.6,4.611152
industrial_prices,Industries agro-alimentaires,2010,2010,10,2010.75,-3,False,101.0,4.615121
industrial_prices,Industries agro-alimentaires,2010,2010,11,2010.833333,-2,False,101.5,4.620059
industrial_prices,Industries agro-alimentaires,2010,2010,12,2010.916667,-1,False,102.2,4.626932
industrial_prices,Industries agro-alimentaires,2010,2011,1,2011.0,0,True,102.9,4.633758
industrial_prices,Industries agro-alimentaires,2010,2011,2,2011.083333,1,True,103.0,4.634729
industrial_prices,Industries agro-alimentaires,2010,2011,3,2011.166667,2,True,103.3,4.637637
industrial_prices,Industries agro-alimentaires,2010,2011,4,2011.25,3,True,103.2,4.636669
industrial_prices,Industries agro-alimentaires,2010,2011,5,2011.333333,4,True,103.4,4.638605
industrial_prices,Industries agro-alimentaires,2010,2011,6,2011.416667,5,True,103.8,4.642466
industrial_prices,Industries agro-alimentaires,2010,2011,7,2011.5,6,True,105.1,4.654912
industrial_prices,Industries agro-alimentaires,2010,2011,8,2011.583333,7,True,105.7,4.660605
industrial_prices,Industries agro-alimentaires,2010,2011,9,2011.666667,8,True,105.9,4.662495
industrial_prices,Industries agro-alimentaires,2010,2011,10,2011.75,9,True,106.6,4.669084
industrial_prices,Industries agro-alimentaires,2010,2011,11,2011.833333,10,True,107.3,4.675629
industrial_prices,Industries agro-alimentaires,2010,2011,12,2011.916667,11,True,107.5,4.677491
industrial_prices,Industries agro-alimentaires,2010,2012,1,2012.0,12,True,108.1,4.683057
industrial_prices,Industries agro-alimentaires,2010,2012,2,2012.083333,13,True,109.5,4.695925
industrial_prices,Industries agro-alimentaires,2010,2012,3,2012.166667,14,True,109.1,4.692265
industrial_prices,Industries agro-alimentaires,2010,2012,4,2012.25,15,True,108.9,4.69043
industrial_prices,Industries agro-alimentaires,2010,2012,5,2012.333333,16,True,109.1,4.692265
industrial_prices,Industries agro-alimentaires,2010,2012,6,2012.416667,17,True,110.0,4.70048
industrial_prices,Industries agro-alimentaires,2010,2012,7,2012.5,18,True,110.9,4.708629
industrial_prices,Industries agro-alimentaires,2010,2012,8,2012.583333,19,True,112.2,4.720283
industrial_prices,Industries agro-alimentaires,2010,2012,9,2012.666667,20,True,113.7,4.733563
industrial_prices,Industries agro-alimentaires,2010,2012,10,2012.75,21,True,113.2,4.729156
industrial_prices,Industries agro-alimentaires,2010,2012,11,2012.833333,22,True,113.6,4.732684
industrial_prices,Industries agro-alimentaires,2010,2012,12,2012.916667,23,True,114.0,4.736198
industrial_prices,Industries agro-alimentaires,2010,2013,1,2013.0,24,True,114.8,4.743191
industrial_prices,Industries agro-alimentaires,2010,2013,2,2013.083333,25,True,115.2,4.74667
industrial_prices,Industries agro-alimentaires,2010,2013,3,2013.166667,26,True,115.9,4.752728
industrial_prices,Industries agro-alimentaires,2010,2013,4,2013.25,27,True,116.2,4.755313
industrial_prices,Industries agro-alimentaires,2010,2013,5,2013.333333,28,True,116.5,4.757891
industrial_prices,Industries agro-alimentaires,2010,2013,6,2013.416667,29,True,116.8,4.760463
industrial_prices,Industries agro-alimentaires,2010,2013,7,2013.5,30,True,117.7,4.768139
industrial_prices,Industries agro-alimentaires,2010,2013,8,2013.583333,31,True,117.9,4.769837
industrial_prices,Industries agro-alimentaires,2010,2013,9,2013.666667,32,True,118.1,4.771532
industrial_prices,Industries agro-alimentaires,2010,2013,10,2013.75,33,True,118.2,4.772378
industrial_prices,Industries agro-alimentaires,2010,2013,11,2013.833333,34,True,118.5,4.774913
industrial_prices,Industries agro-alimentaires,2010,2013,12,2013.916667,35,True,119.1,4.779963
industrial_prices,Industries agro-alimentaires,2010,2014,1,2014.0,36,True,121.0,4.795791
industrial_prices,Industries agro-alimentaires,2010,2014,2,2014.083333,37,True,120.9,4.794964
industrial_prices,Industries agro-alimentaires,2010,2014,3,2014.166667,38,True,120.4,4.79082
industrial_prices,Industries agro-alimentaires,2010,2014,4,2014.25,39,True,120.6,4.792479
industrial_prices,Industries agro-alimentaires,2010,2014,5,2014.333333,40,True,121.3,4.798267
industrial_prices,Industries agro-alimentaires,2010,2014,6,2014.416667,41,True,122.5,4.808111
industrial_prices,Industries agro-alimentaires,2010,2014,7,2014.5,42,True,122.4,4.807294
industrial_prices,Industries agro-alimentaires,2010,2014,8,2014.583333,43,True,122.3,4.806477
industrial_prices,Industries agro-alimentaires,2010,2014,9,2014.666667,44,True,122.1,4.80484
industrial_prices,Industries agro-alimentaires,2010,2014,10,2014.75,45,True,122.1,4.80484
industrial_prices,Industries agro-alimentaires,2010,2014,11,2014.833333,46,True,121.8,4.80238
industrial_prices,Industries agro-alimentaires,2010,2014,12,2014.916667,47,True,122.7,4.809742
industrial_prices,Industries agro-alimentaires,2010,2015,1,2015.0,48,True,123.8,4.818667
industrial_prices,Industries agro-alimentaires,2010,2015,2,2015.083333,49,True,123.6,4.817051
industrial_prices,Industries agro-alimentaires,2010,2015,3,2015.166667,50,True,123.8,4.818667
industrial_prices,Industries agro-alimentaires,2010,2015,4,2015.25,51,True,123.7,4.817859
industrial_prices,Industries agro-alimentaires,2010,2015,5,2015.333333,52,True,124.9,4.827513
industrial_prices,Industries agro-alimentaires,2010,2015,6,2015.416667,53,True,124.8,4.826712
industrial_prices,Industries agro-alimentaires,2010,2015,7,2015.5,54,True,124.7,4.825911
industrial_prices,Industries agro-alimentaires,2010,2015,8,2015.583333,55,True,125.2,4.829912
industrial_prices,Industries agro-alimentaires,2010,2015,9,2015.666667,56,True,124.9,4.827513
industrial_prices,Industries agro-alimentaires,2010,2015,10,2015.75,57,True,124.7,4.825911
industrial_prices,Industries agro-alimentaires,2010,2015,11,2015.833333,58,True,124.1,4.821088
industrial_prices,Industries agro-alimentaires,2010,2015,12,2015.916667,59,True,124.2,4.821893
industrial_prices,Industries agro-alimentaires,2010,2016,1,2016.0,60,True,124.4,4.823502
industrial_prices,Industries agro-alimentaires,2010,2016,2,2016.083333,61,True,124.3,4.822698
industrial_prices,Industries agro-alimentaires,2010,2016,3,2016.166667,62,True,124.9,4.827513
industrial_prices,Industries agro-alimentaires,2010,2016,4,2016.25,63,True,125.2,4.829912
industrial_prices,Industries agro-alimentaires,2010,2016,5,2016.333333,64,True,125.8,4.834693
industrial_prices,Industries agro-alimentaires,2010,2016,6,2016.416667,65,True,126.8,4.842611
industrial_prices,Industries agro-alimentaires,2010,2016,7,2016.5,66,True,127.3,4.846547
industrial_prices,Industries agro-alimentaires,2010,2016,8,2016.583333,67,True,126.9,4.843399
industrial_prices,Industries agro-alimentaires,2010,2016,9,2016.666667,68,True,127.0,4.844187
industrial_prices,Industries agro-alimentaires,2010,2016,10,2016.75,69,True,126.8,4.842611
industrial_prices,Industries agro-alimentaires,2010,2016,11,2016.833333,70,True,127.3,4.846547
industrial_prices,Industries agro-alimentaires,2010,2016,12,2016.916667,71,True,129.4,4.862908
industrial_prices,Industries agro-alimentaires,2010,2017,1,2017.0,72,True,130.9,4.874434
industrial_prices,Industries agro-alimentaires,2010,2017,2,2017.083333,73,True,131.3,4.877485
industrial_prices,Industries agro-alimentaires,2010,2017,3,2017.166667,74,True,132.5,4.886583
industrial_prices,Industries agro-alimentaires,2010,2017,4,2017.25,75,True,133.8,4.896346
industrial_prices,Industries agro-alimentaires,2010,2017,5,2017.333333,76,True,133.6,4.89485
industrial_prices,Industries agro-alimentaires,2010,2017,6,2017.416667,77,True,135.0,4.905275
industrial_prices,Industries agro-alimentaires,2010,2017,7,2017.5,78,True,135.2,4.906755
industrial_prices,Industries agro-alimentaires,2010,2017,8,2017.583333,79,True,135.8,4.911183
industrial_prices,Industries agro-alimentaires,2010,2017,9,2017.666667,80,True,135.6,4.909709
industrial_prices,Industries agro-alimentaires,2010,2017,10,2017.75,81,True,136.8,4.91852
industrial_prices,Industries agro-alimentaires,2010,2017,11,2017.833333,82,True,137.8,4.925803
industrial_prices,Industries agro-alimentaires,2010,2017,12,2017.916667,83,True,138.7,4.932313
industrial_prices,Industries agro-alimentaires,2010,2018,1,2018.0,84,True,140.7,4.94663
industrial_prices,Industries agro-alimentaires,2010,2018,2,2018.083333,85,True,140.2,4.94307
industrial_prices,Industries agro-alimentaires,2010,2018,3,2018.166667,86,True,141.7,4.953712
industrial_prices,Industries agro-alimentaires,2010,2018,4,2018.25,87,True,144.0,4.969813
industrial_prices,Industries agro-alimentaires,2010,2018,5,2018.333333,88,True,144.0,4.969813
industrial_prices,Industries agro-alimentaires,2010,2018,6,2018.416667,89,True,145.3,4.978801
industrial_prices,Industries agro-alimentaires,2010,2018,7,2018.5,90,True,144.8,4.975353
industrial_prices,Industries agro-alimentaires,2010,2018,8,2018.583333,91,True,145.1,4.977423
industrial_prices,Industries agro-alimentaires,2010,2018,9,2018.666667,92,True,145.3,4.978801
industrial_prices,Industries agro-alimentaires,2010,2018,10,2018.75,93,True,146.4,4.986343
industrial_prices,Industries agro-alimentaires,2010,2018,11,2018.833333,94,True,146.7,4.98839
industrial_prices,Industries agro-alimentaires,2010,2018,12,2018.916667,95,True,147.8,4.99586
industrial_prices,Industries agro-alimentaires,2010,2019,1,2019.0,96,True,149.7,5.008633
industrial_prices,Industries agro-alimentaires,2010,2019,2,2019.083333,97,True,149.9,5.009968
industrial_prices,Industries agro-alimentaires,2010,2019,3,2019.166667,98,True,150.5,5.013963
industrial_prices,Industries agro-alimentaires,2010,2019,4,2019.25,99,True,150.4,5.013298
industrial_prices,Industries agro-alimentaires,2010,2019,5,2019.333333,100,True,150.4,5.013298
industrial_prices,Industries agro-alimentaires,2010,2019,6,2019.416667,101,True,150.0,5.010635
industrial_prices,Industries agro-alimentaires,2010,2019,7,2019.5,102,True,149.4,5.006627
industrial_prices,Industries agro-alimentaires,2010,2019,8,2019.583333,103,True,149.5,5.007296
industrial_prices,Industries agro-alimentaires,2010,2019,9,2019.666667,104,True,148.4,4.999911
industrial_prices,Industries agro-alimentaires,2010,2019,10,2019.75,105,True,150.4,5.013298
industrial_prices,Industries agro-alimentaires,2010,2019,11,2019.833333,106,True,151.4,5.019925
industrial_prices,Industries agro-alimentaires,2010,2019,12,2019.916667,107,True,152.0,5.023881
industrial_prices,Industries agro-alimentaires,2010,2020,1,2020.0,108,True,149.0,5.003946
industrial_prices,Industries agro-alimentaires,2010,2020,2,2020.083333,109,True,150.2,5.011968
industrial_prices,Industries agro-alimentaires,2010,2020,3,2020.166667,110,True,151.8,5.022564
industrial_prices,Industries agro-alimentaires,2010,2020,4,2020.25,111,True,152.0,5.023881
industrial_prices,Industries agro-alimentaires,2010,2020,5,2020.333333,112,True,151.5,5.020586
industrial_prices,Industries agro-alimentaires,2010,2020,6,2020.416667,113,True,151.1,5.017942
industrial_prices,Industries agro-alimentaires,2010,2020,7,2020.5,114,True,151.4,5.019925
industrial_prices,Industries agro-alimentaires,2010,2020,8,2020.583333,115,True,152.0,5.023881
industrial_prices,Industries agro-alimentaires,2010,2020,9,2020.666667,116,True,153.9,5.036303
industrial_prices,Industries agro-alimentaires,2010,2020,10,2020.75,117,True,154.4,5.039547
industrial_prices,Industries agro-alimentaires,2010,2020,11,2020.833333,118,True,153.3,5.032397
industrial_prices,Industries agro-alimentaires,2010,2020,12,2020.916667,119,True,153.8,5.035653
industrial_prices,Industries agro-alimentaires,2010,2021,1,2021.0,120,True,154.6,5.040841
industrial_prices,Industries agro-alimentaires,2010,2021,2,2021.083333,121,True,155.8,5.048573
industrial_prices,Industries agro-alimentaires,2010,2021,3,2021.166667,122,True,156.7,5.054333
industrial_prices,Industries agro-alimentaires,2010,2021,4,2021.25,123,True,158.6,5.066385
industrial_prices,Industries agro-alimentaires,2010,2021,5,2021.333333,124,True,160.0,5.075174
industrial_prices,Industries agro-alimentaires,2010,2021,6,2021.416667,125,True,160.3,5.077047
industrial_prices,Industries agro-alimentaires,2010,2021,7,2021.5,126,True,159.0,5.068904
industrial_prices,Industries agro-alimentaires,2010,2021,8,2021.583333,127,True,159.7,5.073297
industrial_prices,Industries agro-alimentaires,2010,2021,9,2021.666667,128,True,160.0,5.075174
industrial_prices,Industries agro-alimentaires,2010,2021,10,2021.75,129,True,161.7,5.085743
industrial_prices,Industries agro-alimentaires,2010,2021,11,2021.833333,130,True,160.8,5.080161
industrial_prices,Industries agro-alimentaires,2010,2021,12,2021.916667,131,True,160.8,5.080161
industrial_prices,Industries agro-alimentaires,2010,2022,1,2022.0,132,True,161.4,5.083886
industrial_prices,Industries agro-alimentaires,2010,2022,2,2022.083333,133,True,162.3,5.089446
industrial_prices,Industries agro-alimentaires,2010,2022,3,2022.166667,134,True,164.1,5.100476
industrial_prices,Industries agro-alimentaires,2010,2022,4,2022.25,135,True,168.2,5.125154
industrial_prices,Industries agro-alimentaires,2010,2022,5,2022.333333,136,True,168.9,5.129307
industrial_prices,Industries agro-alimentaires,2010,2022,6,2022.416667,137,True,168.6,5.127529
industrial_prices,Industries agro-alimentaires,2010,2022,7,2022.5,138,True,170.6,5.139322
industrial_prices,Industries agro-alimentaires,2010,2022,8,2022.583333,139,True,172.0,5.147494
industrial_prices,Industries agro-alimentaires,2010,2022,9,2022.666667,140,True,174.5,5.161925
industrial_prices,Industries agro-alimentaires,2010,2022,10,2022.75,141,True,175.8,5.169347
industrial_prices,Industries agro-alimentaires,2010,2022,11,2022.833333,142,True,177.3,5.177843
industrial_prices,Industries agro-alimentaires,2010,2022,12,2022.916667,143,True,179.6,5.190732
industrial_prices,Industries agro-alimentaires,2010,2023,1,2023.0,144,True,185.2,5.221436
industrial_prices,Industries agro-alimentaires,2010,2023,2,2023.083333,145,True,186.6,5.228967
industrial_prices,Industries agro-alimentaires,2010,2023,3,2023.166667,146,True,186.6,5.228967
industrial_prices,Industries agro-alimentaires,2010,2023,4,2023.25,147,True,187.4,5.233245
industrial_prices,Industries agro-alimentaires,2010,2023,5,2023.333333,148,True,187.4,5.233245
industrial_prices,Industries agro-alimentaires,2010,2023,6,2023.416667,149,True,187.8,5.235378
industrial_prices,Industries agro-alimentaires,2010,2023,7,2023.5,150,True,190.1,5.24755
industrial_prices,Industries agro-alimentaires,2010,2023,8,2023.583333,151,True,192.0,5.257495
industrial_prices,Industries agro-alimentaires,2010,2023,9,2023.666667,152,True,191.3,5.253843
industrial_prices,Industries agro-alimentaires,2010,2023,10,2023.75,153,True,191.1,5.252797
industrial_prices,Industries agro-alimentaires,2010,2023,11,2023.833333,154,True,189.7,5.245444
industrial_prices,Industries agro-alimentaires,2010,2023,12,2023.916667,155,True,189.0,5.241747
industrial_prices,Industries chimiques,2000,1998,1,1998.0,-156,False,134.8,4.903792
industrial_prices,Industries chimiques,2000,1998,2,1998.083333,-155,False,135.0,4.905275
industrial_prices,Industries chimiques,2000,1998,3,1998.166667,-154,False,135.1,4.906015
industrial_prices,Industries chimiques,2000,1998,4,1998.25,-153,False,135.1,4.906015
industrial_prices,Industries chimiques,2000,1998,5,1998.333333,-152,False,134.8,4.903792
industrial_prices,Industries chimiques,2000,1998,6,1998.416667,-151,False,135.1,4.906015
industrial_prices,Industries chimiques,2000,1998,7,1998.5,-150,False,135.0,4.905275
industrial_prices,Industries chimiques,2000,1998,8,1998.583333,-149,False,135.0,4.905275
industrial_prices,Industries chimiques,2000,1998,9,1998.666667,-148,False,134.9,4.904534
industrial_prices,Industries chimiques,2000,1998,10,1998.75,-147,False,134.7,4.90305
industrial_prices,Industries chimiques,2000,1998,11,1998.833333,-146,False,134.8,4.903792
industrial_prices,Industries chimiques,2000,1998,12,1998.916667,-145,False,134.8,4.903792
industrial_prices,Industries chimiques,2000,1999,1,1999.0,-144,False,134.7,4.90305
industrial_prices,Industries chimiques,2000,1999,2,1999.083333,-143,False,135.0,4.905275
industrial_prices,Industries chimiques,2000,1999,3,1999.166667,-142,False,135.1,4.906015
industrial_prices,Industries chimiques,2000,1999,4,1999.25,-141,False,135.2,4.906755
industrial_prices,Industries chimiques,2000,1999,5,1999.333333,-140,False,135.3,4.907495
industrial_prices,Industries chimiques,2000,1999,6,1999.416667,-139,False,135.4,4.908233
industrial_prices,Industries chimiques,2000,1999,7,1999.5,-138,False,136.4,4.915592
industrial_prices,Industries chimiques,2000,1999,8,1999.583333,-137,False,136.3,4.914858
industrial_prices,Industries chimiques,2000,1999,9,1999.666667,-136,False,136.3,4.914858
industrial_prices,Industries chimiques,2000,1999,10,1999.75,-135,False,136.8,4.91852
industrial_prices,Industries chimiques,2000,1999,11,1999.833333,-134,False,137.2,4.92144
industrial_prices,Industries chimiques,2000,1999,12,1999.916667,-133,False,137.4,4.922896
industrial_prices,Industries chimiques,2000,2000,1,2000.0,-132,False,136.3,4.914858
industrial_prices,Industries chimiques,2000,2000,2,2000.083333,-131,False,136.4,4.915592
industrial_prices,Industries chimiques,2000,2000,3,2000.166667,-130,False,136.4,4.915592
industrial_prices,Industries chimiques,2000,2000,4,2000.25,-129,False,136.4,4.915592
industrial_prices,Industries chimiques,2000,2000,5,2000.333333,-128,False,136.5,4.916325
industrial_prices,Industries chimiques,2000,2000,6,2000.416667,-127,False,136.2,4.914124
industrial_prices,Industries chimiques,2000,2000,7,2000.5,-126,False,136.3,4.914858
industrial_prices,Industries chimiques,2000,2000,8,2000.583333,-125,False,136.0,4.912655
industrial_prices,Industries chimiques,2000,2000,9,2000.666667,-124,False,136.3,4.914858
industrial_prices,Industries chimiques,2000,2000,10,2000.75,-123,False,136.2,4.914124
industrial_prices,Industries chimiques,2000,2000,11,2000.833333,-122,False,136.3,4.914858
industrial_prices,Industries chimiques,2000,2000,12,2000.916667,-121,False,136.2,4.914124
industrial_prices,Industries chimiques,2000,2001,1,2001.0,-120,False,136.1,4.91339
industrial_prices,Industries chimiques,2000,2001,2,2001.083333,-119,False,136.3,4.914858
industrial_prices,Industries chimiques,2000,2001,3,2001.166667,-118,False,139.7,4.939497
industrial_prices,Industries chimiques,2000,2001,4,2001.25,-117,False,139.8,4.940213
industrial_prices,Industries chimiques,2000,2001,5,2001.333333,-116,False,139.8,4.940213
industrial_prices,Industries chimiques,2000,2001,6,2001.416667,-115,False,139.9,4.940928
industrial_prices,Industries chimiques,2000,2001,7,2001.5,-114,False,139.9,4.940928
industrial_prices,Industries chimiques,2000,2001,8,2001.583333,-113,False,139.8,4.940213
industrial_prices,Industries chimiques,2000,2001,9,2001.666667,-112,False,139.8,4.940213
industrial_prices,Industries chimiques,2000,2001,10,2001.75,-111,False,139.7,4.939497
industrial_prices,Industries chimiques,2000,2001,11,2001.833333,-110,False,139.0,4.934474
industrial_prices,Industries chimiques,2000,2001,12,2001.916667,-109,False,139.0,4.934474
industrial_prices,Industries chimiques,2000,2002,1,2002.0,-108,False,139.0,4.934474
industrial_prices,Industries chimiques,2000,2002,2,2002.083333,-107,False,139.4,4.937347
industrial_prices,Industries chimiques,2000,2002,3,2002.166667,-106,False,139.4,4.937347
industrial_prices,Industries chimiques,2000,2002,4,2002.25,-105,False,139.5,4.938065
industrial_prices,Industries chimiques,2000,2002,5,2002.333333,-104,False,139.4,4.937347
industrial_prices,Industries chimiques,2000,2002,6,2002.416667,-103,False,139.6,4.938781
industrial_prices,Industries chimiques,2000,2002,7,2002.5,-102,False,140.1,4.942356
industrial_prices,Industries chimiques,2000,2002,8,2002.583333,-101,False,140.0,4.941642
industrial_prices,Industries chimiques,2000,2002,9,2002.666667,-100,False,140.1,4.942356
industrial_prices,Industries chimiques,2000,2002,10,2002.75,-99,False,140.0,4.941642
industrial_prices,Industries chimiques,2000,2002,11,2002.833333,-98,False,140.1,4.942356
industrial_prices,Industries chimiques,2000,2002,12,2002.916667,-97,False,139.9,4.940928
industrial_prices,Industries chimiques,2000,2004,1,2004.0,-84,False,110.5,4.705016
industrial_prices,Industries chimiques,2000,2004,2,2004.083333,-83,False,110.5,4.705016
industrial_prices,Industries chimiques,2000,2004,3,2004.166667,-82,False,110.4,4.70411
industrial_prices,Industries chimiques,2000,2004,4,2004.25,-81,False,110.7,4.706824
industrial_prices,Industries chimiques,2000,2004,5,2004.333333,-80,False,110.9,4.708629
industrial_prices,Industries chimiques,2000,2004,6,2004.416667,-79,False,110.8,4.707727
industrial_prices,Industries chimiques,2000,2004,7,2004.5,-78,False,111.3,4.712229
industrial_prices,Industries chimiques,2000,2004,8,2004.583333,-77,False,111.2,4.71133
industrial_prices,Industries chimiques,2000,2004,9,2004.666667,-76,False,111.2,4.71133
industrial_prices,Industries chimiques,2000,2004,10,2004.75,-75,False,111.8,4.716712
industrial_prices,Industries chimiques,2000,2004,11,2004.833333,-74,False,111.8,4.716712
industrial_prices,Industries chimiques,2000,2004,12,2004.916667,-73,False,111.8,4.716712
industrial_prices,Industries chimiques,2000,2005,1,2005.0,-72,False,112.2,4.720283
industrial_prices,Industries chimiques,2000,2005,2,2005.083333,-71,False,112.3,4.721174
industrial_prices,Industries chimiques,2000,2005,3,2005.166667,-70,False,112.4,4.722064
industrial_prices,Industries chimiques,2000,2005,4,2005.25,-69,False,114.6,4.741448
industrial_prices,Industries chimiques,2000,2005,5,2005.333333,-68,False,114.7,4.74232
industrial_prices,Industries chimiques,2000,2005,6,2005.416667,-67,False,114.9,4.744062
industrial_prices,Industries chimiques,2000,2005,7,2005.5,-66,False,115.1,4.745801
industrial_prices,Industries chimiques,2000,2005,8,2005.583333,-65,False,115.2,4.74667
industrial_prices,Industries chimiques,2000,2005,9,2005.666667,-64,False,115.2,4.74667
industrial_prices,Industries chimiques,2000,2005,10,2005.75,-63,False,115.7,4.751001
industrial_prices,Industries chimiques,2000,2005,11,2005.833333,-62,False,115.7,4.751001
industrial_prices,Industries chimiques,2000,2005,12,2005.916667,-61,False,116.0,4.75359
industrial_prices,Industries chimiques,2000,2006,1,2006.0,-60,False,117.1,4.763028
industrial_prices,Industries chimiques,2000,2006,2,2006.083333,-59,False,117.3,4.764735
industrial_prices,Industries chimiques,2000,2006,3,2006.166667,-58,False,117.3,4.764735
industrial_prices,Industries chimiques,2000,2006,4,2006.25,-57,False,117.3,4.764735
industrial_prices,Industries chimiques,2000,2006,5,2006.333333,-56,False,121.2,4.797442
industrial_prices,Industries chimiques,2000,2006,6,2006.416667,-55,False,121.6,4.800737
industrial_prices,Industries chimiques,2000,2006,7,2006.5,-54,False,121.8,4.80238
industrial_prices,Industries chimiques,2000,2006,8,2006.583333,-53,False,122.2,4.805659
industrial_prices,Industries chimiques,2000,2006,9,2006.666667,-52,False,122.3,4.806477
industrial_prices,Industries chimiques,2000,2006,10,2006.75,-51,False,122.5,4.808111
industrial_prices,Industries chimiques,2000,2006,11,2006.833333,-50,False,123.3,4.81462
industrial_prices,Industries chimiques,2000,2006,12,2006.916667,-49,False,123.2,4.813809
industrial_prices,Industries chimiques,2000,2007,1,2007.0,-48,False,123.5,4.816241
industrial_prices,Industries chimiques,2000,2007,2,2007.083333,-47,False,123.7,4.817859
industrial_prices,Industries chimiques,2000,2007,3,2007.166667,-46,False,124.1,4.821088
industrial_prices,Industries chimiques,2000,2007,4,2007.25,-45,False,124.1,4.821088
industrial_prices,Industries chimiques,2000,2007,5,2007.333333,-44,False,124.6,4.825109
industrial_prices,Industries chimiques,2000,2007,6,2007.416667,-43,False,125.8,4.834693
industrial_prices,Industries chimiques,2000,2007,7,2007.5,-42,False,125.8,4.834693
industrial_prices,Industries chimiques,2000,2007,8,2007.583333,-41,False,125.8,4.834693
industrial_prices,Industries chimiques,2000,2007,9,2007.666667,-40,False,126.4,4.839451
industrial_prices,Industries chimiques,2000,2007,10,2007.75,-39,False,127.2,4.845761
industrial_prices,Industries chimiques,2000,2007,11,2007.833333,-38,False,126.8,4.842611
industrial_prices,Industries chimiques,2000,2007,12,2007.916667,-37,False,126.5,4.840242
industrial_prices,Industries chimiques,2000,2008,1,2008.0,-36,False,128.4,4.85515
industrial_prices,Industries chimiques,2000,2008,2,2008.083333,-35,False,133.2,4.891852
industrial_prices,Industries chimiques,2000,2008,3,2008.166667,-34,False,139.0,4.934474
industrial_prices,Industries chimiques,2000,2008,4,2008.25,-33,False,140.8,4.94734
industrial_prices,Industries chimiques,2000,2008,5,2008.333333,-32,False,143.3,4.96494
industrial_prices,Industries chimiques,2000,2008,6,2008.416667,-31,False,149.0,5.003946
industrial_prices,Industries chimiques,2000,2008,7,2008.5,-30,False,151.2,5.018603
industrial_prices,Industries chimiques,2000,2008,8,2008.583333,-29,False,154.1,5.037602
industrial_prices,Industries chimiques,2000,2008,9,2008.666667,-28,False,154.0,5.036953
industrial_prices,Industries chimiques,2000,2008,10,2008.75,-27,False,151.5,5.020586
industrial_prices,Industries chimiques,2000,2008,11,2008.833333,-26,False,149.6,5.007965
industrial_prices,Industries chimiques,2000,2008,12,2008.916667,-25,False,146.3,4.985659
industrial_prices,Industries chimiques,2000,2009,1,2009.0,-24,False,147.0,4.990433
industrial_prices,Industries chimiques,2000,2009,2,2009.083333,-23,False,146.2,4.984976
industrial_prices,Industries chimiques,2000,2009,3,2009.166667,-22,False,147.9,4.996536
industrial_prices,Industries chimiques,2000,2009,4,2009.25,-21,False,146.0,4.983607
industrial_prices,Industries chimiques,2000,2009,5,2009.333333,-20,False,146.6,4.987708
industrial_prices,Industries chimiques,2000,2009,6,2009.416667,-19,False,146.5,4.987025
industrial_prices,Industries chimiques,2000,2009,7,2009.5,-18,False,146.1,4.984291
industrial_prices,Industries chimiques,2000,2009,8,2009.583333,-17,False,144.8,4.975353
industrial_prices,Industries chimiques,2000,2009,9,2009.666667,-16,False,144.9,4.976044
industrial_prices,Industries chimiques,2000,2009,10,2009.75,-15,False,145.3,4.978801
industrial_prices,Industries chimiques,2000,2009,11,2009.833333,-14,False,145.5,4.980176
industrial_prices,Industries chimiques,2000,2009,12,2009.916667,-13,False,145.5,4.980176
industrial_prices,Industries chimiques,2000,2010,1,2010.0,-12,False,146.5,4.987025
industrial_prices,Industries chimiques,2000,2010,2,2010.083333,-11,False,149.0,5.003946
industrial_prices,Industries chimiques,2000,2010,3,2010.166667,-10,False,149.7,5.008633
industrial_prices,Industries chimiques,2000,2010,4,2010.25,-9,False,152.4,5.026509
industrial_prices,Industries chimiques,2000,2010,5,2010.333333,-8,False,155.1,5.04407
industrial_prices,Industries chimiques,2000,2010,6,2010.416667,-7,False,155.4,5.046002
industrial_prices,Industries chimiques,2000,2010,7,2010.5,-6,False,155.8,5.048573
industrial_prices,Industries chimiques,2000,2010,8,2010.583333,-5,False,154.7,5.041488
industrial_prices,Industries chimiques,2000,2010,9,2010.666667,-4,False,155.7,5.047931
industrial_prices,Industries chimiques,2000,2010,10,2010.75,-3,False,155.3,5.045359
industrial_prices,Industries chimiques,2000,2010,11,2010.833333,-2,False,155.9,5.049215
industrial_prices,Industries chimiques,2000,2010,12,2010.916667,-1,False,155.9,5.049215
industrial_prices,Industries chimiques,2000,2011,1,2011.0,0,True,155.1,5.04407
industrial_prices,Industries chimiques,2000,2011,2,2011.083333,1,True,155.8,5.048573
industrial_prices,Industries chimiques,2000,2011,3,2011.166667,2,True,157.1,5.056883
industrial_prices,Industries chimiques,2000,2011,4,2011.25,3,True,161.1,5.082025
industrial_prices,Industries chimiques,2000,2011,5,2011.333333,4,True,161.8,5.086361
industrial_prices,Industries chimiques,2000,2011,6,2011.416667,5,True,161.9,5.086979
industrial_prices,Industries chimiques,2000,2011,7,2011.5,6,True,163.0,5.09375
industrial_prices,Industries chimiques,2000,2011,8,2011.583333,7,True,164.3,5.101694
industrial_prices,Industries chimiques,2000,2011,9,2011.666667,8,True,165.9,5.111385
industrial_prices,Industries chimiques,2000,2011,10,2011.75,9,True,167.8,5.122773
industrial_prices,Industries chimiques,2000,2011,11,2011.833333,10,True,168.4,5.126342
industrial_prices,Industries chimiques,2000,2011,12,2011.916667,11,True,169.4,5.132263
industrial_prices,Industries chimiques,2000,2012,1,2012.0,12,True,169.7,5.134032
industrial_prices,Industries chimiques,2000,2012,2,2012.083333,13,True,169.3,5.131672
industrial_prices,Industries chimiques,2000,2012,3,2012.166667,14,True,167.8,5.122773
industrial_prices,Industries chimiques,2000,2012,4,2012.25,15,True,167.4,5.120386
industrial_prices,Industries chimiques,2000,2012,5,2012.333333,16,True,167.5,5.120983
industrial_prices,Industries chimiques,2000,2012,6,2012.416667,17,True,167.7,5.122177
industrial_prices,Industries chimiques,2000,2012,7,2012.5,18,True,167.9,5.123369
industrial_prices,Industries chimiques,2000,2012,8,2012.583333,19,True,168.2,5.125154
industrial_prices,Industries chimiques,2000,2012,9,2012.666667,20,True,166.3,5.113793
industrial_prices,Industries chimiques,2000,2012,10,2012.75,21,True,167.0,5.117994
industrial_prices,Industries chimiques,2000,2012,11,2012.833333,22,True,167.6,5.12158
industrial_prices,Industries chimiques,2000,2012,12,2012.916667,23,True,167.3,5.119789
industrial_prices,Industries chimiques,2010,2010,1,2010.0,-12,False,89.5,4.494239
industrial_prices,Industries chimiques,2010,2010,2,2010.083333,-11,False,90.4,4.504244
industrial_prices,Industries chimiques,2010,2010,3,2010.166667,-10,False,93.7,4.540098
industrial_prices,Industries chimiques,2010,2010,4,2010.25,-9,False,96.4,4.568506
industrial_prices,Industries chimiques,2010,2010,5,2010.333333,-8,False,105.6,4.659658
industrial_prices,Industries chimiques,2010,2010,6,2010.416667,-7,False,106.3,4.666265
industrial_prices,Industries chimiques,2010,2010,7,2010.5,-6,False,105.1,4.654912
industrial_prices,Industries chimiques,2010,2010,8,2010.583333,-5,False,99.9,4.60417
industrial_prices,Industries chimiques,2010,2010,9,2010.666667,-4,False,103.9,4.643429
industrial_prices,Industries chimiques,2010,2010,10,2010.75,-3,False,101.9,4.623992
industrial_prices,Industries chimiques,2010,2010,11,2010.833333,-2,False,104.3,4.647271
industrial_prices,Industries chimiques,2010,2010,12,2010.916667,-1,False,103.4,4.638605
industrial_prices,Industries chimiques,2010,2011,1,2011.0,0,True,104.0,4.644391
industrial_prices,Industries chimiques,2010,2011,2,2011.083333,1,True,105.6,4.659658
industrial_prices,Industries chimiques,2010,2011,3,2011.166667,2,True,104.8,4.652054
industrial_prices,Industries chimiques,2010,2011,4,2011.25,3,True,114.4,4.739701
industrial_prices,Industries chimiques,2010,2011,5,2011.333333,4,True,114.8,4.743191
industrial_prices,Industries chimiques,2010,2011,6,2011.416667,5,True,115.9,4.752728
industrial_prices,Industries chimiques,2010,2011,7,2011.5,6,True,116.2,4.755313
industrial_prices,Industries chimiques,2010,2011,8,2011.583333,7,True,120.9,4.794964
industrial_prices,Industries chimiques,2010,2011,9,2011.666667,8,True,123.3,4.81462
industrial_prices,Industries chimiques,2010,2011,10,2011.75,9,True,124.9,4.827513
industrial_prices,Industries chimiques,2010,2011,11,2011.833333,10,True,124.8,4.826712
industrial_prices,Industries chimiques,2010,2011,12,2011.916667,11,True,126.8,4.842611
industrial_prices,Industries chimiques,2010,2012,1,2012.0,12,True,127.3,4.846547
industrial_prices,Industries chimiques,2010,2012,2,2012.083333,13,True,126.0,4.836282
industrial_prices,Industries chimiques,2010,2012,3,2012.166667,14,True,119.6,4.784153
industrial_prices,Industries chimiques,2010,2012,4,2012.25,15,True,119.7,4.784989
industrial_prices,Industries chimiques,2010,2012,5,2012.333333,16,True,122.8,4.810557
industrial_prices,Industries chimiques,2010,2012,6,2012.416667,17,True,128.9,4.859037
industrial_prices,Industries chimiques,2010,2012,7,2012.5,18,True,129.9,4.866765
industrial_prices,Industries chimiques,2010,2012,8,2012.583333,19,True,129.5,4.863681
industrial_prices,Industries chimiques,2010,2012,9,2012.666667,20,True,117.4,4.765587
industrial_prices,Industries chimiques,2010,2012,10,2012.75,21,True,115.6,4.750136
industrial_prices,Industries chimiques,2010,2012,11,2012.833333,22,True,117.2,4.763882
industrial_prices,Industries chimiques,2010,2012,12,2012.916667,23,True,116.6,4.758749
industrial_prices,Industries chimiques,2010,2013,1,2013.0,24,True,115.4,4.748404
industrial_prices,Industries chimiques,2010,2013,2,2013.083333,25,True,115.6,4.750136
industrial_prices,Industries chimiques,2010,2013,3,2013.166667,26,True,116.5,4.757891
industrial_prices,Industries chimiques,2010,2013,4,2013.25,27,True,118.1,4.771532
industrial_prices,Industries chimiques,2010,2013,5,2013.333333,28,True,118.5,4.774913
industrial_prices,Industries chimiques,2010,2013,6,2013.416667,29,True,118.0,4.770685
industrial_prices,Industries chimiques,2010,2013,7,2013.5,30,True,119.4,4.782479
industrial_prices,Industries chimiques,2010,2013,8,2013.583333,31,True,118.8,4.777441
industrial_prices,Industries chimiques,2010,2013,9,2013.666667,32,True,115.2,4.74667
industrial_prices,Industries chimiques,2010,2013,10,2013.75,33,True,114.9,4.744062
industrial_prices,Industries chimiques,2010,2013,11,2013.833333,34,True,113.4,4.730921
industrial_prices,Industries chimiques,2010,2013,12,2013.916667,35,True,112.5,4.722953
industrial_prices,Industries chimiques,2010,2014,1,2014.0,36,True,107.4,4.67656
industrial_prices,Industries chimiques,2010,2014,2,2014.083333,37,True,104.4,4.64823
industrial_prices,Industries chimiques,2010,2014,3,2014.166667,38,True,106.0,4.663439
industrial_prices,Industries chimiques,2010,2014,4,2014.25,39,True,109.2,4.693181
industrial_prices,Industries chimiques,2010,2014,5,2014.333333,40,True,113.4,4.730921
industrial_prices,Industries chimiques,2010,2014,6,2014.416667,41,True,113.0,4.727388
industrial_prices,Industries chimiques,2010,2014,7,2014.5,42,True,114.6,4.741448
industrial_prices,Industries chimiques,2010,2014,8,2014.583333,43,True,115.6,4.750136
industrial_prices,Industries chimiques,2010,2014,9,2014.666667,44,True,116.1,4.754452
industrial_prices,Industries chimiques,2010,2014,10,2014.75,45,True,123.1,4.812997
industrial_prices,Industries chimiques,2010,2014,11,2014.833333,46,True,123.6,4.817051
industrial_prices,Industries chimiques,2010,2014,12,2014.916667,47,True,126.0,4.836282
industrial_prices,Industries chimiques,2010,2015,1,2015.0,48,True,121.8,4.80238
industrial_prices,Industries chimiques,2010,2015,2,2015.083333,49,True,125.8,4.834693
industrial_prices,Industries chimiques,2010,2015,3,2015.166667,50,True,128.1,4.852811
industrial_prices,Industries chimiques,2010,2015,4,2015.25,51,True,131.0,4.875197
industrial_prices,Industries chimiques,2010,2015,5,2015.333333,52,True,129.9,4.866765
industrial_prices,Industries chimiques,2010,2015,6,2015.416667,53,True,130.9,4.874434
industrial_prices,Industries chimiques,2010,2015,7,2015.5,54,True,134.7,4.90305
industrial_prices,Industries chimiques,2010,2015,8,2015.583333,55,True,134.7,4.90305
industrial_prices,Industries chimiques,2010,2015,9,2015.666667,56,True,133.0,4.890349
industrial_prices,Industries chimiques,2010,2015,10,2015.75,57,True,134.1,4.898586
industrial_prices,Industries chimiques,2010,2015,11,2015.833333,58,True,135.6,4.909709
industrial_prices,Industries chimiques,2010,2015,12,2015.916667,59,True,135.5,4.908972
industrial_prices,Industries chimiques,2010,2016,1,2016.0,60,True,137.6,4.924351
industrial_prices,Industries chimiques,2010,2016,2,2016.083333,61,True,132.2,4.884316
industrial_prices,Industries chimiques,2010,2016,3,2016.166667,62,True,127.7,4.849684
industrial_prices,Industries chimiques,2010,2016,4,2016.25,63,True,130.5,4.871373
industrial_prices,Industries chimiques,2010,2016,5,2016.333333,64,True,126.6,4.841033
industrial_prices,Industries chimiques,2010,2016,6,2016.416667,65,True,131.9,4.882044
industrial_prices,Industries chimiques,2010,2016,7,2016.5,66,True,133.8,4.896346
industrial_prices,Industries chimiques,2010,2016,8,2016.583333,67,True,130.4,4.870607
industrial_prices,Industries chimiques,2010,2016,9,2016.666667,68,True,129.7,4.865224
industrial_prices,Industries chimiques,2010,2016,10,2016.75,69,True,127.4,4.847332
industrial_prices,Industries chimiques,2010,2016,11,2016.833333,70,True,128.1,4.852811
industrial_prices,Industries chimiques,2010,2016,12,2016.916667,71,True,126.1,4.837075
industrial_prices,Industries chimiques,2010,2017,1,2017.0,72,True,128.7,4.857484
industrial_prices,Industries chimiques,2010,2017,2,2017.083333,73,True,128.1,4.852811
industrial_prices,Industries chimiques,2010,2017,3,2017.166667,74,True,127.0,4.844187
industrial_prices,Industries chimiques,2010,2017,4,2017.25,75,True,128.7,4.857484
industrial_prices,Industries chimiques,2010,2017,5,2017.333333,76,True,130.1,4.868303
industrial_prices,Industries chimiques,2010,2017,6,2017.416667,77,True,130.1,4.868303
industrial_prices,Industries chimiques,2010,2017,7,2017.5,78,True,129.1,4.860587
industrial_prices,Industries chimiques,2010,2017,8,2017.583333,79,True,127.9,4.851249
industrial_prices,Industries chimiques,2010,2017,9,2017.666667,80,True,128.7,4.857484
industrial_prices,Industries chimiques,2010,2017,10,2017.75,81,True,130.2,4.869072
industrial_prices,Industries chimiques,2010,2017,11,2017.833333,82,True,129.2,4.861362
industrial_prices,Industries chimiques,2010,2017,12,2017.916667,83,True,129.7,4.865224
industrial_prices,Industries chimiques,2010,2018,1,2018.0,84,True,131.9,4.882044
industrial_prices,Industries chimiques,2010,2018,2,2018.083333,85,True,132.1,4.883559
industrial_prices,Industries chimiques,2010,2018,3,2018.166667,86,True,134.3,4.900076
industrial_prices,Industries chimiques,2010,2018,4,2018.25,87,True,136.1,4.91339
industrial_prices,Industries chimiques,2010,2018,5,2018.333333,88,True,141.6,4.953006
industrial_prices,Industries chimiques,2010,2018,6,2018.416667,89,True,148.5,5.000585
industrial_prices,Industries chimiques,2010,2018,7,2018.5,90,True,156.2,5.051137
industrial_prices,Industries chimiques,2010,2018,8,2018.583333,91,True,156.7,5.054333
industrial_prices,Industries chimiques,2010,2018,9,2018.666667,92,True,159.5,5.072044
industrial_prices,Industries chimiques,2010,2018,10,2018.75,93,True,160.8,5.080161
industrial_prices,Industries chimiques,2010,2018,11,2018.833333,94,True,161.9,5.086979
industrial_prices,Industries chimiques,2010,2018,12,2018.916667,95,True,160.6,5.078917
industrial_prices,Industries chimiques,2010,2019,1,2019.0,96,True,162.4,5.090062
industrial_prices,Industries chimiques,2010,2019,2,2019.083333,97,True,165.2,5.107157
industrial_prices,Industries chimiques,2010,2019,3,2019.166667,98,True,165.0,5.105945
industrial_prices,Industries chimiques,2010,2019,4,2019.25,99,True,163.9,5.099256
industrial_prices,Industries chimiques,2010,2019,5,2019.333333,100,True,163.0,5.09375
industrial_prices,Industries chimiques,2010,2019,6,2019.416667,101,True,161.0,5.081404
industrial_prices,Industries chimiques,2010,2019,7,2019.5,102,True,151.7,5.021905
industrial_prices,Industries chimiques,2010,2019,8,2019.583333,103,True,152.4,5.026509
industrial_prices,Industries chimiques,2010,2019,9,2019.666667,104,True,155.1,5.04407
industrial_prices,Industries chimiques,2010,2019,10,2019.75,105,True,155.7,5.047931
industrial_prices,Industries chimiques,2010,2019,11,2019.833333,106,True,157.0,5.056246
industrial_prices,Industries chimiques,2010,2019,12,2019.916667,107,True,155.0,5.043425
industrial_prices,Industries chimiques,2010,2020,1,2020.0,108,True,149.5,5.007296
industrial_prices,Industries chimiques,2010,2020,2,2020.083333,109,True,146.4,4.986343
industrial_prices,Industries chimiques,2010,2020,3,2020.166667,110,True,141.6,4.953006
industrial_prices,Industries chimiques,2010,2020,4,2020.25,111,True,141.7,4.953712
industrial_prices,Industries chimiques,2010,2020,5,2020.333333,112,True,141.7,4.953712
industrial_prices,Industries chimiques,2010,2020,6,2020.416667,113,True,141.8,4.954418
industrial_prices,Industries chimiques,2010,2020,7,2020.5,114,True,147.8,4.99586
industrial_prices,Industries chimiques,2010,2020,8,2020.583333,115,True,144.2,4.971201
industrial_prices,Industries chimiques,2010,2020,9,2020.666667,116,True,145.3,4.978801
industrial_prices,Industries chimiques,2010,2020,10,2020.75,117,True,155.0,5.043425
industrial_prices,Industries chimiques,2010,2020,11,2020.833333,118,True,155.4,5.046002
industrial_prices,Industries chimiques,2010,2020,12,2020.916667,119,True,151.2,5.018603
industrial_prices,Industries chimiques,2010,2021,1,2021.0,120,True,163.7,5.098035
industrial_prices,Industries chimiques,2010,2021,2,2021.083333,121,True,165.8,5.110782
industrial_prices,Industries chimiques,2010,2021,3,2021.166667,122,True,165.1,5.106551
industrial_prices,Industries chimiques,2010,2021,4,2021.25,123,True,183.4,5.21167
industrial_prices,Industries chimiques,2010,2021,5,2021.333333,124,True,188.9,5.241218
industrial_prices,Industries chimiques,2010,2021,6,2021.416667,125,True,191.5,5.254888
industrial_prices,Industries chimiques,2010,2021,7,2021.5,126,True,214.8,5.369707
industrial_prices,Industries chimiques,2010,2021,8,2021.583333,127,True,197.5,5.285739
industrial_prices,Industries chimiques,2010,2021,9,2021.666667,128,True,197.5,5.285739
industrial_prices,Industries chimiques,2010,2021,10,2021.75,129,True,197.8,5.287256
industrial_prices,Industries chimiques,2010,2021,11,2021.833333,130,True,201.1,5.303802
industrial_prices,Industries chimiques,2010,2021,12,2021.916667,131,True,198.6,5.291293
industrial_prices,Industries chimiques,2010,2022,1,2022.0,132,True,208.0,5.337538
industrial_prices,Industries chimiques,2010,2022,2,2022.083333,133,True,204.4,5.320079
industrial_prices,Industries chimiques,2010,2022,3,2022.166667,134,True,206.9,5.332236
industrial_prices,Industries diverses,2000,1998,1,1998.0,-156,False,151.8,5.022564
industrial_prices,Industries diverses,2000,1998,2,1998.083333,-155,False,151.8,5.022564
industrial_prices,Industries diverses,2000,1998,3,1998.166667,-154,False,151.8,5.022564
industrial_prices,Industries diverses,2000,1998,4,1998.25,-153,False,159.1,5.069533
industrial_prices,Industries diverses,2000,1998,5,1998.333333,-152,False,159.1,5.069533
industrial_prices,Industries diverses,2000,1998,6,1998.416667,-151,False,159.1,5.069533
industrial_prices,Industries diverses,2000,1998,7,1998.5,-150,False,159.3,5.070789
industrial_prices,Industries diverses,2000,1998,8,1998.583333,-149,False,159.3,5.070789
industrial_prices,Industries diverses,2000,1998,9,1998.666667,-148,False,159.3,5.070789
industrial_prices,Industries diverses,2000,1998,10,1998.75,-147,False,159.0,5.068904
industrial_prices,Industries diverses,2000,1998,11,1998.833333,-146,False,159.0,5.068904
industrial_prices,Industries diverses,2000,1998,12,1998.916667,-145,False,159.0,5.068904
industrial_prices,Industries diverses,2000,1999,1,1999.0,-144,False,159.4,5.071417
industrial_prices,Industries diverses,2000,1999,2,1999.083333,-143,False,159.4,5.071417
industrial_prices,Industries diverses,2000,1999,3,1999.166667,-142,False,159.4,5.071417
industrial_prices,Industries diverses,2000,1999,4,1999.25,-141,False,159.4,5.071417
industrial_prices,Industries diverses,2000,1999,5,1999.333333,-140,False,159.4,5.071417
industrial_prices,Industries diverses,2000,1999,6,1999.416667,-139,False,159.3,5.070789
industrial_prices,Industries diverses,2000,1999,7,1999.5,-138,False,159.3,5.070789
industrial_prices,Industries diverses,2000,1999,8,1999.583333,-137,False,159.3,5.070789
industrial_prices,Industries diverses,2000,1999,9,1999.666667,-136,False,159.1,5.069533
industrial_prices,Industries diverses,2000,1999,10,1999.75,-135,False,159.1,5.069533
industrial_prices,Industries diverses,2000,1999,11,1999.833333,-134,False,159.1,5.069533
industrial_prices,Industries diverses,2000,1999,12,1999.916667,-133,False,159.1,5.069533
industrial_prices,Industries diverses,2000,2000,1,2000.0,-132,False,159.1,5.069533
industrial_prices,Industries diverses,2000,2000,2,2000.083333,-131,False,159.1,5.069533
industrial_prices,Industries diverses,2000,2000,3,2000.166667,-130,False,159.1,5.069533
industrial_prices,Industries diverses,2000,2000,4,2000.25,-129,False,159.2,5.070161
industrial_prices,Industries diverses,2000,2000,5,2000.333333,-128,False,159.4,5.071417
industrial_prices,Industries diverses,2000,2000,6,2000.416667,-127,False,159.4,5.071417
industrial_prices,Industries diverses,2000,2000,7,2000.5,-126,False,160.0,5.075174
industrial_prices,Industries diverses,2000,2000,8,2000.583333,-125,False,160.3,5.077047
industrial_prices,Industries diverses,2000,2000,9,2000.666667,-124,False,159.4,5.071417
industrial_prices,Industries diverses,2000,2000,10,2000.75,-123,False,160.9,5.080783
industrial_prices,Industries diverses,2000,2000,11,2000.833333,-122,False,160.9,5.080783
industrial_prices,Industries diverses,2000,2000,12,2000.916667,-121,False,161.1,5.082025
industrial_prices,Industries diverses,2000,2005,1,2005.0,-72,False,106.3,4.666265
industrial_prices,Industries diverses,2000,2005,2,2005.083333,-71,False,106.6,4.669084
industrial_prices,Industries diverses,2000,2005,3,2005.166667,-70,False,106.6,4.669084
industrial_prices,Industries diverses,2000,2005,4,2005.25,-69,False,106.6,4.669084
industrial_prices,Industries diverses,2000,2005,5,2005.333333,-68,False,106.6,4.669084
industrial_prices,Industries diverses,2000,2005,6,2005.416667,-67,False,106.6,4.669084
industrial_prices,Industries diverses,2000,2005,7,2005.5,-66,False,106.6,4.669084
industrial_prices,Industries diverses,2000,2005,8,2005.583333,-65,False,106.6,4.669084
industrial_prices,Industries diverses,2000,2005,9,2005.666667,-64,False,106.9,4.671894
industrial_prices,Industries diverses,2000,2005,10,2005.75,-63,False,106.9,4.671894
industrial_prices,Industries diverses,2000,2005,11,2005.833333,-62,False,107.0,4.672829
industrial_prices,Industries diverses,2000,2005,12,2005.916667,-61,False,107.1,4.673763
industrial_prices,Industries diverses,2000,2006,1,2006.0,-60,False,107.4,4.67656
industrial_prices,Industries diverses,2000,2006,2,2006.083333,-59,False,107.4,4.67656
industrial_prices,Industries diverses,2000,2006,3,2006.166667,-58,False,108.4,4.685828
industrial_prices,Industries diverses,2000,2006,4,2006.25,-57,False,108.4,4.685828
industrial_prices,Industries diverses,2000,2006,5,2006.333333,-56,False,108.6,4.687671
industrial_prices,Industries diverses,2000,2006,6,2006.416667,-55,False,108.6,4.687671
industrial_prices,Industries diverses,2000,2006,7,2006.5,-54,False,108.7,4.688592
industrial_prices,Industries diverses,2000,2006,8,2006.583333,-53,False,108.7,4.688592
industrial_prices,Industries diverses,2000,2006,9,2006.666667,-52,False,109.7,4.697749
industrial_prices,Industries diverses,2000,2006,10,2006.75,-51,False,109.7,4.697749
industrial_prices,Industries diverses,2000,2006,11,2006.833333,-50,False,109.9,4.699571
industrial_prices,Industries diverses,2000,2006,12,2006.916667,-49,False,110.2,4.702297
industrial_prices,Industries diverses,2000,2007,1,2007.0,-48,False,110.4,4.70411
industrial_prices,Industries diverses,2000,2007,2,2007.083333,-47,False,110.5,4.705016
industrial_prices,Industries diverses,2000,2007,3,2007.166667,-46,False,110.7,4.706824
industrial_prices,Industries diverses,2000,2007,4,2007.25,-45,False,110.7,4.706824
industrial_prices,Industries diverses,2000,2007,5,2007.333333,-44,False,110.7,4.706824
industrial_prices,Industries diverses,2000,2007,6,2007.416667,-43,False,110.7,4.706824
industrial_prices,Industries diverses,2000,2007,7,2007.5,-42,False,111.0,4.70953
industrial_prices,Industries diverses,2000,2007,8,2007.583333,-41,False,111.0,4.70953
industrial_prices,Industries diverses,2000,2007,9,2007.666667,-40,False,111.4,4.713127
industrial_prices,Industries diverses,2000,2007,10,2007.75,-39,False,111.4,4.713127
industrial_prices,Industries diverses,2000,2007,11,2007.833333,-38,False,111.4,4.713127
industrial_prices,Industries diverses,2000,2007,12,2007.916667,-37,False,111.7,4.715817
industrial_prices,Industries diverses,2000,2008,1,2008.0,-36,False,110.9,4.708629
industrial_prices,Industries diverses,2000,2008,2,2008.083333,-35,False,110.9,4.708629
industrial_prices,Industries diverses,2000,2008,3,2008.166667,-34,False,110.9,4.708629
industrial_prices,Industries diverses,2000,2008,4,2008.25,-33,False,111.1,4.710431
industrial_prices,Industries diverses,2000,2008,5,2008.333333,-32,False,111.5,4.714025
industrial_prices,Industries diverses,2000,2008,6,2008.416667,-31,False,111.5,4.714025
industrial_prices,Industries diverses,2000,2008,7,2008.5,-30,False,112.8,4.725616
industrial_prices,Industries diverses,2000,2008,8,2008.583333,-29,False,112.9,4.726502
industrial_prices,Industries diverses,2000,2008,9,2008.666667,-28,False,114.9,4.744062
industrial_prices,Industries diverses,2000,2008,10,2008.75,-27,False,115.2,4.74667
industrial_prices,Industries diverses,2000,2008,11,2008.833333,-26,False,116.5,4.757891
industrial_prices,Industries diverses,2000,2008,12,2008.916667,-25,False,116.5,4.757891
industrial_prices,Industries diverses,2000,2009,1,2009.0,-24,False,118.1,4.771532
industrial_prices,Industries diverses,2000,2009,2,2009.083333,-23,False,118.5,4.774913
industrial_prices,Industries diverses,2000,2009,3,2009.166667,-22,False,118.8,4.777441
industrial_prices,Industries diverses,2000,2009,4,2009.25,-21,False,119.3,4.781641
industrial_prices,Industries diverses,2000,2009,5,2009.333333,-20,False,119.2,4.780803
industrial_prices,Industries diverses,2000,2009,6,2009.416667,-19,False,119.5,4.783316
industrial_prices,Industries diverses,2000,2009,7,2009.5,-18,False,119.7,4.784989
industrial_prices,Industries diverses,2000,2009,8,2009.583333,-17,False,119.7,4.784989
industrial_prices,Industries diverses,2000,2009,9,2009.666667,-16,False,119.7,4.784989
industrial_prices,Industries diverses,2000,2009,10,2009.75,-15,False,120.3,4.789989
industrial_prices,Industries diverses,2000,2009,11,2009.833333,-14,False,119.6,4.784153
industrial_prices,Industries diverses,2000,2009,12,2009.916667,-13,False,118.8,4.777441
industrial_prices,Industries diverses,2000,2010,1,2010.0,-12,False,119.3,4.781641
industrial_prices,Industries diverses,2000,2010,2,2010.083333,-11,False,119.3,4.781641
industrial_prices,Industries diverses,2000,2010,3,2010.166667,-10,False,119.5,4.783316
industrial_prices,Industries diverses,2000,2010,4,2010.25,-9,False,119.9,4.786658
industrial_prices,Industries diverses,2000,2010,5,2010.333333,-8,False,119.5,4.783316
industrial_prices,Industries diverses,2000,2010,6,2010.416667,-7,False,119.4,4.782479
industrial_prices,Industries diverses,2000,2010,7,2010.5,-6,False,120.1,4.788325
industrial_prices,Industries diverses,2000,2010,8,2010.583333,-5,False,120.7,4.793308
industrial_prices,Industries diverses,2000,2010,9,2010.666667,-4,False,120.8,4.794136
industrial_prices,Industries diverses,2000,2010,10,2010.75,-3,False,120.9,4.794964
industrial_prices,Industries diverses,2000,2010,11,2010.833333,-2,False,121.2,4.797442
industrial_prices,Industries diverses,2000,2010,12,2010.916667,-1,False,121.5,4.799914
industrial_prices,Industries diverses,2000,2011,1,2011.0,0,True,122.0,4.804021
industrial_prices,Industries diverses,2000,2011,2,2011.083333,1,True,122.0,4.804021
industrial_prices,Industries diverses,2000,2011,3,2011.166667,2,True,122.5,4.808111
industrial_prices,Industries diverses,2000,2011,4,2011.25,3,True,123.5,4.816241
industrial_prices,Industries diverses,2000,2011,5,2011.333333,4,True,123.5,4.816241
industrial_prices,Industries diverses,2000,2011,6,2011.416667,5,True,123.5,4.816241
industrial_prices,Industries diverses,2000,2011,7,2011.5,6,True,123.5,4.816241
industrial_prices,Industries diverses,2000,2011,8,2011.583333,7,True,124.1,4.821088
industrial_prices,Industries diverses,2000,2011,9,2011.666667,8,True,127.1,4.844974
industrial_prices,Industries diverses,2000,2011,10,2011.75,9,True,128.3,4.854371
industrial_prices,Industries diverses,2000,2011,11,2011.833333,10,True,129.4,4.862908
industrial_prices,Industries diverses,2000,2011,12,2011.916667,11,True,129.6,4.864453
industrial_prices,Industries diverses,2000,2012,1,2012.0,12,True,129.2,4.861362
industrial_prices,Industries diverses,2000,2012,2,2012.083333,13,True,129.9,4.866765
industrial_prices,Industries diverses,2000,2012,3,2012.166667,14,True,130.9,4.874434
industrial_prices,Industries diverses,2000,2012,4,2012.25,15,True,131.2,4.876723
industrial_prices,Industries diverses,2000,2012,5,2012.333333,16,True,131.5,4.879007
industrial_prices,Industries diverses,2000,2012,6,2012.416667,17,True,131.6,4.879767
industrial_prices,Industries diverses,2000,2012,7,2012.5,18,True,131.9,4.882044
industrial_prices,Industries diverses,2000,2012,8,2012.583333,19,True,132.9,4.889597
industrial_prices,Industries diverses,2000,2012,9,2012.666667,20,True,133.7,4.895598
industrial_prices,Industries diverses,2000,2012,10,2012.75,21,True,133.4,4.893352
industrial_prices,Industries diverses,2000,2012,11,2012.833333,22,True,133.3,4.892602
industrial_prices,Industries diverses,2000,2012,12,2012.916667,23,True,133.7,4.895598
industrial_prices,Industries diverses,2010,2010,1,2010.0,-12,False,99.2,4.597138
industrial_prices,Industries diverses,2010,2010,2,2010.083333,-11,False,99.2,4.597138
industrial_prices,Industries diverses,2010,2010,3,2010.166667,-10,False,99.4,4.599152
industrial_prices,Industries diverses,2010,2010,4,2010.25,-9,False,99.4,4.599152
industrial_prices,Industries diverses,2010,2010,5,2010.333333,-8,False,99.2,4.597138
industrial_prices,Industries diverses,2010,2010,6,2010.416667,-7,False,99.2,4.597138
industrial_prices,Industries diverses,2010,2010,7,2010.5,-6,False,99.3,4.598146
industrial_prices,Industries diverses,2010,2010,8,2010.583333,-5,False,99.4,4.599152
industrial_prices,Industries diverses,2010,2010,9,2010.666667,-4,False,99.8,4.603168
industrial_prices,Industries diverses,2010,2010,10,2010.75,-3,False,99.8,4.603168
industrial_prices,Industries diverses,2010,2010,11,2010.833333,-2,False,99.7,4.602166
industrial_prices,Industries diverses,2010,2010,12,2010.916667,-1,False,99.9,4.60417
industrial_prices,Industries diverses,2010,2011,1,2011.0,0,True,100.1,4.60617
industrial_prices,Industries diverses,2010,2011,2,2011.083333,1,True,100.7,4.612146
industrial_prices,Industries diverses,2010,2011,3,2011.166667,2,True,100.4,4.609162
industrial_prices,Industries diverses,2010,2011,4,2011.25,3,True,101.2,4.617099
industrial_prices,Industries diverses,2010,2011,5,2011.333333,4,True,101.2,4.617099
industrial_prices,Industries diverses,2010,2011,6,2011.416667,5,True,101.2,4.617099
industrial_prices,Industries diverses,2010,2011,7,2011.5,6,True,101.6,4.621044
industrial_prices,Industries diverses,2010,2011,8,2011.583333,7,True,101.9,4.623992
industrial_prices,Industries diverses,2010,2011,9,2011.666667,8,True,102.6,4.630838
industrial_prices,Industries diverses,2010,2011,10,2011.75,9,True,103.9,4.643429
industrial_prices,Industries diverses,2010,2011,11,2011.833333,10,True,104.7,4.651099
industrial_prices,Industries diverses,2010,2011,12,2011.916667,11,True,105.5,4.658711
industrial_prices,Industries diverses,2010,2012,1,2012.0,12,True,105.3,4.656813
industrial_prices,Industries diverses,2010,2012,2,2012.083333,13,True,106.8,4.670958
industrial_prices,Industries diverses,2010,2012,3,2012.166667,14,True,107.1,4.673763
industrial_prices,Industries diverses,2010,2012,4,2012.25,15,True,107.4,4.67656
industrial_prices,Industries diverses,2010,2012,5,2012.333333,16,True,107.7,4.67935
industrial_prices,Industries diverses,2010,2012,6,2012.416667,17,True,108.5,4.68675
industrial_prices,Industries diverses,2010,2012,7,2012.5,18,True,108.4,4.685828
industrial_prices,Industries diverses,2010,2012,8,2012.583333,19,True,108.8,4.689511
industrial_prices,Industries diverses,2010,2012,9,2012.666667,20,True,109.7,4.697749
industrial_prices,Industries diverses,2010,2012,10,2012.75,21,True,109.3,4.694096
industrial_prices,Industries diverses,2010,2012,11,2012.833333,22,True,109.2,4.693181
industrial_prices,Industries diverses,2010,2012,12,2012.916667,23,True,109.2,4.693181
industrial_prices,Industries diverses,2010,2013,1,2013.0,24,True,109.2,4.693181
industrial_prices,Industries diverses,2010,2013,2,2013.083333,25,True,109.2,4.693181
industrial_prices,Industries diverses,2010,2013,3,2013.166667,26,True,109.9,4.699571
industrial_prices,Industries diverses,2010,2013,4,2013.25,27,True,109.9,4.699571
industrial_prices,Industries diverses,2010,2013,5,2013.333333,28,True,110.4,4.70411
industrial_prices,Industries diverses,2010,2013,6,2013.416667,29,True,110.4,4.70411
industrial_prices,Industries diverses,2010,2013,7,2013.5,30,True,110.4,4.70411
industrial_prices,Industries diverses,2010,2013,8,2013.583333,31,True,110.6,4.70592
industrial_prices,Industries diverses,2010,2013,9,2013.666667,32,True,110.6,4.70592
industrial_prices,Industries diverses,2010,2013,10,2013.75,33,True,110.8,4.707727
industrial_prices,Industries diverses,2010,2013,11,2013.833333,34,True,111.0,4.70953
industrial_prices,Industries diverses,2010,2013,12,2013.916667,35,True,110.9,4.708629
industrial_prices,Industries diverses,2010,2014,1,2014.0,36,True,110.2,4.702297
industrial_prices,Industries diverses,2010,2014,2,2014.083333,37,True,110.2,4.702297
industrial_prices,Industries diverses,2010,2014,3,2014.166667,38,True,109.9,4.699571
industrial_prices,Industries diverses,2010,2014,4,2014.25,39,True,109.6,4.696837
industrial_prices,Industries diverses,2010,2014,5,2014.333333,40,True,109.6,4.696837
industrial_prices,Industries diverses,2010,2014,6,2014.416667,41,True,110.6,4.70592
industrial_prices,Industries diverses,2010,2014,7,2014.5,42,True,110.6,4.70592
industrial_prices,Industries diverses,2010,2014,8,2014.583333,43,True,111.1,4.710431
industrial_prices,Industries diverses,2010,2014,9,2014.666667,44,True,111.2,4.71133
industrial_prices,Industries diverses,2010,2014,10,2014.75,45,True,112.6,4.723842
industrial_prices,Industries diverses,2010,2014,11,2014.833333,46,True,111.9,4.717606
industrial_prices,Industries diverses,2010,2014,12,2014.916667,47,True,112.2,4.720283
industrial_prices,Industries diverses,2010,2015,1,2015.0,48,True,114.8,4.743191
industrial_prices,Industries diverses,2010,2015,2,2015.083333,49,True,115.3,4.747537
industrial_prices,Industries diverses,2010,2015,3,2015.166667,50,True,115.6,4.750136
industrial_prices,Industries diverses,2010,2015,4,2015.25,51,True,116.7,4.759607
industrial_prices,Industries diverses,2010,2015,5,2015.333333,52,True,118.0,4.770685
industrial_prices,Industries diverses,2010,2015,6,2015.416667,53,True,116.4,4.757033
industrial_prices,Industries diverses,2010,2015,7,2015.5,54,True,116.6,4.758749
industrial_prices,Industries diverses,2010,2015,8,2015.583333,55,True,115.4,4.748404
industrial_prices,Industries diverses,2010,2015,9,2015.666667,56,True,115.7,4.751001
industrial_prices,Industries diverses,2010,2015,10,2015.75,57,True,115.4,4.748404
industrial_prices,Industries diverses,2010,2015,11,2015.833333,58,True,117.1,4.763028
industrial_prices,Industries diverses,2010,2015,12,2015.916667,59,True,117.1,4.763028
industrial_prices,Industries diverses,2010,2016,1,2016.0,60,True,117.2,4.763882
industrial_prices,Industries diverses,2010,2016,2,2016.083333,61,True,117.3,4.764735
industrial_prices,Industries diverses,2010,2016,3,2016.166667,62,True,117.5,4.766438
industrial_prices,Industries diverses,2010,2016,4,2016.25,63,True,117.2,4.763882
industrial_prices,Industries diverses,2010,2016,5,2016.333333,64,True,116.9,4.761319
industrial_prices,Industries diverses,2010,2016,6,2016.416667,65,True,117.2,4.763882
industrial_prices,Industries diverses,2010,2016,7,2016.5,66,True,117.2,4.763882
industrial_prices,Industries diverses,2010,2016,8,2016.583333,67,True,117.2,4.763882
industrial_prices,Industries diverses,2010,2016,9,2016.666667,68,True,117.7,4.768139
industrial_prices,Industries diverses,2010,2016,10,2016.75,69,True,117.9,4.769837
industrial_prices,Industries diverses,2010,2016,11,2016.833333,70,True,118.3,4.773224
industrial_prices,Industries diverses,2010,2016,12,2016.916667,71,True,118.4,4.774069
industrial_prices,Industries diverses,2010,2017,1,2017.0,72,True,118.1,4.771532
industrial_prices,Industries diverses,2010,2017,2,2017.083333,73,True,118.1,4.771532
industrial_prices,Industries diverses,2010,2017,3,2017.166667,74,True,118.5,4.774913
industrial_prices,Industries diverses,2010,2017,4,2017.25,75,True,119.9,4.786658
industrial_prices,Industries diverses,2010,2017,5,2017.333333,76,True,120.7,4.793308
industrial_prices,Industries diverses,2010,2017,6,2017.416667,77,True,122.4,4.807294
industrial_prices,Industries diverses,2010,2017,7,2017.5,78,True,122.4,4.807294
industrial_prices,Industries diverses,2010,2017,8,2017.583333,79,True,122.8,4.810557
industrial_prices,Industries diverses,2010,2017,9,2017.666667,80,True,123.6,4.817051
industrial_prices,Industries diverses,2010,2017,10,2017.75,81,True,124.4,4.823502
industrial_prices,Industries diverses,2010,2017,11,2017.833333,82,True,124.9,4.827513
industrial_prices,Industries diverses,2010,2017,12,2017.916667,83,True,124.7,4.825911
industrial_prices,Industries diverses,2010,2018,1,2018.0,84,True,128.5,4.855929
industrial_prices,Industries diverses,2010,2018,2,2018.083333,85,True,129.2,4.861362
industrial_prices,Industries diverses,2010,2018,3,2018.166667,86,True,130.6,4.872139
industrial_prices,Industries diverses,2010,2018,4,2018.25,87,True,131.2,4.876723
industrial_prices,Industries diverses,2010,2018,5,2018.333333,88,True,133.1,4.891101
industrial_prices,Industries diverses,2010,2018,6,2018.416667,89,True,133.4,4.893352
industrial_prices,Industries diverses,2010,2018,7,2018.5,90,True,134.9,4.904534
industrial_prices,Industries diverses,2010,2018,8,2018.583333,91,True,135.1,4.906015
industrial_prices,Industries diverses,2010,2018,9,2018.666667,92,True,135.2,4.906755
industrial_prices,Industries diverses,2010,2018,10,2018.75,93,True,135.0,4.905275
industrial_prices,Industries diverses,2010,2018,11,2018.833333,94,True,135.9,4.911919
industrial_prices,Industries diverses,2010,2018,12,2018.916667,95,True,137.8,4.925803
industrial_prices,Industries diverses,2010,2019,1,2019.0,96,True,141.4,4.951593
industrial_prices,Industries diverses,2010,2019,2,2019.083333,97,True,142.0,4.955827
industrial_prices,Industries diverses,2010,2019,3,2019.166667,98,True,142.0,4.955827
industrial_prices,Industries diverses,2010,2019,4,2019.25,99,True,142.0,4.955827
industrial_prices,Industries diverses,2010,2019,5,2019.333333,100,True,142.7,4.960745
industrial_prices,Industries diverses,2010,2019,6,2019.416667,101,True,151.2,5.018603
industrial_prices,Industries diverses,2010,2019,7,2019.5,102,True,151.5,5.020586
industrial_prices,Industries diverses,2010,2019,8,2019.583333,103,True,151.7,5.021905
industrial_prices,Industries diverses,2010,2019,9,2019.666667,104,True,152.0,5.023881
industrial_prices,Industries diverses,2010,2019,10,2019.75,105,True,151.5,5.020586
industrial_prices,Industries diverses,2010,2019,11,2019.833333,106,True,152.4,5.026509
industrial_prices,Industries diverses,2010,2019,12,2019.916667,107,True,152.7,5.028475
industrial_prices,Industries diverses,2010,2020,1,2020.0,108,True,153.6,5.034352
industrial_prices,Industries diverses,2010,2020,2,2020.083333,109,True,153.8,5.035653
industrial_prices,Industries diverses,2010,2020,3,2020.166667,110,True,153.9,5.036303
industrial_prices,Industries diverses,2010,2020,4,2020.25,111,True,155.3,5.045359
industrial_prices,Industries diverses,2010,2020,5,2020.333333,112,True,155.6,5.047289
industrial_prices,Industries diverses,2010,2020,6,2020.416667,113,True,155.6,5.047289
industrial_prices,Industries diverses,2010,2020,7,2020.5,114,True,155.5,5.046646
industrial_prices,Industries diverses,2010,2020,8,2020.583333,115,True,155.8,5.048573
industrial_prices,Industries diverses,2010,2020,9,2020.666667,116,True,156.0,5.049856
industrial_prices,Industries diverses,2010,2020,10,2020.75,117,True,155.7,5.047931
industrial_prices,Industries diverses,2010,2020,11,2020.833333,118,True,156.1,5.050497
industrial_prices,Industries diverses,2010,2020,12,2020.916667,119,True,156.3,5.051777
industrial_prices,Industries diverses,2010,2021,1,2021.0,120,True,158.2,5.06386
industrial_prices,Industries diverses,2010,2021,2,2021.083333,121,True,158.9,5.068275
industrial_prices,Industries diverses,2010,2021,3,2021.166667,122,True,159.6,5.072671
industrial_prices,Industries diverses,2010,2021,4,2021.25,123,True,161.2,5.082646
industrial_prices,Industries diverses,2010,2021,5,2021.333333,124,True,161.6,5.085124
industrial_prices,Industries diverses,2010,2021,6,2021.416667,125,True,162.1,5.088213
industrial_prices,Industries diverses,2010,2021,7,2021.5,126,True,162.3,5.089446
industrial_prices,Industries diverses,2010,2021,8,2021.583333,127,True,165.1,5.106551
industrial_prices,Industries diverses,2010,2021,9,2021.666667,128,True,165.8,5.110782
industrial_prices,Industries diverses,2010,2021,10,2021.75,129,True,166.2,5.113192
industrial_prices,Industries diverses,2010,2021,11,2021.833333,130,True,168.9,5.129307
industrial_prices,Industries diverses,2010,2021,12,2021.916667,131,True,172.0,5.147494
industrial_prices,Industries diverses,2010,2022,1,2022.0,132,True,177.5,5.178971
industrial_prices,Industries diverses,2010,2022,2,2022.083333,133,True,178.6,5.185149
industrial_prices,Industries diverses,2010,2022,3,2022.166667,134,True,179.5,5.190175
industrial_prices,Industries diverses,2010,2022,4,2022.25,135,True,180.1,5.193512
industrial_prices,Industries diverses,2010,2022,5,2022.333333,136,True,180.8,5.197391
industrial_prices,Industries diverses,2010,2022,6,2022.416667,137,True,181.1,5.199049
industrial_prices,Industries diverses,2010,2022,7,2022.5,138,True,181.8,5.202907
industrial_prices,Industries diverses,2010,2022,8,2022.583333,139,True,182.3,5.205654
industrial_prices,Industries diverses,2010,2022,9,2022.666667,140,True,183.4,5.21167
industrial_prices,Industries diverses,2010,2022,10,2022.75,141,True,183.5,5.212215
industrial_prices,Industries diverses,2010,2022,11,2022.833333,142,True,183.5,5.212215
industrial_prices,Industries diverses,2010,2022,12,2022.916667,143,True,183.2,5.210578
industrial_prices,Industries diverses,2010,2023,1,2023.0,144,True,183.8,5.213848
industrial_prices,Industries diverses,2010,2023,2,2023.083333,145,True,183.8,5.213848
industrial_prices,Industries diverses,2010,2023,3,2023.166667,146,True,184.5,5.217649
industrial_prices,Industries diverses,2010,2023,4,2023.25,147,True,184.9,5.219815
industrial_prices,Industries diverses,2010,2023,5,2023.333333,148,True,185.1,5.220896
industrial_prices,Industries diverses,2010,2023,6,2023.416667,149,True,185.4,5.222516
industrial_prices,Industries diverses,2010,2023,7,2023.5,150,True,182.4,5.206202
industrial_prices,Industries diverses,2010,2023,8,2023.583333,151,True,181.5,5.201256
industrial_prices,Industries diverses,2010,2023,9,2023.666667,152,True,181.4,5.200705
industrial_prices,Industries diverses,2010,2023,10,2023.75,153,True,181.8,5.202907
industrial_prices,Industries diverses,2010,2023,11,2023.833333,154,True,181.9,5.203457
industrial_prices,Industries diverses,2010,2023,12,2023.916667,155,True,181.2,5.199601
industrial_prices,Industries mécaniques et électriques,2000,1998,1,1998.0,-156,False,120.6,4.792479
industrial_prices,Industries mécaniques et électriques,2000,1998,2,1998.083333,-155,False,119.5,4.783316
industrial_prices,Industries mécaniques et électriques,2000,1998,3,1998.166667,-154,False,119.6,4.784153
industrial_prices,Industries mécaniques et électriques,2000,1998,4,1998.25,-153,False,119.8,4.785824
industrial_prices,Industries mécaniques et électriques,2000,1998,5,1998.333333,-152,False,119.9,4.786658
industrial_prices,Industries mécaniques et électriques,2000,1998,6,1998.416667,-151,False,120.0,4.787492
industrial_prices,Industries mécaniques et électriques,2000,1998,7,1998.5,-150,False,120.2,4.789157
industrial_prices,Industries mécaniques et électriques,2000,1998,8,1998.583333,-149,False,120.2,4.789157
industrial_prices,Industries mécaniques et électriques,2000,1998,9,1998.666667,-148,False,120.2,4.789157
industrial_prices,Industries mécaniques et électriques,2000,1998,10,1998.75,-147,False,120.3,4.789989
industrial_prices,Industries mécaniques et électriques,2000,1998,11,1998.833333,-146,False,120.3,4.789989
industrial_prices,Industries mécaniques et électriques,2000,1998,12,1998.916667,-145,False,120.3,4.789989
industrial_prices,Industries mécaniques et électriques,2000,1999,1,1999.0,-144,False,120.1,4.788325
industrial_prices,Industries mécaniques et électriques,2000,1999,2,1999.083333,-143,False,120.1,4.788325
industrial_prices,Industries mécaniques et électriques,2000,1999,3,1999.166667,-142,False,120.2,4.789157
industrial_prices,Industries mécaniques et électriques,2000,1999,4,1999.25,-141,False,120.3,4.789989
industrial_prices,Industries mécaniques et électriques,2000,1999,5,1999.333333,-140,False,120.3,4.789989
industrial_prices,Industries mécaniques et électriques,2000,1999,6,1999.416667,-139,False,120.4,4.79082
industrial_prices,Industries mécaniques et électriques,2000,1999,7,1999.5,-138,False,120.5,4.79165
industrial_prices,Industries mécaniques et électriques,2000,1999,8,1999.583333,-137,False,120.5,4.79165
industrial_prices,Industries mécaniques et électriques,2000,1999,9,1999.666667,-136,False,120.7,4.793308
industrial_prices,Industries mécaniques et électriques,2000,1999,10,1999.75,-135,False,120.7,4.793308
industrial_prices,Industries mécaniques et électriques,2000,1999,11,1999.833333,-134,False,120.8,4.794136
industrial_prices,Industries mécaniques et électriques,2000,1999,12,1999.916667,-133,False,120.9,4.794964
industrial_prices,Industries mécaniques et électriques,2000,2000,1,2000.0,-132,False,121.0,4.795791
industrial_prices,Industries mécaniques et électriques,2000,2000,2,2000.083333,-131,False,121.0,4.795791
industrial_prices,Industries mécaniques et électriques,2000,2000,3,2000.166667,-130,False,121.2,4.797442
industrial_prices,Industries mécaniques et électriques,2000,2000,4,2000.25,-129,False,121.3,4.798267
industrial_prices,Industries mécaniques et électriques,2000,2000,5,2000.333333,-128,False,121.3,4.798267
industrial_prices,Industries mécaniques et électriques,2000,2000,6,2000.416667,-127,False,121.3,4.798267
industrial_prices,Industries mécaniques et électriques,2000,2000,7,2000.5,-126,False,121.3,4.798267
industrial_prices,Industries mécaniques et électriques,2000,2000,8,2000.583333,-125,False,121.3,4.798267
industrial_prices,Industries mécaniques et électriques,2000,2000,9,2000.666667,-124,False,121.4,4.799091
industrial_prices,Industries mécaniques et électriques,2000,2000,10,2000.75,-123,False,121.7,4.801559
industrial_prices,Industries mécaniques et électriques,2000,2000,11,2000.833333,-122,False,121.8,4.80238
industrial_prices,Industries mécaniques et électriques,2000,2000,12,2000.916667,-121,False,122.2,4.805659
industrial_prices,Industries mécaniques et électriques,2000,2005,1,2005.0,-72,False,114.1,4.737075
industrial_prices,Industries mécaniques et électriques,2000,2005,2,2005.083333,-71,False,114.2,4.737951
industrial_prices,Industries mécaniques et électriques,2000,2005,3,2005.166667,-70,False,114.0,4.736198
industrial_prices,Industries mécaniques et électriques,2000,2005,4,2005.25,-69,False,114.0,4.736198
industrial_prices,Industries mécaniques et électriques,2000,2005,5,2005.333333,-68,False,112.9,4.726502
industrial_prices,Industries mécaniques et électriques,2000,2005,6,2005.416667,-67,False,113.5,4.731803
industrial_prices,Industries mécaniques et électriques,2000,2005,7,2005.5,-66,False,114.0,4.736198
industrial_prices,Industries mécaniques et électriques,2000,2005,8,2005.583333,-65,False,113.3,4.730039
industrial_prices,Industries mécaniques et électriques,2000,2005,9,2005.666667,-64,False,113.9,4.735321
industrial_prices,Industries mécaniques et électriques,2000,2005,10,2005.75,-63,False,113.9,4.735321
industrial_prices,Industries mécaniques et électriques,2000,2005,11,2005.833333,-62,False,112.8,4.725616
industrial_prices,Industries mécaniques et électriques,2000,2005,12,2005.916667,-61,False,113.8,4.734443
industrial_prices,Industries mécaniques et électriques,2000,2006,1,2006.0,-60,False,114.3,4.738827
industrial_prices,Industries mécaniques et électriques,2000,2006,2,2006.083333,-59,False,115.4,4.748404
industrial_prices,Industries mécaniques et électriques,2000,2006,3,2006.166667,-58,False,115.7,4.751001
industrial_prices,Industries mécaniques et électriques,2000,2006,4,2006.25,-57,False,117.8,4.768988
industrial_prices,Industries mécaniques et électriques,2000,2006,5,2006.333333,-56,False,119.8,4.785824
industrial_prices,Industries mécaniques et électriques,2000,2006,6,2006.416667,-55,False,120.3,4.789989
industrial_prices,Industries mécaniques et électriques,2000,2006,7,2006.5,-54,False,121.6,4.800737
industrial_prices,Industries mécaniques et électriques,2000,2006,8,2006.583333,-53,False,122.3,4.806477
industrial_prices,Industries mécaniques et électriques,2000,2006,9,2006.666667,-52,False,123.1,4.812997
industrial_prices,Industries mécaniques et électriques,2000,2006,10,2006.75,-51,False,123.7,4.817859
industrial_prices,Industries mécaniques et électriques,2000,2006,11,2006.833333,-50,False,126.4,4.839451
industrial_prices,Industries mécaniques et électriques,2000,2006,12,2006.916667,-49,False,126.4,4.839451
industrial_prices,Industries mécaniques et électriques,2000,2007,1,2007.0,-48,False,129.1,4.860587
industrial_prices,Industries mécaniques et électriques,2000,2007,2,2007.083333,-47,False,129.2,4.861362
industrial_prices,Industries mécaniques et électriques,2000,2007,3,2007.166667,-46,False,129.1,4.860587
industrial_prices,Industries mécaniques et électriques,2000,2007,4,2007.25,-45,False,130.1,4.868303
industrial_prices,Industries mécaniques et électriques,2000,2007,5,2007.333333,-44,False,131.5,4.879007
industrial_prices,Industries mécaniques et électriques,2000,2007,6,2007.416667,-43,False,133.4,4.893352
industrial_prices,Industries mécaniques et électriques,2000,2007,7,2007.5,-42,False,133.3,4.892602
industrial_prices,Industries mécaniques et électriques,2000,2007,8,2007.583333,-41,False,133.4,4.893352
industrial_prices,Industries mécaniques et électriques,2000,2007,9,2007.666667,-40,False,135.6,4.909709
industrial_prices,Industries mécaniques et électriques,2000,2007,10,2007.75,-39,False,134.6,4.902307
industrial_prices,Industries mécaniques et électriques,2000,2007,11,2007.833333,-38,False,135.9,4.911919
industrial_prices,Industries mécaniques et électriques,2000,2007,12,2007.916667,-37,False,136.0,4.912655
industrial_prices,Industries mécaniques et électriques,2000,2008,1,2008.0,-36,False,140.9,4.94805
industrial_prices,Industries mécaniques et électriques,2000,2008,2,2008.083333,-35,False,142.3,4.957938
industrial_prices,Industries mécaniques et électriques,2000,2008,3,2008.166667,-34,False,143.0,4.962845
industrial_prices,Industries mécaniques et électriques,2000,2008,4,2008.25,-33,False,143.1,4.963544
industrial_prices,Industries mécaniques et électriques,2000,2008,5,2008.333333,-32,False,147.4,4.99315
industrial_prices,Industries mécaniques et électriques,2000,2008,6,2008.416667,-31,False,148.4,4.999911
industrial_prices,Industries mécaniques et électriques,2000,2008,7,2008.5,-30,False,152.6,5.02782
industrial_prices,Industries mécaniques et électriques,2000,2008,8,2008.583333,-29,False,153.4,5.033049
industrial_prices,Industries mécaniques et électriques,2000,2008,9,2008.666667,-28,False,153.8,5.035653
industrial_prices,Industries mécaniques et électriques,2000,2008,10,2008.75,-27,False,154.2,5.03825
industrial_prices,Industries mécaniques et électriques,2000,2008,11,2008.833333,-26,False,153.0,5.030438
industrial_prices,Industries mécaniques et électriques,2000,2008,12,2008.916667,-25,False,150.4,5.013298
industrial_prices,Industries mécaniques et électriques,2000,2009,1,2009.0,-24,False,149.6,5.007965
industrial_prices,Industries mécaniques et électriques,2000,2009,2,2009.083333,-23,False,144.3,4.971894
industrial_prices,Industries mécaniques et électriques,2000,2009,3,2009.166667,-22,False,143.8,4.968423
industrial_prices,Industries mécaniques et électriques,2000,2009,4,2009.25,-21,False,142.9,4.962145
industrial_prices,Industries mécaniques et électriques,2000,2009,5,2009.333333,-20,False,142.5,4.959342
industrial_prices,Industries mécaniques et électriques,2000,2009,6,2009.416667,-19,False,142.5,4.959342
industrial_prices,Industries mécaniques et électriques,2000,2009,7,2009.5,-18,False,142.5,4.959342
industrial_prices,Industries mécaniques et électriques,2000,2009,8,2009.583333,-17,False,142.5,4.959342
industrial_prices,Industries mécaniques et électriques,2000,2009,9,2009.666667,-16,False,141.0,4.94876
industrial_prices,Industries mécaniques et électriques,2000,2009,10,2009.75,-15,False,141.0,4.94876
industrial_prices,Industries mécaniques et électriques,2000,2009,11,2009.833333,-14,False,140.0,4.941642
industrial_prices,Industries mécaniques et électriques,2000,2009,12,2009.916667,-13,False,139.7,4.939497
industrial_prices,Industries mécaniques et électriques,2000,2010,1,2010.0,-12,False,140.6,4.945919
industrial_prices,Industries mécaniques et électriques,2000,2010,2,2010.083333,-11,False,140.6,4.945919
industrial_prices,Industries mécaniques et électriques,2000,2010,3,2010.166667,-10,False,140.9,4.94805
industrial_prices,Industries mécaniques et électriques,2000,2010,4,2010.25,-9,False,142.9,4.962145
industrial_prices,Industries mécaniques et électriques,2000,2010,5,2010.333333,-8,False,143.3,4.96494
industrial_prices,Industries mécaniques et électriques,2000,2010,6,2010.416667,-7,False,144.7,4.974663
industrial_prices,Industries mécaniques et électriques,2000,2010,7,2010.5,-6,False,144.6,4.973971
industrial_prices,Industries mécaniques et électriques,2000,2010,8,2010.583333,-5,False,144.9,4.976044
industrial_prices,Industries mécaniques et électriques,2000,2010,9,2010.666667,-4,False,146.0,4.983607
industrial_prices,Industries mécaniques et électriques,2000,2010,10,2010.75,-3,False,148.0,4.997212
industrial_prices,Industries mécaniques et électriques,2000,2010,11,2010.833333,-2,False,148.3,4.999237
industrial_prices,Industries mécaniques et électriques,2000,2010,12,2010.916667,-1,False,148.9,5.003275
industrial_prices,Industries mécaniques et électriques,2000,2011,1,2011.0,0,True,149.6,5.007965
industrial_prices,Industries mécaniques et électriques,2000,2011,2,2011.083333,1,True,149.8,5.009301
industrial_prices,Industries mécaniques et électriques,2000,2011,3,2011.166667,2,True,150.4,5.013298
industrial_prices,Industries mécaniques et électriques,2000,2011,4,2011.25,3,True,150.7,5.015291
industrial_prices,Industries mécaniques et électriques,2000,2011,5,2011.333333,4,True,150.6,5.014627
industrial_prices,Industries mécaniques et électriques,2000,2011,6,2011.416667,5,True,150.6,5.014627
industrial_prices,Industries mécaniques et électriques,2000,2011,7,2011.5,6,True,152.2,5.025195
industrial_prices,Industries mécaniques et électriques,2000,2011,8,2011.583333,7,True,155.5,5.046646
industrial_prices,Industries mécaniques et électriques,2000,2011,9,2011.666667,8,True,155.5,5.046646
industrial_prices,Industries mécaniques et électriques,2000,2011,10,2011.75,9,True,157.6,5.06006
industrial_prices,Industries mécaniques et électriques,2000,2011,11,2011.833333,10,True,157.6,5.06006
industrial_prices,Industries mécaniques et électriques,2000,2011,12,2011.916667,11,True,158.3,5.064492
industrial_prices,Industries mécaniques et électriques,2000,2012,1,2012.0,12,True,159.0,5.068904
industrial_prices,Industries mécaniques et électriques,2000,2012,2,2012.083333,13,True,159.2,5.070161
industrial_prices,Industries mécaniques et électriques,2000,2012,3,2012.166667,14,True,156.9,5.055609
industrial_prices,Industries mécaniques et électriques,2000,2012,4,2012.25,15,True,159.0,5.068904
industrial_prices,Industries mécaniques et électriques,2000,2012,5,2012.333333,16,True,159.4,5.071417
industrial_prices,Industries mécaniques et électriques,2000,2012,6,2012.416667,17,True,159.4,5.071417
industrial_prices,Industries mécaniques et électriques,2000,2012,7,2012.5,18,True,160.2,5.076423
industrial_prices,Industries mécaniques et électriques,2000,2012,8,2012.583333,19,True,160.1,5.075799
industrial_prices,Industries mécaniques et électriques,2000,2012,9,2012.666667,20,True,160.1,5.075799
industrial_prices,Industries mécaniques et électriques,2000,2012,10,2012.75,21,True,160.3,5.077047
industrial_prices,Industries mécaniques et électriques,2000,2012,11,2012.833333,22,True,160.3,5.077047
industrial_prices,Industries mécaniques et électriques,2000,2012,12,2012.916667,23,True,160.3,5.077047
industrial_prices,Industries mécaniques et électriques,2010,2010,1,2010.0,-12,False,98.4,4.589041
industrial_prices,Industries mécaniques et électriques,2010,2010,2,2010.083333,-11,False,98.4,4.589041
industrial_prices,Industries mécaniques et électriques,2010,2010,3,2010.166667,-10,False,98.5,4.590057
industrial_prices,Industries mécaniques et électriques,2010,2010,4,2010.25,-9,False,99.4,4.599152
industrial_prices,Industries mécaniques et électriques,2010,2010,5,2010.333333,-8,False,99.4,4.599152
industrial_prices,Industries mécaniques et électriques,2010,2010,6,2010.416667,-7,False,100.4,4.609162
industrial_prices,Industries mécaniques et électriques,2010,2010,7,2010.5,-6,False,100.5,4.610158
industrial_prices,Industries mécaniques et électriques,2010,2010,8,2010.583333,-5,False,100.6,4.611152
industrial_prices,Industries mécaniques et électriques,2010,2010,9,2010.666667,-4,False,100.7,4.612146
industrial_prices,Industries mécaniques et électriques,2010,2010,10,2010.75,-3,False,101.1,4.61611
industrial_prices,Industries mécaniques et électriques,2010,2010,11,2010.833333,-2,False,101.1,4.61611
industrial_prices,Industries mécaniques et électriques,2010,2010,12,2010.916667,-1,False,101.5,4.620059
industrial_prices,Industries mécaniques et électriques,2010,2011,1,2011.0,0,True,101.4,4.619073
industrial_prices,Industries mécaniques et électriques,2010,2011,2,2011.083333,1,True,101.8,4.62301
industrial_prices,Industries mécaniques et électriques,2010,2011,3,2011.166667,2,True,102.1,4.625953
industrial_prices,Industries mécaniques et électriques,2010,2011,4,2011.25,3,True,102.6,4.630838
industrial_prices,Industries mécaniques et électriques,2010,2011,5,2011.333333,4,True,102.7,4.631812
industrial_prices,Industries mécaniques et électriques,2010,2011,6,2011.416667,5,True,102.7,4.631812
industrial_prices,Industries mécaniques et électriques,2010,2011,7,2011.5,6,True,104.3,4.647271
industrial_prices,Industries mécaniques et électriques,2010,2011,8,2011.583333,7,True,104.8,4.652054
industrial_prices,Industries mécaniques et électriques,2010,2011,9,2011.666667,8,True,105.1,4.654912
industrial_prices,Industries mécaniques et électriques,2010,2011,10,2011.75,9,True,106.3,4.666265
industrial_prices,Industries mécaniques et électriques,2010,2011,11,2011.833333,10,True,106.3,4.666265
industrial_prices,Industries mécaniques et électriques,2010,2011,12,2011.916667,11,True,106.4,4.667206
industrial_prices,Industries mécaniques et électriques,2010,2012,1,2012.0,12,True,106.6,4.669084
industrial_prices,Industries mécaniques et électriques,2010,2012,2,2012.083333,13,True,106.6,4.669084
industrial_prices,Industries mécaniques et électriques,2010,2012,3,2012.166667,14,True,105.7,4.660605
industrial_prices,Industries mécaniques et électriques,2010,2012,4,2012.25,15,True,106.6,4.669084
industrial_prices,Industries mécaniques et électriques,2010,2012,5,2012.333333,16,True,106.9,4.671894
industrial_prices,Industries mécaniques et électriques,2010,2012,6,2012.416667,17,True,107.1,4.673763
industrial_prices,Industries mécaniques et électriques,2010,2012,7,2012.5,18,True,107.1,4.673763
industrial_prices,Industries mécaniques et électriques,2010,2012,8,2012.583333,19,True,107.3,4.675629
industrial_prices,Industries mécaniques et électriques,2010,2012,9,2012.666667,20,True,107.3,4.675629
industrial_prices,Industries mécaniques et électriques,2010,2012,10,2012.75,21,True,107.4,4.67656
industrial_prices,Industries mécaniques et électriques,2010,2012,11,2012.833333,22,True,107.4,4.67656
industrial_prices,Industries mécaniques et électriques,2010,2012,12,2012.916667,23,True,107.8,4.680278
industrial_prices,Industries mécaniques et électriques,2010,2013,1,2013.0,24,True,107.6,4.678421
industrial_prices,Industries mécaniques et électriques,2010,2013,2,2013.083333,25,True,107.6,4.678421
industrial_prices,Industries mécaniques et électriques,2010,2013,3,2013.166667,26,True,108.0,4.682131
industrial_prices,Industries mécaniques et électriques,2010,2013,4,2013.25,27,True,108.4,4.685828
industrial_prices,Industries mécaniques et électriques,2010,2013,5,2013.333333,28,True,107.8,4.680278
industrial_prices,Industries mécaniques et électriques,2010,2013,6,2013.416667,29,True,107.9,4.681205
industrial_prices,Industries mécaniques et électriques,2010,2013,7,2013.5,30,True,108.6,4.687671
industrial_prices,Industries mécaniques et électriques,2010,2013,8,2013.583333,31,True,108.8,4.689511
industrial_prices,Industries mécaniques et électriques,2010,2013,9,2013.666667,32,True,108.5,4.68675
industrial_prices,Industries mécaniques et électriques,2010,2013,10,2013.75,33,True,109.1,4.692265
industrial_prices,Industries mécaniques et électriques,2010,2013,11,2013.833333,34,True,110.0,4.70048
industrial_prices,Industries mécaniques et électriques,2010,2013,12,2013.916667,35,True,110.3,4.703204
industrial_prices,Industries mécaniques et électriques,2010,2014,1,2014.0,36,True,112.1,4.719391
industrial_prices,Industries mécaniques et électriques,2010,2014,2,2014.083333,37,True,111.7,4.715817
industrial_prices,Industries mécaniques et électriques,2010,2014,3,2014.166667,38,True,111.2,4.71133
industrial_prices,Industries mécaniques et électriques,2010,2014,4,2014.25,39,True,111.4,4.713127
industrial_prices,Industries mécaniques et électriques,2010,2014,5,2014.333333,40,True,111.4,4.713127
industrial_prices,Industries mécaniques et électriques,2010,2014,6,2014.416667,41,True,111.3,4.712229
industrial_prices,Industries mécaniques et électriques,2010,2014,7,2014.5,42,True,111.4,4.713127
industrial_prices,Industries mécaniques et électriques,2010,2014,8,2014.583333,43,True,111.1,4.710431
industrial_prices,Industries mécaniques et électriques,2010,2014,9,2014.666667,44,True,111.2,4.71133
industrial_prices,Industries mécaniques et électriques,2010,2014,10,2014.75,45,True,111.5,4.714025
industrial_prices,Industries mécaniques et électriques,2010,2014,11,2014.833333,46,True,111.7,4.715817
industrial_prices,Industries mécaniques et électriques,2010,2014,12,2014.916667,47,True,111.9,4.717606
industrial_prices,Industries mécaniques et électriques,2010,2015,1,2015.0,48,True,110.5,4.705016
industrial_prices,Industries mécaniques et électriques,2010,2015,2,2015.083333,49,True,110.7,4.706824
industrial_prices,Industries mécaniques et électriques,2010,2015,3,2015.166667,50,True,110.7,4.706824
industrial_prices,Industries mécaniques et électriques,2010,2015,4,2015.25,51,True,110.4,4.70411
industrial_prices,Industries mécaniques et électriques,2010,2015,5,2015.333333,52,True,110.6,4.70592
industrial_prices,Industries mécaniques et électriques,2010,2015,6,2015.416667,53,True,111.4,4.713127
industrial_prices,Industries mécaniques et électriques,2010,2015,7,2015.5,54,True,111.9,4.717606
industrial_prices,Industries mécaniques et électriques,2010,2015,8,2015.583333,55,True,112.5,4.722953
industrial_prices,Industries mécaniques et électriques,2010,2015,9,2015.666667,56,True,112.5,4.722953
industrial_prices,Industries mécaniques et électriques,2010,2015,10,2015.75,57,True,112.4,4.722064
industrial_prices,Industries mécaniques et électriques,2010,2015,11,2015.833333,58,True,111.8,4.716712
industrial_prices,Industries mécaniques et électriques,2010,2015,12,2015.916667,59,True,111.7,4.715817
industrial_prices,Industries mécaniques et électriques,2010,2016,1,2016.0,60,True,110.7,4.706824
industrial_prices,Industries mécaniques et électriques,2010,2016,2,2016.083333,61,True,112.2,4.720283
industrial_prices,Industries mécaniques et électriques,2010,2016,3,2016.166667,62,True,111.8,4.716712
industrial_prices,Industries mécaniques et électriques,2010,2016,4,2016.25,63,True,111.4,4.713127
industrial_prices,Industries mécaniques et électriques,2010,2016,5,2016.333333,64,True,111.8,4.716712
industrial_prices,Industries mécaniques et électriques,2010,2016,6,2016.416667,65,True,111.8,4.716712
industrial_prices,Industries mécaniques et électriques,2010,2016,7,2016.5,66,True,112.3,4.721174
industrial_prices,Industries mécaniques et électriques,2010,2016,8,2016.583333,67,True,112.3,4.721174
industrial_prices,Industries mécaniques et électriques,2010,2016,9,2016.666667,68,True,113.2,4.729156
industrial_prices,Industries mécaniques et électriques,2010,2016,10,2016.75,69,True,113.6,4.732684
industrial_prices,Industries mécaniques et électriques,2010,2016,11,2016.833333,70,True,113.4,4.730921
industrial_prices,Industries mécaniques et électriques,2010,2016,12,2016.916667,71,True,114.4,4.739701
industrial_prices,Industries mécaniques et électriques,2010,2017,1,2017.0,72,True,115.7,4.751001
industrial_prices,Industries mécaniques et électriques,2010,2017,2,2017.083333,73,True,116.0,4.75359
industrial_prices,Industries mécaniques et électriques,2010,2017,3,2017.166667,74,True,116.5,4.757891
industrial_prices,Industries mécaniques et électriques,2010,2017,4,2017.25,75,True,117.7,4.768139
industrial_prices,Industries mécaniques et électriques,2010,2017,5,2017.333333,76,True,118.6,4.775756
industrial_prices,Industries mécaniques et électriques,2010,2017,6,2017.416667,77,True,119.4,4.782479
industrial_prices,Industries mécaniques et électriques,2010,2017,7,2017.5,78,True,120.6,4.792479
industrial_prices,Industries mécaniques et électriques,2010,2017,8,2017.583333,79,True,121.1,4.796617
industrial_prices,Industries mécaniques et électriques,2010,2017,9,2017.666667,80,True,122.3,4.806477
industrial_prices,Industries mécaniques et électriques,2010,2017,10,2017.75,81,True,123.7,4.817859
industrial_prices,Industries mécaniques et électriques,2010,2017,11,2017.833333,82,True,124.7,4.825911
industrial_prices,Industries mécaniques et électriques,2010,2017,12,2017.916667,83,True,125.1,4.829113
industrial_prices,Industries mécaniques et électriques,2010,2018,1,2018.0,84,True,126.8,4.842611
industrial_prices,Industries mécaniques et électriques,2010,2018,2,2018.083333,85,True,127.5,4.848116
industrial_prices,Industries mécaniques et électriques,2010,2018,3,2018.166667,86,True,130.4,4.870607
industrial_prices,Industries mécaniques et électriques,2010,2018,4,2018.25,87,True,131.0,4.875197
industrial_prices,Industries mécaniques et électriques,2010,2018,5,2018.333333,88,True,131.5,4.879007
industrial_prices,Industries mécaniques et électriques,2010,2018,6,2018.416667,89,True,131.3,4.877485
industrial_prices,Industries mécaniques et électriques,2010,2018,7,2018.5,90,True,131.5,4.879007
industrial_prices,Industries mécaniques et électriques,2010,2018,8,2018.583333,91,True,132.1,4.883559
industrial_prices,Industries mécaniques et électriques,2010,2018,9,2018.666667,92,True,132.3,4.885072
industrial_prices,Industries mécaniques et électriques,2010,2018,10,2018.75,93,True,132.7,4.888091
industrial_prices,Industries mécaniques et électriques,2010,2018,11,2018.833333,94,True,133.0,4.890349
industrial_prices,Industries mécaniques et électriques,2010,2018,12,2018.916667,95,True,133.2,4.891852
industrial_prices,Industries mécaniques et électriques,2010,2019,1,2019.0,96,True,135.9,4.911919
industrial_prices,Industries mécaniques et électriques,2010,2019,2,2019.083333,97,True,136.3,4.914858
industrial_prices,Industries mécaniques et électriques,2010,2019,3,2019.166667,98,True,136.7,4.917789
industrial_prices,Industries mécaniques et électriques,2010,2019,4,2019.25,99,True,136.7,4.917789
industrial_prices,Industries mécaniques et électriques,2010,2019,5,2019.333333,100,True,136.8,4.91852
industrial_prices,Industries mécaniques et électriques,2010,2019,6,2019.416667,101,True,137.1,4.920711
industrial_prices,Industries mécaniques et électriques,2010,2019,7,2019.5,102,True,137.5,4.923624
industrial_prices,Industries mécaniques et électriques,2010,2019,8,2019.583333,103,True,137.8,4.925803
industrial_prices,Industries mécaniques et électriques,2010,2019,9,2019.666667,104,True,140.0,4.941642
industrial_prices,Industries mécaniques et électriques,2010,2019,10,2019.75,105,True,140.4,4.944495
industrial_prices,Industries mécaniques et électriques,2010,2019,11,2019.833333,106,True,141.3,4.950885
industrial_prices,Industries mécaniques et électriques,2010,2019,12,2019.916667,107,True,141.3,4.950885
industrial_prices,Industries mécaniques et électriques,2010,2020,1,2020.0,108,True,141.4,4.951593
industrial_prices,Industries mécaniques et électriques,2010,2020,2,2020.083333,109,True,141.4,4.951593
industrial_prices,Industries mécaniques et électriques,2010,2020,3,2020.166667,110,True,141.5,4.9523
industrial_prices,Industries mécaniques et électriques,2010,2020,4,2020.25,111,True,144.5,4.97328
industrial_prices,Industries mécaniques et électriques,2010,2020,5,2020.333333,112,True,144.5,4.97328
industrial_prices,Industries mécaniques et électriques,2010,2020,6,2020.416667,113,True,145.5,4.980176
industrial_prices,Industries mécaniques et électriques,2010,2020,7,2020.5,114,True,146.8,4.989071
industrial_prices,Industries mécaniques et électriques,2010,2020,8,2020.583333,115,True,147.4,4.99315
industrial_prices,Industries mécaniques et électriques,2010,2020,9,2020.666667,116,True,148.3,4.999237
industrial_prices,Industries mécaniques et électriques,2010,2020,10,2020.75,117,True,152.5,5.027165
industrial_prices,Industries mécaniques et électriques,2010,2020,11,2020.833333,118,True,153.1,5.031091
industrial_prices,Industries mécaniques et électriques,2010,2020,12,2020.916667,119,True,153.3,5.032397
industrial_prices,Industries mécaniques et électriques,2010,2021,1,2021.0,120,True,156.4,5.052417
industrial_prices,Industries mécaniques et électriques,2010,2021,2,2021.083333,121,True,158.3,5.064492
industrial_prices,Industries mécaniques et électriques,2010,2021,3,2021.166667,122,True,158.4,5.065123
industrial_prices,Industries mécaniques et électriques,2010,2021,4,2021.25,123,True,159.2,5.070161
industrial_prices,Industries mécaniques et électriques,2010,2021,5,2021.333333,124,True,166.8,5.116795
industrial_prices,Industries mécaniques et électriques,2010,2021,6,2021.416667,125,True,167.8,5.122773
industrial_prices,Industries mécaniques et électriques,2010,2021,7,2021.5,126,True,169.0,5.129899
industrial_prices,Industries mécaniques et électriques,2010,2021,8,2021.583333,127,True,168.3,5.125748
industrial_prices,Industries mécaniques et électriques,2010,2021,9,2021.666667,128,True,172.8,5.152135
industrial_prices,Industries mécaniques et électriques,2010,2021,10,2021.75,129,True,173.3,5.155024
industrial_prices,Industries mécaniques et électriques,2010,2021,11,2021.833333,130,True,173.2,5.154447
industrial_prices,Industries mécaniques et électriques,2010,2021,12,2021.916667,131,True,173.9,5.15848
industrial_prices,Industries mécaniques et électriques,2010,2022,1,2022.0,132,True,177.6,5.179534
industrial_prices,Industries mécaniques et électriques,2010,2022,2,2022.083333,133,True,177.7,5.180097
industrial_prices,Industries mécaniques et électriques,2010,2022,3,2022.166667,134,True,182.6,5.207298
industrial_prices,Industries mécaniques et électriques,2010,2022,4,2022.25,135,True,183.4,5.21167
industrial_prices,Industries mécaniques et électriques,2010,2022,5,2022.333333,136,True,184.5,5.217649
industrial_prices,Industries mécaniques et électriques,2010,2022,6,2022.416667,137,True,184.8,5.219274
industrial_prices,Industries mécaniques et électriques,2010,2022,7,2022.5,138,True,185.2,5.221436
industrial_prices,Industries mécaniques et électriques,2010,2022,8,2022.583333,139,True,185.3,5.221976
industrial_prices,Industries mécaniques et électriques,2010,2022,9,2022.666667,140,True,185.7,5.224132
industrial_prices,Industries mécaniques et électriques,2010,2022,10,2022.75,141,True,185.7,5.224132
industrial_prices,Industries mécaniques et électriques,2010,2022,11,2022.833333,142,True,186.7,5.229503
industrial_prices,Industries mécaniques et électriques,2010,2022,12,2022.916667,143,True,186.4,5.227895
industrial_prices,Industries mécaniques et électriques,2010,2023,1,2023.0,144,True,189.4,5.243861
industrial_prices,Industries mécaniques et électriques,2010,2023,2,2023.083333,145,True,188.8,5.240688
industrial_prices,Industries mécaniques et électriques,2010,2023,3,2023.166667,146,True,188.8,5.240688
industrial_prices,Industries mécaniques et électriques,2010,2023,4,2023.25,147,True,190.2,5.248076
industrial_prices,Industries mécaniques et électriques,2010,2023,5,2023.333333,148,True,190.3,5.248602
industrial_prices,Industries mécaniques et électriques,2010,2023,6,2023.416667,149,True,188.9,5.241218
industrial_prices,Industries mécaniques et électriques,2010,2023,7,2023.5,150,True,194.7,5.27146
industrial_prices,Industries mécaniques et électriques,2010,2023,8,2023.583333,151,True,195.6,5.276072
industrial_prices,Industries mécaniques et électriques,2010,2023,9,2023.666667,152,True,196.7,5.28168
industrial_prices,Industries mécaniques et électriques,2010,2023,10,2023.75,153,True,198.6,5.291293
industrial_prices,Industries mécaniques et électriques,2010,2023,11,2023.833333,154,True,199.8,5.297317
industrial_prices,Industries mécaniques et électriques,2010,2023,12,2023.916667,155,True,200.9,5.302807
industrial_prices,"Matériaux de construction, céramiques et verre",2000,1998,1,1998.0,-156,False,113.1,4.728272
industrial_prices,"Matériaux de construction, céramiques et verre",2000,1998,2,1998.083333,-155,False,113.1,4.728272
industrial_prices,"Matériaux de construction, céramiques et verre",2000,1998,3,1998.166667,-154,False,113.1,4.728272
industrial_prices,"Matériaux de construction, céramiques et verre",2000,1998,4,1998.25,-153,False,113.1,4.728272
industrial_prices,"Matériaux de construction, céramiques et verre",2000,1998,5,1998.333333,-152,False,113.6,4.732684
industrial_prices,"Matériaux de construction, céramiques et verre",2000,1998,6,1998.416667,-151,False,113.5,4.731803
industrial_prices,"Matériaux de construction, céramiques et verre",2000,1998,7,1998.5,-150,False,113.7,4.733563
industrial_prices,"Matériaux de construction, céramiques et verre",2000,1998,8,1998.583333,-149,False,113.5,4.731803
industrial_prices,"Matériaux de construction, céramiques et verre",2000,1998,9,1998.666667,-148,False,113.5,4.731803
industrial_prices,"Matériaux de construction, céramiques et verre",2000,1998,10,1998.75,-147,False,113.5,4.731803
industrial_prices,"Matériaux de construction, céramiques et verre",2000,1998,11,1998.833333,-146,False,113.5,4.731803
industrial_prices,"Matériaux de construction, céramiques et verre",2000,1998,12,1998.916667,-145,False,113.5,4.731803
industrial_prices,"Matériaux de construction, céramiques et verre",2000,1999,1,1999.0,-144,False,115.6,4.750136
industrial_prices,"Matériaux de construction, céramiques et verre",2000,1999,2,1999.083333,-143,False,115.6,4.750136
industrial_prices,"Matériaux de construction, céramiques et verre",2000,1999,3,1999.166667,-142,False,115.4,4.748404
industrial_prices,"Matériaux de construction, céramiques et verre",2000,1999,4,1999.25,-141,False,116.3,4.756173
industrial_prices,"Matériaux de construction, céramiques et verre",2000,1999,5,1999.333333,-140,False,116.3,4.756173
industrial_prices,"Matériaux de construction, céramiques et verre",2000,1999,6,1999.416667,-139,False,116.6,4.758749
industrial_prices,"Matériaux de construction, céramiques et verre",2000,1999,7,1999.5,-138,False,116.6,4.758749
industrial_prices,"Matériaux de construction, céramiques et verre",2000,1999,8,1999.583333,-137,False,116.6,4.758749
industrial_prices,"Matériaux de construction, céramiques et verre",2000,1999,9,1999.666667,-136,False,116.7,4.759607
industrial_prices,"Matériaux de construction, céramiques et verre",2000,1999,10,1999.75,-135,False,116.7,4.759607
industrial_prices,"Matériaux de construction, céramiques et verre",2000,1999,11,1999.833333,-134,False,116.0,4.75359
industrial_prices,"Matériaux de construction, céramiques et verre",2000,1999,12,1999.916667,-133,False,116.0,4.75359
industrial_prices,"Matériaux de construction, céramiques et verre",2000,2000,1,2000.0,-132,False,115.7,4.751001
industrial_prices,"Matériaux de construction, céramiques et verre",2000,2000,2,2000.083333,-131,False,115.4,4.748404
industrial_prices,"Matériaux de construction, céramiques et verre",2000,2000,3,2000.166667,-130,False,115.5,4.749271
industrial_prices,"Matériaux de construction, céramiques et verre",2000,2000,4,2000.25,-129,False,115.5,4.749271
industrial_prices,"Matériaux de construction, céramiques et verre",2000,2000,5,2000.333333,-128,False,117.0,4.762174
industrial_prices,"Matériaux de construction, céramiques et verre",2000,2000,6,2000.416667,-127,False,117.0,4.762174
industrial_prices,"Matériaux de construction, céramiques et verre",2000,2000,7,2000.5,-126,False,116.8,4.760463
industrial_prices,"Matériaux de construction, céramiques et verre",2000,2000,8,2000.583333,-125,False,117.6,4.767289
industrial_prices,"Matériaux de construction, céramiques et verre",2000,2000,9,2000.666667,-124,False,118.2,4.772378
industrial_prices,"Matériaux de construction, céramiques et verre",2000,2000,10,2000.75,-123,False,118.2,4.772378
industrial_prices,"Matériaux de construction, céramiques et verre",2000,2000,11,2000.833333,-122,False,118.2,4.772378
industrial_prices,"Matériaux de construction, céramiques et verre",2000,2000,12,2000.916667,-121,False,118.2,4.772378
industrial_prices,"Matériaux de construction, céramiques et verre",2000,2001,1,2001.0,-120,False,109.45,4.695468
industrial_prices,"Matériaux de construction, céramiques et verre",2000,2001,2,2001.083333,-119,False,108.2,4.683981
industrial_prices,"Matériaux de construction, céramiques et verre",2000,2001,3,2001.166667,-118,False,108.2,4.683981
industrial_prices,"Matériaux de construction, céramiques et verre",2000,2001,4,2001.25,-117,False,108.6,4.687671
industrial_prices,"Matériaux de construction, céramiques et verre",2000,2001,5,2001.333333,-116,False,108.85,4.689971
industrial_prices,"Matériaux de construction, céramiques et verre",2000,2001,6,2001.416667,-115,False,108.85,4.689971
industrial_prices,"Matériaux de construction, céramiques et verre",2000,2001,7,2001.5,-114,False,108.85,4.689971
industrial_prices,"Matériaux de construction, céramiques et verre",2000,2001,8,2001.583333,-113,False,108.85,4.689971
industrial_prices,"Matériaux de construction, céramiques et verre",2000,2001,9,2001.666667,-112,False,108.85,4.689971
industrial_prices,"Matériaux de construction, céramiques et verre",2000,2001,10,2001.75,-111,False,109.3,4.694096
industrial_prices,"Matériaux de construction, céramiques et verre",2000,2001,11,2001.833333,-110,False,109.3,4.694096
industrial_prices,"Matériaux de construction, céramiques et verre",2000,2001,12,2001.916667,-109,False,109.4,4.695011
industrial_prices,"Matériaux de construction, céramiques et verre",2000,2002,1,2002.0,-108,False,110.8,4.707727
industrial_prices,"Matériaux de construction, céramiques et verre",2000,2002,2,2002.083333,-107,False,111.6,4.714921
industrial_prices,"Matériaux de construction, céramiques et verre",2000,2002,3,2002.166667,-106,False,111.55,4.714473
industrial_prices,"Matériaux de construction, céramiques et verre",2000,2002,4,2002.25,-105,False,111.69999999999999,4.715817
industrial_prices,"Matériaux de construction, céramiques et verre",2000,2002,5,2002.333333,-104,False,114.0,4.736198
industrial_prices,"Matériaux de construction, céramiques et verre",2000,2002,6,2002.416667,-103,False,114.95,4.744497
industrial_prices,"Matériaux de construction, céramiques et verre",2000,2002,7,2002.5,-102,False,114.95,4.744497
industrial_prices,"Matériaux de construction, céramiques et verre",2000,2002,8,2002.583333,-101,False,115.0,4.744932
industrial_prices,"Matériaux de construction, céramiques et verre",2000,2002,9,2002.666667,-100,False,115.0,4.744932
industrial_prices,"Matériaux de construction, céramiques et verre",2000,2002,10,2002.75,-99,False,115.0,4.744932
industrial_prices,"Matériaux de construction, céramiques et verre",2000,2002,11,2002.833333,-98,False,115.05000000000001,4.745367
industrial_prices,"Matériaux de construction, céramiques et verre",2000,2002,12,2002.916667,-97,False,115.05000000000001,4.745367
industrial_prices,"Matériaux de construction, céramiques et verre",2000,2003,1,2003.0,-96,False,116.0,4.75359
industrial_prices,"Matériaux de construction, céramiques et verre",2000,2003,2,2003.083333,-95,False,116.15,4.754882
industrial_prices,"Matériaux de construction, céramiques et verre",2000,2003,3,2003.166667,-94,False,116.15,4.754882
industrial_prices,"Matériaux de construction, céramiques et verre",2000,2003,4,2003.25,-93,False,117.85,4.769413
industrial_prices,"Matériaux de construction, céramiques et verre",2000,2003,5,2003.333333,-92,False,119.55000000000001,4.783735
industrial_prices,"Matériaux de construction, céramiques et verre",2000,2003,6,2003.416667,-91,False,120.65,4.792894
industrial_prices,"Matériaux de construction, céramiques et verre",2000,2003,7,2003.5,-90,False,121.2,4.797442
industrial_prices,"Matériaux de construction, céramiques et verre",2000,2003,8,2003.583333,-89,False,120.95,4.795377
industrial_prices,"Matériaux de construction, céramiques et verre",2000,2003,9,2003.666667,-88,False,120.95,4.795377
industrial_prices,"Matériaux de construction, céramiques et verre",2000,2003,10,2003.75,-87,False,121.05000000000001,4.796204
industrial_prices,"Matériaux de construction, céramiques et verre",2000,2003,11,2003.833333,-86,False,121.0,4.795791
industrial_prices,"Matériaux de construction, céramiques et verre",2000,2003,12,2003.916667,-85,False,120.19999999999999,4.789157
industrial_prices,"Matériaux de construction, céramiques et verre",2000,2004,1,2004.0,-84,False,120.9,4.794964
industrial_prices,"Matériaux de construction, céramiques et verre",2000,2004,2,2004.083333,-83,False,122.30000000000001,4.806477
industrial_prices,"Matériaux de construction, céramiques et verre",2000,2004,3,2004.166667,-82,False,122.4,4.807294
industrial_prices,"Matériaux de construction, céramiques et verre",2000,2004,4,2004.25,-81,False,122.25,4.806068
industrial_prices,"Matériaux de construction, céramiques et verre",2000,2004,5,2004.333333,-80,False,122.6,4.808927
industrial_prices,"Matériaux de construction, céramiques et verre",2000,2004,6,2004.416667,-79,False,122.35,4.806886
industrial_prices,"Matériaux de construction, céramiques et verre",2000,2004,7,2004.5,-78,False,124.30000000000001,4.822698
industrial_prices,"Matériaux de construction, céramiques et verre",2000,2004,8,2004.583333,-77,False,124.30000000000001,4.822698
industrial_prices,"Matériaux de construction, céramiques et verre",2000,2004,9,2004.666667,-76,False,124.9,4.827513
industrial_prices,"Matériaux de construction, céramiques et verre",2000,2004,10,2004.75,-75,False,125.05,4.828714
industrial_prices,"Matériaux de construction, céramiques et verre",2000,2004,11,2004.833333,-74,False,124.19999999999999,4.821893
industrial_prices,"Matériaux de construction, céramiques et verre",2000,2004,12,2004.916667,-73,False,125.3,4.830711
industrial_prices,"Matériaux de construction, céramiques et verre",2000,2005,1,2005.0,-72,False,116.3,4.756173
industrial_prices,"Matériaux de construction, céramiques et verre",2000,2005,2,2005.083333,-71,False,117.9,4.769837
industrial_prices,"Matériaux de construction, céramiques et verre",2000,2005,3,2005.166667,-70,False,118.7,4.776599
industrial_prices,"Matériaux de construction, céramiques et verre",2000,2005,4,2005.25,-69,False,118.7,4.776599
industrial_prices,"Matériaux de construction, céramiques et verre",2000,2005,5,2005.333333,-68,False,120.2,4.789157
industrial_prices,"Matériaux de construction, céramiques et verre",2000,2005,6,2005.416667,-67,False,120.0,4.787492
industrial_prices,"Matériaux de construction, céramiques et verre",2000,2005,7,2005.5,-66,False,122.4,4.807294
industrial_prices,"Matériaux de construction, céramiques et verre",2000,2005,8,2005.583333,-65,False,122.3,4.806477
industrial_prices,"Matériaux de construction, céramiques et verre",2000,2005,9,2005.666667,-64,False,122.4,4.807294
industrial_prices,"Matériaux de construction, céramiques et verre",2000,2005,10,2005.75,-63,False,123.2,4.813809
industrial_prices,"Matériaux de construction, céramiques et verre",2000,2005,11,2005.833333,-62,False,123.2,4.813809
industrial_prices,"Matériaux de construction, céramiques et verre",2000,2005,12,2005.916667,-61,False,122.6,4.808927
industrial_prices,"Matériaux de construction, céramiques et verre",2000,2006,1,2006.0,-60,False,123.0,4.812184
industrial_prices,"Matériaux de construction, céramiques et verre",2000,2006,2,2006.083333,-59,False,123.0,4.812184
industrial_prices,"Matériaux de construction, céramiques et verre",2000,2006,3,2006.166667,-58,False,125.9,4.835488
industrial_prices,"Matériaux de construction, céramiques et verre",2000,2006,4,2006.25,-57,False,126.2,4.837868
industrial_prices,"Matériaux de construction, céramiques et verre",2000,2006,5,2006.333333,-56,False,134.4,4.90082
industrial_prices,"Matériaux de construction, céramiques et verre",2000,2006,6,2006.416667,-55,False,134.8,4.903792
industrial_prices,"Matériaux de construction, céramiques et verre",2000,2006,7,2006.5,-54,False,134.9,4.904534
industrial_prices,"Matériaux de construction, céramiques et verre",2000,2006,8,2006.583333,-53,False,134.3,4.900076
industrial_prices,"Matériaux de construction, céramiques et verre",2000,2006,9,2006.666667,-52,False,134.6,4.902307
industrial_prices,"Matériaux de construction, céramiques et verre",2000,2006,10,2006.75,-51,False,134.9,4.904534
industrial_prices,"Matériaux de construction, céramiques et verre",2000,2006,11,2006.833333,-50,False,134.9,4.904534
industrial_prices,"Matériaux de construction, céramiques et verre",2000,2006,12,2006.916667,-49,False,134.9,4.904534
industrial_prices,"Matériaux de construction, céramiques et verre",2000,2007,1,2007.0,-48,False,135.6,4.909709
industrial_prices,"Matériaux de construction, céramiques et verre",2000,2007,2,2007.083333,-47,False,135.6,4.909709
industrial_prices,"Matériaux de construction, céramiques et verre",2000,2007,3,2007.166667,-46,False,135.7,4.910447
industrial_prices,"Matériaux de construction, céramiques et verre",2000,2007,4,2007.25,-45,False,138.3,4.929425
industrial_prices,"Matériaux de construction, céramiques et verre",2000,2007,5,2007.333333,-44,False,144.9,4.976044
industrial_prices,"Matériaux de construction, céramiques et verre",2000,2007,6,2007.416667,-43,False,145.1,4.977423
industrial_prices,"Matériaux de construction, céramiques et verre",2000,2007,7,2007.5,-42,False,144.6,4.973971
industrial_prices,"Matériaux de construction, céramiques et verre",2000,2007,8,2007.583333,-41,False,144.6,4.973971
industrial_prices,"Matériaux de construction, céramiques et verre",2000,2007,9,2007.666667,-40,False,142.2,4.957235
industrial_prices,"Matériaux de construction, céramiques et verre",2000,2007,10,2007.75,-39,False,142.2,4.957235
industrial_prices,"Matériaux de construction, céramiques et verre",2000,2007,11,2007.833333,-38,False,142.8,4.961445
industrial_prices,"Matériaux de construction, céramiques et verre",2000,2007,12,2007.916667,-37,False,142.8,4.961445
industrial_prices,"Matériaux de construction, céramiques et verre",2000,2008,1,2008.0,-36,False,145.1,4.977423
industrial_prices,"Matériaux de construction, céramiques et verre",2000,2008,2,2008.083333,-35,False,145.1,4.977423
industrial_prices,"Matériaux de construction, céramiques et verre",2000,2008,3,2008.166667,-34,False,145.1,4.977423
industrial_prices,"Matériaux de construction, céramiques et verre",2000,2008,4,2008.25,-33,False,145.1,4.977423
industrial_prices,"Matériaux de construction, céramiques et verre",2000,2008,5,2008.333333,-32,False,150.2,5.011968
industrial_prices,"Matériaux de construction, céramiques et verre",2000,2008,6,2008.416667,-31,False,154.1,5.037602
industrial_prices,"Matériaux de construction, céramiques et verre",2000,2008,7,2008.5,-30,False,154.1,5.037602
industrial_prices,"Matériaux de construction, céramiques et verre",2000,2008,8,2008.583333,-29,False,156.0,5.049856
industrial_prices,"Matériaux de construction, céramiques et verre",2000,2008,9,2008.666667,-28,False,154.9,5.04278
industrial_prices,"Matériaux de construction, céramiques et verre",2000,2008,10,2008.75,-27,False,155.1,5.04407
industrial_prices,"Matériaux de construction, céramiques et verre",2000,2008,11,2008.833333,-26,False,149.4,5.006627
industrial_prices,"Matériaux de construction, céramiques et verre",2000,2008,12,2008.916667,-25,False,149.3,5.005958
industrial_prices,"Matériaux de construction, céramiques et verre",2000,2009,1,2009.0,-24,False,149.6,5.007965
industrial_prices,"Matériaux de construction, céramiques et verre",2000,2009,2,2009.083333,-23,False,148.3,4.999237
industrial_prices,"Matériaux de construction, céramiques et verre",2000,2009,3,2009.166667,-22,False,148.3,4.999237
industrial_prices,"Matériaux de construction, céramiques et verre",2000,2009,4,2009.25,-21,False,148.8,5.002603
industrial_prices,"Matériaux de construction, céramiques et verre",2000,2009,5,2009.333333,-20,False,148.7,5.001931
industrial_prices,"Matériaux de construction, céramiques et verre",2000,2009,6,2009.416667,-19,False,152.9,5.029784
industrial_prices,"Matériaux de construction, céramiques et verre",2000,2009,7,2009.5,-18,False,152.9,5.029784
industrial_prices,"Matériaux de construction, céramiques et verre",2000,2009,8,2009.583333,-17,False,153.0,5.030438
industrial_prices,"Matériaux de construction, céramiques et verre",2000,2009,9,2009.666667,-16,False,152.7,5.028475
industrial_prices,"Matériaux de construction, céramiques et verre",2000,2009,10,2009.75,-15,False,152.8,5.02913
industrial_prices,"Matériaux de construction, céramiques et verre",2000,2009,11,2009.833333,-14,False,153.0,5.030438
industrial_prices,"Matériaux de construction, céramiques et verre",2000,2009,12,2009.916667,-13,False,153.1,5.031091
industrial_prices,"Matériaux de construction, céramiques et verre",2000,2010,1,2010.0,-12,False,152.9,5.029784
industrial_prices,"Matériaux de construction, céramiques et verre",2000,2010,2,2010.083333,-11,False,154.6,5.040841
industrial_prices,"Matériaux de construction, céramiques et verre",2000,2010,3,2010.166667,-10,False,155.8,5.048573
industrial_prices,"Matériaux de construction, céramiques et verre",2000,2010,4,2010.25,-9,False,155.8,5.048573
industrial_prices,"Matériaux de construction, céramiques et verre",2000,2010,5,2010.333333,-8,False,160.0,5.075174
industrial_prices,"Matériaux de construction, céramiques et verre",2000,2010,6,2010.416667,-7,False,160.5,5.078294
industrial_prices,"Matériaux de construction, céramiques et verre",2000,2010,7,2010.5,-6,False,160.8,5.080161
industrial_prices,"Matériaux de construction, céramiques et verre",2000,2010,8,2010.583333,-5,False,163.6,5.097424
industrial_prices,"Matériaux de construction, céramiques et verre",2000,2010,9,2010.666667,-4,False,164.0,5.099866
industrial_prices,"Matériaux de construction, céramiques et verre",2000,2010,10,2010.75,-3,False,164.7,5.104126
industrial_prices,"Matériaux de construction, céramiques et verre",2000,2010,11,2010.833333,-2,False,164.7,5.104126
industrial_prices,"Matériaux de construction, céramiques et verre",2000,2010,12,2010.916667,-1,False,164.1,5.100476
industrial_prices,"Matériaux de construction, céramiques et verre",2000,2011,1,2011.0,0,True,165.8,5.110782
industrial_prices,"Matériaux de construction, céramiques et verre",2000,2011,2,2011.083333,1,True,167.7,5.122177
industrial_prices,"Matériaux de construction, céramiques et verre",2000,2011,3,2011.166667,2,True,170.5,5.138735
industrial_prices,"Matériaux de construction, céramiques et verre",2000,2011,4,2011.25,3,True,175.2,5.165928
industrial_prices,"Matériaux de construction, céramiques et verre",2000,2011,5,2011.333333,4,True,175.2,5.165928
industrial_prices,"Matériaux de construction, céramiques et verre",2000,2011,6,2011.416667,5,True,174.4,5.161352
industrial_prices,"Matériaux de construction, céramiques et verre",2000,2011,7,2011.5,6,True,176.7,5.174453
industrial_prices,"Matériaux de construction, céramiques et verre",2000,2011,8,2011.583333,7,True,176.0,5.170484
industrial_prices,"Matériaux de construction, céramiques et verre",2000,2011,9,2011.666667,8,True,178.3,5.183468
industrial_prices,"Matériaux de construction, céramiques et verre",2000,2011,10,2011.75,9,True,179.6,5.190732
industrial_prices,"Matériaux de construction, céramiques et verre",2000,2011,11,2011.833333,10,True,177.4,5.178407
industrial_prices,"Matériaux de construction, céramiques et verre",2000,2011,12,2011.916667,11,True,178.9,5.186827
industrial_prices,"Matériaux de construction, céramiques et verre",2000,2012,1,2012.0,12,True,180.6,5.196285
industrial_prices,"Matériaux de construction, céramiques et verre",2000,2012,2,2012.083333,13,True,183.3,5.211124
industrial_prices,"Matériaux de construction, céramiques et verre",2000,2012,3,2012.166667,14,True,184.7,5.218733
industrial_prices,"Matériaux de construction, céramiques et verre",2000,2012,4,2012.25,15,True,185.2,5.221436
industrial_prices,"Matériaux de construction, céramiques et verre",2000,2012,5,2012.333333,16,True,185.3,5.221976
industrial_prices,"Matériaux de construction, céramiques et verre",2000,2012,6,2012.416667,17,True,185.3,5.221976
industrial_prices,"Matériaux de construction, céramiques et verre",2000,2012,7,2012.5,18,True,185.3,5.221976
industrial_prices,"Matériaux de construction, céramiques et verre",2000,2012,8,2012.583333,19,True,185.4,5.222516
industrial_prices,"Matériaux de construction, céramiques et verre",2000,2012,9,2012.666667,20,True,185.5,5.223055
industrial_prices,"Matériaux de construction, céramiques et verre",2000,2012,10,2012.75,21,True,188.3,5.238036
industrial_prices,"Matériaux de construction, céramiques et verre",2000,2012,11,2012.833333,22,True,188.1,5.236974
industrial_prices,"Matériaux de construction, céramiques et verre",2000,2012,12,2012.916667,23,True,188.6,5.239628
industrial_prices,"Matériaux de construction, céramiques et verre",2010,2010,1,2010.0,-12,False,95.7,4.561218
industrial_prices,"Matériaux de construction, céramiques et verre",2010,2010,2,2010.083333,-11,False,96.4,4.568506
industrial_prices,"Matériaux de construction, céramiques et verre",2010,2010,3,2010.166667,-10,False,97.1,4.575741
industrial_prices,"Matériaux de construction, céramiques et verre",2010,2010,4,2010.25,-9,False,97.2,4.576771
industrial_prices,"Matériaux de construction, céramiques et verre",2010,2010,5,2010.333333,-8,False,100.0,4.60517
industrial_prices,"Matériaux de construction, céramiques et verre",2010,2010,6,2010.416667,-7,False,100.3,4.608166
industrial_prices,"Matériaux de construction, céramiques et verre",2010,2010,7,2010.5,-6,False,100.4,4.609162
industrial_prices,"Matériaux de construction, céramiques et verre",2010,2010,8,2010.583333,-5,False,102.1,4.625953
industrial_prices,"Matériaux de construction, céramiques et verre",2010,2010,9,2010.666667,-4,False,102.3,4.62791
industrial_prices,"Matériaux de construction, céramiques et verre",2010,2010,10,2010.75,-3,False,102.6,4.630838
industrial_prices,"Matériaux de construction, céramiques et verre",2010,2010,11,2010.833333,-2,False,102.6,4.630838
industrial_prices,"Matériaux de construction, céramiques et verre",2010,2010,12,2010.916667,-1,False,102.4,4.628887
industrial_prices,"Matériaux de construction, céramiques et verre",2010,2011,1,2011.0,0,True,103.9,4.643429
industrial_prices,"Matériaux de construction, céramiques et verre",2010,2011,2,2011.083333,1,True,104.8,4.652054
industrial_prices,"Matériaux de construction, céramiques et verre",2010,2011,3,2011.166667,2,True,105.6,4.659658
industrial_prices,"Matériaux de construction, céramiques et verre",2010,2011,4,2011.25,3,True,107.4,4.67656
industrial_prices,"Matériaux de construction, céramiques et verre",2010,2011,5,2011.333333,4,True,107.4,4.67656
industrial_prices,"Matériaux de construction, céramiques et verre",2010,2011,6,2011.416667,5,True,107.2,4.674696
industrial_prices,"Matériaux de construction, céramiques et verre",2010,2011,7,2011.5,6,True,109.0,4.691348
industrial_prices,"Matériaux de construction, céramiques et verre",2010,2011,8,2011.583333,7,True,108.6,4.687671
industrial_prices,"Matériaux de construction, céramiques et verre",2010,2011,9,2011.666667,8,True,109.7,4.697749
industrial_prices,"Matériaux de construction, céramiques et verre",2010,2011,10,2011.75,9,True,110.1,4.701389
industrial_prices,"Matériaux de construction, céramiques et verre",2010,2011,11,2011.833333,10,True,108.8,4.689511
industrial_prices,"Matériaux de construction, céramiques et verre",2010,2011,12,2011.916667,11,True,109.6,4.696837
industrial_prices,"Matériaux de construction, céramiques et verre",2010,2012,1,2012.0,12,True,111.7,4.715817
industrial_prices,"Matériaux de construction, céramiques et verre",2010,2012,2,2012.083333,13,True,113.5,4.731803
industrial_prices,"Matériaux de construction, céramiques et verre",2010,2012,3,2012.166667,14,True,114.2,4.737951
industrial_prices,"Matériaux de construction, céramiques et verre",2010,2012,4,2012.25,15,True,114.4,4.739701
industrial_prices,"Matériaux de construction, céramiques et verre",2010,2012,5,2012.333333,16,True,114.5,4.740575
industrial_prices,"Matériaux de construction, céramiques et verre",2010,2012,6,2012.416667,17,True,114.5,4.740575
industrial_prices,"Matériaux de construction, céramiques et verre",2010,2012,7,2012.5,18,True,114.5,4.740575
industrial_prices,"Matériaux de construction, céramiques et verre",2010,2012,8,2012.583333,19,True,114.6,4.741448
industrial_prices,"Matériaux de construction, céramiques et verre",2010,2012,9,2012.666667,20,True,114.9,4.744062
industrial_prices,"Matériaux de construction, céramiques et verre",2010,2012,10,2012.75,21,True,116.3,4.756173
industrial_prices,"Matériaux de construction, céramiques et verre",2010,2012,11,2012.833333,22,True,116.1,4.754452
industrial_prices,"Matériaux de construction, céramiques et verre",2010,2012,12,2012.916667,23,True,116.6,4.758749
industrial_prices,"Matériaux de construction, céramiques et verre",2010,2013,1,2013.0,24,True,116.8,4.760463
industrial_prices,"Matériaux de construction, céramiques et verre",2010,2013,2,2013.083333,25,True,117.0,4.762174
industrial_prices,"Matériaux de construction, céramiques et verre",2010,2013,3,2013.166667,26,True,117.7,4.768139
industrial_prices,"Matériaux de construction, céramiques et verre",2010,2013,4,2013.25,27,True,117.7,4.768139
industrial_prices,"Matériaux de construction, céramiques et verre",2010,2013,5,2013.333333,28,True,117.7,4.768139
industrial_prices,"Matériaux de construction, céramiques et verre",2010,2013,6,2013.416667,29,True,118.1,4.771532
industrial_prices,"Matériaux de construction, céramiques et verre",2010,2013,7,2013.5,30,True,117.9,4.769837
industrial_prices,"Matériaux de construction, céramiques et verre",2010,2013,8,2013.583333,31,True,117.9,4.769837
industrial_prices,"Matériaux de construction, céramiques et verre",2010,2013,9,2013.666667,32,True,117.7,4.768139
industrial_prices,"Matériaux de construction, céramiques et verre",2010,2013,10,2013.75,33,True,118.0,4.770685
industrial_prices,"Matériaux de construction, céramiques et verre",2010,2013,11,2013.833333,34,True,117.8,4.768988
industrial_prices,"Matériaux de construction, céramiques et verre",2010,2013,12,2013.916667,35,True,118.1,4.771532
industrial_prices,"Matériaux de construction, céramiques et verre",2010,2014,1,2014.0,36,True,124.0,4.820282
industrial_prices,"Matériaux de construction, céramiques et verre",2010,2014,2,2014.083333,37,True,125.9,4.835488
industrial_prices,"Matériaux de construction, céramiques et verre",2010,2014,3,2014.166667,38,True,125.8,4.834693
industrial_prices,"Matériaux de construction, céramiques et verre",2010,2014,4,2014.25,39,True,126.0,4.836282
industrial_prices,"Matériaux de construction, céramiques et verre",2010,2014,5,2014.333333,40,True,126.9,4.843399
industrial_prices,"Matériaux de construction, céramiques et verre",2010,2014,6,2014.416667,41,True,126.8,4.842611
industrial_prices,"Matériaux de construction, céramiques et verre",2010,2014,7,2014.5,42,True,127.7,4.849684
industrial_prices,"Matériaux de construction, céramiques et verre",2010,2014,8,2014.583333,43,True,128.9,4.859037
industrial_prices,"Matériaux de construction, céramiques et verre",2010,2014,9,2014.666667,44,True,128.8,4.858261
industrial_prices,"Matériaux de construction, céramiques et verre",2010,2014,10,2014.75,45,True,131.2,4.876723
industrial_prices,"Matériaux de construction, céramiques et verre",2010,2014,11,2014.833333,46,True,130.6,4.872139
industrial_prices,"Matériaux de construction, céramiques et verre",2010,2014,12,2014.916667,47,True,131.6,4.879767
industrial_prices,"Matériaux de construction, céramiques et verre",2010,2015,1,2015.0,48,True,133.9,4.897093
industrial_prices,"Matériaux de construction, céramiques et verre",2010,2015,2,2015.083333,49,True,134.6,4.902307
industrial_prices,"Matériaux de construction, céramiques et verre",2010,2015,3,2015.166667,50,True,134.5,4.901564
industrial_prices,"Matériaux de construction, céramiques et verre",2010,2015,4,2015.25,51,True,135.2,4.906755
industrial_prices,"Matériaux de construction, céramiques et verre",2010,2015,5,2015.333333,52,True,135.9,4.911919
industrial_prices,"Matériaux de construction, céramiques et verre",2010,2015,6,2015.416667,53,True,135.7,4.910447
industrial_prices,"Matériaux de construction, céramiques et verre",2010,2015,7,2015.5,54,True,135.9,4.911919
industrial_prices,"Matériaux de construction, céramiques et verre",2010,2015,8,2015.583333,55,True,136.1,4.91339
industrial_prices,"Matériaux de construction, céramiques et verre",2010,2015,9,2015.666667,56,True,136.3,4.914858
industrial_prices,"Matériaux de construction, céramiques et verre",2010,2015,10,2015.75,57,True,135.6,4.909709
industrial_prices,"Matériaux de construction, céramiques et verre",2010,2015,11,2015.833333,58,True,137.1,4.920711
industrial_prices,"Matériaux de construction, céramiques et verre",2010,2015,12,2015.916667,59,True,137.1,4.920711
industrial_prices,"Matériaux de construction, céramiques et verre",2010,2016,1,2016.0,60,True,137.8,4.925803
industrial_prices,"Matériaux de construction, céramiques et verre",2010,2016,2,2016.083333,61,True,139.2,4.935912
industrial_prices,"Matériaux de construction, céramiques et verre",2010,2016,3,2016.166667,62,True,139.5,4.938065
industrial_prices,"Matériaux de construction, céramiques et verre",2010,2016,4,2016.25,63,True,140.0,4.941642
industrial_prices,"Matériaux de construction, céramiques et verre",2010,2016,5,2016.333333,64,True,140.3,4.943783
industrial_prices,"Matériaux de construction, céramiques et verre",2010,2016,6,2016.416667,65,True,140.7,4.94663
industrial_prices,"Matériaux de construction, céramiques et verre",2010,2016,7,2016.5,66,True,140.6,4.945919
industrial_prices,"Matériaux de construction, céramiques et verre",2010,2016,8,2016.583333,67,True,140.7,4.94663
industrial_prices,"Matériaux de construction, céramiques et verre",2010,2016,9,2016.666667,68,True,140.4,4.944495
industrial_prices,"Matériaux de construction, céramiques et verre",2010,2016,10,2016.75,69,True,140.5,4.945207
industrial_prices,"Matériaux de construction, céramiques et verre",2010,2016,11,2016.833333,70,True,140.5,4.945207
industrial_prices,"Matériaux de construction, céramiques et verre",2010,2016,12,2016.916667,71,True,140.6,4.945919
industrial_prices,"Matériaux de construction, céramiques et verre",2010,2017,1,2017.0,72,True,140.9,4.94805
industrial_prices,"Matériaux de construction, céramiques et verre",2010,2017,2,2017.083333,73,True,141.1,4.949469
industrial_prices,"Matériaux de construction, céramiques et verre",2010,2017,3,2017.166667,74,True,141.8,4.954418
industrial_prices,"Matériaux de construction, céramiques et verre",2010,2017,4,2017.25,75,True,141.8,4.954418
industrial_prices,"Matériaux de construction, céramiques et verre",2010,2017,5,2017.333333,76,True,142.0,4.955827
industrial_prices,"Matériaux de construction, céramiques et verre",2010,2017,6,2017.416667,77,True,143.9,4.969119
industrial_prices,"Matériaux de construction, céramiques et verre",2010,2017,7,2017.5,78,True,143.6,4.967032
industrial_prices,"Matériaux de construction, céramiques et verre",2010,2017,8,2017.583333,79,True,144.0,4.969813
industrial_prices,"Matériaux de construction, céramiques et verre",2010,2017,9,2017.666667,80,True,145.1,4.977423
industrial_prices,"Matériaux de construction, céramiques et verre",2010,2017,10,2017.75,81,True,146.2,4.984976
industrial_prices,"Matériaux de construction, céramiques et verre",2010,2017,11,2017.833333,82,True,146.5,4.987025
industrial_prices,"Matériaux de construction, céramiques et verre",2010,2017,12,2017.916667,83,True,147.1,4.991113
industrial_prices,"Matériaux de construction, céramiques et verre",2010,2018,1,2018.0,84,True,151.7,5.021905
industrial_prices,"Matériaux de construction, céramiques et verre",2010,2018,2,2018.083333,85,True,152.0,5.023881
industrial_prices,"Matériaux de construction, céramiques et verre",2010,2018,3,2018.166667,86,True,152.2,5.025195
industrial_prices,"Matériaux de construction, céramiques et verre",2010,2018,4,2018.25,87,True,152.2,5.025195
industrial_prices,"Matériaux de construction, céramiques et verre",2010,2018,5,2018.333333,88,True,152.2,5.025195
industrial_prices,"Matériaux de construction, céramiques et verre",2010,2018,6,2018.416667,89,True,152.5,5.027165
industrial_prices,"Matériaux de construction, céramiques et verre",2010,2018,7,2018.5,90,True,152.4,5.026509
industrial_prices,"Matériaux de construction, céramiques et verre",2010,2018,8,2018.583333,91,True,153.2,5.031744
industrial_prices,"Matériaux de construction, céramiques et verre",2010,2018,9,2018.666667,92,True,154.3,5.038899
industrial_prices,"Matériaux de construction, céramiques et verre",2010,2018,10,2018.75,93,True,157.7,5.060694
industrial_prices,"Matériaux de construction, céramiques et verre",2010,2018,11,2018.833333,94,True,158.0,5.062595
industrial_prices,"Matériaux de construction, céramiques et verre",2010,2018,12,2018.916667,95,True,158.2,5.06386
industrial_prices,"Matériaux de construction, céramiques et verre",2010,2019,1,2019.0,96,True,161.2,5.082646
industrial_prices,"Matériaux de construction, céramiques et verre",2010,2019,2,2019.083333,97,True,162.4,5.090062
industrial_prices,"Matériaux de construction, céramiques et verre",2010,2019,3,2019.166667,98,True,162.8,5.092522
industrial_prices,"Matériaux de construction, céramiques et verre",2010,2019,4,2019.25,99,True,162.8,5.092522
industrial_prices,"Matériaux de construction, céramiques et verre",2010,2019,5,2019.333333,100,True,163.3,5.095589
industrial_prices,"Matériaux de construction, céramiques et verre",2010,2019,6,2019.416667,101,True,163.3,5.095589
industrial_prices,"Matériaux de construction, céramiques et verre",2010,2019,7,2019.5,102,True,163.5,5.096813
industrial_prices,"Matériaux de construction, céramiques et verre",2010,2019,8,2019.583333,103,True,164.3,5.101694
industrial_prices,"Matériaux de construction, céramiques et verre",2010,2019,9,2019.666667,104,True,165.3,5.107762
industrial_prices,"Matériaux de construction, céramiques et verre",2010,2019,10,2019.75,105,True,168.7,5.128122
industrial_prices,"Matériaux de construction, céramiques et verre",2010,2019,11,2019.833333,106,True,168.0,5.123964
industrial_prices,"Matériaux de construction, céramiques et verre",2010,2019,12,2019.916667,107,True,168.8,5.128715
industrial_prices,"Matériaux de construction, céramiques et verre",2010,2020,1,2020.0,108,True,169.4,5.132263
industrial_prices,"Matériaux de construction, céramiques et verre",2010,2020,2,2020.083333,109,True,169.4,5.132263
industrial_prices,"Matériaux de construction, céramiques et verre",2010,2020,3,2020.166667,110,True,169.3,5.131672
industrial_prices,"Matériaux de construction, céramiques et verre",2010,2020,4,2020.25,111,True,169.5,5.132853
industrial_prices,"Matériaux de construction, céramiques et verre",2010,2020,5,2020.333333,112,True,170.0,5.135798
industrial_prices,"Matériaux de construction, céramiques et verre",2010,2020,6,2020.416667,113,True,171.7,5.145749
industrial_prices,"Matériaux de construction, céramiques et verre",2010,2020,7,2020.5,114,True,171.8,5.146331
industrial_prices,"Matériaux de construction, céramiques et verre",2010,2020,8,2020.583333,115,True,172.7,5.151556
industrial_prices,"Matériaux de construction, céramiques et verre",2010,2020,9,2020.666667,116,True,172.9,5.152713
industrial_prices,"Matériaux de construction, céramiques et verre",2010,2020,10,2020.75,117,True,174.4,5.161352
industrial_prices,"Matériaux de construction, céramiques et verre",2010,2020,11,2020.833333,118,True,174.5,5.161925
industrial_prices,"Matériaux de construction, céramiques et verre",2010,2020,12,2020.916667,119,True,174.9,5.164214
industrial_prices,"Matériaux de construction, céramiques et verre",2010,2021,1,2021.0,120,True,177.0,5.17615
industrial_prices,"Matériaux de construction, céramiques et verre",2010,2021,2,2021.083333,121,True,177.0,5.17615
industrial_prices,"Matériaux de construction, céramiques et verre",2010,2021,3,2021.166667,122,True,177.2,5.177279
industrial_prices,"Matériaux de construction, céramiques et verre",2010,2021,4,2021.25,123,True,183.5,5.212215
industrial_prices,"Matériaux de construction, céramiques et verre",2010,2021,5,2021.333333,124,True,183.7,5.213304
industrial_prices,"Matériaux de construction, céramiques et verre",2010,2021,6,2021.416667,125,True,183.7,5.213304
industrial_prices,"Matériaux de construction, céramiques et verre",2010,2021,7,2021.5,126,True,184.6,5.218191
industrial_prices,"Matériaux de construction, céramiques et verre",2010,2021,8,2021.583333,127,True,185.7,5.224132
industrial_prices,"Matériaux de construction, céramiques et verre",2010,2021,9,2021.666667,128,True,185.4,5.222516
industrial_prices,"Matériaux de construction, céramiques et verre",2010,2021,10,2021.75,129,True,185.8,5.224671
industrial_prices,"Matériaux de construction, céramiques et verre",2010,2021,11,2021.833333,130,True,185.1,5.220896
industrial_prices,"Matériaux de construction, céramiques et verre",2010,2021,12,2021.916667,131,True,185.6,5.223594
industrial_prices,"Matériaux de construction, céramiques et verre",2010,2022,1,2022.0,132,True,188.4,5.238567
industrial_prices,"Matériaux de construction, céramiques et verre",2010,2022,2,2022.083333,133,True,190.0,5.247024
industrial_prices,"Matériaux de construction, céramiques et verre",2010,2022,3,2022.166667,134,True,190.4,5.249127
industrial_prices,"Matériaux de construction, céramiques et verre",2010,2022,4,2022.25,135,True,190.0,5.247024
industrial_prices,"Matériaux de construction, céramiques et verre",2010,2022,5,2022.333333,136,True,194.0,5.267858
industrial_prices,"Matériaux de construction, céramiques et verre",2010,2022,6,2022.416667,137,True,194.2,5.268889
industrial_prices,"Matériaux de construction, céramiques et verre",2010,2022,7,2022.5,138,True,195.4,5.275049
industrial_prices,"Matériaux de construction, céramiques et verre",2010,2022,8,2022.583333,139,True,195.2,5.274025
industrial_prices,"Matériaux de construction, céramiques et verre",2010,2022,9,2022.666667,140,True,196.0,5.278115
industrial_prices,"Matériaux de construction, céramiques et verre",2010,2022,10,2022.75,141,True,196.0,5.278115
industrial_prices,"Matériaux de construction, céramiques et verre",2010,2022,11,2022.833333,142,True,196.4,5.280153
industrial_prices,"Matériaux de construction, céramiques et verre",2010,2022,12,2022.916667,143,True,196.5,5.280662
industrial_prices,"Matériaux de construction, céramiques et verre",2010,2023,1,2023.0,144,True,198.0,5.288267
industrial_prices,"Matériaux de construction, céramiques et verre",2010,2023,2,2023.083333,145,True,198.0,5.288267
industrial_prices,"Matériaux de construction, céramiques et verre",2010,2023,3,2023.166667,146,True,198.1,5.288772
industrial_prices,"Matériaux de construction, céramiques et verre",2010,2023,4,2023.25,147,True,198.2,5.289277
industrial_prices,"Matériaux de construction, céramiques et verre",2010,2023,5,2023.333333,148,True,198.2,5.289277
industrial_prices,"Matériaux de construction, céramiques et verre",2010,2023,6,2023.416667,149,True,198.3,5.289781
industrial_prices,"Matériaux de construction, céramiques et verre",2010,2023,7,2023.5,150,True,198.9,5.292802
industrial_prices,"Matériaux de construction, céramiques et verre",2010,2023,8,2023.583333,151,True,198.3,5.289781
industrial_prices,"Matériaux de construction, céramiques et verre",2010,2023,9,2023.666667,152,True,199.9,5.297817
industrial_prices,"Matériaux de construction, céramiques et verre",2010,2023,10,2023.75,153,True,200.0,5.298317
industrial_prices,"Matériaux de construction, céramiques et verre",2010,2023,11,2023.833333,154,True,198.6,5.291293
industrial_prices,"Matériaux de construction, céramiques et verre",2010,2023,12,2023.916667,155,True,199.5,5.295814
industrial_prices,Mines,2000,1998,1,1998.0,-156,False,149.4,5.006627
industrial_prices,Mines,2000,1998,2,1998.083333,-155,False,152.5,5.027165
industrial_prices,Mines,2000,1998,3,1998.166667,-154,False,161.5,5.084505
industrial_prices,Mines,2000,1998,4,1998.25,-153,False,161.7,5.085743
industrial_prices,Mines,2000,1998,5,1998.333333,-152,False,158.6,5.066385
industrial_prices,Mines,2000,1998,6,1998.416667,-151,False,163.7,5.098035
industrial_prices,Mines,2000,1998,7,1998.5,-150,False,160.3,5.077047
industrial_prices,Mines,2000,1998,8,1998.583333,-149,False,159.4,5.071417
industrial_prices,Mines,2000,1998,9,1998.666667,-148,False,153.2,5.031744
industrial_prices,Mines,2000,1998,10,1998.75,-147,False,147.7,4.995183
industrial_prices,Mines,2000,1998,11,1998.833333,-146,False,151.4,5.019925
industrial_prices,Mines,2000,1998,12,1998.916667,-145,False,150.7,5.015291
industrial_prices,Mines,2000,1999,1,1999.0,-144,False,151.7,5.021905
industrial_prices,Mines,2000,1999,2,1999.083333,-143,False,157.8,5.061328
industrial_prices,Mines,2000,1999,3,1999.166667,-142,False,156.0,5.049856
industrial_prices,Mines,2000,1999,4,1999.25,-141,False,158.2,5.06386
industrial_prices,Mines,2000,1999,5,1999.333333,-140,False,158.2,5.06386
industrial_prices,Mines,2000,1999,6,1999.416667,-139,False,158.4,5.065123
industrial_prices,Mines,2000,1999,7,1999.5,-138,False,162.8,5.092522
industrial_prices,Mines,2000,1999,8,1999.583333,-137,False,159.0,5.068904
industrial_prices,Mines,2000,1999,9,1999.666667,-136,False,155.2,5.044715
industrial_prices,Mines,2000,1999,10,1999.75,-135,False,153.1,5.031091
industrial_prices,Mines,2000,1999,11,1999.833333,-134,False,157.7,5.060694
industrial_prices,Mines,2000,1999,12,1999.916667,-133,False,162.2,5.08883
industrial_prices,Mines,2000,2000,1,2000.0,-132,False,160.7,5.079539
industrial_prices,Mines,2000,2000,2,2000.083333,-131,False,152.7,5.028475
industrial_prices,Mines,2000,2000,3,2000.166667,-130,False,159.7,5.073297
industrial_prices,Mines,2000,2000,4,2000.25,-129,False,159.3,5.070789
industrial_prices,Mines,2000,2000,5,2000.333333,-128,False,177.0,5.17615
industrial_prices,Mines,2000,2000,6,2000.416667,-127,False,159.7,5.073297
industrial_prices,Mines,2000,2000,7,2000.5,-126,False,159.0,5.068904
industrial_prices,Mines,2000,2000,8,2000.583333,-125,False,164.7,5.104126
industrial_prices,Mines,2000,2000,9,2000.666667,-124,False,170.6,5.139322
industrial_prices,Mines,2000,2000,10,2000.75,-123,False,172.1,5.148076
industrial_prices,Mines,2000,2000,11,2000.833333,-122,False,173.2,5.154447
industrial_prices,Mines,2000,2000,12,2000.916667,-121,False,168.7,5.128122
industrial_prices,Mines,2000,2001,1,2001.0,-120,False,149.3,5.005958
industrial_prices,Mines,2000,2001,2,2001.083333,-119,False,150.6,5.014627
industrial_prices,Mines,2000,2001,3,2001.166667,-118,False,152.2,5.025195
industrial_prices,Mines,2000,2001,4,2001.25,-117,False,153.3,5.032397
industrial_prices,Mines,2000,2001,5,2001.333333,-116,False,156.7,5.054333
industrial_prices,Mines,2000,2001,6,2001.416667,-115,False,161.5,5.084505
industrial_prices,Mines,2000,2001,7,2001.5,-114,False,160.0,5.075174
industrial_prices,Mines,2000,2001,8,2001.583333,-113,False,155.8,5.048573
industrial_prices,Mines,2000,2001,9,2001.666667,-112,False,154.5,5.040194
industrial_prices,Mines,2000,2001,10,2001.75,-111,False,156.0,5.049856
industrial_prices,Mines,2000,2001,11,2001.833333,-110,False,155.6,5.047289
industrial_prices,Mines,2000,2001,12,2001.916667,-109,False,158.3,5.064492
industrial_prices,Mines,2000,2002,1,2002.0,-108,False,158.8,5.067646
industrial_prices,Mines,2000,2002,2,2002.083333,-107,False,160.7,5.079539
industrial_prices,Mines,2000,2002,3,2002.166667,-106,False,161.8,5.086361
industrial_prices,Mines,2000,2002,4,2002.25,-105,False,163.0,5.09375
industrial_prices,Mines,2000,2002,5,2002.333333,-104,False,158.5,5.065755
industrial_prices,Mines,2000,2002,6,2002.416667,-103,False,156.8,5.054971
industrial_prices,Mines,2000,2002,7,2002.5,-102,False,149.8,5.009301
industrial_prices,Mines,2000,2002,8,2002.583333,-101,False,151.3,5.019265
industrial_prices,Mines,2000,2002,9,2002.666667,-100,False,151.6,5.021245
industrial_prices,Mines,2000,2002,10,2002.75,-99,False,151.7,5.021905
industrial_prices,Mines,2000,2002,11,2002.833333,-98,False,150.0,5.010635
industrial_prices,Mines,2000,2002,12,2002.916667,-97,False,148.6,5.001258
industrial_prices,Mines,2000,2004,1,2004.0,-84,False,77.7,4.352855
industrial_prices,Mines,2000,2004,2,2004.083333,-83,False,77.9,4.355426
industrial_prices,Mines,2000,2004,3,2004.166667,-82,False,80.1,4.383276
industrial_prices,Mines,2000,2004,4,2004.25,-81,False,81.7,4.403054
industrial_prices,Mines,2000,2004,5,2004.333333,-80,False,81.9,4.405499
industrial_prices,Mines,2000,2004,6,2004.416667,-79,False,81.2,4.396915
industrial_prices,Mines,2000,2004,7,2004.5,-78,False,80.7,4.390739
industrial_prices,Mines,2000,2004,8,2004.583333,-77,False,81.2,4.396915
industrial_prices,Mines,2000,2004,9,2004.666667,-76,False,81.4,4.399375
industrial_prices,Mines,2000,2004,10,2004.75,-75,False,80.7,4.390739
industrial_prices,Mines,2000,2004,11,2004.833333,-74,False,79.0,4.369448
industrial_prices,Mines,2000,2004,12,2004.916667,-73,False,78.1,4.35799
industrial_prices,Mines,2000,2005,1,2005.0,-72,False,79.2,4.371976
industrial_prices,Mines,2000,2005,2,2005.083333,-71,False,80.4,4.387014
industrial_prices,Mines,2000,2005,3,2005.166667,-70,False,80.4,4.387014
industrial_prices,Mines,2000,2005,4,2005.25,-69,False,81.7,4.403054
industrial_prices,Mines,2000,2005,5,2005.333333,-68,False,82.7,4.41522
industrial_prices,Mines,2000,2005,6,2005.416667,-67,False,85.2,4.445001
industrial_prices,Mines,2000,2005,7,2005.5,-66,False,86.4,4.458988
industrial_prices,Mines,2000,2005,8,2005.583333,-65,False,85.5,4.448516
industrial_prices,Mines,2000,2005,9,2005.666667,-64,False,85.6,4.449685
industrial_prices,Mines,2000,2005,10,2005.75,-63,False,86.9,4.464758
industrial_prices,Mines,2000,2005,11,2005.833333,-62,False,88.8,4.486387
industrial_prices,Mines,2000,2005,12,2005.916667,-61,False,88.6,4.484132
industrial_prices,Mines,2000,2006,1,2006.0,-60,False,100.7,4.612146
industrial_prices,Mines,2000,2006,2,2006.083333,-59,False,117.4,4.765587
industrial_prices,Mines,2000,2006,3,2006.166667,-58,False,101.8,4.62301
industrial_prices,Mines,2000,2006,4,2006.25,-57,False,101.1,4.61611
industrial_prices,Mines,2000,2006,5,2006.333333,-56,False,99.1,4.596129
industrial_prices,Mines,2000,2006,6,2006.416667,-55,False,100.1,4.60617
industrial_prices,Mines,2000,2006,7,2006.5,-54,False,99.8,4.603168
industrial_prices,Mines,2000,2006,8,2006.583333,-53,False,99.4,4.599152
industrial_prices,Mines,2000,2006,9,2006.666667,-52,False,86.1,4.455509
industrial_prices,Mines,2000,2006,10,2006.75,-51,False,94.0,4.543295
industrial_prices,Mines,2000,2006,11,2006.833333,-50,False,104.9,4.653008
industrial_prices,Mines,2000,2006,12,2006.916667,-49,False,103.7,4.641502
industrial_prices,Mines,2000,2007,1,2007.0,-48,False,107.4,4.67656
industrial_prices,Mines,2000,2007,2,2007.083333,-47,False,107.7,4.67935
industrial_prices,Mines,2000,2007,3,2007.166667,-46,False,103.4,4.638605
industrial_prices,Mines,2000,2007,4,2007.25,-45,False,107.3,4.675629
industrial_prices,Mines,2000,2007,5,2007.333333,-44,False,107.1,4.673763
industrial_prices,Mines,2000,2007,6,2007.416667,-43,False,118.6,4.775756
industrial_prices,Mines,2000,2007,7,2007.5,-42,False,117.4,4.765587
industrial_prices,Mines,2000,2007,8,2007.583333,-41,False,116.9,4.761319
industrial_prices,Mines,2000,2007,9,2007.666667,-40,False,115.9,4.752728
industrial_prices,Mines,2000,2007,10,2007.75,-39,False,114.2,4.737951
industrial_prices,Mines,2000,2007,11,2007.833333,-38,False,112.3,4.721174
industrial_prices,Mines,2000,2007,12,2007.916667,-37,False,112.5,4.722953
industrial_prices,Mines,2000,2008,1,2008.0,-36,False,178.8,5.186268
industrial_prices,Mines,2000,2008,2,2008.083333,-35,False,215.4,5.372497
industrial_prices,Mines,2000,2008,3,2008.166667,-34,False,207.5,5.335131
industrial_prices,Mines,2000,2008,4,2008.25,-33,False,204.3,5.31959
industrial_prices,Mines,2000,2008,5,2008.333333,-32,False,211.8,5.355642
industrial_prices,Mines,2000,2008,6,2008.416667,-31,False,209.0,5.342334
industrial_prices,Mines,2000,2008,7,2008.5,-30,False,260.4,5.562219
industrial_prices,Mines,2000,2008,8,2008.583333,-29,False,282.7,5.644386
industrial_prices,Mines,2000,2008,9,2008.666667,-28,False,298.8,5.699774
industrial_prices,Mines,2000,2008,10,2008.75,-27,False,355.5,5.873525
industrial_prices,Mines,2000,2008,11,2008.833333,-26,False,376.1,5.929855
industrial_prices,Mines,2000,2008,12,2008.916667,-25,False,404.4,6.002404
industrial_prices,Mines,2000,2009,1,2009.0,-24,False,333.7,5.810242
industrial_prices,Mines,2000,2009,2,2009.083333,-23,False,348.5,5.853638
industrial_prices,Mines,2000,2009,3,2009.166667,-22,False,345.6,5.845282
industrial_prices,Mines,2000,2009,4,2009.25,-21,False,341.4,5.833055
industrial_prices,Mines,2000,2009,5,2009.333333,-20,False,334.2,5.81174
industrial_prices,Mines,2000,2009,6,2009.416667,-19,False,328.9,5.795754
industrial_prices,Mines,2000,2009,7,2009.5,-18,False,210.4,5.34901
industrial_prices,Mines,2000,2009,8,2009.583333,-17,False,206.2,5.328847
industrial_prices,Mines,2000,2009,9,2009.666667,-16,False,203.2,5.314191
industrial_prices,Mines,2000,2009,10,2009.75,-15,False,201.8,5.307277
industrial_prices,Mines,2000,2009,11,2009.833333,-14,False,200.7,5.301811
industrial_prices,Mines,2000,2009,12,2009.916667,-13,False,203.8,5.317139
industrial_prices,Mines,2000,2010,1,2010.0,-12,False,203.3,5.314683
industrial_prices,Mines,2000,2010,2,2010.083333,-11,False,211.8,5.355642
industrial_prices,Mines,2000,2010,3,2010.166667,-10,False,222.8,5.406275
industrial_prices,Mines,2000,2010,4,2010.25,-9,False,225.9,5.420092
industrial_prices,Mines,2000,2010,5,2010.333333,-8,False,254.6,5.539694
industrial_prices,Mines,2000,2010,6,2010.416667,-7,False,259.1,5.557214
industrial_prices,Mines,2000,2010,7,2010.5,-6,False,252.9,5.532994
industrial_prices,Mines,2000,2010,8,2010.583333,-5,False,250.7,5.524257
industrial_prices,Mines,2000,2010,9,2010.666667,-4,False,249.3,5.518657
industrial_prices,Mines,2000,2010,10,2010.75,-3,False,239.6,5.478971
industrial_prices,Mines,2000,2010,11,2010.833333,-2,False,241.7,5.487697
industrial_prices,Mines,2000,2010,12,2010.916667,-1,False,254.6,5.539694
industrial_prices,Mines,2000,2011,1,2011.0,0,True,253.0,5.533389
industrial_prices,Mines,2000,2011,2,2011.083333,1,True,251.5,5.527443
industrial_prices,Mines,2000,2011,3,2011.166667,2,True,248.2,5.514235
industrial_prices,Mines,2000,2011,4,2011.25,3,True,240.8,5.483967
industrial_prices,Mines,2000,2011,5,2011.333333,4,True,242.8,5.492238
industrial_prices,Mines,2000,2011,6,2011.416667,5,True,321.7,5.773619
industrial_prices,Mines,2000,2011,7,2011.5,6,True,326.8,5.789348
industrial_prices,Mines,2000,2011,8,2011.583333,7,True,324.7,5.782902
industrial_prices,Mines,2000,2011,9,2011.666667,8,True,333.8,5.810542
industrial_prices,Mines,2000,2011,10,2011.75,9,True,387.6,5.959974
industrial_prices,Mines,2000,2011,11,2011.833333,10,True,393.4,5.974827
industrial_prices,Mines,2000,2011,12,2011.916667,11,True,402.2,5.996949
industrial_prices,Mines,2000,2012,1,2012.0,12,True,419.7,6.03954
industrial_prices,Mines,2000,2012,2,2012.083333,13,True,436.2,6.078101
industrial_prices,Mines,2000,2012,3,2012.166667,14,True,432.2,6.068888
industrial_prices,Mines,2000,2012,4,2012.25,15,True,437.5,6.081077
industrial_prices,Mines,2000,2012,5,2012.333333,16,True,452.6,6.115009
industrial_prices,Mines,2000,2012,6,2012.416667,17,True,456.0,6.122493
industrial_prices,Mines,2000,2012,7,2012.5,18,True,462.7,6.137079
industrial_prices,Mines,2000,2012,8,2012.583333,19,True,460.7,6.132747
industrial_prices,Mines,2000,2012,9,2012.666667,20,True,451.1,6.111689
industrial_prices,Mines,2000,2012,10,2012.75,21,True,447.4,6.103453
industrial_prices,Mines,2000,2012,11,2012.833333,22,True,452.2,6.114125
industrial_prices,Mines,2000,2012,12,2012.916667,23,True,445.2,6.098524
industrial_prices,Mines,2010,2010,1,2010.0,-12,False,96.1,4.565389
industrial_prices,Mines,2010,2010,2,2010.083333,-11,False,97.6,4.580877
industrial_prices,Mines,2010,2010,3,2010.166667,-10,False,97.9,4.583947
industrial_prices,Mines,2010,2010,4,2010.25,-9,False,98.4,4.589041
industrial_prices,Mines,2010,2010,5,2010.333333,-8,False,99.9,4.60417
industrial_prices,Mines,2010,2010,6,2010.416667,-7,False,101.5,4.620059
industrial_prices,Mines,2010,2010,7,2010.5,-6,False,100.8,4.613138
industrial_prices,Mines,2010,2010,8,2010.583333,-5,False,100.8,4.613138
industrial_prices,Mines,2010,2010,9,2010.666667,-4,False,100.6,4.611152
industrial_prices,Mines,2010,2010,10,2010.75,-3,False,101.4,4.619073
industrial_prices,Mines,2010,2010,11,2010.833333,-2,False,101.8,4.62301
industrial_prices,Mines,2010,2010,12,2010.916667,-1,False,103.1,4.635699
industrial_prices,Mines,2010,2011,1,2011.0,0,True,105.5,4.658711
industrial_prices,Mines,2010,2011,2,2011.083333,1,True,104.9,4.653008
industrial_prices,Mines,2010,2011,3,2011.166667,2,True,103.6,4.640537
industrial_prices,Mines,2010,2011,4,2011.25,3,True,100.8,4.613138
industrial_prices,Mines,2010,2011,5,2011.333333,4,True,101.5,4.620059
industrial_prices,Mines,2010,2011,6,2011.416667,5,True,132.0,4.882802
industrial_prices,Mines,2010,2011,7,2011.5,6,True,134.0,4.89784
industrial_prices,Mines,2010,2011,8,2011.583333,7,True,133.1,4.891101
industrial_prices,Mines,2010,2011,9,2011.666667,8,True,136.6,4.917057
industrial_prices,Mines,2010,2011,10,2011.75,9,True,157.5,5.059425
industrial_prices,Mines,2010,2011,11,2011.833333,10,True,159.7,5.073297
industrial_prices,Mines,2010,2011,12,2011.916667,11,True,163.1,5.094364
industrial_prices,Mines,2010,2012,1,2012.0,12,True,169.9,5.13521
industrial_prices,Mines,2010,2012,2,2012.083333,13,True,175.8,5.169347
industrial_prices,Mines,2010,2012,3,2012.166667,14,True,174.3,5.160778
industrial_prices,Mines,2010,2012,4,2012.25,15,True,176.3,5.172187
industrial_prices,Mines,2010,2012,5,2012.333333,16,True,182.2,5.205105
industrial_prices,Mines,2010,2012,6,2012.416667,17,True,183.5,5.212215
industrial_prices,Mines,2010,2012,7,2012.5,18,True,186.1,5.226284
industrial_prices,Mines,2010,2012,8,2012.583333,19,True,185.2,5.221436
industrial_prices,Mines,2010,2012,9,2012.666667,20,True,181.5,5.201256
industrial_prices,Mines,2010,2012,10,2012.75,21,True,180.1,5.193512
industrial_prices,Mines,2010,2012,11,2012.833333,22,True,181.9,5.203457
industrial_prices,Mines,2010,2012,12,2012.916667,23,True,179.2,5.188503
industrial_prices,Mines,2010,2013,1,2013.0,24,True,178.2,5.182907
industrial_prices,Mines,2010,2013,2,2013.083333,25,True,178.2,5.182907
industrial_prices,Mines,2010,2013,3,2013.166667,26,True,180.9,5.197944
industrial_prices,Mines,2010,2013,4,2013.25,27,True,181.9,5.203457
industrial_prices,Mines,2010,2013,5,2013.333333,28,True,154.1,5.037602
industrial_prices,Mines,2010,2013,6,2013.416667,29,True,153.2,5.031744
industrial_prices,Mines,2010,2013,7,2013.5,30,True,155.8,5.048573
industrial_prices,Mines,2010,2013,8,2013.583333,31,True,154.6,5.040841
industrial_prices,Mines,2010,2013,9,2013.666667,32,True,148.0,4.997212
industrial_prices,Mines,2010,2013,10,2013.75,33,True,152.3,5.025852
industrial_prices,Mines,2010,2013,11,2013.833333,34,True,117.8,4.768988
industrial_prices,Mines,2010,2013,12,2013.916667,35,True,118.7,4.776599
industrial_prices,Mines,2010,2014,1,2014.0,36,True,118.5,4.774913
industrial_prices,Mines,2010,2014,2,2014.083333,37,True,114.3,4.738827
industrial_prices,Mines,2010,2014,3,2014.166667,38,True,124.6,4.825109
industrial_prices,Mines,2010,2014,4,2014.25,39,True,124.8,4.826712
industrial_prices,Mines,2010,2014,5,2014.333333,40,True,125.5,4.832306
industrial_prices,Mines,2010,2014,6,2014.416667,41,True,122.9,4.811371
industrial_prices,Mines,2010,2014,7,2014.5,42,True,135.1,4.906015
industrial_prices,Mines,2010,2014,8,2014.583333,43,True,128.0,4.85203
industrial_prices,Mines,2010,2014,9,2014.666667,44,True,137.2,4.92144
industrial_prices,Mines,2010,2014,10,2014.75,45,True,136.7,4.917789
industrial_prices,Mines,2010,2014,11,2014.833333,46,True,137.8,4.925803
industrial_prices,Mines,2010,2014,12,2014.916667,47,True,143.3,4.96494
industrial_prices,Mines,2010,2015,1,2015.0,48,True,151.1,5.017942
industrial_prices,Mines,2010,2015,2,2015.083333,49,True,154.3,5.038899
industrial_prices,Mines,2010,2015,3,2015.166667,50,True,149.6,5.007965
industrial_prices,Mines,2010,2015,4,2015.25,51,True,152.0,5.023881
industrial_prices,Mines,2010,2015,5,2015.333333,52,True,155.5,5.046646
industrial_prices,Mines,2010,2015,6,2015.416667,53,True,155.5,5.046646
industrial_prices,Mines,2010,2015,7,2015.5,54,True,139.5,4.938065
industrial_prices,Mines,2010,2015,8,2015.583333,55,True,141.4,4.951593
industrial_prices,Mines,2010,2015,9,2015.666667,56,True,146.8,4.989071
industrial_prices,Mines,2010,2015,10,2015.75,57,True,155.3,5.045359
industrial_prices,Mines,2010,2015,11,2015.833333,58,True,162.5,5.090678
industrial_prices,Mines,2010,2015,12,2015.916667,59,True,152.2,5.025195
industrial_prices,Mines,2010,2016,1,2016.0,60,True,146.0,4.983607
industrial_prices,Mines,2010,2016,2,2016.083333,61,True,141.7,4.953712
industrial_prices,Mines,2010,2016,3,2016.166667,62,True,141.4,4.951593
industrial_prices,Mines,2010,2016,4,2016.25,63,True,143.0,4.962845
industrial_prices,Mines,2010,2016,5,2016.333333,64,True,146.8,4.989071
industrial_prices,Mines,2010,2016,6,2016.416667,65,True,143.8,4.968423
industrial_prices,Mines,2010,2016,7,2016.5,66,True,147.3,4.992471
industrial_prices,Mines,2010,2016,8,2016.583333,67,True,157.2,5.057519
industrial_prices,Mines,2010,2016,9,2016.666667,68,True,159.7,5.073297
industrial_prices,Mines,2010,2016,10,2016.75,69,True,159.6,5.072671
industrial_prices,Mines,2010,2016,11,2016.833333,70,True,161.7,5.085743
industrial_prices,Mines,2010,2016,12,2016.916667,71,True,165.1,5.106551
industrial_prices,Mines,2010,2017,1,2017.0,72,True,146.3,4.985659
industrial_prices,Mines,2010,2017,2,2017.083333,73,True,144.4,4.972587
industrial_prices,Mines,2010,2017,3,2017.166667,74,True,145.5,4.980176
industrial_prices,Mines,2010,2017,4,2017.25,75,True,149.4,5.006627
industrial_prices,Mines,2010,2017,5,2017.333333,76,True,153.9,5.036303
industrial_prices,Mines,2010,2017,6,2017.416667,77,True,145.6,4.980863
industrial_prices,Mines,2010,2017,7,2017.5,78,True,154.7,5.041488
industrial_prices,Mines,2010,2017,8,2017.583333,79,True,154.0,5.036953
industrial_prices,Mines,2010,2017,9,2017.666667,80,True,153.4,5.033049
industrial_prices,Mines,2010,2017,10,2017.75,81,True,155.4,5.046002
industrial_prices,Mines,2010,2017,11,2017.833333,82,True,149.6,5.007965
industrial_prices,Mines,2010,2017,12,2017.916667,83,True,149.2,5.005288
industrial_prices,Mines,2010,2018,1,2018.0,84,True,135.2,4.906755
industrial_prices,Mines,2010,2018,2,2018.083333,85,True,133.4,4.893352
industrial_prices,Mines,2010,2018,3,2018.166667,86,True,131.4,4.878246
industrial_prices,Mines,2010,2018,4,2018.25,87,True,131.5,4.879007
industrial_prices,Mines,2010,2018,5,2018.333333,88,True,135.7,4.910447
industrial_prices,Mines,2010,2018,6,2018.416667,89,True,139.8,4.940213
industrial_prices,Mines,2010,2018,7,2018.5,90,True,142.4,4.95864
industrial_prices,Mines,2010,2018,8,2018.583333,91,True,147.1,4.991113
industrial_prices,Mines,2010,2018,9,2018.666667,92,True,169.6,5.133443
industrial_prices,Mines,2010,2018,10,2018.75,93,True,173.1,5.153869
industrial_prices,Mines,2010,2018,11,2018.833333,94,True,176.5,5.173321
industrial_prices,Mines,2010,2018,12,2018.916667,95,True,180.0,5.192957
industrial_prices,Mines,2010,2019,1,2019.0,96,True,184.1,5.215479
industrial_prices,Mines,2010,2019,2,2019.083333,97,True,188.8,5.240688
industrial_prices,Mines,2010,2019,3,2019.166667,98,True,188.9,5.241218
industrial_prices,Mines,2010,2019,4,2019.25,99,True,188.9,5.241218
industrial_prices,Mines,2010,2019,5,2019.333333,100,True,183.8,5.213848
industrial_prices,Mines,2010,2019,6,2019.416667,101,True,180.4,5.195177
industrial_prices,Mines,2010,2019,7,2019.5,102,True,177.5,5.178971
industrial_prices,Mines,2010,2019,8,2019.583333,103,True,174.0,5.159055
industrial_prices,Mines,2010,2019,9,2019.666667,104,True,173.8,5.157905
industrial_prices,Mines,2010,2019,10,2019.75,105,True,172.9,5.152713
industrial_prices,Mines,2010,2019,11,2019.833333,106,True,176.6,5.173887
industrial_prices,Mines,2010,2019,12,2019.916667,107,True,175.9,5.169916
industrial_prices,Mines,2010,2020,1,2020.0,108,True,175.9,5.169916
industrial_prices,Mines,2010,2020,2,2020.083333,109,True,175.9,5.169916
industrial_prices,Mines,2010,2020,3,2020.166667,110,True,175.9,5.169916
industrial_prices,Mines,2010,2020,4,2020.25,111,True,175.9,5.169916
industrial_prices,Mines,2010,2020,5,2020.333333,112,True,175.9,5.169916
industrial_prices,Mines,2010,2020,6,2020.416667,113,True,175.9,5.169916
industrial_prices,Mines,2010,2020,7,2020.5,114,True,175.9,5.169916
industrial_prices,Mines,2010,2020,8,2020.583333,115,True,178.0,5.181784
industrial_prices,Mines,2010,2020,9,2020.666667,116,True,178.0,5.181784
industrial_prices,Mines,2010,2020,10,2020.75,117,True,178.0,5.181784
industrial_prices,Mines,2010,2020,11,2020.833333,118,True,178.0,5.181784
industrial_prices,Mines,2010,2020,12,2020.916667,119,True,178.0,5.181784
industrial_prices,Mines,2010,2021,1,2021.0,120,True,178.5,5.184589
industrial_prices,Mines,2010,2021,2,2021.083333,121,True,179.0,5.187386
industrial_prices,Mines,2010,2021,3,2021.166667,122,True,180.1,5.193512
industrial_prices,Mines,2010,2021,4,2021.25,123,True,180.1,5.193512
industrial_prices,Mines,2010,2021,5,2021.333333,124,True,180.6,5.196285
industrial_prices,Mines,2010,2021,6,2021.416667,125,True,181.0,5.198497
industrial_prices,Mines,2010,2021,7,2021.5,126,True,182.5,5.20675
industrial_prices,Mines,2010,2021,8,2021.583333,127,True,181.1,5.199049
industrial_prices,Mines,2010,2021,9,2021.666667,128,True,181.1,5.199049
industrial_prices,Mines,2010,2021,10,2021.75,129,True,181.1,5.199049
industrial_prices,Mines,2010,2021,11,2021.833333,130,True,181.8,5.202907
industrial_prices,Mines,2010,2021,12,2021.916667,131,True,182.3,5.205654
industrial_prices,Mines,2010,2022,1,2022.0,132,True,236.7,5.466794
industrial_prices,Mines,2010,2022,2,2022.083333,133,True,236.7,5.466794
industrial_prices,Mines,2010,2022,3,2022.166667,134,True,236.7,5.466794
industrial_prices,Mines,2010,2022,4,2022.25,135,True,236.7,5.466794
industrial_prices,Mines,2010,2022,5,2022.333333,136,True,236.7,5.466794
industrial_prices,Mines,2010,2022,6,2022.416667,137,True,237.8,5.47143
industrial_prices,"Textiles, habillement et cuirs",2000,1998,1,1998.0,-156,False,142.8,4.961445
industrial_prices,"Textiles, habillement et cuirs",2000,1998,2,1998.083333,-155,False,143.4,4.965638
industrial_prices,"Textiles, habillement et cuirs",2000,1998,3,1998.166667,-154,False,143.4,4.965638
industrial_prices,"Textiles, habillement et cuirs",2000,1998,4,1998.25,-153,False,143.6,4.967032
industrial_prices,"Textiles, habillement et cuirs",2000,1998,5,1998.333333,-152,False,143.5,4.966335
industrial_prices,"Textiles, habillement et cuirs",2000,1998,6,1998.416667,-151,False,143.7,4.967728
industrial_prices,"Textiles, habillement et cuirs",2000,1998,7,1998.5,-150,False,140.8,4.94734
industrial_prices,"Textiles, habillement et cuirs",2000,1998,8,1998.583333,-149,False,141.8,4.954418
industrial_prices,"Textiles, habillement et cuirs",2000,1998,9,1998.666667,-148,False,141.8,4.954418
industrial_prices,"Textiles, habillement et cuirs",2000,1998,10,1998.75,-147,False,142.4,4.95864
industrial_prices,"Textiles, habillement et cuirs",2000,1998,11,1998.833333,-146,False,142.9,4.962145
industrial_prices,"Textiles, habillement et cuirs",2000,1998,12,1998.916667,-145,False,143.0,4.962845
industrial_prices,"Textiles, habillement et cuirs",2000,1999,1,1999.0,-144,False,142.3,4.957938
industrial_prices,"Textiles, habillement et cuirs",2000,1999,2,1999.083333,-143,False,142.5,4.959342
industrial_prices,"Textiles, habillement et cuirs",2000,1999,3,1999.166667,-142,False,142.6,4.960044
industrial_prices,"Textiles, habillement et cuirs",2000,1999,4,1999.25,-141,False,142.4,4.95864
industrial_prices,"Textiles, habillement et cuirs",2000,1999,5,1999.333333,-140,False,142.6,4.960044
industrial_prices,"Textiles, habillement et cuirs",2000,1999,6,1999.416667,-139,False,142.7,4.960745
industrial_prices,"Textiles, habillement et cuirs",2000,1999,7,1999.5,-138,False,143.3,4.96494
industrial_prices,"Textiles, habillement et cuirs",2000,1999,8,1999.583333,-137,False,142.1,4.956531
industrial_prices,"Textiles, habillement et cuirs",2000,1999,9,1999.666667,-136,False,141.4,4.951593
industrial_prices,"Textiles, habillement et cuirs",2000,1999,10,1999.75,-135,False,142.7,4.960745
industrial_prices,"Textiles, habillement et cuirs",2000,1999,11,1999.833333,-134,False,142.7,4.960745
industrial_prices,"Textiles, habillement et cuirs",2000,1999,12,1999.916667,-133,False,143.0,4.962845
industrial_prices,"Textiles, habillement et cuirs",2000,2000,1,2000.0,-132,False,141.5,4.9523
industrial_prices,"Textiles, habillement et cuirs",2000,2000,2,2000.083333,-131,False,141.9,4.955123
industrial_prices,"Textiles, habillement et cuirs",2000,2000,3,2000.166667,-130,False,141.9,4.955123
industrial_prices,"Textiles, habillement et cuirs",2000,2000,4,2000.25,-129,False,141.7,4.953712
industrial_prices,"Textiles, habillement et cuirs",2000,2000,5,2000.333333,-128,False,142.7,4.960745
industrial_prices,"Textiles, habillement et cuirs",2000,2000,6,2000.416667,-127,False,142.7,4.960745
industrial_prices,"Textiles, habillement et cuirs",2000,2000,7,2000.5,-126,False,142.7,4.960745
industrial_prices,"Textiles, habillement et cuirs",2000,2000,8,2000.583333,-125,False,142.5,4.959342
industrial_prices,"Textiles, habillement et cuirs",2000,2000,9,2000.666667,-124,False,143.0,4.962845
industrial_prices,"Textiles, habillement et cuirs",2000,2000,10,2000.75,-123,False,143.0,4.962845
industrial_prices,"Textiles, habillement et cuirs",2000,2000,11,2000.833333,-122,False,143.2,4.964242
industrial_prices,"Textiles, habillement et cuirs",2000,2000,12,2000.916667,-121,False,143.3,4.96494
industrial_prices,"Textiles, habillement et cuirs",2000,2001,1,2001.0,-120,False,143.8,4.968423
industrial_prices,"Textiles, habillement et cuirs",2000,2001,2,2001.083333,-119,False,144.0,4.969813
industrial_prices,"Textiles, habillement et cuirs",2000,2001,3,2001.166667,-118,False,144.0,4.969813
industrial_prices,"Textiles, habillement et cuirs",2000,2001,4,2001.25,-117,False,144.3,4.971894
industrial_prices,"Textiles, habillement et cuirs",2000,2001,5,2001.333333,-116,False,144.8,4.975353
industrial_prices,"Textiles, habillement et cuirs",2000,2001,6,2001.416667,-115,False,144.9,4.976044
industrial_prices,"Textiles, habillement et cuirs",2000,2001,7,2001.5,-114,False,144.9,4.976044
industrial_prices,"Textiles, habillement et cuirs",2000,2001,8,2001.583333,-113,False,145.0,4.976734
industrial_prices,"Textiles, habillement et cuirs",2000,2001,9,2001.666667,-112,False,145.1,4.977423
industrial_prices,"Textiles, habillement et cuirs",2000,2001,10,2001.75,-111,False,145.0,4.976734
industrial_prices,"Textiles, habillement et cuirs",2000,2001,11,2001.833333,-110,False,145.1,4.977423
industrial_prices,"Textiles, habillement et cuirs",2000,2001,12,2001.916667,-109,False,144.0,4.969813
industrial_prices,"Textiles, habillement et cuirs",2000,2002,1,2002.0,-108,False,144.4,4.972587
industrial_prices,"Textiles, habillement et cuirs",2000,2002,2,2002.083333,-107,False,144.4,4.972587
industrial_prices,"Textiles, habillement et cuirs",2000,2002,3,2002.166667,-106,False,144.5,4.97328
industrial_prices,"Textiles, habillement et cuirs",2000,2002,4,2002.25,-105,False,144.5,4.97328
industrial_prices,"Textiles, habillement et cuirs",2000,2002,5,2002.333333,-104,False,145.2,4.978112
industrial_prices,"Textiles, habillement et cuirs",2000,2002,6,2002.416667,-103,False,145.3,4.978801
industrial_prices,"Textiles, habillement et cuirs",2000,2002,7,2002.5,-102,False,145.4,4.979489
industrial_prices,"Textiles, habillement et cuirs",2000,2002,8,2002.583333,-101,False,145.5,4.980176
industrial_prices,"Textiles, habillement et cuirs",2000,2002,9,2002.666667,-100,False,145.4,4.979489
industrial_prices,"Textiles, habillement et cuirs",2000,2002,10,2002.75,-99,False,143.9,4.969119
industrial_prices,"Textiles, habillement et cuirs",2000,2002,11,2002.833333,-98,False,144.2,4.971201
industrial_prices,"Textiles, habillement et cuirs",2000,2002,12,2002.916667,-97,False,144.2,4.971201
industrial_prices,"Textiles, habillement et cuirs",2000,2004,1,2004.0,-84,False,103.6,4.640537
industrial_prices,"Textiles, habillement et cuirs",2000,2004,2,2004.083333,-83,False,103.7,4.641502
industrial_prices,"Textiles, habillement et cuirs",2000,2004,3,2004.166667,-82,False,103.7,4.641502
industrial_prices,"Textiles, habillement et cuirs",2000,2004,4,2004.25,-81,False,102.9,4.633758
industrial_prices,"Textiles, habillement et cuirs",2000,2004,5,2004.333333,-80,False,103.1,4.635699
industrial_prices,"Textiles, habillement et cuirs",2000,2004,6,2004.416667,-79,False,103.9,4.643429
industrial_prices,"Textiles, habillement et cuirs",2000,2004,7,2004.5,-78,False,103.8,4.642466
industrial_prices,"Textiles, habillement et cuirs",2000,2004,8,2004.583333,-77,False,103.8,4.642466
industrial_prices,"Textiles, habillement et cuirs",2000,2004,9,2004.666667,-76,False,103.8,4.642466
industrial_prices,"Textiles, habillement et cuirs",2000,2004,10,2004.75,-75,False,104.3,4.647271
industrial_prices,"Textiles, habillement et cuirs",2000,2004,11,2004.833333,-74,False,104.6,4.650144
industrial_prices,"Textiles, habillement et cuirs",2000,2004,12,2004.916667,-73,False,105.2,4.655863
industrial_prices,"Textiles, habillement et cuirs",2000,2005,1,2005.0,-72,False,104.7,4.651099
industrial_prices,"Textiles, habillement et cuirs",2000,2005,2,2005.083333,-71,False,104.7,4.651099
industrial_prices,"Textiles, habillement et cuirs",2000,2005,3,2005.166667,-70,False,104.7,4.651099
industrial_prices,"Textiles, habillement et cuirs",2000,2005,4,2005.25,-69,False,104.7,4.651099
industrial_prices,"Textiles, habillement et cuirs",2000,2005,5,2005.333333,-68,False,104.6,4.650144
industrial_prices,"Textiles, habillement et cuirs",2000,2005,6,2005.416667,-67,False,104.6,4.650144
industrial_prices,"Textiles, habillement et cuirs",2000,2005,7,2005.5,-66,False,104.6,4.650144
industrial_prices,"Textiles, habillement et cuirs",2000,2005,8,2005.583333,-65,False,104.6,4.650144
industrial_prices,"Textiles, habillement et cuirs",2000,2005,9,2005.666667,-64,False,104.8,4.652054
industrial_prices,"Textiles, habillement et cuirs",2000,2005,10,2005.75,-63,False,104.8,4.652054
industrial_prices,"Textiles, habillement et cuirs",2000,2005,11,2005.833333,-62,False,104.9,4.653008
industrial_prices,"Textiles, habillement et cuirs",2000,2005,12,2005.916667,-61,False,105.1,4.654912
industrial_prices,"Textiles, habillement et cuirs",2000,2006,1,2006.0,-60,False,104.5,4.649187
industrial_prices,"Textiles, habillement et cuirs",2000,2006,2,2006.083333,-59,False,104.5,4.649187
industrial_prices,"Textiles, habillement et cuirs",2000,2006,3,2006.166667,-58,False,104.6,4.650144
industrial_prices,"Textiles, habillement et cuirs",2000,2006,4,2006.25,-57,False,105.9,4.662495
industrial_prices,"Textiles, habillement et cuirs",2000,2006,5,2006.333333,-56,False,106.1,4.664382
industrial_prices,"Textiles, habillement et cuirs",2000,2006,6,2006.416667,-55,False,106.1,4.664382
industrial_prices,"Textiles, habillement et cuirs",2000,2006,7,2006.5,-54,False,106.1,4.664382
industrial_prices,"Textiles, habillement et cuirs",2000,2006,8,2006.583333,-53,False,106.1,4.664382
industrial_prices,"Textiles, habillement et cuirs",2000,2006,9,2006.666667,-52,False,106.3,4.666265
industrial_prices,"Textiles, habillement et cuirs",2000,2006,10,2006.75,-51,False,106.6,4.669084
industrial_prices,"Textiles, habillement et cuirs",2000,2006,11,2006.833333,-50,False,107.4,4.67656
industrial_prices,"Textiles, habillement et cuirs",2000,2006,12,2006.916667,-49,False,107.6,4.678421
industrial_prices,"Textiles, habillement et cuirs",2000,2007,1,2007.0,-48,False,107.3,4.675629
industrial_prices,"Textiles, habillement et cuirs",2000,2007,2,2007.083333,-47,False,107.2,4.674696
industrial_prices,"Textiles, habillement et cuirs",2000,2007,3,2007.166667,-46,False,108.1,4.683057
industrial_prices,"Textiles, habillement et cuirs",2000,2007,4,2007.25,-45,False,107.9,4.681205
industrial_prices,"Textiles, habillement et cuirs",2000,2007,5,2007.333333,-44,False,108.0,4.682131
industrial_prices,"Textiles, habillement et cuirs",2000,2007,6,2007.416667,-43,False,108.1,4.683057
industrial_prices,"Textiles, habillement et cuirs",2000,2007,7,2007.5,-42,False,108.1,4.683057
industrial_prices,"Textiles, habillement et cuirs",2000,2007,8,2007.583333,-41,False,110.0,4.70048
industrial_prices,"Textiles, habillement et cuirs",2000,2007,9,2007.666667,-40,False,110.6,4.70592
industrial_prices,"Textiles, habillement et cuirs",2000,2007,10,2007.75,-39,False,112.9,4.726502
industrial_prices,"Textiles, habillement et cuirs",2000,2007,11,2007.833333,-38,False,113.3,4.730039
industrial_prices,"Textiles, habillement et cuirs",2000,2007,12,2007.916667,-37,False,113.3,4.730039
industrial_prices,"Textiles, habillement et cuirs",2000,2008,1,2008.0,-36,False,113.5,4.731803
industrial_prices,"Textiles, habillement et cuirs",2000,2008,2,2008.083333,-35,False,114.9,4.744062
industrial_prices,"Textiles, habillement et cuirs",2000,2008,3,2008.166667,-34,False,114.9,4.744062
industrial_prices,"Textiles, habillement et cuirs",2000,2008,4,2008.25,-33,False,115.0,4.744932
industrial_prices,"Textiles, habillement et cuirs",2000,2008,5,2008.333333,-32,False,115.9,4.752728
industrial_prices,"Textiles, habillement et cuirs",2000,2008,6,2008.416667,-31,False,116.3,4.756173
industrial_prices,"Textiles, habillement et cuirs",2000,2008,7,2008.5,-30,False,116.4,4.757033
industrial_prices,"Textiles, habillement et cuirs",2000,2008,8,2008.583333,-29,False,116.4,4.757033
industrial_prices,"Textiles, habillement et cuirs",2000,2008,9,2008.666667,-28,False,116.4,4.757033
industrial_prices,"Textiles, habillement et cuirs",2000,2008,10,2008.75,-27,False,116.8,4.760463
industrial_prices,"Textiles, habillement et cuirs",2000,2008,11,2008.833333,-26,False,117.3,4.764735
industrial_prices,"Textiles, habillement et cuirs",2000,2008,12,2008.916667,-25,False,117.4,4.765587
industrial_prices,"Textiles, habillement et cuirs",2000,2009,1,2009.0,-24,False,116.9,4.761319
industrial_prices,"Textiles, habillement et cuirs",2000,2009,2,2009.083333,-23,False,114.4,4.739701
industrial_prices,"Textiles, habillement et cuirs",2000,2009,3,2009.166667,-22,False,114.3,4.738827
industrial_prices,"Textiles, habillement et cuirs",2000,2009,4,2009.25,-21,False,114.4,4.739701
industrial_prices,"Textiles, habillement et cuirs",2000,2009,5,2009.333333,-20,False,114.3,4.738827
industrial_prices,"Textiles, habillement et cuirs",2000,2009,6,2009.416667,-19,False,114.5,4.740575
industrial_prices,"Textiles, habillement et cuirs",2000,2009,7,2009.5,-18,False,114.7,4.74232
industrial_prices,"Textiles, habillement et cuirs",2000,2009,8,2009.583333,-17,False,114.7,4.74232
industrial_prices,"Textiles, habillement et cuirs",2000,2009,9,2009.666667,-16,False,114.6,4.741448
industrial_prices,"Textiles, habillement et cuirs",2000,2009,10,2009.75,-15,False,114.6,4.741448
industrial_prices,"Textiles, habillement et cuirs",2000,2009,11,2009.833333,-14,False,115.9,4.752728
industrial_prices,"Textiles, habillement et cuirs",2000,2009,12,2009.916667,-13,False,115.9,4.752728
industrial_prices,"Textiles, habillement et cuirs",2000,2010,1,2010.0,-12,False,116.3,4.756173
industrial_prices,"Textiles, habillement et cuirs",2000,2010,2,2010.083333,-11,False,116.2,4.755313
industrial_prices,"Textiles, habillement et cuirs",2000,2010,3,2010.166667,-10,False,116.4,4.757033
industrial_prices,"Textiles, habillement et cuirs",2000,2010,4,2010.25,-9,False,117.3,4.764735
industrial_prices,"Textiles, habillement et cuirs",2000,2010,5,2010.333333,-8,False,117.1,4.763028
industrial_prices,"Textiles, habillement et cuirs",2000,2010,6,2010.416667,-7,False,116.7,4.759607
industrial_prices,"Textiles, habillement et cuirs",2000,2010,7,2010.5,-6,False,117.0,4.762174
industrial_prices,"Textiles, habillement et cuirs",2000,2010,8,2010.583333,-5,False,116.9,4.761319
industrial_prices,"Textiles, habillement et cuirs",2000,2010,9,2010.666667,-4,False,115.9,4.752728
industrial_prices,"Textiles, habillement et cuirs",2000,2010,10,2010.75,-3,False,116.6,4.758749
industrial_prices,"Textiles, habillement et cuirs",2000,2010,11,2010.833333,-2,False,116.8,4.760463
industrial_prices,"Textiles, habillement et cuirs",2000,2010,12,2010.916667,-1,False,116.9,4.761319
industrial_prices,"Textiles, habillement et cuirs",2000,2011,1,2011.0,0,True,121.1,4.796617
industrial_prices,"Textiles, habillement et cuirs",2000,2011,2,2011.083333,1,True,124.1,4.821088
industrial_prices,"Textiles, habillement et cuirs",2000,2011,3,2011.166667,2,True,128.2,4.853592
industrial_prices,"Textiles, habillement et cuirs",2000,2011,4,2011.25,3,True,130.7,4.872905
industrial_prices,"Textiles, habillement et cuirs",2000,2011,5,2011.333333,4,True,131.8,4.881286
industrial_prices,"Textiles, habillement et cuirs",2000,2011,6,2011.416667,5,True,131.4,4.878246
industrial_prices,"Textiles, habillement et cuirs",2000,2011,7,2011.5,6,True,131.6,4.879767
industrial_prices,"Textiles, habillement et cuirs",2000,2011,8,2011.583333,7,True,131.4,4.878246
industrial_prices,"Textiles, habillement et cuirs",2000,2011,9,2011.666667,8,True,131.8,4.881286
industrial_prices,"Textiles, habillement et cuirs",2000,2011,10,2011.75,9,True,131.6,4.879767
industrial_prices,"Textiles, habillement et cuirs",2000,2011,11,2011.833333,10,True,133.6,4.89485
industrial_prices,"Textiles, habillement et cuirs",2000,2011,12,2011.916667,11,True,134.0,4.89784
industrial_prices,"Textiles, habillement et cuirs",2000,2012,1,2012.0,12,True,134.4,4.90082
industrial_prices,"Textiles, habillement et cuirs",2000,2012,2,2012.083333,13,True,134.5,4.901564
industrial_prices,"Textiles, habillement et cuirs",2000,2012,3,2012.166667,14,True,136.4,4.915592
industrial_prices,"Textiles, habillement et cuirs",2000,2012,4,2012.25,15,True,136.5,4.916325
industrial_prices,"Textiles, habillement et cuirs",2000,2012,5,2012.333333,16,True,137.1,4.920711
industrial_prices,"Textiles, habillement et cuirs",2000,2012,6,2012.416667,17,True,137.3,4.922168
industrial_prices,"Textiles, habillement et cuirs",2000,2012,7,2012.5,18,True,137.5,4.923624
industrial_prices,"Textiles, habillement et cuirs",2000,2012,8,2012.583333,19,True,137.9,4.926529
industrial_prices,"Textiles, habillement et cuirs",2000,2012,9,2012.666667,20,True,138.0,4.927254
industrial_prices,"Textiles, habillement et cuirs",2000,2012,10,2012.75,21,True,138.1,4.927978
industrial_prices,"Textiles, habillement et cuirs",2000,2012,11,2012.833333,22,True,138.6,4.931592
industrial_prices,"Textiles, habillement et cuirs",2000,2012,12,2012.916667,23,True,138.2,4.928702
industrial_prices,"Textiles, habillement et cuirs",2010,2010,1,2010.0,-12,False,98.7,4.592085
industrial_prices,"Textiles, habillement et cuirs",2010,2010,2,2010.083333,-11,False,98.8,4.593098
industrial_prices,"Textiles, habillement et cuirs",2010,2010,3,2010.166667,-10,False,99.0,4.59512
industrial_prices,"Textiles, habillement et cuirs",2010,2010,4,2010.25,-9,False,100.4,4.609162
industrial_prices,"Textiles, habillement et cuirs",2010,2010,5,2010.333333,-8,False,101.1,4.61611
industrial_prices,"Textiles, habillement et cuirs",2010,2010,6,2010.416667,-7,False,101.2,4.617099
industrial_prices,"Textiles, habillement et cuirs",2010,2010,7,2010.5,-6,False,101.2,4.617099
industrial_prices,"Textiles, habillement et cuirs",2010,2010,8,2010.583333,-5,False,101.3,4.618086
industrial_prices,"Textiles, habillement et cuirs",2010,2010,9,2010.666667,-4,False,101.2,4.617099
industrial_prices,"Textiles, habillement et cuirs",2010,2010,10,2010.75,-3,False,101.2,4.617099
industrial_prices,"Textiles, habillement et cuirs",2010,2010,11,2010.833333,-2,False,101.4,4.619073
industrial_prices,"Textiles, habillement et cuirs",2010,2010,12,2010.916667,-1,False,101.1,4.61611
industrial_prices,"Textiles, habillement et cuirs",2010,2011,1,2011.0,0,True,102.5,4.629863
industrial_prices,"Textiles, habillement et cuirs",2010,2011,2,2011.083333,1,True,102.6,4.630838
industrial_prices,"Textiles, habillement et cuirs",2010,2011,3,2011.166667,2,True,103.2,4.636669
industrial_prices,"Textiles, habillement et cuirs",2010,2011,4,2011.25,3,True,103.7,4.641502
industrial_prices,"Textiles, habillement et cuirs",2010,2011,5,2011.333333,4,True,103.9,4.643429
industrial_prices,"Textiles, habillement et cuirs",2010,2011,6,2011.416667,5,True,103.4,4.638605
industrial_prices,"Textiles, habillement et cuirs",2010,2011,7,2011.5,6,True,102.6,4.630838
industrial_prices,"Textiles, habillement et cuirs",2010,2011,8,2011.583333,7,True,102.5,4.629863
industrial_prices,"Textiles, habillement et cuirs",2010,2011,9,2011.666667,8,True,102.6,4.630838
industrial_prices,"Textiles, habillement et cuirs",2010,2011,10,2011.75,9,True,102.7,4.631812
industrial_prices,"Textiles, habillement et cuirs",2010,2011,11,2011.833333,10,True,103.6,4.640537
industrial_prices,"Textiles, habillement et cuirs",2010,2011,12,2011.916667,11,True,104.1,4.645352
industrial_prices,"Textiles, habillement et cuirs",2010,2012,1,2012.0,12,True,105.4,4.657763
industrial_prices,"Textiles, habillement et cuirs",2010,2012,2,2012.083333,13,True,105.8,4.661551
industrial_prices,"Textiles, habillement et cuirs",2010,2012,3,2012.166667,14,True,106.0,4.663439
industrial_prices,"Textiles, habillement et cuirs",2010,2012,4,2012.25,15,True,106.1,4.664382
industrial_prices,"Textiles, habillement et cuirs",2010,2012,5,2012.333333,16,True,106.3,4.666265
industrial_prices,"Textiles, habillement et cuirs",2010,2012,6,2012.416667,17,True,106.8,4.670958
industrial_prices,"Textiles, habillement et cuirs",2010,2012,7,2012.5,18,True,107.0,4.672829
industrial_prices,"Textiles, habillement et cuirs",2010,2012,8,2012.583333,19,True,107.2,4.674696
industrial_prices,"Textiles, habillement et cuirs",2010,2012,9,2012.666667,20,True,107.9,4.681205
industrial_prices,"Textiles, habillement et cuirs",2010,2012,10,2012.75,21,True,108.1,4.683057
industrial_prices,"Textiles, habillement et cuirs",2010,2012,11,2012.833333,22,True,108.5,4.68675
industrial_prices,"Textiles, habillement et cuirs",2010,2012,12,2012.916667,23,True,108.6,4.687671
industrial_prices,"Textiles, habillement et cuirs",2010,2013,1,2013.0,24,True,109.1,4.692265
industrial_prices,"Textiles, habillement et cuirs",2010,2013,2,2013.083333,25,True,109.1,4.692265
industrial_prices,"Textiles, habillement et cuirs",2010,2013,3,2013.166667,26,True,109.1,4.692265
industrial_prices,"Textiles, habillement et cuirs",2010,2013,4,2013.25,27,True,109.3,4.694096
industrial_prices,"Textiles, habillement et cuirs",2010,2013,5,2013.333333,28,True,109.3,4.694096
industrial_prices,"Textiles, habillement et cuirs",2010,2013,6,2013.416667,29,True,109.5,4.695925
industrial_prices,"Textiles, habillement et cuirs",2010,2013,7,2013.5,30,True,109.5,4.695925
industrial_prices,"Textiles, habillement et cuirs",2010,2013,8,2013.583333,31,True,109.5,4.695925
industrial_prices,"Textiles, habillement et cuirs",2010,2013,9,2013.666667,32,True,108.9,4.69043
industrial_prices,"Textiles, habillement et cuirs",2010,2013,10,2013.75,33,True,108.7,4.688592
industrial_prices,"Textiles, habillement et cuirs",2010,2013,11,2013.833333,34,True,109.2,4.693181
industrial_prices,"Textiles, habillement et cuirs",2010,2013,12,2013.916667,35,True,109.2,4.693181
industrial_prices,"Textiles, habillement et cuirs",2010,2014,1,2014.0,36,True,108.0,4.682131
industrial_prices,"Textiles, habillement et cuirs",2010,2014,2,2014.083333,37,True,108.5,4.68675
industrial_prices,"Textiles, habillement et cuirs",2010,2014,3,2014.166667,38,True,108.5,4.68675
industrial_prices,"Textiles, habillement et cuirs",2010,2014,4,2014.25,39,True,109.0,4.691348
industrial_prices,"Textiles, habillement et cuirs",2010,2014,5,2014.333333,40,True,108.8,4.689511
industrial_prices,"Textiles, habillement et cuirs",2010,2014,6,2014.416667,41,True,108.9,4.69043
industrial_prices,"Textiles, habillement et cuirs",2010,2014,7,2014.5,42,True,110.5,4.705016
industrial_prices,"Textiles, habillement et cuirs",2010,2014,8,2014.583333,43,True,110.7,4.706824
industrial_prices,"Textiles, habillement et cuirs",2010,2014,9,2014.666667,44,True,110.9,4.708629
industrial_prices,"Textiles, habillement et cuirs",2010,2014,10,2014.75,45,True,110.2,4.702297
industrial_prices,"Textiles, habillement et cuirs",2010,2014,11,2014.833333,46,True,110.0,4.70048
industrial_prices,"Textiles, habillement et cuirs",2010,2014,12,2014.916667,47,True,110.7,4.706824
industrial_prices,"Textiles, habillement et cuirs",2010,2015,1,2015.0,48,True,111.5,4.714025
industrial_prices,"Textiles, habillement et cuirs",2010,2015,2,2015.083333,49,True,111.8,4.716712
industrial_prices,"Textiles, habillement et cuirs",2010,2015,3,2015.166667,50,True,111.8,4.716712
industrial_prices,"Textiles, habillement et cuirs",2010,2015,4,2015.25,51,True,111.2,4.71133
industrial_prices,"Textiles, habillement et cuirs",2010,2015,5,2015.333333,52,True,111.8,4.716712
industrial_prices,"Textiles, habillement et cuirs",2010,2015,6,2015.416667,53,True,111.5,4.714025
industrial_prices,"Textiles, habillement et cuirs",2010,2015,7,2015.5,54,True,112.9,4.726502
industrial_prices,"Textiles, habillement et cuirs",2010,2015,8,2015.583333,55,True,113.5,4.731803
industrial_prices,"Textiles, habillement et cuirs",2010,2015,9,2015.666667,56,True,113.6,4.732684
industrial_prices,"Textiles, habillement et cuirs",2010,2015,10,2015.75,57,True,114.0,4.736198
industrial_prices,"Textiles, habillement et cuirs",2010,2015,11,2015.833333,58,True,113.9,4.735321
industrial_prices,"Textiles, habillement et cuirs",2010,2015,12,2015.916667,59,True,114.0,4.736198
industrial_prices,"Textiles, habillement et cuirs",2010,2016,1,2016.0,60,True,113.9,4.735321
industrial_prices,"Textiles, habillement et cuirs",2010,2016,2,2016.083333,61,True,114.8,4.743191
industrial_prices,"Textiles, habillement et cuirs",2010,2016,3,2016.166667,62,True,115.0,4.744932
industrial_prices,"Textiles, habillement et cuirs",2010,2016,4,2016.25,63,True,115.1,4.745801
industrial_prices,"Textiles, habillement et cuirs",2010,2016,5,2016.333333,64,True,115.4,4.748404
industrial_prices,"Textiles, habillement et cuirs",2010,2016,6,2016.416667,65,True,115.7,4.751001
industrial_prices,"Textiles, habillement et cuirs",2010,2016,7,2016.5,66,True,115.8,4.751865
industrial_prices,"Textiles, habillement et cuirs",2010,2016,8,2016.583333,67,True,115.8,4.751865
industrial_prices,"Textiles, habillement et cuirs",2010,2016,9,2016.666667,68,True,116.0,4.75359
industrial_prices,"Textiles, habillement et cuirs",2010,2016,10,2016.75,69,True,116.3,4.756173
industrial_prices,"Textiles, habillement et cuirs",2010,2016,11,2016.833333,70,True,116.3,4.756173
industrial_prices,"Textiles, habillement et cuirs",2010,2016,12,2016.916667,71,True,116.4,4.757033
industrial_prices,"Textiles, habillement et cuirs",2010,2017,1,2017.0,72,True,116.3,4.756173
industrial_prices,"Textiles, habillement et cuirs",2010,2017,2,2017.083333,73,True,116.4,4.757033
industrial_prices,"Textiles, habillement et cuirs",2010,2017,3,2017.166667,74,True,116.5,4.757891
industrial_prices,"Textiles, habillement et cuirs",2010,2017,4,2017.25,75,True,116.5,4.757891
industrial_prices,"Textiles, habillement et cuirs",2010,2017,5,2017.333333,76,True,117.5,4.766438
industrial_prices,"Textiles, habillement et cuirs",2010,2017,6,2017.416667,77,True,119.4,4.782479
industrial_prices,"Textiles, habillement et cuirs",2010,2017,7,2017.5,78,True,119.6,4.784153
industrial_prices,"Textiles, habillement et cuirs",2010,2017,8,2017.583333,79,True,119.9,4.786658
industrial_prices,"Textiles, habillement et cuirs",2010,2017,9,2017.666667,80,True,120.3,4.789989
industrial_prices,"Textiles, habillement et cuirs",2010,2017,10,2017.75,81,True,120.6,4.792479
industrial_prices,"Textiles, habillement et cuirs",2010,2017,11,2017.833333,82,True,121.3,4.798267
industrial_prices,"Textiles, habillement et cuirs",2010,2017,12,2017.916667,83,True,121.3,4.798267
industrial_prices,"Textiles, habillement et cuirs",2010,2018,1,2018.0,84,True,123.4,4.815431
industrial_prices,"Textiles, habillement et cuirs",2010,2018,2,2018.083333,85,True,123.5,4.816241
industrial_prices,"Textiles, habillement et cuirs",2010,2018,3,2018.166667,86,True,124.2,4.821893
industrial_prices,"Textiles, habillement et cuirs",2010,2018,4,2018.25,87,True,124.2,4.821893
industrial_prices,"Textiles, habillement et cuirs",2010,2018,5,2018.333333,88,True,124.7,4.825911
industrial_prices,"Textiles, habillement et cuirs",2010,2018,6,2018.416667,89,True,125.3,4.830711
industrial_prices,"Textiles, habillement et cuirs",2010,2018,7,2018.5,90,True,125.2,4.829912
industrial_prices,"Textiles, habillement et cuirs",2010,2018,8,2018.583333,91,True,125.4,4.831509
industrial_prices,"Textiles, habillement et cuirs",2010,2018,9,2018.666667,92,True,125.4,4.831509
industrial_prices,"Textiles, habillement et cuirs",2010,2018,10,2018.75,93,True,126.3,4.83866
industrial_prices,"Textiles, habillement et cuirs",2010,2018,11,2018.833333,94,True,126.3,4.83866
industrial_prices,"Textiles, habillement et cuirs",2010,2018,12,2018.916667,95,True,126.4,4.839451
industrial_prices,"Textiles, habillement et cuirs",2010,2019,1,2019.0,96,True,126.9,4.843399
industrial_prices,"Textiles, habillement et cuirs",2010,2019,2,2019.083333,97,True,127.5,4.848116
industrial_prices,"Textiles, habillement et cuirs",2010,2019,3,2019.166667,98,True,127.5,4.848116
industrial_prices,"Textiles, habillement et cuirs",2010,2019,4,2019.25,99,True,127.5,4.848116
industrial_prices,"Textiles, habillement et cuirs",2010,2019,5,2019.333333,100,True,127.4,4.847332
industrial_prices,"Textiles, habillement et cuirs",2010,2019,6,2019.416667,101,True,127.4,4.847332
industrial_prices,"Textiles, habillement et cuirs",2010,2019,7,2019.5,102,True,128.9,4.859037
industrial_prices,"Textiles, habillement et cuirs",2010,2019,8,2019.583333,103,True,129.2,4.861362
industrial_prices,"Textiles, habillement et cuirs",2010,2019,9,2019.666667,104,True,130.2,4.869072
industrial_prices,"Textiles, habillement et cuirs",2010,2019,10,2019.75,105,True,131.4,4.878246
industrial_prices,"Textiles, habillement et cuirs",2010,2019,11,2019.833333,106,True,131.7,4.880527
industrial_prices,"Textiles, habillement et cuirs",2010,2019,12,2019.916667,107,True,131.8,4.881286
industrial_prices,"Textiles, habillement et cuirs",2010,2020,1,2020.0,108,True,132.3,4.885072
industrial_prices,"Textiles, habillement et cuirs",2010,2020,2,2020.083333,109,True,132.3,4.885072
industrial_prices,"Textiles, habillement et cuirs",2010,2020,3,2020.166667,110,True,132.3,4.885072
industrial_prices,"Textiles, habillement et cuirs",2010,2020,4,2020.25,111,True,139.2,4.935912
industrial_prices,"Textiles, habillement et cuirs",2010,2020,5,2020.333333,112,True,139.7,4.939497
industrial_prices,"Textiles, habillement et cuirs",2010,2020,6,2020.416667,113,True,139.8,4.940213
industrial_prices,"Textiles, habillement et cuirs",2010,2020,7,2020.5,114,True,140.0,4.941642
industrial_prices,"Textiles, habillement et cuirs",2010,2020,8,2020.583333,115,True,140.1,4.942356
industrial_prices,"Textiles, habillement et cuirs",2010,2020,9,2020.666667,116,True,140.3,4.943783
industrial_prices,"Textiles, habillement et cuirs",2010,2020,10,2020.75,117,True,140.6,4.945919
industrial_prices,"Textiles, habillement et cuirs",2010,2020,11,2020.833333,118,True,141.0,4.94876
industrial_prices,"Textiles, habillement et cuirs",2010,2020,12,2020.916667,119,True,142.0,4.955827
industrial_prices,"Textiles, habillement et cuirs",2010,2021,1,2021.0,120,True,143.2,4.964242
industrial_prices,"Textiles, habillement et cuirs",2010,2021,2,2021.083333,121,True,143.2,4.964242
industrial_prices,"Textiles, habillement et cuirs",2010,2021,3,2021.166667,122,True,143.2,4.964242
industrial_prices,"Textiles, habillement et cuirs",2010,2021,4,2021.25,123,True,143.3,4.96494
industrial_prices,"Textiles, habillement et cuirs",2010,2021,5,2021.333333,124,True,144.1,4.970508
industrial_prices,"Textiles, habillement et cuirs",2010,2021,6,2021.416667,125,True,144.1,4.970508
industrial_prices,"Textiles, habillement et cuirs",2010,2021,7,2021.5,126,True,145.1,4.977423
industrial_prices,"Textiles, habillement et cuirs",2010,2021,8,2021.583333,127,True,145.1,4.977423
industrial_prices,"Textiles, habillement et cuirs",2010,2021,9,2021.666667,128,True,146.0,4.983607
industrial_prices,"Textiles, habillement et cuirs",2010,2021,10,2021.75,129,True,147.4,4.99315
industrial_prices,"Textiles, habillement et cuirs",2010,2021,11,2021.833333,130,True,147.7,4.995183
industrial_prices,"Textiles, habillement et cuirs",2010,2021,12,2021.916667,131,True,148.1,4.997888
industrial_prices,"Textiles, habillement et cuirs",2010,2022,1,2022.0,132,True,163.5,5.096813
industrial_prices,"Textiles, habillement et cuirs",2010,2022,11,2022.833333,142,True,165.8,5.110782
industrial_prices,"Textiles, habillement et cuirs",2010,2022,12,2022.916667,143,True,165.8,5.110782
