title_fr,editions,values_read,values_kept,values_in_conflict,status
activite de la cour de cassation par 2,0,0,0,0,"not extracted (header unreadable, or rows refused)"
activite des tribunaux par degre 1,0,0,0,0,"not extracted (header unreadable, or rows refused)"
activites de la cours de cassation par matiere au cours de l annee judiciaire,0,0,0,0,"not extracted (header unreadable, or rows refused)"
activites de la sante de la reproduction 5,0,0,0,0,"not extracted (header unreadable, or rows refused)"
activites des centres du planing familial selon l objet par gouvernorat,1,144,144,0,extracted
activites des centres du planning familial 5,2,300,300,0,extracted
activites des cours d appel 3,0,0,0,0,"not extracted (header unreadable, or rows refused)"
activites des cours d appel par matiere et par annee judiciaire,0,0,0,0,"not extracted (header unreadable, or rows refused)"
activites des justices cantonales 5,0,0,0,0,"not extracted (header unreadable, or rows refused)"
activites des justices cantonales par matiere au cours de l annee judiciaire 2000 - 2001,0,0,0,0,"not extracted (header unreadable, or rows refused)"
activites des tribunaux 4,0,0,0,0,"not extracted (header unreadable, or rows refused)"
activites des tribunaux de 1 ere,0,0,0,0,"not extracted (header unreadable, or rows refused)"
activites des tribunaux par degre au cours de l annee judiciaire 2000 - 2001,0,0,0,0,"not extracted (header unreadable, or rows refused)"
activites du planning familial 6,2,652,652,0,extracted
activites du planning familial selon les differentes methodes par gouvernorat,0,0,0,0,"not extracted (header unreadable, or rows refused)"
activité de la cour de cassation par 2,0,0,0,0,"not extracted (header unreadable, or rows refused)"
activité de la cour de cassation par matière au cours de,0,0,0,0,"not extracted (header unreadable, or rows refused)"
activité de la cour de cassation par matière au cours de l année 2,0,0,0,0,"not extracted (header unreadable, or rows refused)"
activité des tribunaux par degré 1,0,0,0,0,"not extracted (header unreadable, or rows refused)"
activité des tribunaux par degré au cours de l année judiciaire 2017-2018 2018-2017 1,0,0,0,0,"not extracted (header unreadable, or rows refused)"
activité des tribunaux par degré au cours de l année judiciaire 2020-2021 2021-2020 1,0,0,0,0,"not extracted (header unreadable, or rows refused)"
activité des tribunaux par degré au cours de l année judiciaire 2023-2022 1,0,0,0,0,"not extracted (header unreadable, or rows refused)"
activités de la santé de la reproduction 5,0,0,0,0,"not extracted (header unreadable, or rows refused)"
activités de la santé de la reproduction et de la 2019 5,0,0,0,0,"not extracted (header unreadable, or rows refused)"
activités de la santé de la reproduction et de la plani cation,0,0,0,0,"not extracted (header unreadable, or rows refused)"
activités de la santé de la reproduction et de la plani cation 5,0,0,0,0,"not extracted (header unreadable, or rows refused)"
activités de la santé de la reproduction et de la planification,0,0,0,0,"not extracted (header unreadable, or rows refused)"
activités de la santé de la reproduction et de la planification 2020 5,0,0,0,0,"not extracted (header unreadable, or rows refused)"
activités de la santé de la reproduction et de la planification 2021 5,0,0,0,0,"not extracted (header unreadable, or rows refused)"
activités de la santé de la reproduction et de la planification 2022 5,0,0,0,0,"not extracted (header unreadable, or rows refused)"
activités de la santé de la reproduction et de la planification 2023 5,0,0,0,0,"not extracted (header unreadable, or rows refused)"
activités de la santé de la reproduction et de la planification 5,0,0,0,0,"not extracted (header unreadable, or rows refused)"
activités de la santé de la reproduction et de la planification familiale 5,0,0,0,0,"not extracted (header unreadable, or rows refused)"
activités des centres du planning familial selon l objet,0,0,0,0,"not extracted (header unreadable, or rows refused)"
activités des cours d appel par matière et par année judiciaire 3,10,750,307,0,extracted
activités des justices cantonales 5,0,0,0,0,"not extracted (header unreadable, or rows refused)"
activités des justices cantonales par matière au cours de 5,0,0,0,0,"not extracted (header unreadable, or rows refused)"
activités des tribunaux 4,0,0,0,0,"not extracted (header unreadable, or rows refused)"
activités des tribunaux de 1ere instance par matière 4,0,0,0,0,"not extracted (header unreadable, or rows refused)"
activités des tribunaux de 1ere instance par matière au cours 4,0,0,0,0,"not extracted (header unreadable, or rows refused)"
affaires devant les tribunaux de 1ère instance en matière 10,0,0,0,0,"not extracted (header unreadable, or rows refused)"
affaires enrolees devant les tribunaux 6,0,0,0,0,"not extracted (header unreadable, or rows refused)"
affaires enrolees devant les tribunaux 8,0,0,0,0,"not extracted (header unreadable, or rows refused)"
affaires enrolees devant les tribunaux de 1 ere,0,0,0,0,"not extracted (header unreadable, or rows refused)"
affaires enrolées devant les tribunaux 6,0,0,0,0,"not extracted (header unreadable, or rows refused)"
affaires enrolées devant les tribunaux 7,0,0,0,0,"not extracted (header unreadable, or rows refused)"
affaires enrolées devant les tribunaux 8,0,0,0,0,"not extracted (header unreadable, or rows refused)"
affaires enrolées devant les tribunaux de 1ere instance en matière 6,5,650,260,0,extracted
affaires enrolées devant les tribunaux de 1ere instance en matière 8,5,650,260,0,extracted
affaires enrolées et traitées devant les 10,0,0,0,0,"not extracted (header unreadable, or rows refused)"
affaires enrolées et traitées devant les tribunaux de 1ere instance 10.5,5,288,154,0,extracted
affaires enrôlées devant les tribunaux de 1ère instance en,0,0,0,0,"not extracted (header unreadable, or rows refused)"
affaires traitees devant les tribunaux 10,0,0,0,0,"not extracted (header unreadable, or rows refused)"
affaires traitees devant les tribunaux 7,0,0,0,0,"not extracted (header unreadable, or rows refused)"
affaires traitees devant les tribunaux 9,0,0,0,0,"not extracted (header unreadable, or rows refused)"
affaires traitees devant les tribunaux de 1 ere,1,24,24,0,extracted
affaires traitées devant les tribunaux 7,0,0,0,0,"not extracted (header unreadable, or rows refused)"
affaires traitées devant les tribunaux 8,0,0,0,0,"not extracted (header unreadable, or rows refused)"
affaires traitées devant les tribunaux 9,0,0,0,0,"not extracted (header unreadable, or rows refused)"
affaires traitées devant les tribunaux de 1ere instance en matière 7,5,650,260,0,extracted
affaires traitées devant les tribunaux de 1ere instance en matière 9,5,650,260,0,extracted
affaires traitées et enrolées devant les 10,0,0,0,0,"not extracted (header unreadable, or rows refused)"
agrégats de monnaie et autres ressources 245,0,0,0,0,"not extracted (header unreadable, or rows refused)"
agrégats de monnaie et autres ressources 3,1,72,72,0,extracted
balance des paiements de la tunisie: : 10,0,0,0,0,"not extracted (header unreadable, or rows refused)"
balance des paiements de la tunisie: : 9,0,0,0,0,"not extracted (header unreadable, or rows refused)"
balance des paiements de la tunisie:compte financier 256 :: 10,0,0,0,0,"not extracted (header unreadable, or rows refused)"
balance du tra c des mandats 4,3,45,21,0,extracted
balance du trafic des mandats (régime international) ) ( 4,13,195,54,0,extracted
balance du trafic des mandats régime,0,0,0,0,"not extracted (header unreadable, or rows refused)"
capacite d hebergement 14,0,0,0,0,"not extracted (header unreadable, or rows refused)"
capacite d hebergement par region touristique,0,0,0,0,"not extracted (header unreadable, or rows refused)"
capacite de traitement des stations 14,9,140,56,0,extracted
capacite de traitement des stations 14.18,5,50,22,4,extracted with conflicts
capacite de traitement des stations 15.18,5,25,13,0,extracted
capacite de traitement des stations 16,5,25,17,0,extracted
capacite de traitement des stations d epuration en termes d equivalents,1,18,18,0,extracted
capacite de traitement des stations d epuration en termes de d bo,1,18,18,0,extracted
capacite de traitement des stations d epuration en termes de volume,1,42,42,0,extracted
capacite de traitement des stations d épuration en termes de volume 14,0,0,0,0,"not extracted (header unreadable, or rows refused)"
capacité d hébergement 14,0,0,0,0,"not extracted (header unreadable, or rows refused)"
capacité d hébergement 14.10,0,0,0,0,"not extracted (header unreadable, or rows refused)"
capacité d hébergement par région touristique 14.10,0,0,0,0,"not extracted (header unreadable, or rows refused)"
capacité d hébergement par région touristique 166 14,0,0,0,0,"not extracted (header unreadable, or rows refused)"
capacité de traitement des stations 15,7,35,15,0,extracted
capacité de traitement des stations 15.18,2,10,6,0,extracted
capacité de traitement des stations 16,7,35,15,0,extracted
capacité de traitement des stations 16.18,2,10,6,0,extracted
capacité de traitement des stations d épuration en,0,0,0,0,"not extracted (header unreadable, or rows refused)"
capacité de traitement des stations d épuration en 15,0,0,0,0,"not extracted (header unreadable, or rows refused)"
capacité de traitement des stations d épuration en 16,0,0,0,0,"not extracted (header unreadable, or rows refused)"
capacité de traitement des stations d épuration en termes 16,2,10,6,0,extracted
capacité de traitement des stations d épuration en termes de 15,2,10,6,0,extracted
classes - eleves par annee d etudes 6,0,0,0,0,"not extracted (header unreadable, or rows refused)"
classes - élèves par année d études 6,0,0,0,0,"not extracted (header unreadable, or rows refused)"
classes - élèves par année d études 6.1.2,0,0,0,0,"not extracted (header unreadable, or rows refused)"
classes - élèves par année d études du 1 cycle de 6.1.2,0,0,0,0,"not extracted (header unreadable, or rows refused)"
classes élèves par année d études 48 6,0,0,0,0,"not extracted (header unreadable, or rows refused)"
classes-eleves par annee d etudes du 1 cycle de l enseignement de base,0,0,0,0,"not extracted (header unreadable, or rows refused)"
colis postaux 2,16,375,108,0,extracted
colis postaux 201 2,0,0,0,0,"not extracted (header unreadable, or rows refused)"
compte des operations avec l exterieur,6,701,269,13,extracted with conflicts
compte des operations avec l exterieur (suite et fin),6,325,129,8,extracted with conflicts
compte des opérations avec l extérieur (suite et fin) ) ( 16,16,765,223,16,extracted with conflicts
compte des opérations avec l extérieur 16,16,1885,536,45,extracted with conflicts
compte des opérations avec l extérieur 285 16,0,0,0,0,"not extracted (header unreadable, or rows refused)"
compte des opérations avec l extérieur 287 16,0,0,0,0,"not extracted (header unreadable, or rows refused)"
comptes d epargne en dinars convertibles 203 6,0,0,0,0,"not extracted (header unreadable, or rows refused)"
comptes d épargne en dinars convertibles 6,16,555,179,7,extracted with conflicts
consommation de tabac et d allumettes,1,35,35,0,extracted
consommation de tabac et d allumettes 4,6,150,73,1,extracted with conflicts
consommation et epargne,6,288,123,5,extracted with conflicts
consommation et epargne 278 8,0,0,0,0,"not extracted (header unreadable, or rows refused)"
consommation et epargne 280 8,0,0,0,0,"not extracted (header unreadable, or rows refused)"
consommation et épargne 8,16,630,130,49,extracted with conflicts
contractés par gouvernorat de déclaration 35 14,0,0,0,0,"not extracted (header unreadable, or rows refused)"
contribution a l évolution du pib aux prix de 6,0,0,0,0,"not extracted (header unreadable, or rows refused)"
contribution a l évolution du pib aux prix de l année 277 6,0,0,0,0,"not extracted (header unreadable, or rows refused)"
contribution a l évolution du pib aux prix de l année 279 6,0,0,0,0,"not extracted (header unreadable, or rows refused)"
contribution des elements de la 6,5,200,75,5,extracted with conflicts
contribution des elements de la demande a la croissance du p . i . b,1,70,70,0,extracted
contribution des élements de la 6,2,100,60,0,extracted
contribution des éléments de la demande à la,0,0,0,0,"not extracted (header unreadable, or rows refused)"
contribution à l évolution du p.i.b aux prix 6,9,450,134,14,extracted with conflicts
contribution à l évolution du p.i.b aux prix de l année précédente 6,5,250,65,25,extracted with conflicts
cours annuels moyens en dinar 13,0,0,0,0,"not extracted (header unreadable, or rows refused)"
cours annuels moyens en dinar des principales 12.15,0,0,0,0,"not extracted (header unreadable, or rows refused)"
cours annuels moyens en dinar des principales 13.15,0,0,0,0,"not extracted (header unreadable, or rows refused)"
cours annuels moyens en dinar des principales devises cotees sur le marche de,1,56,56,0,extracted
cours annuels moyens en dinars des principales 12,0,0,0,0,"not extracted (header unreadable, or rows refused)"
cours annuels moyens en dinars des principales 13,0,0,0,0,"not extracted (header unreadable, or rows refused)"
creances et dettes,1,28,28,0,extracted
creances et dettes 10,5,145,50,7,extracted with conflicts
créances et dettes 10,16,560,108,47,extracted with conflicts
créances et dettes 279 10,0,0,0,0,"not extracted (header unreadable, or rows refused)"
créances et dettes 281 10,0,0,0,0,"not extracted (header unreadable, or rows refused)"
culture 2,0,0,0,0,"not extracted (header unreadable, or rows refused)"
de la cour de cassation par matière 99 2,0,0,0,0,"not extracted (header unreadable, or rows refused)"
deces corriges et taux bruts 14,0,0,0,0,"not extracted (header unreadable, or rows refused)"
deces corriges et taux bruts de mortalite pour 1000 habitants par gouvernorat,0,0,0,0,"not extracted (header unreadable, or rows refused)"
deces observes par genre et gouvernorat de domicile,1,3,3,0,extracted
deces observes par mois et par annee ( mois de deces),0,0,0,0,"not extracted (header unreadable, or rows refused)"
deces obseves par mois et par annee 12,0,0,0,0,"not extracted (header unreadable, or rows refused)"
demandes d emploi 1,0,0,0,0,"not extracted (header unreadable, or rows refused)"
depenses de l etat,1,30,30,0,extracted
depenses du titre i,2,188,188,0,extracted
depenses du titre i 9,2,168,168,0,extracted
depenses du titre i par categorie et chapitre,0,0,0,0,"not extracted (header unreadable, or rows refused)"
depenses du titre ii ( equipement ) ( ) 10,4,260,134,0,extracted
depenses du titre ii ( equipement ) par chapitre,1,140,140,0,extracted
des cours d appel par matière 100 3,0,0,0,0,"not extracted (header unreadable, or rows refused)"
des justices cantonales par matière 101 5,0,0,0,0,"not extracted (header unreadable, or rows refused)"
des tribunaux de première instance par matière 101 4,0,0,0,0,"not extracted (header unreadable, or rows refused)"
des tribunaux par degré 99 1,0,0,0,0,"not extracted (header unreadable, or rows refused)"
division administrative du pays,0,0,0,0,"not extracted (header unreadable, or rows refused)"
division administrative du pays 1,0,0,0,0,"not extracted (header unreadable, or rows refused)"
division administrative du pays 329,0,0,0,0,"not extracted (header unreadable, or rows refused)"
division administrative du pays 331,0,0,0,0,"not extracted (header unreadable, or rows refused)"
divorces prononces par les tribunaux 22,0,0,0,0,"not extracted (header unreadable, or rows refused)"
divorces prononces par les tribunaux de 1 ere,0,0,0,0,"not extracted (header unreadable, or rows refused)"
divorces prononcés par les tribunaux 18,0,0,0,0,"not extracted (header unreadable, or rows refused)"
divorces prononcés par les tribunaux 22,0,0,0,0,"not extracted (header unreadable, or rows refused)"
divorces prononcés par les tribunaux 23,0,0,0,0,"not extracted (header unreadable, or rows refused)"
divorces prononcés par les tribunaux 25,0,0,0,0,"not extracted (header unreadable, or rows refused)"
divorces prononcés par les tribunaux de 1ère instance 18,5,650,260,0,extracted
domaine de l informatique et de l internet 198 4,0,0,0,0,"not extracted (header unreadable, or rows refused)"
domaine de l informatique et de l internet 4,19,625,237,14,extracted with conflicts
domaine de la poste 2,0,0,0,0,"not extracted (header unreadable, or rows refused)"
domaine de la poste : balance : 10,3,45,21,0,extracted
domaine de la poste: :,3,30,14,0,extracted
domaine de la poste: : 11,3,165,165,0,extracted
domaine de la poste: : 7,3,135,63,0,extracted
domaine de la poste: : 8,3,75,35,0,extracted
domaine de la poste: comptes : 12,1,50,50,0,extracted
domaine de la poste: mandats : 9,3,60,28,0,extracted
domaine de la poste: montant des mandats : 13,3,630,294,0,extracted
domaine de la poste: montant des mandats émis par l étranger : 13,0,0,0,0,"not extracted (header unreadable, or rows refused)"
domaine de la postes 2,0,0,0,0,"not extracted (header unreadable, or rows refused)"
domaine de la télédiffusion (suite) ) ( 5,18,1865,701,1,extracted with conflicts
domaine de la télédiffusion 199 5,0,0,0,0,"not extracted (header unreadable, or rows refused)"
domaine de radiodiffusion 6,1,70,70,0,extracted
domaine des telecommunications 1,0,0,0,0,"not extracted (header unreadable, or rows refused)"
domaine des telecommunications: : 1,3,75,35,0,extracted
domaine des telecommunications: : 2,3,75,35,0,extracted
domaine des telecommunications: : 3,3,375,175,0,extracted
domaine des telecommunications: : 4,3,195,99,0,extracted
domaine des télécommunications 1,0,0,0,0,"not extracted (header unreadable, or rows refused)"
domaine des télécommunications: evolution du nombre d abonnés : 3,0,0,0,0,"not extracted (header unreadable, or rows refused)"
donnees generales 1,0,0,0,0,"not extracted (header unreadable, or rows refused)"
donnees globales du marche de l emploi,1,56,56,0,extracted
données globales 10,16,640,168,0,extracted
données globales du marché de l emploi 10,5,100,36,0,extracted
données globales du marché de l emploi 113 10,0,0,0,0,"not extracted (header unreadable, or rows refused)"
données générales 1,5,375,135,0,extracted
durée moyenne de séjour par nationalité,21,1819,482,19,extracted with conflicts
durée moyenne de séjour par nationalité 169 17,0,0,0,0,"not extracted (header unreadable, or rows refused)"
décès corriges selon le gouvernorat de domicile et le sexe 11,4,768,480,0,extracted
décès corrigés selon le gouvernorat de domicile et le sexe 32 11,0,0,0,0,"not extracted (header unreadable, or rows refused)"
décès et taux bruts de mortalité par gouvernorat 12,4,1024,448,0,extracted
décés corrigés et taux bruts 12,0,0,0,0,"not extracted (header unreadable, or rows refused)"
décés corrigés et taux bruts 14,0,0,0,0,"not extracted (header unreadable, or rows refused)"
décés corrigés et taux bruts 15,0,0,0,0,"not extracted (header unreadable, or rows refused)"
décés corrigés et taux bruts 15.1,0,0,0,0,"not extracted (header unreadable, or rows refused)"
décés corrigés et taux bruts de mortalité par gouvernorat 12,1,256,256,0,extracted
décés observés par genre et 13,7,1350,777,0,extracted
décés observés par genre et 14,4,388,258,33,extracted with conflicts
décés observés par genre et gouvernorat de déclaration 11,6,1152,672,0,extracted
décés observés par mois et par année 12,0,0,0,0,"not extracted (header unreadable, or rows refused)"
décés observés par mois et par année 13,0,0,0,0,"not extracted (header unreadable, or rows refused)"
décés observés par mois et par année 13.1,0,0,0,0,"not extracted (header unreadable, or rows refused)"
dépenses de l état 266 7,0,0,0,0,"not extracted (header unreadable, or rows refused)"
dépenses de l état 268 7,0,0,0,0,"not extracted (header unreadable, or rows refused)"
dépenses de l état 7,21,765,257,15,extracted with conflicts
dépenses des fonds de concours 12,12,980,360,11,extracted with conflicts
dépenses des fonds de concours 271 12,0,0,0,0,"not extracted (header unreadable, or rows refused)"
dépenses des fonds de concours 273 12,0,0,0,0,"not extracted (header unreadable, or rows refused)"
dépenses du titre i,5,536,536,0,extracted
dépenses du titre i 9,6,664,548,0,extracted
dépenses du titre i par catégorie et chapitre 268 9,0,0,0,0,"not extracted (header unreadable, or rows refused)"
dépenses du titre i par catégorie et chapitre 270 9,0,0,0,0,"not extracted (header unreadable, or rows refused)"
dépenses du titre i par catégorie et département 9,5,564,452,0,extracted
dépenses du titre i par chapitre 267 8,0,0,0,0,"not extracted (header unreadable, or rows refused)"
dépenses du titre i par chapitre 269 8,0,0,0,0,"not extracted (header unreadable, or rows refused)"
dépenses du titre i par chapitre 8,22,2210,1025,11,extracted with conflicts
dépenses du titre ii (équipement) ( ) 10,4,405,225,0,extracted
dépenses du titre ii (équipement) ) ( 10,8,885,375,40,extracted with conflicts
dépenses du titre ii (équipement) par chapitre ( ) 10,5,534,324,0,extracted
dépenses du titre ii par chapitre 269 ( ) 10,0,0,0,0,"not extracted (header unreadable, or rows refused)"
dépenses du titre ii par chapitre 271 ( ) 10,0,0,0,0,"not extracted (header unreadable, or rows refused)"
effectif des etudiants 20,0,0,0,0,"not extracted (header unreadable, or rows refused)"
effectif des of cines et des médecins 3,3,252,174,0,extracted
effectif des officines et des medecins 3,5,486,486,0,extracted
effectif des officines et des medecins par gouvernorat,1,132,132,0,extracted
effectif des officines et des médecins 3,4,420,420,0,extracted
effectif des officines et des médecins par gouvernorat 3,4,456,342,0,extracted
effectif des officines et des médecins par gouvernorat 91 3,0,0,0,0,"not extracted (header unreadable, or rows refused)"
effectif des étudiants 19,0,0,0,0,"not extracted (header unreadable, or rows refused)"
effectif des étudiants 20,0,0,0,0,"not extracted (header unreadable, or rows refused)"
effectif des étudiants diplômés de fin d études 19,0,0,0,0,"not extracted (header unreadable, or rows refused)"
effectifs des etudiants et diplomes 21,0,0,0,0,"not extracted (header unreadable, or rows refused)"
effectifs des etudiants et diplomes de fin d etudes par secteur et par genre,0,0,0,0,"not extracted (header unreadable, or rows refused)"
emploi 1,0,0,0,0,"not extracted (header unreadable, or rows refused)"
"en 2002, des eaux de saumure (4.5 en 2002) ,des eaux consacrées ( 2002 5,4)",0,0,0,0,"not extracted (header unreadable, or rows refused)"
en 2003. des eaux de saumure (5.6 en 2003) .des eaux consacrées ( 2003 5.6),0,0,0,0,"not extracted (header unreadable, or rows refused)"
en matière civile par année judiciaire 102 6,0,0,0,0,"not extracted (header unreadable, or rows refused)"
en matière civile par année judiciaire 104 8,0,0,0,0,"not extracted (header unreadable, or rows refused)"
en matière correctionnelle par année judiciaire 103 7,0,0,0,0,"not extracted (header unreadable, or rows refused)"
en matière correctionnelle par année judiciaire 105 9,0,0,0,0,"not extracted (header unreadable, or rows refused)"
en matière criminelle au cours de l année judiciaire 106 10,0,0,0,0,"not extracted (header unreadable, or rows refused)"
enseignement 1,0,0,0,0,"not extracted (header unreadable, or rows refused)"
ensemble 24 4,0,0,0,0,"not extracted (header unreadable, or rows refused)"
ensemble des immatriculations 3,16,2090,405,103,extracted with conflicts
ensemble des immatriculations des vehicules par categorie et marque,0,0,0,0,"not extracted (header unreadable, or rows refused)"
ensemble des immatriculations des véhicules par,0,0,0,0,"not extracted (header unreadable, or rows refused)"
ensemble des immatriculations des véhicules par catégorie et marque 3,5,645,311,0,extracted
entrees des voyageurs non residents par nationalite et par mois,5,1006,162,199,extracted with conflicts
entrees des voyageurs non residents par nationalite et par mois ( voie aerienne),5,803,361,0,extracted
entrees des voyageurs non residents par nationalite et par mois ( voie maritime),5,779,347,6,extracted with conflicts
entreprises privées selon le gouvernorat et la 3,0,0,0,0,"not extracted (header unreadable, or rows refused)"
entreprises privées selon le gouvernorat et la tranche,0,0,0,0,"not extracted (header unreadable, or rows refused)"
entreprises privées selon le gouvernorat et la tranche de salariés 3,0,0,0,0,"not extracted (header unreadable, or rows refused)"
entrées des tunisiens par voie de transport et poste,0,0,0,0,"not extracted (header unreadable, or rows refused)"
entrées des tunisiens par voie de transport et poste frontière 12,20,2462,768,4,extracted with conflicts
entrées des voyageurs non résidents par nationalité et,0,0,0,0,"not extracted (header unreadable, or rows refused)"
entrées des voyageurs non résidents par nationalité et par mois 2,20,4835,1364,4,extracted with conflicts
entrées des voyageurs non résidents par nationalité et par mois 3,15,4030,1145,4,extracted with conflicts
entrées des voyageurs non résidents par nationalité et par mois 4,15,3751,1055,51,extracted with conflicts
entrées des voyageurs non résidents par nationalité et par mois 5,15,3671,1055,36,extracted with conflicts
epargne postale 203 5,0,0,0,0,"not extracted (header unreadable, or rows refused)"
epargne postale 5,16,640,178,0,extracted
equilibre ressources et emplois 3,7,350,110,4,extracted with conflicts
equilibre ressources et emplois des biens et services :,0,0,0,0,"not extracted (header unreadable, or rows refused)"
equilibre ressources et emplois des biens et services : :,0,0,0,0,"not extracted (header unreadable, or rows refused)"
equilibre ressources et emplois des biens et services : valeurs aux prix,8,420,158,2,extracted with conflicts
equilibre ressources et emplois des biens et services valeurs aux prix,1,70,70,0,extracted
estimation de la population 4,11,6327,6327,0,extracted
estimation de la population par,11,12627,12048,3,extracted with conflicts
estimation de la population par 2,0,0,0,0,"not extracted (header unreadable, or rows refused)"
estimation de la population par 4,0,0,0,0,"not extracted (header unreadable, or rows refused)"
estimation de la population par gouvernorat 26 5,0,0,0,0,"not extracted (header unreadable, or rows refused)"
estimation de la population par gouvernorat au 1er juillet 5.1,14,2240,608,0,extracted
estimation de la population par groupe d age genre et 2,5,2835,2835,0,extracted
estimation de la population par groupe d age genre et 3,5,1440,1440,0,extracted
estimation de la population par groupe d age genre et 4,5,2880,2880,0,extracted
estimation de la population par groupe d age genre et gouvernorat 3.1,5,1440,1440,0,extracted
"estimation de la population par groupe d age, genre et gouvernorat au 1.7.2001",0,0,0,0,"not extracted (header unreadable, or rows refused)"
"estimation de la population par groupe d âge, genre et gouvernorat 2",0,0,0,0,"not extracted (header unreadable, or rows refused)"
evolu tion mensuelle de l indice des prix de vente industriels ( suite et fin ),1,336,336,0,extracted
evolution annuelle de l indice des prix 2,11,3820,1154,82,extracted with conflicts
evolution annuelle de l indice des prix de vente 1,10,2216,822,1,extracted with conflicts
evolution annuelle de l indice des prix de vente industriels ( suite et fin ),0,0,0,0,"not extracted (header unreadable, or rows refused)"
evolution annuelle de l indice des prix de vente industriels 211 2,0,0,0,0,"not extracted (header unreadable, or rows refused)"
evolution annuelle de l indice des prix de vente industriels 215 2,0,0,0,0,"not extracted (header unreadable, or rows refused)"
evolution annuelle de l indice des prix de vente industriels 219 2,0,0,0,0,"not extracted (header unreadable, or rows refused)"
evolution annuelle de l indice des prix de vente industriels.. 205 1,0,0,0,0,"not extracted (header unreadable, or rows refused)"
evolution annuelle de l indice des prix de vente industriels.. 207 1,0,0,0,0,"not extracted (header unreadable, or rows refused)"
evolution annuelle de l indice des prix de vente industriels.. 209 1,0,0,0,0,"not extracted (header unreadable, or rows refused)"
evolution de l indice general 7,0,0,0,0,"not extracted (header unreadable, or rows refused)"
evolution de l indice general des prix 7,0,0,0,0,"not extracted (header unreadable, or rows refused)"
evolution de l indice general des prix a la consommation familiale,0,0,0,0,"not extracted (header unreadable, or rows refused)"
evolution de l indice general des prix a la consommation familiale ( suite et fin ),0,0,0,0,"not extracted (header unreadable, or rows refused)"
evolution de l indice general des prix a la consommation familiale selon les,0,0,0,0,"not extracted (header unreadable, or rows refused)"
evolution de l indice général 6,0,0,0,0,"not extracted (header unreadable, or rows refused)"
evolution de l indice général 7,0,0,0,0,"not extracted (header unreadable, or rows refused)"
evolution de l indice général des prix 8,11,787,407,10,extracted with conflicts
evolution de l indice général des prix à la,0,0,0,0,"not extracted (header unreadable, or rows refused)"
evolution de l indice général des prix à la 6,0,0,0,0,"not extracted (header unreadable, or rows refused)"
evolution de l indice général des prix à la consommation,0,0,0,0,"not extracted (header unreadable, or rows refused)"
evolution de l indice général des prix à la consommation 6,0,0,0,0,"not extracted (header unreadable, or rows refused)"
evolution de l indice général des prix à la consommation 6.13,0,0,0,0,"not extracted (header unreadable, or rows refused)"
evolution de l indice général des prix à la consommation 7,10,2004,766,94,extracted with conflicts
evolution de la capacite des bibliotheques publiques par categorie et par,22,3087,815,4,extracted with conflicts
evolution de la consommation 13.18,11,320,96,0,extracted
evolution de la consommation d eau 12,3,45,25,0,extracted
evolution de la consommation d electricite de haute et moyenne tension,1,105,105,0,extracted
evolution de la consommation d electricite par centre de distribution,10,364,130,0,extracted
evolution de la consommation d electricite par tension,1,35,35,0,extracted
evolution de la consommation d energie commerciale,21,434,128,4,extracted with conflicts
evolution de la consommation d électricité 7,11,275,75,0,extracted
evolution de la consommation d électricité 8,11,820,227,1,extracted with conflicts
evolution de la consommation de carburants,12,496,152,0,extracted
evolution de la consommation des produits pétroliers 15,10,445,129,1,extracted with conflicts
evolution de la consommation specifique journaliere d eau potable par,1,42,42,0,extracted
evolution de la consommation spéci que journalière,0,0,0,0,"not extracted (header unreadable, or rows refused)"
evolution de la consommation spécifique journalière,0,0,0,0,"not extracted (header unreadable, or rows refused)"
evolution de la consommation spécifique journalière 13,0,0,0,0,"not extracted (header unreadable, or rows refused)"
evolution de la consommation spécifique journalière d eau 13.19,10,275,76,3,extracted with conflicts
evolution de la consommation unitaire annuelle 12,0,0,0,0,"not extracted (header unreadable, or rows refused)"
evolution de la consommation unitaire annuelle d eau,0,0,0,0,"not extracted (header unreadable, or rows refused)"
evolution de la consommation unitaire annuelle d eau potable par 12.19,10,250,67,3,extracted with conflicts
evolution de la consommation unitaire annuelle d eau potable par abonne,12,305,84,5,extracted with conflicts
evolution de la production ( ),8,695,197,22,extracted with conflicts
evolution de la production ) (,8,550,180,0,extracted
evolution de la production 10.8,4,270,103,7,extracted with conflicts
evolution de la production brute de la sonede 9,0,0,0,0,"not extracted (header unreadable, or rows refused)"
evolution de la production brute de la sonede selon 9,0,0,0,0,"not extracted (header unreadable, or rows refused)"
evolution de la production brute de la sonede selon les ressources,21,468,132,5,extracted with conflicts
evolution de la production d agrumes par variete,0,0,0,0,"not extracted (header unreadable, or rows refused)"
evolution de la production d agrumes par variété 120,0,0,0,0,"not extracted (header unreadable, or rows refused)"
evolution de la production d energie primaire 127,0,0,0,0,"not extracted (header unreadable, or rows refused)"
evolution de la production d électricité par centrale 128 4,0,0,0,0,"not extracted (header unreadable, or rows refused)"
evolution de la production d élèctricité par centrale 2,22,948,247,9,extracted with conflicts
evolution de la production d énergie primaire 1.8,22,958,233,22,extracted with conflicts
evolution de la production de carburants,12,734,224,0,extracted
evolution de la production de la pêche par type 122 14,0,0,0,0,"not extracted (header unreadable, or rows refused)"
evolution de la production de la pêche par type 14.7,22,1120,286,5,extracted with conflicts
evolution de la production de vins mouts et mistelles par gouvernorat,22,560,141,3,extracted with conflicts
evolution de la production de vins moûts et,0,0,0,0,"not extracted (header unreadable, or rows refused)"
evolution de la production de vins moûts et mistelles par 121 11,0,0,0,0,"not extracted (header unreadable, or rows refused)"
evolution de la production des 13,5,250,128,2,extracted with conflicts
evolution de la production des 13.7,10,520,246,0,extracted
evolution de la production des cultures,0,0,0,0,"not extracted (header unreadable, or rows refused)"
evolution de la production des cultures industrielles,1,50,50,0,extracted
evolution de la production des cultures industrielles 122 13,0,0,0,0,"not extracted (header unreadable, or rows refused)"
evolution de la production des cultures industrielles 13.7,5,180,90,5,extracted with conflicts
evolution de la production des céréales 117,0,0,0,0,"not extracted (header unreadable, or rows refused)"
evolution de la production des fruits ( sauf agrumes ),1,98,98,0,extracted
evolution de la production des fruits (sauf agrumes) ) ( 8,5,280,108,2,extracted with conflicts
evolution de la production des fruits (sauf agrumes) 120 ) (,0,0,0,0,"not extracted (header unreadable, or rows refused)"
evolution de la production des légumineuses 119,0,0,0,0,"not extracted (header unreadable, or rows refused)"
evolution de la production des produits pétroliers 14,10,590,180,0,extracted
evolution de la production et de la consommation d eau,19,603,181,0,extracted
evolution de la production et de la consommation du gaz,12,676,267,0,extracted
evolution de la production et de la consommation du gaz 10.8,5,370,131,3,extracted with conflicts
evolution de la production et des echanges de petrole brut,1,42,42,0,extracted
evolution de la production et des échanges de pétrole brut 13,21,605,174,3,extracted with conflicts
evolution de la production nette et de la 10,0,0,0,0,"not extracted (header unreadable, or rows refused)"
evolution de la production nette et de la consommation,0,0,0,0,"not extracted (header unreadable, or rows refused)"
evolution de la production nette et de la consommation d eau potable,22,900,243,5,extracted with conflicts
evolution de la puissance 3,3,80,36,4,extracted with conflicts
evolution de la puissance installée par centrale 1 1,19,639,197,2,extracted with conflicts
evolution de la repartition de l exploitation des nappes profondes par secteur,5,77,33,0,extracted
evolution de la répartition 7,1,5,5,0,extracted
evolution de la répartition de l exploitation des,0,0,0,0,"not extracted (header unreadable, or rows refused)"
evolution de la répartition de l exploitation des nappes,0,0,0,0,"not extracted (header unreadable, or rows refused)"
evolution de la répartition de l exploitation des nappes 7,0,0,0,0,"not extracted (header unreadable, or rows refused)"
evolution de la situation de la banque 247,0,0,0,0,"not extracted (header unreadable, or rows refused)"
evolution de la situation de la banque 4,1,57,57,0,extracted
evolution de la situation de la banque centrale de tunisie par secteur,21,1227,418,3,extracted with conflicts
evolution de la situation de la banque centrale par,0,0,0,0,"not extracted (header unreadable, or rows refused)"
evolution de la situation des banques de dépots par secteur 6,21,1454,451,0,extracted
evolution de la situation des banques de dépôts par,0,0,0,0,"not extracted (header unreadable, or rows refused)"
evolution de la structure du système financier 1,22,945,270,6,extracted with conflicts
evolution de la structure du système financier 243,0,0,0,0,"not extracted (header unreadable, or rows refused)"
evolution de la super cie *,3,80,40,0,extracted
evolution de la super cie des vignobles par,0,0,0,0,"not extracted (header unreadable, or rows refused)"
evolution de la superficie *,13,325,105,0,extracted
evolution de la superficie des vignobles * par gouvernorat,1,35,35,0,extracted
evolution de la superficie des vignobles * par gouvernorat * 12,5,125,45,0,extracted
evolution de la superficie des vignobles par,0,0,0,0,"not extracted (header unreadable, or rows refused)"
evolution de la superficie des vignobles par gouvernorat 121 12,0,0,0,0,"not extracted (header unreadable, or rows refused)"
evolution de la valeur des ventes de la production miniere,2,72,52,0,extracted
evolution des abonnes par categorie de bibliotheques et par gouvernorat,22,3206,855,0,extracted
evolution des actifs et des occupés 1,10,100,28,0,extracted
evolution des actifs et des occupés 109 1,0,0,0,0,"not extracted (header unreadable, or rows refused)"
evolution des credits a court terme par branche d activite economique,21,816,344,0,extracted
evolution des crédits à court terme par branche,0,0,0,0,"not extracted (header unreadable, or rows refused)"
evolution des crédits à court terme par branche 6,1,66,66,0,extracted
evolution des crédits à court terme par branche 7,0,0,0,0,"not extracted (header unreadable, or rows refused)"
evolution des crédits à moyen et long terme par,0,0,0,0,"not extracted (header unreadable, or rows refused)"
evolution des crédits à moyen et long terme par 7,1,66,66,0,extracted
evolution des crédits à moyen et long terme par 8,0,0,0,0,"not extracted (header unreadable, or rows refused)"
evolution des crédits à moyen et long terme par branche d activité 8,21,836,348,0,extracted
evolution des demandes d emploi 1,11,65,21,0,extracted
evolution des demandes d emploi 5,5,25,9,0,extracted
evolution des demandes d emploi enregistrees par categorie,1,14,14,0,extracted
evolution des demandes d emploi enregistrées 5,5,45,17,0,extracted
evolution des demandes d emploi enregistrées par,0,0,0,0,"not extracted (header unreadable, or rows refused)"
evolution des demandes d emploi enregistrées par 5,0,0,0,0,"not extracted (header unreadable, or rows refused)"
evolution des demandes d emploi enregistrées par gouvernorat 110 6,0,0,0,0,"not extracted (header unreadable, or rows refused)"
evolution des dépenses des fonds spéciaux du trésor 270 11,0,0,0,0,"not extracted (header unreadable, or rows refused)"
evolution des dépenses des fonds spéciaux du trésor 272 11,0,0,0,0,"not extracted (header unreadable, or rows refused)"
evolution des dépenses des fonds spéciaux du trésor ventilés par fonds 11,22,2601,956,65,extracted with conflicts
evolution des echanges avec les principaux ensembles economiques,22,448,132,0,extracted
evolution des echanges par groupement d utilisation des marchandises,1,154,154,0,extracted
evolution des echanges par groupement sectoriel d activite,1,48,48,0,extracted
evolution des echanges par type d utilisation,1,28,28,0,extracted
evolution des entrees des voyageurs non residents par voie de transport,20,2650,757,0,extracted
evolution des entreprises privées 1,0,0,0,0,"not extracted (header unreadable, or rows refused)"
evolution des entreprises privées 2,0,0,0,0,"not extracted (header unreadable, or rows refused)"
evolution des entreprises privées selon l activité 1,5,510,238,0,extracted
evolution des entreprises privées selon la tranche,0,0,0,0,"not extracted (header unreadable, or rows refused)"
evolution des entreprises privées selon la tranche 2,0,0,0,0,"not extracted (header unreadable, or rows refused)"
evolution des entreprises privées selon la tranche de salariés 2,5,25,9,0,extracted
evolution des entrées d entreprises privées 4,0,0,0,0,"not extracted (header unreadable, or rows refused)"
evolution des entrées d entreprises privées 5,0,0,0,0,"not extracted (header unreadable, or rows refused)"
evolution des entrées d entreprises privées selon,0,0,0,0,"not extracted (header unreadable, or rows refused)"
evolution des entrées d entreprises privées selon 4,5,495,231,0,extracted
evolution des entrées d entreprises privées selon 5,0,0,0,0,"not extracted (header unreadable, or rows refused)"
evolution des entrées d entreprises privées selon 6,0,0,0,0,"not extracted (header unreadable, or rows refused)"
evolution des entrées d entreprises privées selon la,0,0,0,0,"not extracted (header unreadable, or rows refused)"
evolution des entrées d entreprises privées selon la tranche de 5,5,25,9,0,extracted
evolution des entrées d entreprises privées selon le gouvernorat 6,10,1550,434,0,extracted
evolution des exportations des principaux produits,0,0,0,0,"not extracted (header unreadable, or rows refused)"
evolution des exportations des principaux produits ( ) 5,0,0,0,0,"not extracted (header unreadable, or rows refused)"
evolution des exportations des principaux produits ) ( 5,0,0,0,0,"not extracted (header unreadable, or rows refused)"
evolution des exportations des principaux produits 234 6,0,0,0,0,"not extracted (header unreadable, or rows refused)"
evolution des exportations des principaux produits 5,21,3110,776,24,extracted with conflicts
evolution des exportations des principaux produits par,0,0,0,0,"not extracted (header unreadable, or rows refused)"
evolution des exportations des principaux produits par 5,0,0,0,0,"not extracted (header unreadable, or rows refused)"
evolution des exportations des principaux produits par groupement,22,1890,452,104,extracted with conflicts
evolution des fonds de livres par categorie de bibliotheques et par gouvernorat,22,3206,863,0,extracted
evolution des importations des principaux,1,140,140,0,extracted
evolution des importations des principaux produits 8,0,0,0,0,"not extracted (header unreadable, or rows refused)"
evolution des importations des principaux produits par,0,0,0,0,"not extracted (header unreadable, or rows refused)"
evolution des importations des principaux produits par 7,21,6300,1583,1,extracted with conflicts
evolution des importations des principaux produits par 8,0,0,0,0,"not extracted (header unreadable, or rows refused)"
evolution des importations des principaux produits par groupement,1,406,155,125,extracted with conflicts
evolution des importations par groupement des principaux 8,20,2710,707,7,extracted with conflicts
evolution des institutions de dépots (suite) ) ( 5,1,63,63,0,extracted
evolution des institutions de dépots 249,0,0,0,0,"not extracted (header unreadable, or rows refused)"
evolution des institutions de dépots 5.15,1,60,60,0,extracted
evolution des lecteurs par categorie de bibliotheques et par gouvernorat,22,3094,822,0,extracted
evolution des livres pretes par categorie de bibliotheques et par gouvernorat,1,196,196,0,extracted
evolution des livres prêtés par catégorie de 6,21,3000,767,0,extracted
evolution des longueurs des lignes par tension,1,28,28,0,extracted
evolution des mort-nes declares 15.2,0,0,0,0,"not extracted (header unreadable, or rows refused)"
evolution des mort-nes par gouvernorat de declaration,1,288,288,0,extracted
evolution des morts -nes par 16,5,790,288,0,extracted
evolution des morts-nes declares 15,0,0,0,0,"not extracted (header unreadable, or rows refused)"
evolution des morts-nes declares par mois et par annee,0,0,0,0,"not extracted (header unreadable, or rows refused)"
evolution des morts-nés déclarés 15,0,0,0,0,"not extracted (header unreadable, or rows refused)"
evolution des morts-nés déclarés 16,0,0,0,0,"not extracted (header unreadable, or rows refused)"
evolution des morts-nés déclarés 16.1,0,0,0,0,"not extracted (header unreadable, or rows refused)"
evolution des morts-nés par gouvernorat de déclaration 13.1,16,2560,671,1,extracted with conflicts
evolution des nombres d abonnés aux maisons 2,0,0,0,0,"not extracted (header unreadable, or rows refused)"
evolution des nombres d abonnés aux maisons des,0,0,0,0,"not extracted (header unreadable, or rows refused)"
evolution des nombres d abonnés aux maisons des 1,14,1838,476,0,extracted
evolution des nombres d abonnés aux maisons des 2,0,0,0,0,"not extracted (header unreadable, or rows refused)"
evolution des nombres d abonnés aux maisons des 3,0,0,0,0,"not extracted (header unreadable, or rows refused)"
evolution des nombres d entree,5,25,8,1,extracted with conflicts
evolution des nombres d entree dans les salles de cinema,1,7,7,0,extracted
evolution des nombres d entrées dans les salles 70 8,0,0,0,0,"not extracted (header unreadable, or rows refused)"
evolution des offres d emploi recues par categorie professionnelle,1,14,14,0,extracted
evolution des offres d emploi reçues par gouvernorat 7,22,2800,725,0,extracted
evolution des offres d emploi reçues par gouvernorat.. 111 7,0,0,0,0,"not extracted (header unreadable, or rows refused)"
evolution des placements realises en tunisie par categorie professionnelle,22,2899,762,1,extracted with conflicts
evolution des placements réalisés en tunisie par,0,0,0,0,"not extracted (header unreadable, or rows refused)"
evolution des placements réalisés en tunisie par catégorie 112 8,0,0,0,0,"not extracted (header unreadable, or rows refused)"
evolution des placements réalisés en tunisie par gouvern,0,0,0,0,"not extracted (header unreadable, or rows refused)"
evolution des placements réalisés en tunisie par gouvernorat 112 9,0,0,0,0,"not extracted (header unreadable, or rows refused)"
evolution des prelevements des eaux souterraines renouvelables et,6,154,60,0,extracted
evolution des prix de detail 4,5,2225,1319,6,extracted with conflicts
evolution des prix de detail a tunis ( moyenne des 12 mois ),1,217,217,0,extracted
evolution des prix de detail a tunis ( moyenne des 12 mois ) (suite),1,217,217,0,extracted
evolution des prix de detail a tunis (moyenne des 12 mois) (suite et fin),1,245,245,0,extracted
evolution des prix de détail 3,11,4200,1448,17,extracted with conflicts
evolution des prix de détail à tunis (moyenne des,0,0,0,0,"not extracted (header unreadable, or rows refused)"
evolution des prix de détail à tunis (moyenne des 12 mois) (suite et fin) ) ) ( 12 ( 3,5,500,180,0,extracted
evolution des prix de détail à tunis (moyenne des 12 mois) (suite) ) ) ( 12 ( 3,5,920,332,0,extracted
evolution des prix de détail à tunis (moyenne des 12 mois) ) 12 ( 3,5,525,188,1,extracted with conflicts
evolution des prix de ressources 5,9,415,132,8,extracted with conflicts
evolution des prix de ressources et emplois de biens et services 5,5,250,84,6,extracted with conflicts
evolution des prix moyens a la production,1,119,119,0,extracted
evolution des prix moyens a la production ( suite et fin ),1,84,84,0,extracted
evolution des prix moyens a la production 1,5,620,312,0,extracted
evolution des prix moyens à la production 1,6,645,178,63,extracted with conflicts
evolution des prélèvements 2,8,40,16,0,extracted
evolution des prélèvements 4,0,0,0,0,"not extracted (header unreadable, or rows refused)"
evolution des prélèvements des eaux souterraines,0,0,0,0,"not extracted (header unreadable, or rows refused)"
evolution des prélèvements des eaux souterraines 2,5,25,5,0,extracted
evolution des prélèvements des eaux souterraines 297 2,0,0,0,0,"not extracted (header unreadable, or rows refused)"
evolution des prélèvements des eaux souterraines 299 2,0,0,0,0,"not extracted (header unreadable, or rows refused)"
evolution des prélèvements des eaux souterraines 4,0,0,0,0,"not extracted (header unreadable, or rows refused)"
evolution des prélèvements des eaux souterraines renouvelables 4,0,0,0,0,"not extracted (header unreadable, or rows refused)"
evolution des ressources en eaux renouvelables,0,0,0,0,"not extracted (header unreadable, or rows refused)"
evolution des ressources en eaux renouvelables disponibles,13,111,40,0,extracted
evolution des ressources en eaux renouvelables disponibles 3,5,25,5,0,extracted
evolution des réseaux par tension,20,375,104,1,extracted with conflicts
evolution des sorties d entreprises privées 7,0,0,0,0,"not extracted (header unreadable, or rows refused)"
evolution des sorties d entreprises privées 8,0,0,0,0,"not extracted (header unreadable, or rows refused)"
evolution des sorties d entreprises privées selon,0,0,0,0,"not extracted (header unreadable, or rows refused)"
evolution des sorties d entreprises privées selon la,0,0,0,0,"not extracted (header unreadable, or rows refused)"
evolution des sorties d entreprises privées selon la 8,5,25,0,0,extracted
evolution des sorties d entreprises privées selon le gouvernorat 9,10,2026,655,17,extracted with conflicts
evolution des super cies 2,3,75,35,0,extracted
evolution des super cies reboisées 20,3,90,42,0,extracted
evolution des super cies reboisées et des plantations,0,0,0,0,"not extracted (header unreadable, or rows refused)"
evolution des superficies ensemencées en céréales 117,0,0,0,0,"not extracted (header unreadable, or rows refused)"
evolution des superficies ensemencées en céréales 2,19,485,142,0,extracted
evolution des superficies reboisees 20,0,0,0,0,"not extracted (header unreadable, or rows refused)"
evolution des superficies reboisees et des plantations pastorales,0,0,0,0,"not extracted (header unreadable, or rows refused)"
evolution des superficies reboisées 20,6,180,66,4,extracted with conflicts
evolution des superficies reboisées et des,0,0,0,0,"not extracted (header unreadable, or rows refused)"
evolution des superficies reboisées et des plantations,0,0,0,0,"not extracted (header unreadable, or rows refused)"
evolution des superficies reboisées et des plantations pastorales 20,0,0,0,0,"not extracted (header unreadable, or rows refused)"
evolution des ventes d électricité de haute et moyenne 8,10,700,200,0,extracted
evolution des ventes d électricité par tension 7,10,250,74,0,extracted
evolution des ventes d élèctricité par centre de distribution 6,10,385,133,0,extracted
evolution des échanges avec les principaux 9,0,0,0,0,"not extracted (header unreadable, or rows refused)"
evolution des échanges avec les principaux ensembles,0,0,0,0,"not extracted (header unreadable, or rows refused)"
evolution des échanges avec les principaux ensembles éco,0,0,0,0,"not extracted (header unreadable, or rows refused)"
evolution des échanges avec les principaux pays 10,22,3319,1064,12,extracted with conflicts
evolution des échanges avec les principaux pays 239 10,0,0,0,0,"not extracted (header unreadable, or rows refused)"
evolution des échanges par groupement 4,16,240,63,0,extracted
evolution des échanges par groupement des produits 4,5,25,8,1,extracted with conflicts
evolution des échanges par groupement sectoriel d activité 2,21,1350,513,19,extracted with conflicts
evolution des échanges par type d utilisation 231 3,0,0,0,0,"not extracted (header unreadable, or rows refused)"
evolution des échanges. par groupement sectoriel,0,0,0,0,"not extracted (header unreadable, or rows refused)"
evolution des échangespar groupement d utilisation 4,0,0,0,0,"not extracted (header unreadable, or rows refused)"
evolution des échangespar groupement d utilisation des,0,0,0,0,"not extracted (header unreadable, or rows refused)"
evolution du nombre d abonnes par usage,12,427,118,1,extracted with conflicts
evolution du nombre d abonnés au réseau,0,0,0,0,"not extracted (header unreadable, or rows refused)"
evolution du nombre d abonnés au réseau 2,0,0,0,0,"not extracted (header unreadable, or rows refused)"
evolution du nombre d abonnés au réseau téléphonique fixe 2,16,2100,562,1,extracted with conflicts
evolution du nombre d abonnés par usage 11.19,10,350,98,0,extracted
evolution du nombre d abonnés par usage 301 11,0,0,0,0,"not extracted (header unreadable, or rows refused)"
evolution du nombre d abonnés par usage 303 11,0,0,0,0,"not extracted (header unreadable, or rows refused)"
evolution du nombre d entrées,2,10,6,0,extracted
evolution du nombre d entrées 8,7,35,12,0,extracted
evolution du nombre d entrées dans les salles de cinéma 8,1,5,5,0,extracted
evolution du nombre de clients d électricité par centre de 9,10,1155,327,0,extracted
evolution du nombre de consommateurs d electricite par centre,10,1022,384,0,extracted
evolution du nombre de consommateurs par centre 9,0,0,0,0,"not extracted (header unreadable, or rows refused)"
evolution du nombre de consommateurs par centre de,0,0,0,0,"not extracted (header unreadable, or rows refused)"
evolution du nombre des abonnes et de la longueur du reseau (*),1,49,49,0,extracted
evolution du nombre des abonnés 11,15,440,138,10,extracted with conflicts
evolution du nombre des accidents par gouvernorat et,0,0,0,0,"not extracted (header unreadable, or rows refused)"
evolution du nombre des blessés par gouvernorat et,0,0,0,0,"not extracted (header unreadable, or rows refused)"
evolution du nombre des blessés par gouvernorat et par,0,0,0,0,"not extracted (header unreadable, or rows refused)"
evolution du nombre des blessés par gouvernorat et par mois 7,22,4137,1056,14,extracted with conflicts
evolution du nombre des demandes d emploi par gouvernorat 6,4,500,0,0,extracted
evolution du nombre des demandes d emploi par gouvernorat enregistrées 6,22,6252,354,719,extracted with conflicts
evolution du nombre des tués par gouvernorat et,0,0,0,0,"not extracted (header unreadable, or rows refused)"
evolution du nombre des tués par gouvernorat et par mois 8,22,4100,1028,42,extracted with conflicts
evolution du nombre des tués par gouvernorat etpar,0,0,0,0,"not extracted (header unreadable, or rows refused)"
evolution du nombre et des surfaces annuelles des,0,0,0,0,"not extracted (header unreadable, or rows refused)"
evolution du nombre et des surfaces annuelles des 307 21,0,0,0,0,"not extracted (header unreadable, or rows refused)"
evolution du nombre et des surfaces annuelles des 309 21,0,0,0,0,"not extracted (header unreadable, or rows refused)"
evolution du nombre et des surfaces annuelles des incendies des forets,17,172,43,3,extracted with conflicts
evolution du nombre et des surfaces annuelles des incendies des forêts 21,0,0,0,0,"not extracted (header unreadable, or rows refused)"
evolution du prélèvement d eau de la sonede selon les 9.19,16,240,50,1,extracted with conflicts
evolution du reseau des bibliotheques par categorie et par gouvernorat,22,3094,817,13,extracted with conflicts
evolution du réseau bancaire par gouvernorat 2.15,14,1734,564,0,extracted
evolution du réseau bancaire par gouvernorat 244 2,0,0,0,0,"not extracted (header unreadable, or rows refused)"
evolution du salaire 2,0,0,0,0,"not extracted (header unreadable, or rows refused)"
evolution du salaire 8,0,0,0,0,"not extracted (header unreadable, or rows refused)"
evolution du salaire minimum 1,0,0,0,0,"not extracted (header unreadable, or rows refused)"
evolution du salaire minimum 7,0,0,0,0,"not extracted (header unreadable, or rows refused)"
evolution du salaire minimum agricole garanti ( smag ),0,0,0,0,"not extracted (header unreadable, or rows refused)"
evolution du salaire minimum agricole garanti (smag) 114 2,0,0,0,0,"not extracted (header unreadable, or rows refused)"
evolution du salaire minimum agricole garanti (smag) 2,0,0,0,0,"not extracted (header unreadable, or rows refused)"
evolution du salaire minimum interprofessionnel,0,0,0,0,"not extracted (header unreadable, or rows refused)"
evolution du salaire minimum interprofessionnel garanti,0,0,0,0,"not extracted (header unreadable, or rows refused)"
evolution du salaire minimum interprofessionnel garanti ( smig ),0,0,0,0,"not extracted (header unreadable, or rows refused)"
evolution du salaire minimum interprofessionnel garanti (smig) 114 1,0,0,0,0,"not extracted (header unreadable, or rows refused)"
evolution du salaire minimum interprofessionnel garanti 1,0,0,0,0,"not extracted (header unreadable, or rows refused)"
evolution du total des credits par branche d activite economique,1,126,126,0,extracted
evolution du total des crédits par,0,0,0,0,"not extracted (header unreadable, or rows refused)"
evolution du total des crédits par 8,1,66,66,0,extracted
evolution du total des crédits par branche d activité 9,0,0,0,0,"not extracted (header unreadable, or rows refused)"
evolution du total des crédits par branche d activité économique 9,20,675,223,0,extracted
evolution mensuelle 3,11,4140,1308,192,extracted with conflicts
evolution mensuelle de l indice des prix de vente 212 2,0,0,0,0,"not extracted (header unreadable, or rows refused)"
evolution mensuelle de l indice des prix de vente industriels,1,329,329,0,extracted
evolution mensuelle de l indice des prix de vente industriels 2,10,4764,1284,24,extracted with conflicts
evolution mensuelle de l indice des prix de vente industriels 203 ... 3,0,0,0,0,"not extracted (header unreadable, or rows refused)"
evolution mensuelle de l indice des prix de vente industriels 205 ... 3,0,0,0,0,"not extracted (header unreadable, or rows refused)"
evolution mensuelle de l indice des prix de vente industriels 208 2,0,0,0,0,"not extracted (header unreadable, or rows refused)"
evolution mensuelle de l indice des prix de vente industriels 210 2,0,0,0,0,"not extracted (header unreadable, or rows refused)"
evolution mensuelle de l indice des prix de vente industriels 212 2,0,0,0,0,"not extracted (header unreadable, or rows refused)"
evolution mensuelle des échanges 1,22,3248,845,0,extracted
evolution mensuelle des échanges 229 1,0,0,0,0,"not extracted (header unreadable, or rows refused)"
evolutions des importations des principaux produits 7,0,0,0,0,"not extracted (header unreadable, or rows refused)"
evolutions des importations des principaux produits par,0,0,0,0,"not extracted (header unreadable, or rows refused)"
evolutions des importations des principaux produits par ( ) 7,0,0,0,0,"not extracted (header unreadable, or rows refused)"
evolutions des importations des principaux produits par ) ( 7,0,0,0,0,"not extracted (header unreadable, or rows refused)"
evolutions des importations des principaux produits par ... ) ( 7,0,0,0,0,"not extracted (header unreadable, or rows refused)"
exploitation des nappes 8,0,0,0,0,"not extracted (header unreadable, or rows refused)"
exploitation des nappes profondes par classe des,0,0,0,0,"not extracted (header unreadable, or rows refused)"
exploitation des nappes profondes par classe des 8,0,0,0,0,"not extracted (header unreadable, or rows refused)"
exploitation des nappes profondes par classe des residus secs (rs) et selon,0,0,0,0,"not extracted (header unreadable, or rows refused)"
exploitation des nappes profondes par classe des résidus 8,0,0,0,0,"not extracted (header unreadable, or rows refused)"
formation brute de capital fixe par domaine (1),17,2630,699,134,extracted with conflicts
formation brute de capital fixe par domaine 15,5,720,323,33,extracted with conflicts
formation brute de capital fixe par domaine 284 15,0,0,0,0,"not extracted (header unreadable, or rows refused)"
formation brute de capital fixe par domaine 286 15,0,0,0,0,"not extracted (header unreadable, or rows refused)"
formation brute de capital fixe par secteur d activité 14,22,2860,805,114,extracted with conflicts
formation brute de capital fixe par secteur d activité 283,0,0,0,0,"not extracted (header unreadable, or rows refused)"
formation brute de capital fixe par secteur d activité 285,0,0,0,0,"not extracted (header unreadable, or rows refused)"
immatriculation des vehicules neufs par categorie et marque,0,0,0,0,"not extracted (header unreadable, or rows refused)"
immatriculation des véhicules neufs par catégorie et,0,0,0,0,"not extracted (header unreadable, or rows refused)"
immatriculation des véhicules neufs par catégorie et marque 1,21,2645,671,0,extracted
immatriculation des véhicules occasions par catégorie,0,0,0,0,"not extracted (header unreadable, or rows refused)"
immatriculation des véhicules occasions par catégorie et marque 2,22,2759,741,1,extracted with conflicts
indice de la production industrielle,0,0,0,0,"not extracted (header unreadable, or rows refused)"
indice de la production industrielle ( suite et fin ),0,0,0,0,"not extracted (header unreadable, or rows refused)"
indice de la production industrielle (suite et fin) ) ( 1,21,4557,1338,170,extracted with conflicts
indice de la production industrielle 137,0,0,0,0,"not extracted (header unreadable, or rows refused)"
indice general des prix 6,5,441,441,0,extracted
indice general des prix a la consommation familiale par mois et par groupe,1,137,137,0,extracted
indice général des prix à la consommation 5,0,0,0,0,"not extracted (header unreadable, or rows refused)"
indice général des prix à la consommation 6,6,546,546,0,extracted
indice général des prix à la consommation familiale 5,0,0,0,0,"not extracted (header unreadable, or rows refused)"
indice général des prix à la consommation familiale par 5,0,0,0,0,"not extracted (header unreadable, or rows refused)"
indice général des prix à la consommation familiale par 6,0,0,0,0,"not extracted (header unreadable, or rows refused)"
indice général des prix à la consommation familiale par mois et par groupe 5,0,0,0,0,"not extracted (header unreadable, or rows refused)"
industrie du papier (production ) ( ) 8,9,235,74,1,extracted with conflicts
industrie du papier (production ) ) ( 7,13,215,68,0,extracted
industrie du papier (production) 142 ) (,0,0,0,0,"not extracted (header unreadable, or rows refused)"
industries agro - alimentaires (production) ) ( 2,5,150,52,2,extracted with conflicts
industries agro - alimentaires 2,16,575,221,6,extracted with conflicts
industries agro -alimentaires ( production ),1,133,133,0,extracted
industries agro-alimentaires 139,0,0,0,0,"not extracted (header unreadable, or rows refused)"
industries chimiques (production ),1,126,126,0,extracted
industries chimiques (production ) ( ) 7,8,480,252,0,extracted
industries chimiques (production ) ) ( 6,13,740,304,2,extracted with conflicts
industries chimiques (production) 141 ) (,0,0,0,0,"not extracted (header unreadable, or rows refused)"
industries mecaniques et electrique,4,115,77,4,extracted with conflicts
industries mecaniques et electrique ( production ),1,42,42,0,extracted
industries mécaniques 141,0,0,0,0,"not extracted (header unreadable, or rows refused)"
industries mécaniques et élèctrique,10,205,103,2,extracted with conflicts
industries mécaniques et élèctrique (production ) ) (,5,100,39,1,extracted with conflicts
informations generales,0,0,0,0,"not extracted (header unreadable, or rows refused)"
informations generales 1,0,0,0,0,"not extracted (header unreadable, or rows refused)"
informations générales 43 1,0,0,0,0,"not extracted (header unreadable, or rows refused)"
infrastructure sanitaire 2,14,1004,928,0,extracted
infrastructure sanitaire du secteur 1,6,485,440,0,extracted
infrastructure sanitaire du secteur privee par gouvernorat,1,96,96,0,extracted
infrastructure sanitaire du secteur privé par gouvernorat 2,0,0,0,0,"not extracted (header unreadable, or rows refused)"
infrastructure sanitaire du secteur privé par gouvernorat 90,0,0,0,0,"not extracted (header unreadable, or rows refused)"
infrastructure sanitaire du secteur privé par gouvernorat 90 2,0,0,0,0,"not extracted (header unreadable, or rows refused)"
infrastructure sanitaire du secteur public par gouvernorat,0,0,0,0,"not extracted (header unreadable, or rows refused)"
infrastructure sanitaire du secteur public par gouvernorat 1,0,0,0,0,"not extracted (header unreadable, or rows refused)"
infrastructure sanitaire du secteur public par gouvernorat 89 1,0,0,0,0,"not extracted (header unreadable, or rows refused)"
investissement et financement,19,544,169,18,extracted with conflicts
investissement et financement 279 9,0,0,0,0,"not extracted (header unreadable, or rows refused)"
investissement et financement 281 9,0,0,0,0,"not extracted (header unreadable, or rows refused)"
investissement et nancement 9,3,85,42,3,extracted with conflicts
le réseau commercial 1,16,695,200,0,extracted
le réseau commercial 201 1,0,0,0,0,"not extracted (header unreadable, or rows refused)"
les eaux conventionnelles,0,0,0,0,"not extracted (header unreadable, or rows refused)"
les publications de l'institut national de la statistique,0,0,0,0,"not extracted (header unreadable, or rows refused)"
les representations de l ins dans les regions,0,0,0,0,"not extracted (header unreadable, or rows refused)"
les ressources du systeme financier global et leurs contreparties,21,2198,665,5,extracted with conflicts
les ressources du système financier et leurs,0,0,0,0,"not extracted (header unreadable, or rows refused)"
les ressources du système monétaire et leurs,0,0,0,0,"not extracted (header unreadable, or rows refused)"
les ressources du système monétaire et leurs contreparties (suite et fin) ) ( 3,21,2836,823,17,extracted with conflicts
les ressources en eaux diponibles par source,3,51,31,0,extracted
les ressources en eaux disponibles 1,14,95,41,0,extracted
les ressources en eaux disponibles par source 1,5,25,5,0,extracted
les ressources en eaux disponibles par source 297 1,0,0,0,0,"not extracted (header unreadable, or rows refused)"
les ressources en eaux disponibles par source 299 1,0,0,0,0,"not extracted (header unreadable, or rows refused)"
les réseaux de transmission des données 2,10,225,77,0,extracted
les réseaux téléphoniques,16,285,99,0,extracted
les réseaux téléphoniques 195 1,0,0,0,0,"not extracted (header unreadable, or rows refused)"
loi relative au systeme statistique tunisien,0,0,0,0,"not extracted (header unreadable, or rows refused)"
loi relative au sysyteme statistique tunisien,0,0,0,0,"not extracted (header unreadable, or rows refused)"
mandats (régime général) ) ( 3,5,100,36,0,extracted
mandats 3,11,220,64,0,extracted
mandats régime général 202 3,0,0,0,0,"not extracted (header unreadable, or rows refused)"
mariage pour la 1ère fois selon le groupe 22,2,2,2,0,extracted
mariage pour la 1ère fois selon le groupe 23.1,2,630,630,0,extracted
mariage selon le groupe d age de l epouse 20,5,1600,1600,0,extracted
mariage selon le groupe d age de l epoux 19,3,1056,1056,0,extracted
mariage selon le groupe d âge de l épouse 16,10,1257,286,267,extracted with conflicts
mariage selon le groupe d âge de l épouse 20,2,640,640,0,extracted
mariage selon le groupe d âge de l épouse 21,1,320,320,0,extracted
mariage selon le groupe d âge de l épouse 21.1,0,0,0,0,"not extracted (header unreadable, or rows refused)"
mariage selon le groupe d âge de l époux 15.1,3,627,627,0,extracted
mariage selon le groupe d âge de l époux 19,0,0,0,0,"not extracted (header unreadable, or rows refused)"
mariage selon le groupe d âge de l époux 20,2,2,2,0,extracted
mariages contractes par gouvernorat de declaration,8,1358,498,0,extracted
mariages contractes par mois et par annee,0,0,0,0,"not extracted (header unreadable, or rows refused)"
mariages contractes par mois et par annee 17,0,0,0,0,"not extracted (header unreadable, or rows refused)"
mariages contractés 19,4,640,256,0,extracted
mariages contractés par gouvernorat de déclaration 14,10,1600,444,4,extracted with conflicts
mariages contractés par mois et par année 17,0,0,0,0,"not extracted (header unreadable, or rows refused)"
mariages contractés par mois et par année 18,0,0,0,0,"not extracted (header unreadable, or rows refused)"
mariages selon le groupe d age des epoux,1,140,140,0,extracted
mariages selon le groupe d âge 17.1,5,100,36,0,extracted
mariages selon le groupe d âge 21,7,190,70,0,extracted
mariages selon le groupe d âge 22,4,115,48,0,extracted
mariages selon le groupe d âge des époux 17.1,0,0,0,0,"not extracted (header unreadable, or rows refused)"
materiaux de construction,5,150,78,0,extracted
"materiaux de construction, ceramique et verre",1,140,140,0,extracted
matériaux de construction,11,405,242,2,extracted with conflicts
matériaux de construction céramique et verre 4,5,85,37,0,extracted
matériaux de construction. céramique et verre 140,0,0,0,0,"not extracted (header unreadable, or rows refused)"
montant des mandats émis par l étranger et par,0,0,0,0,"not extracted (header unreadable, or rows refused)"
montant des mandats émis par l étranger et payés 7,0,0,0,0,"not extracted (header unreadable, or rows refused)"
montant des mandats émis par l étranger et payés 9,0,0,0,0,"not extracted (header unreadable, or rows refused)"
montant des mandats émis par l étranger et payés en 7,0,0,0,0,"not extracted (header unreadable, or rows refused)"
montant des mandats émis par l étranger et payés en 8,0,0,0,0,"not extracted (header unreadable, or rows refused)"
montant des mandats émis par l étranger et payés en 9,0,0,0,0,"not extracted (header unreadable, or rows refused)"
montant des mandats émis par l étranger et payés en tunisie par 7,16,3635,918,3,extracted with conflicts
mort-nés par gouvernorat de déclaration 34 13,0,0,0,0,"not extracted (header unreadable, or rows refused)"
mouvement des croisieres maritimes par nationalite et par port d entree,1,126,126,0,extracted
mouvement des croisières maritimes par nationalité et,0,0,0,0,"not extracted (header unreadable, or rows refused)"
mouvement des croisières maritimes par nationalité et par port d entrée 20,19,1780,487,2,extracted with conflicts
mouvements de fonds des c.c.p 206,0,0,0,0,"not extracted (header unreadable, or rows refused)"
mouvements de fonds des c.c.p. 10,13,130,60,0,extracted
naissances et taux bruts de natalité 6,0,0,0,0,"not extracted (header unreadable, or rows refused)"
naissances et taux bruts de natalité 7,0,0,0,0,"not extracted (header unreadable, or rows refused)"
naissances et taux bruts de natalité 8,0,0,0,0,"not extracted (header unreadable, or rows refused)"
naissances et taux bruts de natalité par gouvernorat 6,5,1600,704,0,extracted
naissances par genre et rapport 6,0,0,0,0,"not extracted (header unreadable, or rows refused)"
naissances par genre et rapport 7,0,0,0,0,"not extracted (header unreadable, or rows refused)"
naissances par genre et rapport 7.1,0,0,0,0,"not extracted (header unreadable, or rows refused)"
naissances par genre suivant,0,0,0,0,"not extracted (header unreadable, or rows refused)"
"naissances par genre suivant le gouvernorat de declaration, rapport de",0,0,0,0,"not extracted (header unreadable, or rows refused)"
naissances par genre suivant le gouvernorat de domicile et 9,1,192,192,0,extracted
naissances par genre suivant le gouvernorat de déclaration 9,4,768,480,0,extracted
naissances par mois et par annee,0,0,0,0,"not extracted (header unreadable, or rows refused)"
naissances par mois et par annee ( mois de naissance ),0,0,0,0,"not extracted (header unreadable, or rows refused)"
naissances par mois et par année 5,0,0,0,0,"not extracted (header unreadable, or rows refused)"
naissances par mois et par année 6,0,0,0,0,"not extracted (header unreadable, or rows refused)"
naissances selon le groupe d âge 7,5,1440,1440,0,extracted
naissances selon le groupe d âge 8,2,576,576,0,extracted
naissances selon le groupe d âge 9,4,1152,1152,0,extracted
naissances selon le groupe d âge de la mère 7.1,1,288,288,0,extracted
naissances selon le groupe d âge de la mère et le gouver- 7.1,4,1152,1152,0,extracted
naissances selon le lieu d accouchement 10,5,5,5,0,extracted
naissances selon le lieu d accouchement 11,1,180,180,0,extracted
naissances selon le lieu d accouchement 12,4,386,386,0,extracted
naissances selon le lieu d accouchement et le gouver- 10,5,960,960,0,extracted
naissances suivant le groupe d age 8,5,1440,1440,0,extracted
naissances suivant le lieu d accouchement 11,5,918,918,0,extracted
naissances suivant le lieu d accouchement et le gouvernorat de declaration,1,192,192,0,extracted
nombre d ecoles par gouvernorat du 1 cycle de l enseignement de base,1,168,168,0,extracted
nombre d etablissements du 2 ème,0,0,0,0,"not extracted (header unreadable, or rows refused)"
nombre d écoles par gouvernorat 45 3,0,0,0,0,"not extracted (header unreadable, or rows refused)"
nombre d écoles par gouvernorat du 1 er cycle 3,0,0,0,0,"not extracted (header unreadable, or rows refused)"
nombre d écoles par gouvernorat du 1er cycle de 3,21,2615,652,0,extracted
nombre d établissements du 2ème cycle de l enseignement de 14,18,4480,1839,0,extracted
nombre d établissements et classes-élèves par,0,0,0,0,"not extracted (header unreadable, or rows refused)"
nombre d établissements et classes-élèves par gouvernorat 57 14,0,0,0,0,"not extracted (header unreadable, or rows refused)"
nombre de films longs et courts 29,5,80,29,3,extracted with conflicts
nombre de films longs et courts metrages vises par nationalite,1,21,21,0,extracted
nombre de films longs et courts métrages visés par,0,0,0,0,"not extracted (header unreadable, or rows refused)"
nombre de films longs et courts métrages visés par nationalité 69 7,0,0,0,0,"not extracted (header unreadable, or rows refused)"
nombre de films longs et courts métrages visés par nationalité 7,13,195,51,0,extracted
nombre de jours de pluie 4,7,900,218,48,extracted with conflicts
nombre de jours de pluie par station (année agricole ) (1),0,0,0,0,"not extracted (header unreadable, or rows refused)"
nombre de jours de pluie par station (année agricole) 294 ),0,0,0,0,"not extracted (header unreadable, or rows refused)"
nombre de jours de pluie par station (année agricole) 296 ),0,0,0,0,"not extracted (header unreadable, or rows refused)"
nombre de lms longs et courts 7,3,45,21,0,extracted
nombre de lms longs et courts métrages visés par,0,0,0,0,"not extracted (header unreadable, or rows refused)"
nombre de lms longs et courts métrages visés par n,0,0,0,0,"not extracted (header unreadable, or rows refused)"
nombre de locaux - classes par gouvernorat 4,16,1990,623,0,extracted
nombre de locaux - classes par gouvernorat 46 4,0,0,0,0,"not extracted (header unreadable, or rows refused)"
nombre de locaux - classes par gouvernorat du 1er cycle de 4,5,625,225,0,extracted
nombre de locaux-classes par gouvernorat du 1 cycle de l enseignement de base er,1,168,168,0,extracted
nombre de maisons de jeunes par gouvernorat 81 9,0,0,0,0,"not extracted (header unreadable, or rows refused)"
nombre de maisons de jeunes par gouvernorat en fin,0,0,0,0,"not extracted (header unreadable, or rows refused)"
nombre de maisons de jeunes par gouvernorat en n,0,0,0,0,"not extracted (header unreadable, or rows refused)"
nombre de maisons de jeûnes par gouvernorat 9,14,2112,544,0,extracted
nombre de salles de cinéma par gouvernorat,16,2000,525,4,extracted with conflicts
nombre de salles de sports par gouvernorat 7,14,2112,529,15,extracted with conflicts
nombre de salles de sports par gouvernorat 79 7,0,0,0,0,"not extracted (header unreadable, or rows refused)"
nombre de salles de sports privées par gouvernorat 10.3,14,2112,544,0,extracted
nombre de salles de sports privées par gouvernorat 82 10,0,0,0,0,"not extracted (header unreadable, or rows refused)"
nombre de salles de sports privées par gouvernorat en fin,0,0,0,0,"not extracted (header unreadable, or rows refused)"
nombre de salles de sports privées par gouvernorat en n,0,0,0,0,"not extracted (header unreadable, or rows refused)"
nombre de salles par gouvernorat,5,655,275,0,extracted
nombre de salles par gouvernorat 70,0,0,0,0,"not extracted (header unreadable, or rows refused)"
nombre de stades gazonnés par gouvernorat 8.3,14,2112,516,28,extracted with conflicts
nombre de stades gazonnés par gouvernorat 80 8,0,0,0,0,"not extracted (header unreadable, or rows refused)"
nombre de stades gazonnés par gouvernorat en fin,0,0,0,0,"not extracted (header unreadable, or rows refused)"
nombre de stades gazonnés par gouvernorat en n,0,0,0,0,"not extracted (header unreadable, or rows refused)"
nombre des centres d hébergements 11,1,160,160,0,extracted
nombre des centres d hébergements par gouvernorat 11,5,800,278,10,extracted with conflicts
nombre des centres d hébergements par gouvernorat 83 11,0,0,0,0,"not extracted (header unreadable, or rows refused)"
nombre des centres de camping par gouvernorat 13,6,960,306,14,extracted with conflicts
nombre des centres de camping par gouvernorat 85 13,0,0,0,0,"not extracted (header unreadable, or rows refused)"
nombre des complexes de jeunesse par gouvernorat 12.3,6,960,310,10,extracted with conflicts
nombre des complexes de jeunesse par gouvernorat 84 12,0,0,0,0,"not extracted (header unreadable, or rows refused)"
non résidents par nationalité et par mois (voie aérienne) 148 ) ( 3,0,0,0,0,"not extracted (header unreadable, or rows refused)"
non résidents par nationalité et par mois (voie aérienne)... 150 ( ) 3,0,0,0,0,"not extracted (header unreadable, or rows refused)"
non résidents par nationalité et par mois (voie maritime) 152 ) ( 5,0,0,0,0,"not extracted (header unreadable, or rows refused)"
non résidents par nationalité et par mois (voie terrestre) 150 ) ( 4,0,0,0,0,"not extracted (header unreadable, or rows refused)"
non résidents par nationalité et par mois .(ensemble des,0,0,0,0,"not extracted (header unreadable, or rows refused)"
non résidents par nationalité et par mois .(ensemble des voies) 155 ) ( 7,0,0,0,0,"not extracted (header unreadable, or rows refused)"
non résidents par nationalité et par mois .(voie,0,0,0,0,"not extracted (header unreadable, or rows refused)"
non résidents par nationalité et par mois .(voie aérienne) 157 ) ( 8,0,0,0,0,"not extracted (header unreadable, or rows refused)"
non résidents par nationalité et par mois .(voie maritime),0,0,0,0,"not extracted (header unreadable, or rows refused)"
non résidents par nationalité et par mois .(voie terrestre) 159 ) ( 9,0,0,0,0,"not extracted (header unreadable, or rows refused)"
non résidents par nationalité et par mois 146 2,0,0,0,0,"not extracted (header unreadable, or rows refused)"
non résidents par nationalité par voie de transport et 6,0,0,0,0,"not extracted (header unreadable, or rows refused)"
non résidents par nationalité par voie de transport et poste,0,0,0,0,"not extracted (header unreadable, or rows refused)"
non résidents par voie de transport et poste frontière 163 11,0,0,0,0,"not extracted (header unreadable, or rows refused)"
nuitees de s non residents par region touristique,1,63,63,0,extracted
nuitées des non résidents par catégorie hotelière 18.10,21,1501,393,0,extracted
nuitées des non-résidents par catégorie hôtelière 170 18,0,0,0,0,"not extracted (header unreadable, or rows refused)"
nuitées des non-résidents par région touristique 170,0,0,0,0,"not extracted (header unreadable, or rows refused)"
nuitées touristiques globales par nationalité 15,21,3743,1068,20,extracted with conflicts
nuitées touristiques globales par nationalité 167 15,0,0,0,0,"not extracted (header unreadable, or rows refused)"
paiements exterieurs de la tunisie : evolution des depenses,1,198,198,0,extracted
paiements exterieurs de la tunisie : evolution des dépenses (suite ( : 11,4,135,55,0,extracted
paiements exterieurs de la tunisie : evolution des recettes,1,231,231,0,extracted
paiements exterieurs de la tunisie: evolution des ( : 10,4,165,53,20,extracted with conflicts
paiements extérieurs de la tunisie : : 11,16,2465,668,12,extracted with conflicts
paiements extérieurs de la tunisie : evolution des dépenses : 11,4,350,145,1,extracted with conflicts
paiements extérieurs de la tunisie: : 10,16,2535,708,1,extracted with conflicts
paiements extérieurs de la tunisie: evolution des,0,0,0,0,"not extracted (header unreadable, or rows refused)"
paiements extérieurs de la tunisie: evolution des recettes : 10,4,395,163,0,extracted
par genre et gouvernorat de déclaration 32 11,0,0,0,0,"not extracted (header unreadable, or rows refused)"
par genre suivant le gouvernorat de déclaration 30 9,0,0,0,0,"not extracted (header unreadable, or rows refused)"
par genre suivant le gouvernorat de déclaration 32 11,0,0,0,0,"not extracted (header unreadable, or rows refused)"
par genre suivant le gouvernorat de déclaration 39 10,0,0,0,0,"not extracted (header unreadable, or rows refused)"
personnel enseignant a plein temps 22,0,0,0,0,"not extracted (header unreadable, or rows refused)"
personnel enseignant a plein temps en 2001,0,0,0,0,"not extracted (header unreadable, or rows refused)"
personnel enseignant du 2 cycle de l enseignement de base et de l enseignement,0,0,0,0,"not extracted (header unreadable, or rows refused)"
personnel enseignant du 2ème cycle de l enseignement 15,21,315,78,0,extracted
personnel enseignant par gouvernorat 47 5,0,0,0,0,"not extracted (header unreadable, or rows refused)"
personnel enseignant par gouvernorat du 1 cycle de l enseignement de base er,1,168,168,0,extracted
personnel enseignant par gouvernorat du 1er cycle de 5,21,2615,652,0,extracted
personnel enseignant selon le genre et la nationalité. 58 15,0,0,0,0,"not extracted (header unreadable, or rows refused)"
personnel enseignant à plein temps 21,0,0,0,0,"not extracted (header unreadable, or rows refused)"
personnel enseignant à plein temps 22,0,0,0,0,"not extracted (header unreadable, or rows refused)"
personnel enseignant à plein temps 62 21,0,0,0,0,"not extracted (header unreadable, or rows refused)"
personnel enseignant à plein temps en 2019 - 2020 2020 - 2019 21,0,0,0,0,"not extracted (header unreadable, or rows refused)"
personnel enseignant à plein temps en 2020 - 2021 2021 - 2020 21,0,0,0,0,"not extracted (header unreadable, or rows refused)"
personnel enseignant à plein temps en 2021 - 2022 2022 - 2021 21,0,0,0,0,"not extracted (header unreadable, or rows refused)"
personnel enseignant à plein temps en 2022 - 2023 2023 - 2022 21,0,0,0,0,"not extracted (header unreadable, or rows refused)"
personnel enseignant à plein temps en 2023 - 2024 2024 - 2023 21,0,0,0,0,"not extracted (header unreadable, or rows refused)"
pluviometrie en millimetre 3,0,0,0,0,"not extracted (header unreadable, or rows refused)"
pluviometrie en millimetre par principale station ( année agricole ) (1),0,0,0,0,"not extracted (header unreadable, or rows refused)"
pluviometrie en millimetre par principale station (année,0,0,0,0,"not extracted (header unreadable, or rows refused)"
pluviometrie en millimetre par principale station (année civile),1,161,161,0,extracted
pluviometrie en millimetre par principale station 292 ( 4,0,0,0,0,"not extracted (header unreadable, or rows refused)"
pluviometrie en millimetre par principale station 293 ( 5,0,0,0,0,"not extracted (header unreadable, or rows refused)"
pluviometrie en millimetre par principale station 294 ( 4,0,0,0,0,"not extracted (header unreadable, or rows refused)"
pluviometrie en millimetre par principale station 295 ( 5,0,0,0,0,"not extracted (header unreadable, or rows refused)"
pluviométrie en millimètre 4,7,895,246,20,extracted with conflicts
pluviométrie en millimètre 5,0,0,0,0,"not extracted (header unreadable, or rows refused)"
pluviométrie en millimètre par 5,0,0,0,0,"not extracted (header unreadable, or rows refused)"
pluviométrie en millimètre par principale sta- 4. 18 ( ),1,125,125,0,extracted
pluviométrie en millimètre par principale station (année 5,0,0,0,0,"not extracted (header unreadable, or rows refused)"
pluviométrie en millimètre par principale station 4. 18 ( ),9,1125,325,0,extracted
population scolaire du 1 cycle de l enseignement de base par genre et,0,0,0,0,"not extracted (header unreadable, or rows refused)"
population scolaire du 1er cycle 9.1.2,0,0,0,0,"not extracted (header unreadable, or rows refused)"
population scolaire du 1er cycle 9.1.3,0,0,0,0,"not extracted (header unreadable, or rows refused)"
population scolaire du 1er cycle 9.3,0,0,0,0,"not extracted (header unreadable, or rows refused)"
population scolaire du 1er cycle de,5,620,224,0,extracted
population scolaire du 1er cycle de 7,0,0,0,0,"not extracted (header unreadable, or rows refused)"
population scolaire du 1er cycle de l enseignement de 9.1.2,0,0,0,0,"not extracted (header unreadable, or rows refused)"
population scolaire du 1er cycle de l enseignement de base par qualite et annee,0,0,0,0,"not extracted (header unreadable, or rows refused)"
population scolaire du 2 cycle de l enseignement de base et de l enseignement,1,21,21,0,extracted
population scolaire du 2 ème,1,175,175,0,extracted
population scolaire du 2eme cycle 12,0,0,0,0,"not extracted (header unreadable, or rows refused)"
population scolaire du 2er cycle 12,2,245,149,0,extracted
population scolaire du 2ème cycle 11,0,0,0,0,"not extracted (header unreadable, or rows refused)"
population scolaire du 2ème cycle 12,3,375,175,0,extracted
population scolaire du 2ème cycle 14,11,440,120,0,extracted
population scolaire du 2ème cycle de l enseignement de base 11,5,200,80,0,extracted
population scolaire par année d études 52 9,0,0,0,0,"not extracted (header unreadable, or rows refused)"
population scolaire par année d études 53 11,0,0,0,0,"not extracted (header unreadable, or rows refused)"
population scolaire par genre et par gouvernorat 49 7,0,0,0,0,"not extracted (header unreadable, or rows refused)"
population scolaire par genre et par gouvernorat 54 12,0,0,0,0,"not extracted (header unreadable, or rows refused)"
population scolaire par qualité et par année d études,0,0,0,0,"not extracted (header unreadable, or rows refused)"
population scolaire par qualité et par année d études 60 14,0,0,0,0,"not extracted (header unreadable, or rows refused)"
population scolaire par qualité et par année d études 69 14,0,0,0,0,"not extracted (header unreadable, or rows refused)"
population scolaire par qualité et par année d études.. 52 9,0,0,0,0,"not extracted (header unreadable, or rows refused)"
population scolaire par qualité et par année d études.. 56 .. 9,0,0,0,0,"not extracted (header unreadable, or rows refused)"
population scolaire par qualité et par année d études.. 58 9,0,0,0,0,"not extracted (header unreadable, or rows refused)"
population scolaire par qualité et par année d études.. 64 .. 9,0,0,0,0,"not extracted (header unreadable, or rows refused)"
population scolaire totale du 1 cycle de l enseignement de base par gouvernorat,1,168,168,0,extracted
population scolaire totale du 1er cycle de 8,21,2615,652,0,extracted
population scolaire totale du 2 ème,1,168,168,0,extracted
population scolaire totale du 2ème cycle de l enseignement 13,21,2595,653,0,extracted
population scolaire totale par gouvernorat 51 8,0,0,0,0,"not extracted (header unreadable, or rows refused)"
population scolaire totale par gouvernorat 56 13,0,0,0,0,"not extracted (header unreadable, or rows refused)"
poste : balance du trafic des mandats ( regime international ),1,21,21,0,extracted
poste : balance du trafic des mandats : 7,2,30,18,0,extracted
poste: articles d argent (tout regime ) c.c.a.a,1,28,28,0,extracted
poste: articles d argent : 6,2,40,24,0,extracted
poste: caisse d epargne nationale : 8,2,120,80,0,extracted
poste: colis postaux* * : 5,3,68,44,0,extracted
poste: comptes en dinars convertibles : 9,3,172,104,0,extracted
poste: evolution des recettes : 12,2,95,95,0,extracted
poste: evolution des recettes budgetaires realisees,1,98,98,0,extracted
poste: montant des mandats emis : 10,2,410,246,0,extracted
poste: montant des mandats emis a l etranger et payes en tunisie par,1,287,287,0,extracted
poste: mouvements de fond de c.c.p,1,35,35,0,extracted
poste: mouvements de fond de c.c.p. : 11,2,10,6,0,extracted
poste: situation : 4,2,70,61,1,extracted with conflicts
poste: situation des etablissements postaux,1,35,35,0,extracted
pour la 1ère fois selon le groupe d âge de l épouse par 23,0,0,0,0,"not extracted (header unreadable, or rows refused)"
pour la 1ère fois selon le groupe d âge de l époux par 22,0,0,0,0,"not extracted (header unreadable, or rows refused)"
prelevement brut des eaux douces souterraines renouvelables par secteur,4,78,34,0,extracted
prelevement brut des eaux non renouvelables ( aquiferes ) par secteur,4,105,49,0,extracted
principales caracteristiques démographiques 1,11,912,332,0,extracted
principales caractéristiques démographiques 1,11,850,291,12,extracted with conflicts
principales caractéristiques démographiques 19 1,0,0,0,0,"not extracted (header unreadable, or rows refused)"
principales donnees 2,0,0,0,0,"not extracted (header unreadable, or rows refused)"
principales donnees du 1 cycle,0,0,0,0,"not extracted (header unreadable, or rows refused)"
principales donnees du 2 cycle de l enseignement de base et de l enseignement,0,0,0,0,"not extracted (header unreadable, or rows refused)"
principales donnees du 2ème cycle 10,0,0,0,0,"not extracted (header unreadable, or rows refused)"
principales données 44 2,0,0,0,0,"not extracted (header unreadable, or rows refused)"
principales données du 1 cycle,0,0,0,0,"not extracted (header unreadable, or rows refused)"
principales données du 2ème cycle 10,0,0,0,0,"not extracted (header unreadable, or rows refused)"
principales données du 2ème cycle de l enseignement 10,5,350,134,0,extracted
principales données statistiques 53 10,0,0,0,0,"not extracted (header unreadable, or rows refused)"
principaux indicateurs boursiers,17,282,97,0,extracted
principaux indicateurs boursiers 13.15,5,95,36,0,extracted
principaux indicateurs boursiers 256 14,0,0,0,0,"not extracted (header unreadable, or rows refused)"
principaux indicateurs boursiers 258 13,0,0,0,0,"not extracted (header unreadable, or rows refused)"
principaux indicateurs touristiques,16,742,299,1,extracted with conflicts
principaux indicateurs touristiques 1,5,220,81,0,extracted
principaux indicateurs touristiques 145 1,0,0,0,0,"not extracted (header unreadable, or rows refused)"
production brute des palmiers par variete et par annee de recolte,0,0,0,0,"not extracted (header unreadable, or rows refused)"
production brute des palmiers par varieté et par année de récolte 10,14,210,89,1,extracted with conflicts
production brute des palmiers par variété et par,0,0,0,0,"not extracted (header unreadable, or rows refused)"
production brute des palmiers par variété et par année,0,0,0,0,"not extracted (header unreadable, or rows refused)"
production de tabac,1,28,28,0,extracted
production de tabac 140,0,0,0,0,"not extracted (header unreadable, or rows refused)"
production de tabac 3,21,250,120,0,extracted
production de viande par type 118,0,0,0,0,"not extracted (header unreadable, or rows refused)"
production de viande par type et production des oeufs 5,22,784,185,11,extracted with conflicts
production des légumes 119 6.7,0,0,0,0,"not extracted (header unreadable, or rows refused)"
production des légumes 6,22,1756,512,12,extracted with conflicts
production et commercialisation du sel,1,42,42,0,extracted
production et commercialisation du sel 10,10,125,67,0,extracted
production et commercialisation du sel 11,2,30,16,2,extracted with conflicts
production minière,17,397,130,2,extracted with conflicts
production minière 142,0,0,0,0,"not extracted (header unreadable, or rows refused)"
production minière 8,5,25,9,0,extracted
produit national 278 7,0,0,0,0,"not extracted (header unreadable, or rows refused)"
produit national 280 7,0,0,0,0,"not extracted (header unreadable, or rows refused)"
produit national brut et revenu national,12,597,193,24,extracted with conflicts
prononces par les tribunaux de 1 ère,0,0,0,0,"not extracted (header unreadable, or rows refused)"
prononces par les tribunaux de 1 ère instance par année 18,0,0,0,0,"not extracted (header unreadable, or rows refused)"
prononces par les tribunaux de 1 ère instance par année 25,0,0,0,0,"not extracted (header unreadable, or rows refused)"
prélèvement brut 6,0,0,0,0,"not extracted (header unreadable, or rows refused)"
prélèvement brut des eaux douces 5,0,0,0,0,"not extracted (header unreadable, or rows refused)"
prélèvement brut des eaux douces souterraines 5,0,0,0,0,"not extracted (header unreadable, or rows refused)"
prélèvement brut des eaux douces souterraines renouvelables 5,0,0,0,0,"not extracted (header unreadable, or rows refused)"
prélèvement brut des eaux non renouvelables (aquifères) par 6,0,0,0,0,"not extracted (header unreadable, or rows refused)"
prélèvement brut des eaux non renouvelables 6,0,0,0,0,"not extracted (header unreadable, or rows refused)"
quantites des fruits commercialises aux marches de gros des communes,22,2190,533,20,extracted with conflicts
quantites des legumes commercialises aux marches de gros des communes,17,2165,600,14,extracted with conflicts
quantités des fruits commercialisés aux marchés de 9,0,0,0,0,"not extracted (header unreadable, or rows refused)"
quantités des légumes commercialisés aux marchés 8,0,0,0,0,"not extracted (header unreadable, or rows refused)"
quantités des légumes commercialisés aux marchés de 8,0,0,0,0,"not extracted (header unreadable, or rows refused)"
quantités des légumes commercialisés aux marchés de 9,0,0,0,0,"not extracted (header unreadable, or rows refused)"
quantités des légumes commercialisés aux marchés de gros des 8,5,590,196,17,extracted with conflicts
recettes de l etat,6,180,79,1,extracted with conflicts
recettes de l état 1,16,660,189,21,extracted with conflicts
recettes de l état 259 1,0,0,0,0,"not extracted (header unreadable, or rows refused)"
recettes de l état 261 1,0,0,0,0,"not extracted (header unreadable, or rows refused)"
recettes des fonds de concours ( titre ii section ii ),16,1665,471,46,extracted with conflicts
recettes des fonds de concours ( titre ii section ii ) ) ( 5,5,515,232,6,extracted with conflicts
recettes des fonds de concours (titre ii section ii) 262 ) ( 5,0,0,0,0,"not extracted (header unreadable, or rows refused)"
recettes des fonds de concours (titre ii section ii) 264 ) ( 5,0,0,0,0,"not extracted (header unreadable, or rows refused)"
recettes des fonds de concours 5.16,1,125,125,0,extracted
recettes des fonds spéciaux du trésor ventilée par fonds 265 6.16,0,0,0,0,"not extracted (header unreadable, or rows refused)"
recettes des fonds spéciaux du trésor ventilée par fonds 267 6,0,0,0,0,"not extracted (header unreadable, or rows refused)"
recettes des fonds spéciaux du trésor ventilées par fonds (suite) ) ( 6,22,2902,1000,124,extracted with conflicts
recettes du titre i par categorie ( fonctionnement ),1,25,25,0,extracted
recettes du titre i par catégorie (fonctionnement) ) ( 2,21,525,150,4,extracted with conflicts
recettes du titre i par catégorie (fonctionnement) 259 ) ( 2,0,0,0,0,"not extracted (header unreadable, or rows refused)"
recettes du titre i par catégorie (fonctionnement) 261 ) ( 2,0,0,0,0,"not extracted (header unreadable, or rows refused)"
recettes du titre ii ( équipement ) ( ) 4,9,260,105,1,extracted with conflicts
recettes du titre ii ( équipement ) ) ( 4,12,435,161,4,extracted with conflicts
recettes du titre ii (équipement) 264 ) ( 4,0,0,0,0,"not extracted (header unreadable, or rows refused)"
recettes du titre ii (équipement) 266 ) ( 4,0,0,0,0,"not extracted (header unreadable, or rows refused)"
recettes ordinaires du budget de l état par article (suite) ) ( 3,22,4785,1968,50,extracted with conflicts
recettes ordinaires du budget de l état par article 260 3,0,0,0,0,"not extracted (header unreadable, or rows refused)"
recettes ordinaires du budget de l état par article 262 3,0,0,0,0,"not extracted (header unreadable, or rows refused)"
rejets d eaux usees en termes de dbo,6,116,44,0,extracted
rejets d eaux usees en termes de volume,6,120,47,1,extracted with conflicts
rejets d eaux usées 18,10,185,56,9,extracted with conflicts
rejets d eaux usées en termes de dbo 18,2,50,29,1,extracted with conflicts
rejets d eaux usées en termes de demande de 18,0,0,0,0,"not extracted (header unreadable, or rows refused)"
rejets d eaux usées en termes de demande de l oxigène 18,0,0,0,0,"not extracted (header unreadable, or rows refused)"
rejets d eaux usées en termes de volume 17,11,230,80,10,extracted with conflicts
rejets d eaux usées en termes de volume 304 17,0,0,0,0,"not extracted (header unreadable, or rows refused)"
rejets d eaux usées en termes de volume 306 17,0,0,0,0,"not extracted (header unreadable, or rows refused)"
renseignements generaux du 1er cycle de l enseignement de base,0,0,0,0,"not extracted (header unreadable, or rows refused)"
repartition de la flotille active 15,3,75,75,0,extracted
repartition de la flotille active 15.7,2,50,50,0,extracted
repartition de la flotille active par type d embarcation et delegation,1,25,25,0,extracted
repartition de la superficie 19,5,50,18,0,extracted
repartition de la superficie par categories d utilisation des sols,1,18,18,0,extracted
repartition de la superficie selon 3,0,0,0,0,"not extracted (header unreadable, or rows refused)"
repartition de la superficie selon la categorie d occupation du sol,0,0,0,0,"not extracted (header unreadable, or rows refused)"
repartition de s eudiants par ministere de tutelle et par genre,0,0,0,0,"not extracted (header unreadable, or rows refused)"
repartition des admis au baccalaureat 18,0,0,0,0,"not extracted (header unreadable, or rows refused)"
repartition des admis au baccalaureat par gouvernorat juin 2001,0,0,0,0,"not extracted (header unreadable, or rows refused)"
repartition des beneficiaires de l information 6,0,0,0,0,"not extracted (header unreadable, or rows refused)"
repartition des etudiants ( ) 19,0,0,0,0,"not extracted (header unreadable, or rows refused)"
repartition des etudiants 19,2,128,128,0,extracted
repartition des etudiants par secteur et par genre,0,0,0,0,"not extracted (header unreadable, or rows refused)"
repartition des eudiants par ministere 20,2,56,56,0,extracted
repartition des eudiants par ministere 21,3,96,96,0,extracted
repartition du cheptel,0,0,0,0,"not extracted (header unreadable, or rows refused)"
repartition du cheptel 4,0,0,0,0,"not extracted (header unreadable, or rows refused)"
repartition du nombre,5,126,126,0,extracted
repartition du nombre des accidents 5,0,0,0,0,"not extracted (header unreadable, or rows refused)"
repartition du nombre des accidents et des victimes selon le jour de la semaine,0,0,0,0,"not extracted (header unreadable, or rows refused)"
repartition du nombre des accidents par cause et milieu,1,27,27,0,extracted
repartition du personnel 4,5,400,400,0,extracted
repartition du personnel paramedical du secteur public par grade et,1,96,96,0,extracted
ressources et emplois de biens 2,9,405,126,4,extracted with conflicts
ressources et emplois de biens et services 3,9,450,141,3,extracted with conflicts
ressources et emplois de biens et services 4,9,425,133,10,extracted with conflicts
ressources et emplois de biens et services aux prix,0,0,0,0,"not extracted (header unreadable, or rows refused)"
ressources et emplois de biens et services aux prix 2,0,0,0,0,"not extracted (header unreadable, or rows refused)"
ressources et emplois de biens et services aux prix 276 3,0,0,0,0,"not extracted (header unreadable, or rows refused)"
ressources et emplois de biens et services aux prix 278 3,0,0,0,0,"not extracted (header unreadable, or rows refused)"
ressources et emplois de biens et services aux prix 4,0,0,0,0,"not extracted (header unreadable, or rows refused)"
ressources et emplois de biens et services aux prix courants 2,5,225,73,8,extracted with conflicts
ressources et emplois de biens et services aux prix de,0,0,0,0,"not extracted (header unreadable, or rows refused)"
ressources et emplois de biens et services aux prix de l année 4,5,245,67,22,extracted with conflicts
ressources et emplois de biens et services aux prix de l année précédente 3,5,250,84,6,extracted with conflicts
ressources et emplois des biens 1,9,450,139,5,extracted with conflicts
ressources et emplois des biens et services aux prix,0,0,0,0,"not extracted (header unreadable, or rows refused)"
ressources et emplois des biens et services aux prix courants 1,5,250,83,7,extracted with conflicts
resultats des examens du 1er et du 2ème cycle 17,0,0,0,0,"not extracted (header unreadable, or rows refused)"
resultats des examens du 2 cycle de l enseignement de base et de l enseignement,0,0,0,0,"not extracted (header unreadable, or rows refused)"
revenu national 7,10,500,143,7,extracted with conflicts
répartition de la flotille active 15,8,33,33,0,extracted
répartition de la flotille active par type d embarcation et gouver- 15,5,16,9,0,extracted
répartition de la flottille active par type 15,0,0,0,0,"not extracted (header unreadable, or rows refused)"
répartition de la flottille active par type d embarcation et 123 15,0,0,0,0,"not extracted (header unreadable, or rows refused)"
répartition de la otille active 15,3,60,60,0,extracted
répartition de la ottille active par type 15,0,0,0,0,"not extracted (header unreadable, or rows refused)"
répartition de la super cie 19,2,20,12,0,extracted
répartition de la super cie par catégories d utilisation,0,0,0,0,"not extracted (header unreadable, or rows refused)"
répartition de la super cie selon 3,0,0,0,0,"not extracted (header unreadable, or rows refused)"
répartition de la super cie selon la catégorie,0,0,0,0,"not extracted (header unreadable, or rows refused)"
répartition de la superficie 19,2,20,14,0,extracted
répartition de la superficie par catégories d utilisation,0,0,0,0,"not extracted (header unreadable, or rows refused)"
répartition de la superficie par catégories d utilisation 306 19,0,0,0,0,"not extracted (header unreadable, or rows refused)"
répartition de la superficie par catégories d utilisation 308 19,0,0,0,0,"not extracted (header unreadable, or rows refused)"
répartition de la superficie par catégories d utilisation des sols 19,5,22,5,0,extracted
répartition de la superficie selon 3,0,0,0,0,"not extracted (header unreadable, or rows refused)"
répartition de la superficie selon la catégorie,0,0,0,0,"not extracted (header unreadable, or rows refused)"
répartition de la superficie selon la catégorie d occupation du sol 3,0,0,0,0,"not extracted (header unreadable, or rows refused)"
répartition des abonnés aux maisons des jeûnes 2,0,0,0,0,"not extracted (header unreadable, or rows refused)"
répartition des abonnés aux maisons des jeûnes 3,4,219,219,0,extracted
répartition des abonnés aux maisons des jeûnes par activité 3,0,0,0,0,"not extracted (header unreadable, or rows refused)"
répartition des abonnés aux salles de sport privées 6,14,1650,423,2,extracted with conflicts
répartition des abonnés aux salles de sport privées par,0,0,0,0,"not extracted (header unreadable, or rows refused)"
répartition des abonnés aux salles de sport privées par 5,0,0,0,0,"not extracted (header unreadable, or rows refused)"
répartition des abonnés aux salles de sport privées par 6,0,0,0,0,"not extracted (header unreadable, or rows refused)"
répartition des abonnés aux salles de sport privées par gouvernorat 78 6,0,0,0,0,"not extracted (header unreadable, or rows refused)"
répartition des accidents par cause et milieu 178 4,0,0,0,0,"not extracted (header unreadable, or rows refused)"
répartition des admis au baccalauriat par section et 17,0,0,0,0,"not extracted (header unreadable, or rows refused)"
répartition des admis au baccalauriat par section et 18,0,0,0,0,"not extracted (header unreadable, or rows refused)"
répartition des admis au baccalauriat par section et 59 17,0,0,0,0,"not extracted (header unreadable, or rows refused)"
répartition des admis au baccalauréat 17,0,0,0,0,"not extracted (header unreadable, or rows refused)"
répartition des admis au baccalauréat 18,0,0,0,0,"not extracted (header unreadable, or rows refused)"
répartition des admis au baccalauréat 18.1.2,0,0,0,0,"not extracted (header unreadable, or rows refused)"
répartition des admis au baccalauréat par section 17,0,0,0,0,"not extracted (header unreadable, or rows refused)"
répartition des béné ciaires de l information 6,0,0,0,0,"not extracted (header unreadable, or rows refused)"
répartition des bénéficiaires de l information 6,0,0,0,0,"not extracted (header unreadable, or rows refused)"
répartition des bénéficiaires de l information 6.4,0,0,0,0,"not extracted (header unreadable, or rows refused)"
répartition des bénéficiaires de l information de l éducation et de 6.4,0,0,0,0,"not extracted (header unreadable, or rows refused)"
répartition des bénéficiaires de l information. de 6,0,0,0,0,"not extracted (header unreadable, or rows refused)"
répartition des diplômés de fin d études par filières 19,0,0,0,0,"not extracted (header unreadable, or rows refused)"
répartition des diplômés de fin d études par filières 20,0,0,0,0,"not extracted (header unreadable, or rows refused)"
répartition des diplômés de fin d études par filières et 61 19,0,0,0,0,"not extracted (header unreadable, or rows refused)"
répartition des diplômés de n d études par lières 20,0,0,0,0,"not extracted (header unreadable, or rows refused)"
répartition des diplômés de n d études par lières 21,0,0,0,0,"not extracted (header unreadable, or rows refused)"
répartition des licenciés par sexe et par,0,0,0,0,"not extracted (header unreadable, or rows refused)"
répartition des licenciés par sexe et par 4,0,0,0,0,"not extracted (header unreadable, or rows refused)"
répartition des licenciés par sexe et par 5,0,0,0,0,"not extracted (header unreadable, or rows refused)"
répartition des licenciés par sexe et par discipline pour 4,0,0,0,0,"not extracted (header unreadable, or rows refused)"
répartition des licenciés par sexe et par discipline pour 5,0,0,0,0,"not extracted (header unreadable, or rows refused)"
répartition des licenciés par sexe et par gouvernorat,0,0,0,0,"not extracted (header unreadable, or rows refused)"
répartition des licenciés par sexe et par gouvernorat pour 4,0,0,0,0,"not extracted (header unreadable, or rows refused)"
répartition des étudiants par filières et par genre 60 18,0,0,0,0,"not extracted (header unreadable, or rows refused)"
répartition des étudiants par secteur et par ministère,0,0,0,0,"not extracted (header unreadable, or rows refused)"
répartition des étudiants par secteur et par ministère 62 20,0,0,0,0,"not extracted (header unreadable, or rows refused)"
répartition des étudiants réguliers ( 18,0,0,0,0,"not extracted (header unreadable, or rows refused)"
répartition des étudiants réguliers ( 19,0,0,0,0,"not extracted (header unreadable, or rows refused)"
répartition des étudiants réguliers ) 19,0,0,0,0,"not extracted (header unreadable, or rows refused)"
répartition des étudiants réguliers par filières 18,0,0,0,0,"not extracted (header unreadable, or rows refused)"
répartition des étudiants réguliers par genre 20,0,0,0,0,"not extracted (header unreadable, or rows refused)"
répartition des étudiants réguliers par ministère 20,0,0,0,0,"not extracted (header unreadable, or rows refused)"
répartition des étudiants réguliers par ministère 21,0,0,0,0,"not extracted (header unreadable, or rows refused)"
répartition du cheptel 118,0,0,0,0,"not extracted (header unreadable, or rows refused)"
répartition du cheptel 4,0,0,0,0,"not extracted (header unreadable, or rows refused)"
répartition du nombre,9,144,144,0,extracted
répartition du nombre des accidents,2,24,24,0,extracted
répartition du nombre des accidents et des victimes,0,0,0,0,"not extracted (header unreadable, or rows refused)"
répartition du nombre des accidents et des victimes 5,0,0,0,0,"not extracted (header unreadable, or rows refused)"
répartition du nombre des accidents par cause et milieu 4,3,36,36,0,extracted
répartition du personnel 4,11,828,753,0,extracted
répartition du personnel paramédical du secteur public,0,0,0,0,"not extracted (header unreadable, or rows refused)"
répartition du personnel paramédical du secteur public 4,0,0,0,0,"not extracted (header unreadable, or rows refused)"
répartition du personnel paramédical par grade et par gouvernorat 4,2,150,150,0,extracted
répartition du personnel paramédical par grade et par gouvernorat* 4,3,225,150,0,extracted
résultats des examens 58 16,0,0,0,0,"not extracted (header unreadable, or rows refused)"
résultats des examens du 1 et du 2 cycle de 16,0,0,0,0,"not extracted (header unreadable, or rows refused)"
résultats des examens du 1er et du 2ème cycle 16,0,0,0,0,"not extracted (header unreadable, or rows refused)"
résultats des examens du 1er et du 2ème cycle 17,0,0,0,0,"not extracted (header unreadable, or rows refused)"
salaires 2,0,0,0,0,"not extracted (header unreadable, or rows refused)"
selon le groupe d âge de l épouse par gouvernorat 37 16,0,0,0,0,"not extracted (header unreadable, or rows refused)"
selon le groupe d âge de l époux par gouvernorat 36 15,0,0,0,0,"not extracted (header unreadable, or rows refused)"
selon le groupe d âge des époux 38 17,0,0,0,0,"not extracted (header unreadable, or rows refused)"
sexe féminin 22 3,0,0,0,0,"not extracted (header unreadable, or rows refused)"
sexe masculin 20 2,0,0,0,0,"not extracted (header unreadable, or rows refused)"
sorties des tunisiens par pays de destination et par 13,19,1865,510,2,extracted with conflicts
sorties des tunisiens par pays de destination et par voie,0,0,0,0,"not extracted (header unreadable, or rows refused)"
sorties des tunisiens par pays de destination et par voie 13,0,0,0,0,"not extracted (header unreadable, or rows refused)"
sorties des tunisiens par pays de destination et par voie de transport,0,0,0,0,"not extracted (header unreadable, or rows refused)"
sorties des voyageurs non residents 10,4,600,270,0,extracted
sorties des voyageurs non residents par nationalite et par mois,5,1006,158,203,extracted with conflicts
sorties des voyageurs non residents par nationalite et par mois ( voie aerienne),20,4833,1430,5,extracted with conflicts
sorties des voyageurs non residents par nationalite et par mois ( voie terrestre),20,3571,1173,7,extracted with conflicts
sorties des voyageurs non residents par voie de transport et poste frontiere,20,2660,769,0,extracted
sorties des voyageurs non résidents par nationalité et par mois 10,15,3440,1035,5,extracted with conflicts
sorties des voyageurs non résidents par nationalité et par mois 7,15,4050,1140,4,extracted with conflicts
suivant le lieu d accouchement et le gouvernorat de,0,0,0,0,"not extracted (header unreadable, or rows refused)"
suivant le lieu d accouchement et le gouvernorat de 31 10,0,0,0,0,"not extracted (header unreadable, or rows refused)"
suivant le lieu d accouchement et le gouvernorat de déc,0,0,0,0,"not extracted (header unreadable, or rows refused)"
taux bruts de mortalité par gouvernorat 33 12,0,0,0,0,"not extracted (header unreadable, or rows refused)"
taux bruts de natalité par gouvernorat 27 6,0,0,0,0,"not extracted (header unreadable, or rows refused)"
taux d intérêt 11.15,22,393,113,3,extracted with conflicts
taux d intérêt 256 12,0,0,0,0,"not extracted (header unreadable, or rows refused)"
taux d intérêt 258 11,0,0,0,0,"not extracted (header unreadable, or rows refused)"
taux d occupation par région touristique 16,21,1143,346,2,extracted with conflicts
taux d occupation par région touristique 169 16,0,0,0,0,"not extracted (header unreadable, or rows refused)"
taux de chômage des diplômés de l enseignement ) ( %( 4,8,120,36,0,extracted
taux de chômage des diplômés de l enseignement )%( 4,2,30,18,0,extracted
taux de chômage des diplômés de l enseignement 4,0,0,0,0,"not extracted (header unreadable, or rows refused)"
taux de chômage selon le niveau éducatif (%) (mois de mai) )) ( %( 3,5,125,45,0,extracted
taux de chômage selon le niveau éducatif (%) )%( 3,5,125,45,0,extracted
taux de chômage selon le niveau éducatif (%) 109 )%( 3,0,0,0,0,"not extracted (header unreadable, or rows refused)"
taux de chômage selon le sexe (%) (mois de mai) )) ( %( 2,5,75,27,0,extracted
taux de chômage selon le sexe (%) )%( 2,5,75,27,0,extracted
taux de chômage selon le sexe (%) 109 )%( 2,0,0,0,0,"not extracted (header unreadable, or rows refused)"
taux de fecondite1 selon le groupe d age ( 1) 9,5,1404,1404,0,extracted
taux de fécondite1 selon le groupe d âge ( 1) 10,1,288,288,0,extracted
taux de fécondite1 selon le groupe d âge ( 1) 9,2,576,576,0,extracted
taux de fécondite1 selon le groupe d âge ) 1( 10,3,866,866,0,extracted
taux de fécondite1 selon le groupe d âge ) 1( 8,5,1445,1445,0,extracted
taux de fécondite1 selon le groupe d âge de la mère isf2 )3(,1,279,279,0,extracted
taux de fécondite1 selon le groupe d âge de la mère isf2 . . ) 2( . . ) 1( 8,4,1116,1116,0,extracted
taux de fécondité selon groupe d âge de la mère isf et tgf 29 . . . . 8,0,0,0,0,"not extracted (header unreadable, or rows refused)"
taux de fécondité selon groupe d âge de la mère isf et tgf 31 . . . . 10,0,0,0,0,"not extracted (header unreadable, or rows refused)"
taux de fécondité selon groupe d âge de la mère isf et tgf 38 . . . . 9,0,0,0,0,"not extracted (header unreadable, or rows refused)"
taux de prevalence 7,4,16,7,0,extracted
taux de prevalence 7.4,1,3,3,0,extracted
taux de prevalence contraceptive,1,6,6,0,extracted
taux de prévalence contraceptive 7,0,0,0,0,"not extracted (header unreadable, or rows refused)"
taux de prévalence contraceptive 7.4,0,0,0,0,"not extracted (header unreadable, or rows refused)"
taux de prévalence contraceptive 96 7,0,0,0,0,"not extracted (header unreadable, or rows refused)"
taux de variation aux prix constants (1990) ( 1990) 4,8,331,131,8,extracted with conflicts
taux de variation aux prix courants,8,339,124,14,extracted with conflicts
taux de variation des prix,1,63,63,0,extracted
taux de variation des prix 5,7,315,82,21,extracted with conflicts
taux et ratios par habitant,8,877,331,3,extracted with conflicts
taux et ratios par habitant 11.17,14,1355,379,9,extracted with conflicts
taux et ratios par habitant 280 11,0,0,0,0,"not extracted (header unreadable, or rows refused)"
taux et ratios par habitant 282 11,0,0,0,0,"not extracted (header unreadable, or rows refused)"
telecommunications: indicateurs : 1,2,40,24,0,extracted
telecommunications: indicateurs des telecommunications,1,35,35,0,extracted
telecommunications: situation du reseau telephonique par gouvernorat,1,168,168,0,extracted
telecommunications: trafic : 3,2,105,65,0,extracted
telecommunications: trafic telephonique,1,105,105,0,extracted
telecommunications:situation : 2,2,240,144,0,extracted
temperature maximum absolu par principale station 290,0,0,0,0,"not extracted (header unreadable, or rows refused)"
temperature maximum absolu par principale station 292,0,0,0,0,"not extracted (header unreadable, or rows refused)"
temperature minimum absolu par principale station 289,0,0,0,0,"not extracted (header unreadable, or rows refused)"
temperature minimum absolu par principale station 291,0,0,0,0,"not extracted (header unreadable, or rows refused)"
temperature moyenne 3,1,130,0,0,extracted
temperature moyenne par principale station 291 3,0,0,0,0,"not extracted (header unreadable, or rows refused)"
temperature moyenne par principale station 293 3,0,0,0,0,"not extracted (header unreadable, or rows refused)"
temperature par,0,0,0,0,"not extracted (header unreadable, or rows refused)"
temperature par 1,0,0,0,0,"not extracted (header unreadable, or rows refused)"
temperature par principale 1,5,640,174,66,extracted with conflicts
temperature par principale station,1,168,168,0,extracted
temperature par principale station (suite ),1,7,7,0,extracted
temperature par principale station (suite et fin),0,0,0,0,"not extracted (header unreadable, or rows refused)"
température maximum absolu par principale station 2. 18,12,1510,480,0,extracted
température minimum absolu par principale station 1,12,1505,480,0,extracted
température moyenne 3,1,130,130,0,extracted
température moyenne par principale station 3,10,1250,350,0,extracted
tra c téléphonique 4,3,170,80,2,extracted with conflicts
trafic téléphonique 197 : 3,0,0,0,0,"not extracted (header unreadable, or rows refused)"
trafic téléphonique tunisie telecom 3,13,780,237,3,extracted with conflicts
traitement et rejet d eaux usées,0,0,0,0,"not extracted (header unreadable, or rows refused)"
traitement et rejet d eaux usées : 2,0,0,0,0,"not extracted (header unreadable, or rows refused)"
transport aerien ( suite ),1,84,84,0,extracted
transport aerien ( suite et fin ),1,7,7,0,extracted
transport aerien (suite et n) ( ) 10,22,5532,1570,50,extracted with conflicts
transport aérien (suite et fin) ) ( 10,5,200,76,0,extracted
transport aérien 186 10,0,0,0,0,"not extracted (header unreadable, or rows refused)"
transport ferroviaire,1,91,91,0,extracted
transport ferroviaire ( suite ),1,135,135,0,extracted
transport ferroviaire ( suite et fin ),1,42,42,0,extracted
transport ferroviaire (suite et fin) ) ( 9,5,110,46,0,extracted
transport ferroviaire (suite et n) ( ) 9,21,2170,788,28,extracted with conflicts
transport ferroviaire (suite) ) ( 9,5,135,51,0,extracted
transport ferroviaire 182 9,0,0,0,0,"not extracted (header unreadable, or rows refused)"
transport maritime,21,3674,896,110,extracted with conflicts
transport maritime (suite ) ( ) 11,5,189,189,0,extracted
transport maritime (suite ) ) ( 11,5,5,5,0,extracted
transport maritime (suite et fin),1,28,28,0,extracted
transport maritime (suite et fin) ) ( 11,0,0,0,0,"not extracted (header unreadable, or rows refused)"
transport maritime (suite et n) ( ) 11,0,0,0,0,"not extracted (header unreadable, or rows refused)"
transport maritime 190 11,0,0,0,0,"not extracted (header unreadable, or rows refused)"
valeurs ajoutees aux couts des facteurs ( prix constants ),8,1140,422,2,extracted with conflicts
valeurs ajoutees aux couts des facteurs ( prix courants ),8,1159,428,7,extracted with conflicts
valeurs ajoutées aux couts 12,1,150,150,0,extracted
valeurs ajoutées par secteur d activité (aux prix courants) ) ( 12,10,1480,513,19,extracted with conflicts
valeurs ajoutées par secteur d activité (prix courants) 281 ) ( 12,0,0,0,0,"not extracted (header unreadable, or rows refused)"
valeurs ajoutées par secteur d activité (prix courants) 283 ) ( 12,0,0,0,0,"not extracted (header unreadable, or rows refused)"
valeurs ajoutées par secteur d activité 12,3,450,216,10,extracted with conflicts
valeurs ajoutées par secteur d activité aux prix de,0,0,0,0,"not extracted (header unreadable, or rows refused)"
valeurs ajoutées par secteur d activité aux prix de l année,0,0,0,0,"not extracted (header unreadable, or rows refused)"
valeurs ajoutées par secteur d activité aux prix de l année précédente 13,14,2080,687,17,extracted with conflicts
variations annuelles de l indice general 5,5,17,10,1,extracted with conflicts
variations annuelles de l indice general des prix a la consommation,1,161,161,0,extracted
variations annuelles de l indice général 5,6,717,370,15,extracted with conflicts
variations annuelles de l indice général des prix à la,0,0,0,0,"not extracted (header unreadable, or rows refused)"
variations annuelles de l indice général des prix à la 4,0,0,0,0,"not extracted (header unreadable, or rows refused)"
variations annuelles de l indice général des prix à la consommation 4,10,2001,804,33,extracted with conflicts
évolution des prix des ressources et emploi de biens,0,0,0,0,"not extracted (header unreadable, or rows refused)"
évolution des prix des ressources et emploi de biens et,0,0,0,0,"not extracted (header unreadable, or rows refused)"
