edition,table_number,chapter,table_title,page
2001,1.1,1,temperature par principale station,12
2001,1.1,1,temperature par principale station (suite ),13
2001,1.1,1,temperature par principale station (suite et fin),17
2001,1.1,1,les eaux conventionnelles,234
2001,1.2,1,pluviometrie en millimetre par principale station (année civile),14
2001,1.2,1,traitement et rejet d eaux usées,234
2001,1.3,1,pluviometrie en millimetre par principale station ( année agricole ) (1),15
2001,1.4,1,nombre de jours de pluie par station (année agricole ) (1),16
2001,10.1,10,principaux indicateurs touristiques,139
2001,10.10,10,sorties des voyageurs non residents par nationalite et par mois,130
2001,10.11,10,sorties des voyageurs non residents par voie de transport et poste frontiere,131
2001,10.12,10,entrees des tunisiens par voie de transport et poste frontiere,132
2001,10.13,10,sorties des tunisiens par pays de destination et par voie de transport,133
2001,10.14,10,capacite d hebergement par region touristique,134
2001,10.15,10,nuitees touristiques globales par nationalite,135
2001,10.16,10,taux d occupation par region touristique,136
2001,10.17,10,duree moyenne de sejour par nationalite,136
2001,10.18,10,nuitees des non residents par categorie hoteliere,137
2001,10.19,10,nuitees de s non residents par region touristique,137
2001,10.2,10,entrees des voyageurs non residents par nationalite et par mois,122
2001,10.20,10,mouvement des croisieres maritimes par nationalite et par port d entree,138
2001,10.3,10,entrees des voyageurs non residents par nationalite et par mois ( voie aerienne),123
2001,10.4,10,entrees des voyageurs non residents par nationalite et par mois,124
2001,10.5,10,entrees des voyageurs non residents par nationalite et par mois ( voie maritime),125
2001,10.6,10,evolution des entrees des voyageurs non residents par voie de transport,126
2001,10.7,10,sorties des voyageurs non residents par nationalite et par mois,127
2001,10.8,10,sorties des voyageurs non residents par nationalite et par mois ( voie aerienne),128
2001,10.9,10,sorties des voyageurs non residents par nationalite et par mois ( voie terrestre),129
2001,11.1,11,immatriculation des vehicules neufs par categorie et marque,141
2001,11.10,11,transport aerien,152
2001,11.10,11,transport aerien ( suite ),153
2001,11.10,11,transport aerien ( suite et fin ),154
2001,11.11,11,transport maritime,155
2001,11.11,11,transport maritime (suite et fin),156
2001,11.2,11,immatriculation des vehicules occasions par categorie et marque,142
2001,11.3,11,ensemble des immatriculations des vehicules par categorie et marque,143
2001,11.4,11,repartition du nombre des accidents par cause et milieu,144
2001,11.5,11,repartition du nombre des accidents et des victimes selon le jour de la semaine,144
2001,11.6,11,evolution du nombre d accidents par gouvernorat et par mois,145
2001,11.7,11,evolution du nombre des blesses par gouvernorat et par mois,146
2001,11.8,11,evolution du nombre des tues par gouvernorat et par mois,147
2001,11.9,11,transport ferroviaire,148
2001,11.9,11,transport ferroviaire ( suite ),149
2001,11.9,11,transport ferroviaire ( suite et fin ),151
2001,12.1,12,telecommunications: indicateurs des telecommunications,158
2001,12.10,12,poste: montant des mandats emis a l etranger et payes en tunisie par,163
2001,12.11,12,poste: mouvements de fond de c.c.p,164
2001,12.12,12,poste: evolution des recettes budgetaires realisees,164
2001,12.2,12,telecommunications: situation du reseau telephonique par gouvernorat,158
2001,12.3,12,telecommunications: trafic telephonique,159
2001,12.4,12,poste: situation des etablissements postaux,160
2001,12.5,12,poste: colis postaux*,160
2001,12.6,12,poste: articles d argent (tout regime ) c.c.a.a,161
2001,12.7,12,poste : balance du trafic des mandats ( regime international ),161
2001,12.8,12,poste: caisse d epargne nationale,162
2001,12.9,12,poste: comptes en dinars convertibles,162
2001,13.1,13,evolution des prix moyens a la production,167
2001,13.1,13,evolution des prix moyens a la production ( suite et fin ),168
2001,13.10,13,quantites des fruits commercialises aux marches de gros des communes,182
2001,13.2,13,evolution annuelle de l indice des prix de vente industriels ( suite et fin ),170
2001,13.3,13,evolution mensuelle de l indice des prix de vente industriels,171
2001,13.3,13,evolu tion mensuelle de l indice des prix de vente industriels ( suite et fin ),172
2001,13.4,13,evolution des prix de detail a tunis ( moyenne des 12 mois ),173
2001,13.4,13,evolution des prix de detail a tunis ( moyenne des 12 mois ) (suite),174
2001,13.4,13,evolution des prix de detail a tunis (moyenne des 12 mois) (suite et fin),175
2001,13.5,13,variations annuelles de l indice general des prix a la consommation,176
2001,13.6,13,indice general des prix a la consommation familiale par mois et par groupe,178
2001,13.7,13,evolution de l indice general des prix a la consommation familiale selon les,178
2001,13.8,13,evolution de l indice general des prix a la consommation familiale,179
2001,13.8,13,evolution de l indice general des prix a la consommation familiale ( suite et fin ),180
2001,13.9,13,quantites des legumes commercialises aux marches de gros des communes,181
2001,14.1,14,evolution mensuelle des echanges,184
2001,14.10,14,evolution des echanges avec les principaux pays,194
2001,14.2,14,evolution des echanges par groupement sectoriel d activite,185
2001,14.3,14,evolution des echanges par type d utilisation,186
2001,14.4,14,evolution des echanges par groupement d utilisation des marchandises,187
2001,14.5,14,evolution des exportations des principaux produits par groupement,188
2001,14.6,14,evolution des exportations des principaux produits par groupement,189
2001,14.7,14,evolution des importations des principaux produits par groupement,190
2001,14.8,14,evolution des importations des principaux produits par groupement,192
2001,14.9,14,evolution des echanges avec les principaux ensembles economiques,193
2001,15.1,15,evolution de la structure du systeme financier,196
2001,15.10,15,paiements exterieurs de la tunisie : evolution des recettes,206
2001,15.11,15,paiements exterieurs de la tunisie : evolution des depenses,207
2001,15.12,15,taux d interet,208
2001,15.13,15,cours annuels moyens en dinar des principales devises cotees sur le marche de,208
2001,15.14,15,principaux indicateurs boursiers,208
2001,15.2,15,evolution du reseau bancaire par gouvernorat,197
2001,15.3,15,les ressources du systeme monetaire et leurs contreparties,198
2001,15.3,15,les ressources du systeme monetaire et leurs contreparties (suite et fin),199
2001,15.4,15,les ressources du systeme financier global et leurs contreparties,200
2001,15.5,15,evolution de la situation de la banque centrale de tunisie par secteur,201
2001,15.6,15,evolution de la situation des banques de depots par secteur,202
2001,15.7,15,evolution des credits a court terme par branche d activite economique,203
2001,15.8,15,evolution des credits a moyen et long terme par branche d activite,204
2001,15.9,15,evolution du total des credits par branche d activite economique,205
2001,16.1,16,recettes de l etat,210
2001,16.10,16,depenses du titre ii ( equipement ) par chapitre,218
2001,16.11,16,evolution des depenses des fonds speciaux du tresor ventiles par fonds,219
2001,16.2,16,recettes du titre i par categorie ( fonctionnement ),210
2001,16.3,16,recettes ordinaires du budget de l etat par article,211
2001,16.3,16,recettes ordinaires du budget de l etat par article (suite),212
2001,16.3,16,recettes ordinaires du budget de l etat (suite et fin),213
2001,16.4,16,recettes du titre ii ( equipement ),214
2001,16.5,16,recettes des fonds de concours ( titre ii section ii ),214
2001,16.6,16,recettes des fonds speciaux du tresor ventilees par fonds,215
2001,16.7,16,depenses de l etat,216
2001,16.8,16,depenses du titre i par chapitre,216
2001,16.9,16,depenses du titre i par categorie et chapitre,217
2001,17.1,17,equilibre ressources et emplois des biens et services : valeurs aux prix,221
2001,17.10,17,creances et dettes,225
2001,17.11,17,taux et ratios par habitant,226
2001,17.12,17,valeurs ajoutees aux couts des facteurs ( prix courants ),227
2001,17.13,17,valeurs ajoutees aux couts des facteurs ( prix constants ),228
2001,17.14,17,formation brute de capital fixe par secteur d activite,229
2001,17.15,17,formation brute de capital fixe par domaine (1),230
2001,17.16,17,compte des operations avec l exterieur,231
2001,17.16,17,compte des operations avec l exterieur (suite et fin),232
2001,17.2,17,taux de variation aux prix courants,221
2001,17.3,17,equilibre ressources et emplois des biens et services valeurs aux prix,222
2001,17.4,17,taux de variation aux prix constants (1990),222
2001,17.5,17,taux de variation des prix,223
2001,17.6,17,contribution des elements de la demande a la croissance du p . i . b,223
2001,17.7,17,produit national brut et revenu national,224
2001,17.8,17,consommation et epargne,224
2001,17.9,17,investissement et financement,225
2001,18.1,18,les ressources en eaux diponibles par source,235
2001,18.10,18,evolution de la production nette et de la consommation d eau potable,238
2001,18.11,18,evolution du nombre d abonnes par usage,239
2001,18.12,18,evolution de la consommation unitaire annuelle d eau potable par abonne,239
2001,18.13,18,evolution de la consommation specifique journaliere d eau potable par,239
2001,18.14,18,capacite de traitement des stations d epuration en termes de volume,240
2001,18.15,18,capacite de traitement des stations d epuration en termes de d bo,240
2001,18.16,18,capacite de traitement des stations d epuration en termes d equivalents,241
2001,18.17,18,rejets d eaux usees en termes de volume,241
2001,18.18,18,rejets d eaux usees en termes de dbo,242
2001,18.19,18,repartition de la superficie par categories d utilisation des sols,243
2001,18.2,18,evolution des prelevements des eaux souterraines,235
2001,18.20,18,evolution des superficies reboisees et des plantations pastorales,244
2001,18.21,18,evolution du nombre et des surfaces annuelles des incendies des forets,244
2001,18.3,18,evolution des ressources en eaux renouvelables disponibles,235
2001,18.4,18,evolution des prelevements des eaux souterraines renouvelables et,236
2001,18.5,18,prelevement brut des eaux douces souterraines renouvelables par secteur,236
2001,18.6,18,prelevement brut des eaux non renouvelables ( aquiferes ) par secteur,236
2001,18.7,18,evolution de la repartition de l exploitation des nappes profondes par secteur,237
2001,18.8,18,exploitation des nappes profondes par classe des residus secs (rs) et selon,237
2001,18.9,18,evolution de la production brute de la sonede selon les ressources,238
2001,19.1,19,division administrative du pays,252
2001,19.2,19,les representations de l ins dans les regions,253
2001,19.4,19,loi relative au systeme statistique tunisien,255
2001,2.1,2,principales caracteristiques demographiques,19
2001,2.10,2,"naissances par genre suivant le gouvernorat de declaration, rapport de",31
2001,2.11,2,naissances suivant le lieu d accouchement et le gouvernorat de declaration,32
2001,2.12,2,deces observes par mois et par annee ( mois de deces),33
2001,2.13,2,deces observes par genre et gouvernorat de domicile,34
2001,2.14,2,deces corriges et taux bruts de mortalite pour 1000 habitants par gouvernorat,35
2001,2.15,2,evolution des morts-nes declares par mois et par annee,36
2001,2.16,2,evolution des mort-nes par gouvernorat de declaration,37
2001,2.17,2,mariages contractes par mois et par annee,38
2001,2.18,2,mariages contractes par gouvernorat de declaration,39
2001,2.2,2,"estimation de la population par groupe d age, genre et gouvernorat au 1.7.2001",20
2001,2.21,2,mariages selon le groupe d age des epoux,42
2001,2.22,2,divorces prononces par les tribunaux de 1 ere,43
2001,2.3,2,"estimation de la population par groupe d age, genre et gouvernorat au 1.7.2001",22
2001,2.4,2,"estimation de la population par groupe d age, genre et gouvernorat au 1.7.2001",24
2001,2.5,2,naissances par mois et par annee ( mois de naissance ),26
2001,3.1,3,informations generales,45
2001,3.10,3,principales donnees du 2 cycle de l enseignement de base et de l enseignement,54
2001,3.11,3,population scolaire du 2 cycle de l enseignement de base et de l enseignement,54
2001,3.12,3,population scolaire du 2 ème,55
2001,3.13,3,population scolaire totale du 2 ème,56
2001,3.14,3,population scolaire du 2 cycle de l enseignement de base et de l enseignement,57
2001,3.15,3,personnel enseignant du 2 cycle de l enseignement de base et de l enseignement,58
2001,3.16,3,nombre d etablissements du 2 ème,58
2001,3.17,3,resultats des examens du 2 cycle de l enseignement de base et de l enseignement,59
2001,3.18,3,repartition des admis au baccalaureat par gouvernorat juin 2001,60
2001,3.19,3,repartition des etudiants par secteur et par genre,61
2001,3.2,3,renseignements generaux du 1er cycle de l enseignement de base,46
2001,3.20,3,repartition de s eudiants par ministere de tutelle et par genre,61
2001,3.21,3,effectifs des etudiants et diplomes de fin d etudes par secteur et par genre,62
2001,3.22,3,personnel enseignant a plein temps en 2001,62
2001,3.23,3,evolution du reseau des bibliotheques par categorie et par gouvernorat,63
2001,3.24,3,evolution de la capacite des bibliotheques publiques par categorie et par,64
2001,3.25,3,evolution des fonds de livres par categorie de bibliotheques et par gouvernorat,65
2001,3.26,3,evolution des lecteurs par categorie de bibliotheques et par gouvernorat,66
2001,3.27,3,evolution des abonnes par categorie de bibliotheques et par gouvernorat,67
2001,3.28,3,evolution des livres pretes par categorie de bibliotheques et par gouvernorat,68
2001,3.29,3,nombre de films longs et courts metrages vises par nationalite,69
2001,3.3,3,nombre d ecoles par gouvernorat du 1 cycle de l enseignement de base,47
2001,3.30,3,evolution des nombres d entree dans les salles de cinema,70
2001,3.31,3,nombre de salles par gouvernorat,70
2001,3.4,3,nombre de locaux-classes par gouvernorat du 1 cycle de l enseignement de base er,48
2001,3.5,3,personnel enseignant par gouvernorat du 1 cycle de l enseignement de base er,49
2001,3.6,3,classes-eleves par annee d etudes du 1 cycle de l enseignement de base,50
2001,3.7,3,population scolaire du 1 cycle de l enseignement de base par genre et,51
2001,3.8,3,population scolaire totale du 1 cycle de l enseignement de base par gouvernorat,52
2001,3.9,3,population scolaire du 1er cycle de l enseignement de base par qualite et annee,53
2001,4.1,4,infrastructure sanitaire du secteur public par gouvernorat,71
2001,4.2,4,infrastructure sanitaire du secteur privee par gouvernorat,73
2001,4.3,4,effectif des officines et des medecins par gouvernorat,74
2001,4.4,4,repartition du personnel paramedical du secteur public par grade et,75
2001,4.5,4,activites des centres du planing familial selon l objet par gouvernorat,76
2001,4.6,4,activites du planning familial selon les differentes methodes par gouvernorat,77
2001,4.7,4,taux de prevalence contraceptive,78
2001,5.1,5,activites des tribunaux par degre au cours de l annee judiciaire 2000 - 2001,80
2001,5.10,5,affaires traitees devant les tribunaux de 1 ere,87
2001,5.2,5,activites de la cours de cassation par matiere au cours de l annee judiciaire,80
2001,5.3,5,activites des cours d appel par matiere et par annee judiciaire,81
2001,5.4,5,activites des tribunaux de 1 ere,82
2001,5.5,5,activites des justices cantonales par matiere au cours de l annee judiciaire 2000 - 2001,82
2001,5.6,5,affaires enrolees devant les tribunaux de 1 ere,83
2001,5.7,5,affaires traitees devant les tribunaux de 1 ere,84
2001,5.8,5,affaires enrolees devant les tribunaux de 1 ere,85
2001,5.9,5,affaires traitees devant les tribunaux de 1 ere,86
2001,6.1,6,evolution des demandes d emploi enregistrees par categorie,89
2001,6.2,6,evolution du nombre des demandes d emploi enregistrees par gouvernorat,89
2001,6.3,6,evolution des offres d emploi recues par categorie professionnelle,90
2001,6.4,6,evolution des offres d emploi recues par gouvernorat,90
2001,6.5,6,evolution des placements realises en tunisie par categorie professionnelle,91
2001,6.6,6,evolution des placements realises en tunisie par gouvernorat,91
2001,6.7,6,donnees globales du marche de l emploi,92
2001,6.8,6,evolution du salaire minimum interprofessionnel garanti ( smig ),93
2001,6.9,6,evolution du salaire minimum agricole garanti ( smag ),93
2001,7.1,7,evolution de la production des cereales,101
2001,7.10,7,production brute des palmiers par variete et par annee de recolte,98
2001,7.11,7,evolution de la production de vins mouts et mistelles par gouvernorat,98
2001,7.12,7,evolution de la superficie des vignobles * par gouvernorat,98
2001,7.13,7,evolution de la production des cultures industrielles,99
2001,7.14,7,evolution de la production de la peche par type,99
2001,7.15,7,repartition de la flotille active par type d embarcation et delegation,100
2001,7.2,7,evolution des superficies ensemencees en cereales,101
2001,7.3,7,repartition de la superficie selon la categorie d occupation du sol,95
2001,7.4,7,repartition du cheptel,95
2001,7.5,7,production de viande par type ( en poids vif ),95
2001,7.6,7,production des legumes,96
2001,7.7,7,evolution de la production des legumineuses,96
2001,7.8,7,evolution de la production des fruits ( sauf agrumes ),97
2001,7.9,7,evolution de la production d agrumes par variete,97
2001,8.1,8,evolution de la production d energie primaire,110
2001,8.10,8,evolution de la production et de la consommation du gaz,107
2001,8.11,8,evolution du nombre des abonnes et de la longueur du reseau (*),107
2001,8.12,8,evolution de la production et de la consommation d eau,108
2001,8.13,8,evolution de la production et des echanges de petrole brut,108
2001,8.14,8,evolution de la production de carburants,109
2001,8.15,8,evolution de la consommation de carburants,109
2001,8.2,8,evolution de la consommation d energie commerciale,110
2001,8.3,8,evolution de la puissance i nstallee par centrale,103
2001,8.4,8,evolution de la production d electricite par centrale,103
2001,8.5,8,evolution des longueurs des lignes par tension,104
2001,8.6,8,evolution de la consommation d electricite par centre de distribution,104
2001,8.7,8,evolution de la consommation d electricite par tension,105
2001,8.8,8,evolution de la consommation d electricite de haute et moyenne tension,105
2001,8.9,8,evolution du nombre de consommateurs d electricite par centre,106
2001,9.1,9,indice de la production industrielle ( suite et fin ),112
2001,9.1,9,indice de la production industrielle,120
2001,9.10,9,evolution de la valeur des ventes de la production miniere,119
2001,9.11,9,production et commercialisation du sel,119
2001,9.2,9,industries agro -alimentaires ( production ),113
2001,9.3,9,production de tabac,114
2001,9.4,9,consommation de tabac et d allumettes,114
2001,9.5,9,"materiaux de construction, ceramique et verre",115
2001,9.6,9,industries mecaniques et electrique ( production ),116
2001,9.7,9,industries chimiques (production ),117
2001,9.8,9,industrie du papier (production ),118
2001,9.9,9,production miniere,118
2002,1.1,1,temperature par principale 1,19
2002,1.1,1,temperature par 1,20
2002,1.1,1,temperature par,21
2002,1.1,1,les eaux conventionnelles,243
2002,1.2,1,pluviometrie en millimetre 2,22
2002,1.2,1,traitement et rejet d eaux usées : 2,243
2002,1.3,1,pluviometrie en millimetre 3,23
2002,1.4,1,nombre de jours de pluie 4,24
2002,10.1,10,principaux indicateurs touristiques,127
2002,10.10,10,sorties des voyageurs non residents 10,136
2002,10.11,10,sorties des voyageurs non residents 11,137
2002,10.12,10,entrees des tunisiens 12,138
2002,10.13,10,sorties des tunisiens 13,139
2002,10.14,10,capacite d hebergement 14,140
2002,10.15,10,nuitees touristiques globales 15,141
2002,10.16,10,taux d occupation 16,142
2002,10.17,10,duree moyenne de sejour 17,142
2002,10.18,10,nuitees des non residents 18,143
2002,10.19,10,nuitees des non residents 19,143
2002,10.2,10,entrees des voyageurs non residents 2,128
2002,10.20,10,mouvement des croisieres maritimes 20,144
2002,10.3,10,entrees des voyageurs non residents 3,129
2002,10.4,10,entrées des voyageurs non résidents par nationalité et,12
2002,10.4,10,entrees des voyageurs non residents 4,130
2002,10.5,10,entrees des voyageurs non residents 5,131
2002,10.6,10,evolution des entrees des voyageurs,132
2002,10.7,10,sorties des voyageurs non residents,133
2002,10.8,10,sorties des voyageurs non residents 8,134
2002,10.9,10,sorties des voyageurs non residents 9,135
2002,11.1,11,immatriculation des vehicules 1,145
2002,11.10,11,transport aerien 10,156
2002,11.10,11,transport aerien (suite) ( ) 10,157
2002,11.10,11,transport aerien (suite et n) ( ) 10,158
2002,11.11,11,transport maritime 11,159
2002,11.11,11,transport maritime (suite ) ( ) 11,160
2002,11.11,11,transport maritime (suite et n) ( ) 11,161
2002,11.2,11,immatriculation des véhicules occasions par catégorie,13
2002,11.2,11,immatriculation des vehicules occasions,146
2002,11.3,11,ensemble des immatriculations 3,147
2002,11.4,11,repartition du nombre,148
2002,11.5,11,repartition du nombre des accidents 5,148
2002,11.6,11,evolution du nombre 6,149
2002,11.7,11,evolution du nombre 7,150
2002,11.8,11,evolution du nombre 8,151
2002,11.9,11,transport ferroviaire 9,152
2002,11.9,11,transport ferroviaire (suite) ( ) 9,153
2002,11.9,11,transport ferroviaire (suite et n) ( ) 9,155
2002,12.1,12,telecommunications: indicateurs : 1,163
2002,12.10,12,poste: montant des mandats emis : 10,169
2002,12.11,12,poste: mouvements de fond de c.c.p. : 11,171
2002,12.12,12,poste: evolution des recettes : 12,172
2002,12.2,12,telecommunications:situation : 2,164
2002,12.3,12,telecommunications: trafic : 3,165
2002,12.4,12,poste: situation : 4,166
2002,12.5,12,poste: colis postaux* * : 5,166
2002,12.6,12,poste: articles d argent : 6,167
2002,12.7,12,poste : balance du trafic des mandats : 7,167
2002,12.8,12,poste: caisse d epargne nationale : 8,168
2002,12.9,12,poste: comptes en dinars convertibles : 9,168
2002,13.1,13,evolution des prix moyens a la production 1,173
2002,13.10,13,quantites des fruits commercialises 10,190
2002,13.2,13,evolution annuelle de l indice des prix 2,175
2002,13.3,13,evolution mensuelle de l indice des prix de vente industriels 203 ... 3,14
2002,13.3,13,evolution mensuelle 3,177
2002,13.4,13,evolution des prix de detail 4,180
2002,13.5,13,variations annuelles de l indice général des prix à la,14
2002,13.5,13,variations annuelles de l indice general 5,184
2002,13.6,13,indice general des prix 6,186
2002,13.7,13,evolution de l indice general des prix 7,186
2002,13.8,13,evolution de l indice general des prix 8,187
2002,13.9,13,quantites des legumes commercialises 9,189
2002,14.1,14,evolution mensuelle des echanges 1,191
2002,14.10,14,evolution des echanges 10,201
2002,14.2,14,evolution des echanges 2,192
2002,14.3,14,evolution des echanges 3,193
2002,14.4,14,evolution des echanges 4,194
2002,14.5,14,evolution des exportations des principaux produits,15
2002,14.5,14,evolution des exportations des principaux 5,195
2002,14.6,14,evolution des exportations des principaux 6,196
2002,14.7,14,evolution des importations des principaux 7,197
2002,14.8,14,evolution des importations par groupement,199
2002,14.9,14,evolution des echanges avec 9,200
2002,15.1,15,evolution de la structure 1,203
2002,15.10,15,paiements exterieurs de la tunisie: : 10,213
2002,15.11,15,paiements exterieurs de la tunisie : : 11,215
2002,15.12,15,taux d interet 12,217
2002,15.13,15,cours annuels moyens en dinar 13,217
2002,15.14,15,principaux indicateurs boursiers 14,217
2002,15.2,15,evolution du reseau bancaire 2,204
2002,15.3,15,les ressources du systeme monetaire 3,205
2002,15.4,15,les ressources du systeme 4,207
2002,15.5,15,evolution de la situation de la banque 5,208
2002,15.6,15,evolution de la situation des banques de depots 6,209
2002,15.7,15,evolution des credits a court terme 7,210
2002,15.8,15,evolution des credits a moyen et long,211
2002,15.9,15,evolution du total des credits 9,212
2002,16.1,16,recettes de l etat 1,219
2002,16.10,16,depenses du titre ii ( equipement ) ( ) 10,228
2002,16.11,16,evolution des depenses des fonds 11,229
2002,16.2,16,recettes du titre i par categorie 2,219
2002,16.3,16,recettes ordinaires 3,220
2002,16.3,16,recettes ordinaires du budget 3,222
2002,16.4,16,recettes du titre ii ( equipement ) ( ) 4,224
2002,16.5,16,recettes des fonds de concours 5,224
2002,16.6,16,recettes des fonds speciaux du tresor 6,225
2002,16.7,16,depenses de l etat 7,226
2002,16.8,16,depenses du titre i par chapitre 8,226
2002,16.9,16,depenses du titre i 9,227
2002,17.1,17,equilibre ressources et emplois des biens et services : :,16
2002,17.1,17,equilibre ressources et emplois des biens 1,231
2002,17.10,17,creances et dettes 10,235
2002,17.11,17,taux et ratios par habitant 11,236
2002,17.12,17,valeurs ajoutees aux couts,237
2002,17.13,17,valeurs ajoutees aux couts 13,238
2002,17.14,17,formation brute de capital 14,239
2002,17.15,17,formation brute de capital 15,240
2002,17.16,17,compte des operations avec l exterieur 16,241
2002,17.16,17,compte des operations avec 16,242
2002,17.2,17,taux de variation aux prix courants 2,231
2002,17.3,17,equilibre ressources et emplois 3,232
2002,17.4,17,taux de variation aux prix constants (1990) ( 1990) 4,232
2002,17.5,17,taux de variation des prix 5,233
2002,17.6,17,contribution des éléments de la demande à la,16
2002,17.6,17,contribution des elements de la 6,233
2002,17.7,17,produit national brut et 7,234
2002,17.8,17,consommation et epargne 8,234
2002,17.9,17,investissement et financement 9,235
2002,18.1,18,les ressources en eaux diponibles 1,244
2002,18.10,18,evolution de la production nette 10,247
2002,18.11,18,evolution du nombre d abonnes 11.18,248
2002,18.12,18,evolution de la consommation 12.18,248
2002,18.13,18,evolution de la consommation 13.18,248
2002,18.14,18,capacite de traitement des stations 14.18,249
2002,18.15,18,capacite de traitement des stations 15.18,249
2002,18.16,18,capacite de traitement des stations 16,250
2002,18.17,18,rejets d eaux usees en termes de volume 17,250
2002,18.18,18,rejets d eaux usees 18,251
2002,18.19,18,repartition de la superficie 19,252
2002,18.2,18,evolution des prelevements 2,244
2002,18.20,18,evolution des superficies reboisees 20,253
2002,18.21,18,evolution du nombre et des surfaces 21,253
2002,18.3,18,evolution des ressources en eaux renouvelables,16
2002,18.3,18,evolution des ressources 3,244
2002,18.4,18,evolution des prelevements 4,245
2002,18.5,18,prelevement brut des eaux douces 5,245
2002,18.6,18,prelevement brut 6,245
2002,18.7,18,evolution de la repartition 7,246
2002,18.8,18,exploitation des nappes 8,246
2002,18.9,18,evolution de la production 9,247
2002,19.1,19,division administrative du pays 1,261
2002,19.2,19,les representations de l ins dans les regions,262
2002,19.3,19,les publications de l'institut national de la statistique,273
2002,19.4,19,loi relative au sysyteme statistique tunisien,274
2002,2.1,2,principales caracteristiques 1,25
2002,2.10,2,naissances par genre suivant,37
2002,2.11,2,naissances suivant le lieu d accouchement 11,38
2002,2.12,2,deces obseves par mois et par annee 12,39
2002,2.13,2,deces observes par genre et 13,40
2002,2.14,2,deces corriges et taux bruts 14,41
2002,2.15,2,evolution des mort-nes declares 15.2,42
2002,2.16,2,evolution des morts -nes par 16,43
2002,2.17,2,mariages contractes par mois et par annee 17,44
2002,2.18,2,mariages contractes 18,45
2002,2.19,2,mariage selon le groupe d age de l epoux 19,46
2002,2.2,2,estimation de la population par,26
2002,2.2,2,estimation de la population par 2,27
2002,2.20,2,mariage selon le groupe d age de l epouse 20,47
2002,2.21,2,mariages selon le groupe d age 21.2,48
2002,2.22,2,divorces prononces par les tribunaux 22,8
2002,2.3,2,estimation de la population par,28
2002,2.4,2,estimation de la population 4,30
2002,2.4,2,estimation de la population par 4,31
2002,2.5,2,naissances par mois et par annee,32
2002,2.8,2,naissances suivant le groupe d age 8,35
2002,2.9,2,taux de fecondite1 selon le groupe d age ( 1) 9,36
2002,3.1,3,informations generales 1,51
2002,3.10,3,principales donnees du 2ème cycle 10,61
2002,3.11,3,population scolaire du 2ème cycle 11,61
2002,3.12,3,population scolaire du 2er cycle 12,62
2002,3.13,3,population scolaire totale du 2ème cycle 13,64
2002,3.14,3,population scolaire du 2ème cycle 14,65
2002,3.15,3,nombre d etablissements du 2ème cycle 15,66
2002,3.16,3,personnel enseignant du 2ème cycle 16,67
2002,3.17,3,resultats des examens du 1er et du 2ème cycle 17,67
2002,3.18,3,repartition des admis au baccalaureat 18,68
2002,3.19,3,repartition des etudiants 19,69
2002,3.2,3,principales donnees 2,52
2002,3.20,3,repartition des eudiants par ministere 20,69
2002,3.21,3,effectifs des etudiants et diplomes 21,70
2002,3.22,3,personnel enseignant a plein temps 22,70
2002,3.23,3,evolution du reseau des bibliotheques 23,71
2002,3.24,3,evolution de la capacite 24,72
2002,3.25,3,evolution des fonds de livres 25,73
2002,3.26,3,evolution des lecteurs 26,74
2002,3.27,3,evolution des abonnes 27,75
2002,3.28,3,evolution des livres pretes 28,76
2002,3.29,3,nombre de films longs et courts 29,77
2002,3.3,3,nombre d écoles par gouvernorat du 1 er cycle 3,8
2002,3.3,3,nombre d ecoles par gouvernorat 3,53
2002,3.30,3,evolution des nombres d entree,78
2002,3.31,3,nombre de salles par gouvernorat 31,78
2002,3.4,3,nombre de locaux - classes par gouvernorat 4,54
2002,3.4,3,"en 2002, des eaux de saumure (4.5 en 2002) ,des eaux consacrées ( 2002 5,4)",247
2002,3.5,3,personnel enseignant par gouvernorat,55
2002,3.6,3,classes - eleves par annee d etudes 6,56
2002,3.7,3,population scolaire du 1er cycle de,57
2002,3.8,3,population scolaire totale du 1er cycle 8,59
2002,3.9,3,population scolaire du 1er cycle 9.3,60
2002,4.1,4,infrastructure sanitaire du secteur 1,79
2002,4.2,4,infrastructure sanitaire 2,80
2002,4.3,4,effectif des officines et des medecins 3,81
2002,4.4,4,répartition du personnel paramédical du secteur public,9
2002,4.4,4,repartition du personnel 4,82
2002,4.5,4,activités des centres du planning familial selon l objet,9
2002,4.5,4,activites des centres du planning familial 5,83
2002,4.6,4,activites du planning familial 6,84
2002,4.7,4,taux de prevalence 7,86
2002,5.1,5,activite des tribunaux par degre 1,87
2002,5.10,5,affaires traitees devant les tribunaux 10,94
2002,5.2,5,activité de la cour de cassation par matière au cours de,10
2002,5.2,5,activite de la cour de cassation par 2,87
2002,5.3,5,activites des cours d appel 3,88
2002,5.4,5,activites des tribunaux 4,89
2002,5.5,5,activites des justices cantonales 5,89
2002,5.6,5,affaires enrolees devant les tribunaux 6,90
2002,5.7,5,affaires traitees devant les tribunaux 7,91
2002,5.8,5,affaires enrôlées devant les tribunaux de 1ère instance en,10
2002,5.8,5,affaires enrolees devant les tribunaux 8,92
2002,5.9,5,affaires traitees devant les tribunaux 9,93
2002,6.1,6,evolution des demandes d emploi 1,95
2002,6.2,6,evolution du nombre 2,95
2002,6.3,6,evolution des offres d emploi 3,96
2002,6.4,6,evolution des placements realises 4,97
2002,6.5,6,evolution des placements 5,97
2002,6.6,6,donnees globales 6,98
2002,6.7,6,evolution du salaire minimum 7,99
2002,6.8,6,evolution du salaire 8,99
2002,7.1,7,evolution de la production 1,101
2002,7.10,7,production brute des palmiers 10,105
2002,7.11,7,evolution de la production de 11,105
2002,7.12,7,evolution de la superficie *,105
2002,7.13,7,evolution de la production des 13.7,106
2002,7.14,7,evolution de la production 14.7,106
2002,7.15,7,repartition de la flotille active 15.7,107
2002,7.2,7,evolution des superficies 2,101
2002,7.3,7,repartition de la superficie selon 3,102
2002,7.4,7,repartition du cheptel 4,102
2002,7.5,7,production de viande par type 5,102
2002,7.6,7,production des legumes 6,103
2002,7.7,7,evolution de la production,103
2002,7.8,7,evolution de la production ( ),104
2002,7.9,7,evolution de la production 9,104
2002,8.1,8,evolution de la production 1,109
2002,8.10,8,evolution de la production 10,114
2002,8.11,8,evolution du nombre des abonnes 11,114
2002,8.12,8,evolution de la production 12,115
2002,8.13,8,evolution de la production 13,115
2002,8.14,8,evolution de la production de carburants 14,116
2002,8.15,8,evolution de la consommation de carburants 15,116
2002,8.2,8,evolution de la consommation 2,109
2002,8.3,8,evolution de la puissance,110
2002,8.4,8,evolution de la production,110
2002,8.5,8,evolution des reseaux,111
2002,8.6,8,evolution de la consommation d electricite 6,111
2002,8.7,8,evolution de la consommation d electricite 7,112
2002,8.8,8,evolution de la consommation d electricite 8,112
2002,8.9,8,evolution du nombre de consommateurs par centre de,11
2002,8.9,8,evolution du nombre de consommateurs 9,113
2002,9.1,9,indice de la production industrielle 1,117
2002,9.10,9,evolution de la valeur des ventes 10,125
2002,9.11,9,production et commercialisation du sel 11,125
2002,9.2,9,industries agro - alimentaires 2,119
2002,9.3,9,production de tabac 3,120
2002,9.4,9,consommation de tabac et d allumettes 4,120
2002,9.5,9,materiaux de construction,121
2002,9.6,9,industries mecaniques et electrique,122
2002,9.7,9,industries chimiques (production ) ( ) 7,123
2002,9.8,9,industrie du papier (production ) ( ) 8,124
2002,9.9,9,production miniere,124
2003,1.1,1,temperature par principale 1,19
2003,1.1,1,temperature par 1,20
2003,1.1,1,temperature par,21
2003,1.1,1,les eaux conventionnelles,243
2003,1.2,1,pluviometrie en millimetre 2,22
2003,1.2,1,traitement et rejet d eaux usées : 2,243
2003,1.3,1,pluviometrie en millimetre 3,23
2003,1.4,1,nombre de jours de pluie 4,24
2003,10.1,10,principaux indicateurs touristiques,127
2003,10.10,10,sorties des voyageurs non residents 10,136
2003,10.11,10,sorties des voyageurs non residents 11,137
2003,10.12,10,entrees des tunisiens 12,138
2003,10.13,10,sorties des tunisiens 13,139
2003,10.14,10,capacite d hebergement 14,140
2003,10.15,10,nuitees touristiques globales 15,141
2003,10.16,10,taux d occupation 16,142
2003,10.17,10,duree moyenne de sejour 17,142
2003,10.18,10,nuitees des non residents 18,143
2003,10.19,10,nuitees des non residents 19,143
2003,10.2,10,entrees des voyageurs non residents 2,128
2003,10.20,10,mouvement des croisieres maritimes 20,144
2003,10.3,10,entrees des voyageurs non residents 3,129
2003,10.4,10,entrées des voyageurs non résidents par nationalité et,12
2003,10.4,10,entrees des voyageurs non residents 4,130
2003,10.5,10,entrees des voyageurs non residents 5,131
2003,10.6,10,evolution des entrees des voyageurs,132
2003,10.7,10,sorties des voyageurs non residents,133
2003,10.8,10,sorties des voyageurs non residents 8,134
2003,10.9,10,sorties des voyageurs non residents 9,135
2003,11.1,11,immatriculation des vehicules 1,145
2003,11.10,11,transport aerien 10,156
2003,11.10,11,transport aerien (suite) ( ) 10,157
2003,11.10,11,transport aerien (suite et n) ( ) 10,158
2003,11.11,11,transport maritime 11,159
2003,11.11,11,transport maritime (suite ) ( ) 11,160
2003,11.11,11,transport maritime (suite et n) ( ) 11,161
2003,11.2,11,immatriculation des véhicules occasions par catégorie,13
2003,11.2,11,immatriculation des vehicules occasions,146
2003,11.3,11,ensemble des immatriculations 3,147
2003,11.4,11,repartition du nombre,148
2003,11.5,11,repartition du nombre des accidents 5,148
2003,11.6,11,evolution du nombre 6,149
2003,11.7,11,evolution du nombre 7,150
2003,11.8,11,evolution du nombre 8,151
2003,11.9,11,transport ferroviaire 9,152
2003,11.9,11,transport ferroviaire (suite) ( ) 9,153
2003,11.9,11,transport ferroviaire (suite et n) ( ) 9,155
2003,12.1,12,telecommunications: indicateurs : 1,163
2003,12.10,12,poste: montant des mandats emis : 10,169
2003,12.11,12,poste: mouvements de fond de c.c.p. : 11,171
2003,12.12,12,poste: evolution des recettes : 12,172
2003,12.2,12,telecommunications:situation : 2,164
2003,12.3,12,telecommunications: trafic : 3,165
2003,12.4,12,poste: situation : 4,166
2003,12.5,12,poste: colis postaux* * : 5,166
2003,12.6,12,poste: articles d argent : 6,167
2003,12.7,12,poste : balance du trafic des mandats : 7,167
2003,12.8,12,poste: caisse d epargne nationale : 8,168
2003,12.9,12,poste: comptes en dinars convertibles : 9,168
2003,13.1,13,evolution des prix moyens a la production 1,173
2003,13.10,13,quantites des fruits commercialises 10,190
2003,13.2,13,evolution annuelle de l indice des prix 2,175
2003,13.3,13,evolution mensuelle de l indice des prix de vente industriels 203 ... 3,14
2003,13.3,13,evolution mensuelle 3,177
2003,13.4,13,evolution des prix de detail 4,180
2003,13.5,13,variations annuelles de l indice général des prix à la,14
2003,13.5,13,variations annuelles de l indice general 5,184
2003,13.6,13,indice general des prix 6,186
2003,13.7,13,evolution de l indice general des prix 7,186
2003,13.8,13,evolution de l indice general des prix 8,187
2003,13.9,13,quantites des legumes commercialises 9,189
2003,14.1,14,evolution mensuelle des echanges 1,191
2003,14.10,14,evolution des echanges 10,201
2003,14.2,14,evolution des echanges 2,192
2003,14.3,14,evolution des echanges 3,193
2003,14.4,14,evolution des echanges 4,194
2003,14.5,14,evolution des exportations des principaux produits,14
2003,14.5,14,evolution des exportations des principaux 5,195
2003,14.6,14,evolution des exportations des principaux 6,196
2003,14.7,14,evolution des importations des principaux 7,197
2003,14.8,14,evolution des importations par groupement,199
2003,14.9,14,evolution des echanges avec 9,200
2003,15.1,15,evolution de la structure 1,203
2003,15.10,15,paiements exterieurs de la tunisie: : 10,213
2003,15.11,15,paiements exterieurs de la tunisie : : 11,215
2003,15.12,15,taux d interet 12,217
2003,15.13,15,cours annuels moyens en dinar 13,217
2003,15.14,15,principaux indicateurs boursiers 14,217
2003,15.2,15,evolution du reseau bancaire 2,204
2003,15.3,15,les ressources du systeme monetaire 3,205
2003,15.4,15,les ressources du systeme 4,207
2003,15.5,15,evolution de la situation de la banque 5,208
2003,15.6,15,evolution de la situation des banques de depots 6,209
2003,15.7,15,evolution des credits a court terme 7,210
2003,15.8,15,evolution des credits a moyen et long,211
2003,15.9,15,evolution du total des credits 9,212
2003,16.1,16,recettes de l etat 1,219
2003,16.10,16,depenses du titre ii ( equipement ) ( ) 10,228
2003,16.11,16,evolution des depenses des fonds 11,229
2003,16.2,16,recettes du titre i par categorie 2,219
2003,16.3,16,recettes ordinaires 3,220
2003,16.3,16,recettes ordinaires du budget 3,222
2003,16.4,16,recettes du titre ii ( equipement ) ( ) 4,224
2003,16.5,16,recettes des fonds de concours 5,224
2003,16.6,16,recettes des fonds speciaux du tresor 6,225
2003,16.7,16,depenses de l etat 7,226
2003,16.8,16,depenses du titre i par chapitre 8,226
2003,16.9,16,depenses du titre i 9,227
2003,17.1,17,equilibre ressources et emplois des biens et services : :,16
2003,17.1,17,equilibre ressources et emplois des biens 1,231
2003,17.10,17,creances et dettes 10,235
2003,17.11,17,taux et ratios par habitant 11,236
2003,17.12,17,valeurs ajoutees aux couts (1),237
2003,17.13,17,valeurs ajoutees aux couts 13,238
2003,17.14,17,formation brute de capital 14,239
2003,17.15,17,formation brute de capital 15,240
2003,17.16,17,compte des operations avec l exterieur 16,241
2003,17.16,17,compte des operations avec 16,242
2003,17.2,17,taux de variation aux prix courants 2,231
2003,17.3,17,equilibre ressources et emplois 3,232
2003,17.4,17,taux de variation aux prix constants (1990) ( 1990) 4,232
2003,17.5,17,taux de variation des prix 5,233
2003,17.6,17,contribution des éléments de la demande à la,16
2003,17.6,17,contribution des elements de la 6,233
2003,17.7,17,produit national brut et 7,234
2003,17.8,17,consommation et epargne 8,234
2003,17.9,17,investissement et financement 9,235
2003,18.1,18,les ressources en eaux diponibles 1,244
2003,18.10,18,evolution de la production nette 10,247
2003,18.11,18,evolution du nombre d abonnes 11.18,248
2003,18.12,18,evolution de la consommation 12.18,248
2003,18.13,18,evolution de la consommation 13.18,248
2003,18.14,18,capacite de traitement des stations 14.18,249
2003,18.15,18,capacite de traitement des stations 15.18,249
2003,18.16,18,capacite de traitement des stations 16,250
2003,18.17,18,rejets d eaux usees en termes de volume 17,250
2003,18.18,18,rejets d eaux usees 18,251
2003,18.19,18,repartition de la superficie 19,252
2003,18.2,18,evolution des prelevements 2,244
2003,18.20,18,evolution des superficies reboisees 20,253
2003,18.21,18,evolution du nombre et des surfaces 21,253
2003,18.3,18,evolution des ressources en eaux renouvelables,16
2003,18.3,18,evolution des ressources 3,244
2003,18.4,18,evolution des prelevements 4,245
2003,18.5,18,prelevement brut des eaux douces 5,245
2003,18.6,18,prelevement brut 6,245
2003,18.7,18,evolution de la repartition 7,246
2003,18.8,18,exploitation des nappes 8,246
2003,18.9,18,evolution de la production 9,247
2003,19.1,19,division administrative du pays 1,261
2003,19.2,19,les representations de l ins dans les regions,262
2003,19.3,19,les publications de l'institut national de la statistique,273
2003,19.4,19,loi relative au sysyteme statistique tunisien,274
2003,2.1,2,principales caracteristiques 1,25
2003,2.10,2,naissances par genre suivant,37
2003,2.11,2,naissances suivant le lieu d accouchement 11,38
2003,2.12,2,deces obseves par mois et par annee 12,39
2003,2.13,2,deces observes par genre et 13,40
2003,2.14,2,deces corriges et taux bruts 14,41
2003,2.15,2,evolution des mort-nes declares 15.2,42
2003,2.16,2,evolution des morts -nes par 16,43
2003,2.17,2,mariages contractes par mois et par annee 17,44
2003,2.18,2,mariages contractes 18,45
2003,2.19,2,mariage selon le groupe d age de l epoux 19,46
2003,2.2,2,estimation de la population par,26
2003,2.2,2,estimation de la population par 2,27
2003,2.20,2,mariage selon le groupe d age de l epouse 20,47
2003,2.21,2,mariages selon le groupe d age 21.2,48
2003,2.22,2,divorces prononces par les tribunaux 22,8
2003,2.3,2,estimation de la population par,28
2003,2.4,2,estimation de la population 4,30
2003,2.4,2,estimation de la population par 4,31
2003,2.5,2,naissances par mois et par annee,32
2003,2.8,2,naissances suivant le groupe d age 8,35
2003,2.9,2,taux de fecondite1 selon le groupe d age ( 1) 9,36
2003,3.1,3,informations generales 1,51
2003,3.10,3,principales donnees du 2ème cycle 10,61
2003,3.11,3,population scolaire du 2ème cycle 11,61
2003,3.12,3,population scolaire du 2er cycle 12,62
2003,3.13,3,population scolaire totale du 2ème cycle 13,64
2003,3.14,3,population scolaire du 2ème cycle 14,65
2003,3.15,3,nombre d etablissements du 2ème cycle 15,66
2003,3.16,3,personnel enseignant du 2ème cycle 16,67
2003,3.17,3,resultats des examens du 1er et du 2ème cycle 17,67
2003,3.18,3,repartition des admis au baccalaureat 18,68
2003,3.19,3,repartition des etudiants 19,69
2003,3.2,3,principales donnees 2,52
2003,3.20,3,repartition des eudiants par ministere 20,69
2003,3.21,3,effectifs des etudiants et diplomes 21,70
2003,3.22,3,personnel enseignant a plein temps 22,70
2003,3.23,3,evolution du reseau des bibliotheques 23,71
2003,3.24,3,evolution de la capacite 24,72
2003,3.25,3,evolution des fonds de livres 25,73
2003,3.26,3,evolution des lecteurs 26,74
2003,3.27,3,evolution des abonnes 27,75
2003,3.28,3,evolution des livres pretes 28,76
2003,3.29,3,nombre de films longs et courts 29,77
2003,3.3,3,nombre d écoles par gouvernorat du 1 er cycle 3,8
2003,3.3,3,nombre d ecoles par gouvernorat 3,53
2003,3.30,3,evolution des nombres d entree,78
2003,3.31,3,nombre de salles par gouvernorat 31,78
2003,3.4,3,nombre de locaux - classes par gouvernorat 4,54
2003,3.5,3,personnel enseignant par gouvernorat,55
2003,3.5,3,en 2003. des eaux de saumure (5.6 en 2003) .des eaux consacrées ( 2003 5.6),247
2003,3.6,3,classes - eleves par annee d etudes 6,56
2003,3.7,3,population scolaire du 1er cycle de,57
2003,3.8,3,population scolaire totale du 1er cycle 8,59
2003,3.9,3,population scolaire du 1er cycle 9.3,60
2003,4.1,4,infrastructure sanitaire du secteur 1,79
2003,4.2,4,infrastructure sanitaire 2,80
2003,4.3,4,effectif des officines et des medecins 3,81
2003,4.4,4,répartition du personnel paramédical du secteur public,9
2003,4.4,4,repartition du personnel 4,82
2003,4.5,4,activités des centres du planning familial selon l objet,9
2003,4.5,4,activites des centres du planning familial 5,83
2003,4.6,4,activites du planning familial 6,84
2003,4.7,4,taux de prevalence 7.4,86
2003,5.1,5,activite des tribunaux par degre 1,87
2003,5.10,5,affaires traitees devant les tribunaux 10,94
2003,5.2,5,activité de la cour de cassation par matière au cours de,10
2003,5.2,5,activite de la cour de cassation par 2,87
2003,5.3,5,activites des cours d appel 3,88
2003,5.4,5,activites des tribunaux 4,89
2003,5.5,5,activites des justices cantonales 5,89
2003,5.6,5,affaires enrolees devant les tribunaux 6,90
2003,5.7,5,affaires traitees devant les tribunaux 7,91
2003,5.8,5,affaires enrôlées devant les tribunaux de 1ère instance en,10
2003,5.8,5,affaires enrolees devant les tribunaux 8,92
2003,5.9,5,affaires traitees devant les tribunaux 9,93
2003,6.1,6,evolution des demandes d emploi 1,95
2003,6.2,6,evolution du nombre 2,95
2003,6.3,6,evolution des offres d emploi 3,96
2003,6.4,6,evolution des placements realises 4,97
2003,6.5,6,evolution des placements 5,97
2003,6.6,6,donnees globales 6,98
2003,6.7,6,evolution du salaire minimum 7,99
2003,6.8,6,evolution du salaire 8,99
2003,7.1,7,evolution de la production 1,101
2003,7.10,7,production brute des palmiers 10,105
2003,7.11,7,evolution de la production de 11,105
2003,7.12,7,evolution de la superficie *,105
2003,7.13,7,evolution de la production des 13.7,106
2003,7.14,7,evolution de la production 14.7,106
2003,7.15,7,repartition de la flotille active 15.7,107
2003,7.2,7,evolution des superficies 2,101
2003,7.3,7,repartition de la superficie selon 3,102
2003,7.4,7,repartition du cheptel 4,102
2003,7.5,7,production de viande par type 5,102
2003,7.6,7,production des legumes 6,103
2003,7.7,7,evolution de la production,103
2003,7.8,7,evolution de la production ( ),104
2003,7.9,7,evolution de la production 9,104
2003,8.1,8,evolution de la production 1,109
2003,8.10,8,evolution de la production 10,114
2003,8.11,8,evolution du nombre des abonnes 11,114
2003,8.12,8,evolution de la production 12,115
2003,8.13,8,evolution de la production 13,115
2003,8.14,8,evolution de la production de carburants 14,116
2003,8.15,8,evolution de la consommation de carburants 15,116
2003,8.2,8,evolution de la consommation 2,109
2003,8.3,8,evolution de la puissance,110
2003,8.4,8,evolution de la production,110
2003,8.5,8,evolution des reseaux,111
2003,8.6,8,evolution de la consommation d electricite 6,111
2003,8.7,8,evolution de la consommation d electricite 7,112
2003,8.8,8,evolution de la consommation d electricite 8,112
2003,8.9,8,evolution du nombre de consommateurs par centre de,11
2003,8.9,8,evolution du nombre de consommateurs 9,113
2003,9.1,9,indice de la production industrielle 1,117
2003,9.10,9,production et commercialisation du sel 11,125
2003,9.2,9,industries agro - alimentaires 2,119
2003,9.3,9,production de tabac 3,120
2003,9.4,9,consommation de tabac et d allumettes 4,120
2003,9.5,9,materiaux de construction,121
2003,9.6,9,industries mecaniques et electrique,122
2003,9.7,9,industries chimiques (production ) ( ) 7,123
2003,9.8,9,industrie du papier (production ) ( ) 8,124
2003,9.9,9,production miniere,124
2004,1.1,1,temperature par principale 1,19
2004,1.1,1,temperature par 1,20
2004,1.1,1,temperature par,21
2004,1.1,1,les eaux conventionnelles,227
2004,1.2,1,pluviometrie en millimetre 2,22
2004,1.2,1,traitement et rejet d eaux usées : 2,227
2004,1.3,1,pluviometrie en millimetre 3,23
2004,1.4,1,nombre de jours de pluie 4,24
2004,10.4,10,entrées des voyageurs non résidents par nationalité et,12
2004,11.1,11,immatriculation des vehicules 1,129
2004,11.10,11,transport aerien 10,140
2004,11.10,11,transport aerien (suite) ( ) 10,141
2004,11.10,11,transport aerien (suite et n) ( ) 10,142
2004,11.11,11,transport maritime 11,143
2004,11.11,11,transport maritime (suite ) ( ) 11,144
2004,11.11,11,transport maritime (suite et n) ( ) 11,145
2004,11.2,11,immatriculation des véhicules occasions par catégorie,13
2004,11.2,11,immatriculation des vehicules occasions,130
2004,11.3,11,ensemble des immatriculations 3,131
2004,11.4,11,repartition du nombre,132
2004,11.5,11,repartition du nombre des accidents 5,132
2004,11.6,11,evolution du nombre 6,133
2004,11.7,11,evolution du nombre 7,134
2004,11.8,11,evolution du nombre 8,135
2004,11.9,11,transport ferroviaire 9,136
2004,11.9,11,transport ferroviaire (suite) ( ) 9,137
2004,11.9,11,transport ferroviaire (suite et n) ( ) 9,139
2004,12.1,12,domaine des telecommunications: : 1,147
2004,12.10,12,domaine de la poste : balance : 10,152
2004,12.11,12,domaine de la poste: : 11,153
2004,12.12,12,domaine de la poste: comptes : 12,153
2004,12.13,12,domaine de la poste: montant des mandats émis par l étranger : 13,14
2004,12.13,12,domaine de la poste: montant des mandats : 13,154
2004,12.14,12,domaine de la poste: :,156
2004,12.2,12,domaine des telecommunications: : 2,147
2004,12.3,12,domaine des télécommunications: evolution du nombre d abonnés : 3,14
2004,12.3,12,domaine des telecommunications: : 3,148
2004,12.4,12,domaine des telecommunications: : 4,149
2004,12.5,12,domaine de l informatique 5,150
2004,12.6,12,domaine de la telediffusion 6,150
2004,12.7,12,domaine de la poste: : 7,151
2004,12.8,12,domaine de la poste: : 8,151
2004,12.9,12,domaine de la poste: mandats : 9,152
2004,13.1,13,evolution des prix moyens a la production 1,157
2004,13.10,13,quantites des fruits commercialises 10,174
2004,13.2,13,evolution annuelle de l indice des prix 2,159
2004,13.3,13,evolution mensuelle de l indice des prix de vente industriels 205 ... 3,14
2004,13.3,13,evolution mensuelle 3,161
2004,13.4,13,evolution des prix de detail 4,164
2004,13.5,13,variations annuelles de l indice général des prix à la,14
2004,13.5,13,variations annuelles de l indice general 5,168
2004,13.6,13,indice general des prix 6,170
2004,13.7,13,evolution de l indice general 7,170
2004,13.8,13,evolution de l indice general des prix 8,171
2004,13.9,13,quantites des legumes commercialises 9,173
2004,14.1,14,evolution mensuelle des echanges 1,175
2004,14.10,14,evolution des echanges 10,185
2004,14.2,14,evolution des echanges 2,176
2004,14.3,14,evolution des echanges 3,177
2004,14.4,14,evolution des echanges 4,178
2004,14.5,14,evolution des exportations des principaux produits ( ) 5,15
2004,14.5,14,evolution des exportations des principaux 5,179
2004,14.6,14,evolution des exportations des principaux 6,180
2004,14.7,14,evolution des importations des principaux 7,181
2004,14.8,14,evolution des importations par groupement,183
2004,14.9,14,evolution des echanges avec 9,184
2004,15.1,15,evolution de la structure 1,187
2004,15.10,15,paiements exterieurs de la tunisie: : 10,197
2004,15.11,15,paiements exterieurs de la tunisie : : 11,199
2004,15.12,15,taux d interet 12,201
2004,15.13,15,cours annuels moyens en dinar 13,201
2004,15.14,15,principaux indicateurs boursiers 14,201
2004,15.2,15,evolution du reseau bancaire 2,188
2004,15.3,15,les ressources du systeme monetaire 3,189
2004,15.4,15,les ressources du systeme 4,191
2004,15.5,15,evolution de la situation de la banque 5,192
2004,15.6,15,evolution de la situation des banques de depots 6,193
2004,15.7,15,evolution des credits a court terme 7,194
2004,15.8,15,evolution des credits a moyen et long,195
2004,15.9,15,evolution du total des credits 9,196
2004,16.1,16,recettes de l etat 1,203
2004,16.10,16,depenses du titre ii ( equipement ) ( ) 10,212
2004,16.11,16,evolution des depenses des fonds 11,213
2004,16.2,16,recettes du titre i par categorie 2,203
2004,16.3,16,recettes ordinaires 3,204
2004,16.3,16,recettes ordinaires du budget 3,206
2004,16.4,16,recettes du titre ii ( equipement ) ( ) 4,208
2004,16.5,16,recettes des fonds de concours 5,208
2004,16.6,16,recettes des fonds speciaux du tresor 6,209
2004,16.7,16,depenses de l etat 7,210
2004,16.8,16,depenses du titre i par chapitre 8,210
2004,16.9,16,depenses du titre i,211
2004,17.1,17,equilibre ressources et emplois des biens et services : :,16
2004,17.1,17,equilibre ressources et emplois des biens 1,215
2004,17.10,17,creances et dettes 10,219
2004,17.11,17,taux et ratios par habitant 11,220
2004,17.12,17,valeurs ajoutees aux couts (1),221
2004,17.13,17,valeurs ajoutees aux couts 13,222
2004,17.14,17,formation brute de capital 14,223
2004,17.15,17,formation brute de capital 15,224
2004,17.16,17,compte des operations avec l exterieur 16,225
2004,17.16,17,compte des operations avec 16,226
2004,17.2,17,taux de variation aux prix courants 2,215
2004,17.3,17,equilibre ressources et emplois 3,216
2004,17.4,17,taux de variation aux prix constants (1990) ( 1990) 4,216
2004,17.5,17,taux de variation des prix 5,217
2004,17.6,17,contribution des éléments de la demande à la,16
2004,17.6,17,contribution des elements de la 6,217
2004,17.7,17,produit national brut et 7,218
2004,17.8,17,consommation et epargne 8,218
2004,17.9,17,investissement et financement 9,219
2004,18.1,18,les ressources en eaux disponibles 1,228
2004,18.10,18,evolution de la production nette 10,231
2004,18.11,18,evolution du nombre d abonnes 11.18,232
2004,18.12,18,evolution de la consommation 12.18,232
2004,18.13,18,evolution de la consommation 13.18,232
2004,18.14,18,capacite de traitement des stations 14.18,233
2004,18.15,18,capacite de traitement des stations 15.18,233
2004,18.16,18,capacite de traitement des stations 16,234
2004,18.17,18,rejets d eaux usees en termes de volume 17,234
2004,18.18,18,rejets d eaux usees 18,235
2004,18.19,18,repartition de la superficie 19,236
2004,18.2,18,evolution des prelevements 2,228
2004,18.20,18,evolution des superficies reboisees 20,237
2004,18.21,18,evolution du nombre et des surfaces 21,237
2004,18.3,18,evolution des ressources en eaux renouvelables,16
2004,18.3,18,evolution des ressources 3,228
2004,18.4,18,evolution des prelevements 4,229
2004,18.5,18,prelevement brut des eaux douces 5,229
2004,18.6,18,prelevement brut 6,229
2004,18.7,18,evolution de la repartition 7,230
2004,18.8,18,exploitation des nappes 8,230
2004,18.9,18,evolution de la production 9,231
2004,19.1,19,division administrative du pays 1,245
2004,19.2,19,les representations de l ins dans les regions,246
2004,19.3,19,les publications de l'institut national de la statistique,248
2004,19.4,19,loi relative au sysyteme statistique tunisien,257
2004,2.1,2,principales caracteristiques 1,25
2004,2.10,2,naissances par genre suivant,37
2004,2.11,2,naissances suivant le lieu d accouchement 11,38
2004,2.12,2,deces obseves par mois et par annee 12,39
2004,2.13,2,deces observes par genre et 13,40
2004,2.14,2,deces corriges et taux bruts 14,41
2004,2.15,2,evolution des morts-nes declares 15,42
2004,2.16,2,evolution des morts -nes par 16,43
2004,2.17,2,mariages contractes par mois et par annee 17,44
2004,2.18,2,mariages contractes 18,45
2004,2.19,2,mariage selon le groupe d age de l epoux 19,46
2004,2.2,2,estimation de la population par,26
2004,2.2,2,estimation de la population par 2,27
2004,2.20,2,mariage selon le groupe d age de l epouse 20,47
2004,2.21,2,mariages selon le groupe d age 21,48
2004,2.22,2,divorces prononces par les tribunaux 22,8
2004,2.3,2,estimation de la population par,28
2004,2.4,2,estimation de la population 4,30
2004,2.4,2,estimation de la population par 4,31
2004,2.5,2,naissances par mois et par annee,32
2004,2.8,2,naissances suivant le groupe d age 8,35
2004,2.9,2,taux de fecondite1 selon le groupe d age ( 1) 9,36
2004,3.1,3,informations generales 1,51
2004,3.10,3,principales donnees du 2ème cycle 10,61
2004,3.11,3,population scolaire du 2ème cycle 11,61
2004,3.12,3,population scolaire du 2ème cycle 12,62
2004,3.12,3,population scolaire du 2eme cycle 12,63
2004,3.13,3,population scolaire totale du 2ème cycle 13,64
2004,3.14,3,population scolaire du 2ème cycle 14,65
2004,3.15,3,nombre d etablissements du 2ème cycle 15,66
2004,3.16,3,personnel enseignant du 2ème cycle 16,67
2004,3.17,3,resultats des examens du 1er et du 2ème cycle 17,67
2004,3.18,3,repartition des admis au baccalaureat 18,68
2004,3.19,3,repartition des etudiants ( ) 19,69
2004,3.2,3,principales donnees 2,52
2004,3.20,3,effectif des etudiants 20,70
2004,3.21,3,repartition des eudiants par ministere 21,71
2004,3.22,3,personnel enseignant a plein temps 22,71
2004,3.23,3,evolution du reseau des bibliotheques 23,72
2004,3.24,3,evolution de la capacite 24,73
2004,3.25,3,evolution des fonds de livres 25,74
2004,3.26,3,evolution des lecteurs 26,75
2004,3.27,3,evolution des abonnes 27,76
2004,3.28,3,evolution des livres pretes 28,77
2004,3.29,3,nombre de films longs et courts 29,78
2004,3.3,3,nombre d écoles par gouvernorat du 1 er cycle 3,8
2004,3.3,3,nombre d ecoles par gouvernorat 3,53
2004,3.30,3,evolution des nombres d entree,79
2004,3.31,3,nombre de salles par gouvernorat 31,79
2004,3.4,3,nombre de locaux - classes par gouvernorat 4,54
2004,3.5,3,personnel enseignant par gouvernorat,55
2004,3.6,3,classes - eleves par annee d etudes 6,56
2004,3.7,3,population scolaire du 1er cycle de,57
2004,3.7,3,population scolaire du 1er cycle de 7,58
2004,3.8,3,population scolaire totale du 1er cycle 8,59
2004,3.9,3,population scolaire du 1er cycle 9.3,60
2004,4.1,4,infrastructure sanitaire du secteur 1,81
2004,4.2,4,infrastructure sanitaire du secteur privé par gouvernorat 90,9
2004,4.2,4,infrastructure sanitaire 2,82
2004,4.3,4,effectif des officines et des medecins 3,83
2004,4.4,4,répartition du personnel paramédical du secteur public,9
2004,4.4,4,repartition du personnel 4,84
2004,4.5,4,activités de la santé de la reproduction et de la plani cation,9
2004,4.5,4,activites de la sante de la reproduction 5,85
2004,4.6,4,repartition des beneficiaires de l information 6,88
2004,4.7,4,taux de prevalence 7,88
2004,5.1,5,activite des tribunaux par degre 1,89
2004,5.10,5,affaires traitees devant les tribunaux 10,96
2004,5.2,5,activité de la cour de cassation par matière au cours de,10
2004,5.2,5,activite de la cour de cassation par 2,89
2004,5.3,5,activites des cours d appel 3,90
2004,5.4,5,activites des tribunaux 4,91
2004,5.5,5,activites des justices cantonales 5,91
2004,5.6,5,affaires enrolees devant les tribunaux 6,92
2004,5.7,5,affaires traitees devant les tribunaux 7,93
2004,5.8,5,affaires enrôlées devant les tribunaux de 1ère instance en,10
2004,5.8,5,affaires enrolees devant les tribunaux 8,94
2004,5.9,5,affaires traitees devant les tribunaux 9,95
2004,6.1,6,evolution des demandes d emploi 1,97
2004,6.2,6,evolution du nombre 2,97
2004,6.3,6,evolution des offres d emploi 3,98
2004,6.4,6,evolution des placements realises 4,99
2004,6.5,6,evolution des placements 5,99
2004,6.6,6,donnees globales 6,100
2004,6.7,6,evolution du salaire minimum 7,101
2004,6.8,6,evolution du salaire 8,101
2004,7.1,7,evolution de la production 1,103
2004,7.10,7,production brute des palmiers 10,107
2004,7.11,7,evolution de la production de 11,107
2004,7.12,7,evolution de la superficie *,107
2004,7.13,7,evolution de la production des 13.7,108
2004,7.14,7,evolution de la production 14.7,108
2004,7.15,7,repartition de la flotille active 15,109
2004,7.2,7,evolution des superficies 2,103
2004,7.3,7,repartition de la superficie selon 3,104
2004,7.4,7,repartition du cheptel 4,104
2004,7.5,7,production de viande par type 5,104
2004,7.6,7,production des legumes 6,105
2004,7.7,7,evolution de la production,105
2004,7.8,7,evolution de la production ( ),106
2004,7.9,7,evolution de la production 9,106
2004,8.1,8,evolution de la production 1,111
2004,8.10,8,evolution de la production 10,116
2004,8.11,8,evolution du nombre des abonnes 11,116
2004,8.12,8,evolution de la production 12,117
2004,8.13,8,evolution de la production 13,117
2004,8.14,8,evolution de la production de carburants 14,118
2004,8.15,8,evolution de la consommation de carburants 15,118
2004,8.2,8,evolution de la consommation 2,111
2004,8.3,8,evolution de la puissance,112
2004,8.4,8,evolution de la production,112
2004,8.5,8,evolution des reseaux,113
2004,8.6,8,evolution de la consommation d electricite 6,113
2004,8.7,8,evolution de la consommation d electricite 7,114
2004,8.8,8,evolution de la consommation d electricite 8,114
2004,8.9,8,evolution du nombre de consommateurs par centre de,11
2004,8.9,8,evolution du nombre de consommateurs 9,115
2004,9.1,9,indice de la production industrielle 1,119
2004,9.10,9,production et commercialisation du sel 10,127
2004,9.2,9,industries agro - alimentaires 2,121
2004,9.3,9,production de tabac 3,122
2004,9.4,9,consommation de tabac et d allumettes 4,122
2004,9.5,9,materiaux de construction,123
2004,9.6,9,industries mecaniques et electrique,124
2004,9.7,9,industries chimiques (production ) ( ) 7,125
2004,9.8,9,industrie du papier (production ) ( ) 8,126
2004,9.9,9,production miniere,126
2005,1.1,1,temperature par principale 1,19
2005,1.1,1,temperature par 1,20
2005,1.1,1,temperature par,21
2005,1.1,1,les eaux conventionnelles,246
2005,1.2,1,pluviometrie en millimetre 2,22
2005,1.2,1,traitement et rejet d eaux usées : 2,246
2005,1.3,1,pluviometrie en millimetre 3,23
2005,1.4,1,nombre de jours de pluie 4,24
2005,10.1,10,principaux indicateurs touristiques,129
2005,10.10,10,sorties des voyageurs non residents 10,138
2005,10.11,10,sorties des voyageurs non residents 11,139
2005,10.12,10,entrees des tunisiens 12,140
2005,10.13,10,sorties des tunisiens 13,141
2005,10.14,10,capacite d hebergement 14,142
2005,10.15,10,nuitees touristiques globales 15,143
2005,10.16,10,taux d occupation 16,144
2005,10.17,10,duree moyenne de sejour 17,144
2005,10.18,10,nuitees des non residents 18,145
2005,10.19,10,nuitees des non residents 19,145
2005,10.2,10,entrees des voyageurs non residents 2,130
2005,10.20,10,mouvement des croisieres maritimes 20,146
2005,10.3,10,entrees des voyageurs non residents 3,131
2005,10.4,10,entrées des voyageurs non résidents par nationalité et,12
2005,10.4,10,entrees des voyageurs non residents 4,132
2005,10.5,10,entrees des voyageurs non residents 5,133
2005,10.6,10,evolution des entrees des voyageurs,134
2005,10.7,10,sorties des voyageurs non residents,135
2005,10.8,10,sorties des voyageurs non residents 8,136
2005,10.9,10,sorties des voyageurs non residents 9,137
2005,11.1,11,immatriculation des vehicules 1,147
2005,11.10,11,transport aerien 10,158
2005,11.10,11,transport aerien (suite) ( ) 10,159
2005,11.10,11,transport aerien (suite et n) ( ) 10,160
2005,11.11,11,transport maritime 11,162
2005,11.11,11,transport maritime (suite ) ( ) 11,163
2005,11.11,11,transport maritime (suite et n) ( ) 11,164
2005,11.2,11,immatriculation des véhicules occasions par catégorie,13
2005,11.2,11,immatriculation des vehicules occasions,148
2005,11.3,11,ensemble des immatriculations 3,149
2005,11.4,11,repartition du nombre,150
2005,11.5,11,repartition du nombre des accidents 5,150
2005,11.6,11,evolution du nombre 6,151
2005,11.7,11,evolution du nombre 7,152
2005,11.8,11,evolution du nombre 8,153
2005,11.9,11,transport ferroviaire 9,154
2005,11.9,11,transport ferroviaire (suite) ( ) 9,155
2005,11.9,11,transport ferroviaire (suite et n) ( ) 9,157
2005,12.1,12,domaine des telecommunications: : 1,165
2005,12.10,12,domaine de la poste : balance : 10,170
2005,12.11,12,domaine de la poste: : 11,171
2005,12.12,12,domaine de la poste: comptes : 12,171
2005,12.13,12,domaine de la poste: montant des mandats émis par l étranger : 13,14
2005,12.13,12,domaine de la poste: montant des mandats : 13,172
2005,12.14,12,domaine de la poste: :,174
2005,12.2,12,domaine des telecommunications: : 2,165
2005,12.3,12,domaine des télécommunications: evolution du nombre d abonnés : 3,14
2005,12.3,12,domaine des telecommunications: : 3,166
2005,12.4,12,domaine des telecommunications: : 4,167
2005,12.5,12,domaine de l informatique 5,168
2005,12.6,12,domaine de la telediffusion 6,168
2005,12.7,12,domaine de la poste: : 7,169
2005,12.8,12,domaine de la poste: : 8,169
2005,12.9,12,domaine de la poste: mandats : 9,170
2005,13.1,13,evolution des prix moyens a la production 1,175
2005,13.10,13,quantites des fruits commercialises 10,193
2005,13.2,13,evolution annuelle de l indice des prix 2,177
2005,13.3,13,evolution mensuelle de l indice des prix de vente industriels 205 ... 3,14
2005,13.3,13,evolution mensuelle 3,180
2005,13.4,13,evolution des prix de detail 4,183
2005,13.5,13,variations annuelles de l indice général des prix à la,14
2005,13.5,13,variations annuelles de l indice general 5,187
2005,13.6,13,indice general des prix 6,189
2005,13.7,13,evolution de l indice general 7,189
2005,13.8,13,evolution de l indice general des prix 8,190
2005,13.9,13,quantites des legumes commercialises 9,192
2005,14.1,14,evolution mensuelle des echanges 1,194
2005,14.10,14,evolution des echanges 10,204
2005,14.2,14,evolution des echanges 2,195
2005,14.3,14,evolution des echanges 3,196
2005,14.4,14,evolution des echanges 4,197
2005,14.5,14,evolution des exportations des principaux produits ) ( 5,15
2005,14.5,14,evolution des exportations des principaux 5,198
2005,14.6,14,evolution des exportations des principaux 6,199
2005,14.7,14,evolution des importations des principaux 7,200
2005,14.8,14,evolution des importations par groupement,202
2005,14.9,14,evolution des echanges avec 9,203
2005,15.1,15,evolution de la structure 1,206
2005,15.10,15,paiements exterieurs de la tunisie: : 10,216
2005,15.11,15,paiements exterieurs de la tunisie : : 11,218
2005,15.12,15,taux d interet 12,220
2005,15.13,15,cours annuels moyens en dinar 13,220
2005,15.14,15,principaux indicateurs boursiers 14,220
2005,15.2,15,evolution du reseau bancaire 2,207
2005,15.3,15,les ressources du systeme monetaire 3,208
2005,15.4,15,les ressources du systeme 4,210
2005,15.5,15,evolution de la situation de la banque 5,211
2005,15.6,15,evolution de la situation des banques de depots 6,212
2005,15.7,15,evolution des credits a court terme 7,213
2005,15.8,15,evolution des credits a moyen et long,214
2005,15.9,15,evolution du total des credits 9,215
2005,16.1,16,recettes de l etat 1,222
2005,16.10,16,depenses du titre ii ( equipement ) ( ) 10,231
2005,16.11,16,evolution des depenses des fonds 11,232
2005,16.2,16,recettes du titre i par categorie 2,222
2005,16.3,16,recettes ordinaires 3,223
2005,16.3,16,recettes ordinaires du budget 3,225
2005,16.4,16,recettes du titre ii ( equipement ) ( ) 4,227
2005,16.5,16,recettes des fonds de concours 5,227
2005,16.6,16,recettes des fonds speciaux du tresor 6,228
2005,16.7,16,depenses de l etat 7,229
2005,16.8,16,depenses du titre i par chapitre 8,229
2005,16.9,16,depenses du titre i,230
2005,17.1,17,equilibre ressources et emplois des biens et services : :,16
2005,17.1,17,equilibre ressources et emplois des biens 1,234
2005,17.10,17,creances et dettes 10,238
2005,17.11,17,taux et ratios par habitant 11,239
2005,17.12,17,valeurs ajoutees aux couts (1),240
2005,17.13,17,valeurs ajoutees aux couts 13,241
2005,17.14,17,formation brute de capital 14,242
2005,17.15,17,formation brute de capital 15,243
2005,17.16,17,compte des operations avec l exterieur 16,244
2005,17.16,17,compte des operations avec 16,245
2005,17.2,17,taux de variation aux prix courants 2,234
2005,17.3,17,equilibre ressources et emplois 3,235
2005,17.4,17,taux de variation aux prix constants (1990) ( 1990) 4,235
2005,17.5,17,taux de variation des prix 5,236
2005,17.6,17,contribution des éléments de la demande à la,16
2005,17.6,17,contribution des elements de la 6,236
2005,17.7,17,produit national brut et 7,237
2005,17.8,17,consommation et epargne 8,237
2005,17.9,17,investissement et financement 9,238
2005,18.1,18,les ressources en eaux disponibles 1,247
2005,18.10,18,evolution de la production nette 10,250
2005,18.11,18,evolution du nombre d abonnes 11.18,251
2005,18.12,18,evolution de la consommation 12.18,251
2005,18.13,18,evolution de la consommation 13.18,251
2005,18.14,18,capacite de traitement des stations 14.18,252
2005,18.15,18,capacite de traitement des stations 15.18,252
2005,18.16,18,capacite de traitement des stations 16,253
2005,18.17,18,rejets d eaux usees en termes de volume 17,253
2005,18.18,18,rejets d eaux usees 18,254
2005,18.19,18,repartition de la superficie 19,255
2005,18.2,18,evolution des prelevements 2,247
2005,18.20,18,evolution des superficies reboisees 20,256
2005,18.21,18,evolution du nombre et des surfaces 21,256
2005,18.3,18,evolution des ressources en eaux renouvelables,16
2005,18.3,18,evolution des ressources 3,247
2005,18.4,18,evolution des prelevements 4,248
2005,18.5,18,prelevement brut des eaux douces 5,248
2005,18.6,18,prelevement brut 6,248
2005,18.7,18,evolution de la repartition 7,249
2005,18.8,18,exploitation des nappes 8,249
2005,18.9,18,evolution de la production 9,250
2005,19.1,19,division administrative du pays 1,264
2005,19.2,19,les representations de l ins dans les regions,265
2005,19.3,19,les publications de l'institut national de la statistique,267
2005,19.4,19,loi relative au sysyteme statistique tunisien,276
2005,2.1,2,principales caracteristiques 1,25
2005,2.10,2,naissances par genre suivant,37
2005,2.11,2,naissances suivant le lieu d accouchement 11,38
2005,2.12,2,deces obseves par mois et par annee 12,39
2005,2.13,2,deces observes par genre et 13,40
2005,2.14,2,deces corriges et taux bruts 14,41
2005,2.15,2,evolution des morts-nes declares 15,42
2005,2.16,2,evolution des morts -nes par 16,43
2005,2.17,2,mariages contractes par mois et par annee 17,44
2005,2.18,2,mariages contractes 18,45
2005,2.19,2,mariage selon le groupe d age de l epoux 19,46
2005,2.2,2,estimation de la population par,26
2005,2.2,2,estimation de la population par 2,27
2005,2.20,2,mariage selon le groupe d age de l epouse 20,47
2005,2.21,2,mariages selon le groupe d age 21,48
2005,2.22,2,divorces prononces par les tribunaux 22,8
2005,2.3,2,estimation de la population par,28
2005,2.4,2,estimation de la population 4,30
2005,2.4,2,estimation de la population par 4,31
2005,2.5,2,naissances par mois et par annee,32
2005,2.8,2,naissances suivant le groupe d age 8,35
2005,2.9,2,taux de fecondite1 selon le groupe d age ( 1) 9,36
2005,3.1,3,informations generales 1,51
2005,3.10,3,principales donnees du 2ème cycle 10,61
2005,3.11,3,population scolaire du 2ème cycle 11,61
2005,3.12,3,population scolaire du 2ème cycle 12,62
2005,3.12,3,population scolaire du 2eme cycle 12,63
2005,3.13,3,population scolaire totale du 2ème cycle 13,64
2005,3.14,3,population scolaire du 2ème cycle 14,65
2005,3.15,3,nombre d etablissements du 2ème cycle 15,66
2005,3.16,3,personnel enseignant du 2ème cycle 16,67
2005,3.17,3,resultats des examens du 1er et du 2ème cycle 17,67
2005,3.18,3,repartition des admis au baccalaureat 18,68
2005,3.19,3,repartition des etudiants ( ) 19,69
2005,3.2,3,principales donnees du 1 cycle,52
2005,3.20,3,effectif des etudiants 20,70
2005,3.21,3,repartition des eudiants par ministere 21,71
2005,3.22,3,personnel enseignant a plein temps 22,71
2005,3.23,3,evolution du reseau des bibliotheques 23,72
2005,3.24,3,evolution de la capacite 24,73
2005,3.25,3,evolution des fonds de livres 25,74
2005,3.26,3,evolution des lecteurs 26,75
2005,3.27,3,evolution des abonnes 27,76
2005,3.28,3,evolution des livres pretes 28,77
2005,3.29,3,nombre de films longs et courts 29,78
2005,3.3,3,nombre d écoles par gouvernorat du 1 er cycle 3,8
2005,3.3,3,nombre d ecoles par gouvernorat 3,53
2005,3.30,3,evolution des nombres d entree,79
2005,3.31,3,nombre de salles par gouvernorat 31,79
2005,3.4,3,nombre de locaux - classes par gouvernorat 4,54
2005,3.5,3,personnel enseignant par gouvernorat,55
2005,3.6,3,classes - eleves par annee d etudes 6,56
2005,3.7,3,population scolaire du 1er cycle de,57
2005,3.7,3,population scolaire du 1er cycle de 7,58
2005,3.8,3,population scolaire totale du 1er cycle 8,59
2005,3.9,3,population scolaire du 1er cycle 9.3,60
2005,4.1,4,infrastructure sanitaire du secteur 1,81
2005,4.2,4,infrastructure sanitaire du secteur privé par gouvernorat 90 2,9
2005,4.2,4,infrastructure sanitaire 2,82
2005,4.3,4,effectif des officines et des medecins 3,83
2005,4.4,4,répartition du personnel paramédical du secteur public 4,9
2005,4.4,4,repartition du personnel 4,84
2005,4.5,4,activités de la santé de la reproduction et de la planification,9
2005,4.5,4,activites de la sante de la reproduction 5,85
2005,4.6,4,repartition des beneficiaires de l information 6,88
2005,4.7,4,taux de prevalence 7,88
2005,5.1,5,activite des tribunaux par degre 1,89
2005,5.10,5,affaires traitees devant les tribunaux 10,96
2005,5.2,5,activité de la cour de cassation par matière au cours de,10
2005,5.2,5,activite de la cour de cassation par 2,89
2005,5.3,5,activites des cours d appel 3,90
2005,5.4,5,activites des tribunaux 4,91
2005,5.5,5,activites des justices cantonales 5,91
2005,5.6,5,affaires enrolees devant les tribunaux 6,92
2005,5.7,5,affaires traitees devant les tribunaux 7,93
2005,5.8,5,affaires enrôlées devant les tribunaux de 1ère instance en,10
2005,5.8,5,affaires enrolees devant les tribunaux 8,94
2005,5.9,5,affaires traitees devant les tribunaux 9,95
2005,6.1,6,evolution des demandes d emploi 1,97
2005,6.2,6,evolution du nombre 2,97
2005,6.3,6,evolution des offres d emploi 3,98
2005,6.4,6,evolution des placements realises 4,99
2005,6.5,6,evolution des placements 5,99
2005,6.6,6,donnees globales 6,100
2005,6.7,6,evolution du salaire minimum 7,101
2005,6.8,6,evolution du salaire 8,101
2005,7.1,7,evolution de la production 1,103
2005,7.10,7,production brute des palmiers 10,107
2005,7.11,7,evolution de la production de 11,107
2005,7.12,7,evolution de la superficie *,107
2005,7.13,7,evolution de la production des 13,108
2005,7.14,7,evolution de la production 14,108
2005,7.15,7,repartition de la flotille active 15,109
2005,7.2,7,evolution des superficies 2,103
2005,7.3,7,repartition de la superficie selon 3,104
2005,7.4,7,repartition du cheptel 4,104
2005,7.5,7,production de viande par type 5,104
2005,7.6,7,production des legumes 6,105
2005,7.7,7,evolution de la production,105
2005,7.8,7,evolution de la production ( ),106
2005,7.9,7,evolution de la production 9,106
2005,8.1,8,evolution de la production 1,111
2005,8.10,8,evolution de la production 10,116
2005,8.11,8,evolution du nombre des abonnes 11,116
2005,8.12,8,evolution de la production 12,117
2005,8.13,8,evolution de la production 13,117
2005,8.14,8,evolution de la production de carburants 14,118
2005,8.15,8,evolution de la consommation de carburants 15,118
2005,8.2,8,evolution de la consommation 2,111
2005,8.3,8,evolution de la puissance,112
2005,8.4,8,evolution de la production,112
2005,8.5,8,evolution des reseaux,113
2005,8.6,8,evolution de la consommation d electricite 6,113
2005,8.7,8,evolution de la consommation d electricite 7,114
2005,8.8,8,evolution de la consommation d electricite 8,114
2005,8.9,8,evolution du nombre de consommateurs par centre de,11
2005,8.9,8,evolution du nombre de consommateurs 9,115
2005,9.1,9,indice de la production industrielle 1,119
2005,9.10,9,production et commercialisation du sel 10,127
2005,9.2,9,industries agro - alimentaires 2,121
2005,9.3,9,production de tabac 3,122
2005,9.4,9,consommation de tabac et d allumettes 4,122
2005,9.5,9,materiaux de construction,123
2005,9.7,9,industries chimiques (production ) ( ) 7,125
2005,9.8,9,industrie du papier (production ) ( ) 8,126
2005,9.9,9,production miniere,126
2006,1.1,1,temperature par principale 1,19
2006,1.1,1,temperature par 1,20
2006,1.1,1,temperature par,21
2006,1.1,1,les eaux conventionnelles,247
2006,1.2,1,pluviometrie en millimetre 2,22
2006,1.2,1,traitement et rejet d eaux usées : 2,247
2006,1.3,1,pluviometrie en millimetre 3,23
2006,1.4,1,nombre de jours de pluie 4,24
2006,10.1,10,principaux indicateurs touristiques,129
2006,10.10,10,sorties des voyageurs non residents 10,138
2006,10.11,10,sorties des voyageurs non residents 11,139
2006,10.12,10,entrees des tunisiens 12,140
2006,10.13,10,sorties des tunisiens 13,141
2006,10.14,10,capacite d hebergement 14,142
2006,10.15,10,nuitees touristiques globales 15,143
2006,10.16,10,taux d occupation 16,144
2006,10.17,10,duree moyenne de sejour 17,144
2006,10.18,10,nuitees des non residents 18,145
2006,10.19,10,nuitees des non residents 19,145
2006,10.2,10,entrees des voyageurs non residents 2,130
2006,10.20,10,mouvement des croisieres maritimes 20,146
2006,10.3,10,entrees des voyageurs non residents 3,131
2006,10.4,10,entrées des voyageurs non résidents par nationalité et,12
2006,10.4,10,entrees des voyageurs non residents 4,132
2006,10.5,10,entrees des voyageurs non residents 5,133
2006,10.6,10,evolution des entrees des voyageurs,134
2006,10.7,10,sorties des voyageurs non residents,135
2006,10.8,10,sorties des voyageurs non residents 8,136
2006,10.9,10,sorties des voyageurs non residents 9,137
2006,11.1,11,immatriculation des vehicules 1,147
2006,11.10,11,transport aerien 10,158
2006,11.10,11,transport aerien (suite) ( ) 10,159
2006,11.10,11,transport aerien (suite et n) ( ) 10,160
2006,11.11,11,transport maritime 11,162
2006,11.11,11,transport maritime (suite ) ( ) 11,163
2006,11.11,11,transport maritime (suite et n) ( ) 11,164
2006,11.2,11,immatriculation des véhicules occasions par catégorie,13
2006,11.2,11,immatriculation des vehicules occasions,148
2006,11.3,11,ensemble des immatriculations 3,149
2006,11.4,11,repartition du nombre,150
2006,11.5,11,repartition du nombre des accidents 5,150
2006,11.6,11,evolution du nombre 6,151
2006,11.7,11,evolution du nombre 7,152
2006,11.8,11,evolution du nombre 8,153
2006,11.9,11,transport ferroviaire 9,154
2006,11.9,11,transport ferroviaire (suite) ( ) 9,155
2006,11.9,11,transport ferroviaire (suite et n) ( ) 9,157
2006,12.1,12,domaine des telecommunications: : 1,165
2006,12.10,12,domaine de la poste : balance : 10,170
2006,12.11,12,domaine de la poste: : 11,171
2006,12.12,12,domaine de la poste: comptes : 12,171
2006,12.13,12,domaine de la poste: montant des mandats émis par l étranger : 13,14
2006,12.13,12,domaine de la poste: montant des mandats : 13,172
2006,12.14,12,domaine de la poste: :,174
2006,12.2,12,domaine des telecommunications: : 2,165
2006,12.3,12,domaine des télécommunications: evolution du nombre d abonnés : 3,14
2006,12.3,12,domaine des telecommunications: : 3,166
2006,12.4,12,domaine des telecommunications: : 4,167
2006,12.5,12,domaine de l informatique 5,168
2006,12.6,12,domaine de la telediffusion 6,168
2006,12.7,12,domaine de la poste: : 7,169
2006,12.8,12,domaine de la poste: : 8,169
2006,12.9,12,domaine de la poste: mandats : 9,170
2006,13.1,13,evolution des prix moyens a la production 1,175
2006,13.10,13,quantites des fruits commercialises 10,193
2006,13.2,13,evolution annuelle de l indice des prix 2,177
2006,13.3,13,evolution mensuelle de l indice des prix de vente industriels 205 ... 3,14
2006,13.3,13,evolution mensuelle 3,180
2006,13.4,13,evolution des prix de detail 4,183
2006,13.5,13,variations annuelles de l indice général des prix à la,14
2006,13.5,13,variations annuelles de l indice general 5,187
2006,13.6,13,indice general des prix 6,189
2006,13.7,13,evolution de l indice general 7,189
2006,13.8,13,evolution de l indice general des prix 8,190
2006,13.9,13,quantites des legumes commercialises 9,192
2006,14.1,14,evolution mensuelle des echanges 1,195
2006,14.10,14,evolution des echanges 10,205
2006,14.2,14,evolution des echanges 2,196
2006,14.3,14,evolution des echanges 3,197
2006,14.4,14,evolution des echanges 4,198
2006,14.5,14,evolution des exportations des principaux produits ) ( 5,15
2006,14.5,14,evolution des exportations des principaux 5,199
2006,14.6,14,evolution des exportations des principaux 6,200
2006,14.7,14,evolution des importations des principaux 7,201
2006,14.8,14,evolution des importations par groupement,203
2006,14.9,14,evolution des echanges avec 9,204
2006,15.1,15,evolution de la structure 1,207
2006,15.10,15,paiements exterieurs de la tunisie: : 10,217
2006,15.11,15,paiements exterieurs de la tunisie : : 11,219
2006,15.12,15,taux d interet 12,221
2006,15.13,15,cours annuels moyens en dinar 13,221
2006,15.14,15,principaux indicateurs boursiers 14,221
2006,15.2,15,evolution du reseau bancaire 2,208
2006,15.3,15,les ressources du systeme monetaire 3,209
2006,15.4,15,les ressources du systeme 4,211
2006,15.5,15,evolution de la situation de la banque 5,212
2006,15.6,15,evolution de la situation des banques de depots 6,213
2006,15.7,15,evolution des credits a court terme 7,214
2006,15.8,15,evolution des credits a moyen et long,215
2006,15.9,15,evolution du total des credits 9,216
2006,16.1,16,recettes de l etat 1,223
2006,16.10,16,depenses du titre ii (equipement) ( ) 10,233
2006,16.11,16,evolution des depenses des fonds 11,234
2006,16.2,16,recettes du titre i par categorie 2,223
2006,16.3,16,recettes ordinaires 3,224
2006,16.3,16,recettes ordinaires du budget 3,226
2006,16.4,16,recettes du titre ii ( equipement ) ( ) 4,228
2006,16.5,16,recettes des fonds de concours 5,228
2006,16.6,16,recettes des fonds speciaux du tresor 6,229
2006,16.7,16,depenses de l etat 7,230
2006,16.8,16,depenses du titre i par chapitre 8,231
2006,16.9,16,depenses du titre i,232
2006,17.1,17,equilibre ressources et emplois des biens et services : :,16
2006,17.1,17,equilibre ressources et emplois des biens 1,235
2006,17.10,17,creances et dettes 10,239
2006,17.11,17,taux et ratios par habitant 11,240
2006,17.12,17,valeurs ajoutees aux couts (1),241
2006,17.13,17,valeurs ajoutees aux couts 13,242
2006,17.14,17,formation brute de capital 14,243
2006,17.15,17,formation brute de capital 15,244
2006,17.16,17,compte des operations avec l exterieur 16,245
2006,17.16,17,compte des operations avec 16,246
2006,17.2,17,taux de variation aux prix courants 2,235
2006,17.3,17,equilibre ressources et emplois 3,236
2006,17.4,17,taux de variation aux prix constants (1990) ( 1990) 4,236
2006,17.5,17,taux de variation des prix 5,237
2006,17.6,17,contribution des éléments de la demande à la,16
2006,17.6,17,contribution des elements de la 6,237
2006,17.7,17,produit national brut et 7,238
2006,17.8,17,consommation et epargne 8,238
2006,17.9,17,investissement et financement 9,239
2006,18.1,18,les ressources en eaux disponibles 1,248
2006,18.10,18,evolution de la production nette 10,251
2006,18.11,18,evolution du nombre d abonnes 11.18,252
2006,18.12,18,evolution de la consommation 12.18,252
2006,18.13,18,evolution de la consommation 13.18,252
2006,18.14,18,capacite de traitement des stations 14.18,253
2006,18.15,18,capacite de traitement des stations 15.18,253
2006,18.16,18,capacite de traitement des stations 16,254
2006,18.17,18,rejets d eaux usees en termes de volume 17,254
2006,18.18,18,rejets d eaux usees 18,255
2006,18.19,18,repartition de la superficie 19,256
2006,18.2,18,evolution des prelevements 2,248
2006,18.20,18,evolution des superficies reboisees 20,257
2006,18.21,18,evolution du nombre et des surfaces 21,257
2006,18.3,18,evolution des ressources en eaux renouvelables,16
2006,18.3,18,evolution des ressources 3,248
2006,18.4,18,evolution des prelevements 4,249
2006,18.5,18,prelevement brut des eaux douces 5,249
2006,18.6,18,prelevement brut 6,249
2006,18.7,18,evolution de la repartition 7,250
2006,18.8,18,exploitation des nappes 8,250
2006,18.9,18,evolution de la production 9,251
2006,19.1,19,division administrative du pays 1,265
2006,19.2,19,les representations de l ins dans les regions,266
2006,19.3,19,les publications de l'institut national de la statistique,268
2006,19.4,19,loi relative au sysyteme statistique tunisien,284
2006,2.1,2,principales caracteristiques 1,25
2006,2.10,2,naissances par genre suivant,37
2006,2.11,2,naissances suivant le lieu d accouchement 11,38
2006,2.12,2,deces obseves par mois et par annee 12,39
2006,2.13,2,deces observes par genre et 13,40
2006,2.14,2,deces corriges et taux bruts 14,41
2006,2.15,2,evolution des morts-nes declares 15,42
2006,2.16,2,evolution des morts -nes par 16,43
2006,2.17,2,mariages contractes par mois et par annee 17,44
2006,2.18,2,mariages contractes 18,45
2006,2.19,2,mariage selon le groupe d age de l epoux 19,46
2006,2.2,2,estimation de la population par,26
2006,2.2,2,estimation de la population par 2,27
2006,2.20,2,mariage selon le groupe d age de l epouse 20,47
2006,2.21,2,mariages selon le groupe d age 21,48
2006,2.22,2,divorces prononces par les tribunaux 22,8
2006,2.3,2,estimation de la population par,28
2006,2.4,2,estimation de la population 4,30
2006,2.4,2,estimation de la population par 4,31
2006,2.5,2,naissances par mois et par annee,32
2006,2.8,2,naissances suivant le groupe d age 8,35
2006,2.9,2,taux de fecondite1 selon le groupe d age ( 1) 9,36
2006,3.1,3,donnees generales 1,51
2006,3.10,3,principales donnees du 2ème cycle 10,61
2006,3.11,3,population scolaire du 2ème cycle 11,61
2006,3.12,3,population scolaire du 2ème cycle 12,62
2006,3.12,3,population scolaire du 2eme cycle 12,63
2006,3.13,3,population scolaire totale du 2ème cycle 13,64
2006,3.14,3,population scolaire du 2ème cycle 14,65
2006,3.15,3,nombre d etablissements du 2ème cycle 15,66
2006,3.16,3,personnel enseignant du 2ème cycle 16,67
2006,3.17,3,resultats des examens du 1er et du 2ème cycle 17,67
2006,3.18,3,repartition des admis au baccalaureat 18,68
2006,3.19,3,repartition des etudiants ( ) 19,69
2006,3.2,3,principales donnees du 1 cycle,52
2006,3.20,3,effectif des etudiants 20,70
2006,3.21,3,repartition des eudiants par ministere 21,71
2006,3.22,3,personnel enseignant a plein temps 22,71
2006,3.23,3,evolution du reseau des bibliotheques 23,72
2006,3.24,3,evolution de la capacite 24,73
2006,3.25,3,evolution des fonds de livres 25,74
2006,3.26,3,evolution des lecteurs 26,75
2006,3.27,3,evolution des abonnes 27,76
2006,3.28,3,evolution des livres pretes 28,77
2006,3.29,3,nombre de films longs et courts 29,78
2006,3.3,3,nombre d écoles par gouvernorat du 1 er cycle 3,8
2006,3.3,3,nombre d ecoles par gouvernorat 3,53
2006,3.30,3,evolution des nombres d entree,79
2006,3.31,3,nombre de salles de cinema par gouvernorat 31,79
2006,3.4,3,nombre de locaux - classes par gouvernorat 4,54
2006,3.5,3,personnel enseignant par gouvernorat,55
2006,3.6,3,classes - eleves par annee d etudes 6,56
2006,3.7,3,population scolaire du 1er cycle de,57
2006,3.7,3,population scolaire du 1er cycle de 7,58
2006,3.8,3,population scolaire totale du 1er cycle 8,59
2006,3.9,3,population scolaire du 1er cycle 9.3,60
2006,4.1,4,infrastructure sanitaire du secteur 1,81
2006,4.2,4,infrastructure sanitaire du secteur privé par gouvernorat 90 2,9
2006,4.2,4,infrastructure sanitaire 2,82
2006,4.3,4,effectif des officines et des medecins 3,83
2006,4.4,4,répartition du personnel paramédical du secteur public 4,9
2006,4.4,4,repartition du personnel 4,84
2006,4.5,4,activités de la santé de la reproduction et de la planification,9
2006,4.5,4,activites de la sante de la reproduction 5,85
2006,4.6,4,repartition des beneficiaires de l information 6,88
2006,4.7,4,taux de prevalence 7,88
2006,5.1,5,activite des tribunaux par degre 1,89
2006,5.10,5,affaires traitees devant les tribunaux 10,96
2006,5.2,5,activité de la cour de cassation par matière au cours de,10
2006,5.2,5,activite de la cour de cassation par 2,89
2006,5.3,5,activites des cours d appel 3,90
2006,5.4,5,activites des tribunaux 4,91
2006,5.5,5,activites des justices cantonales 5,91
2006,5.6,5,affaires enrolees devant les tribunaux 6,92
2006,5.7,5,affaires traitees devant les tribunaux 7,93
2006,5.8,5,affaires enrôlées devant les tribunaux de 1ère instance en,10
2006,5.8,5,affaires enrolees devant les tribunaux 8,94
2006,5.9,5,affaires traitees devant les tribunaux 9,95
2006,6.1,6,evolution des demandes d emploi 1,97
2006,6.2,6,evolution du nombre 2,97
2006,6.3,6,evolution des offres d emploi 3,98
2006,6.4,6,evolution des placements realises 4,99
2006,6.5,6,evolution des placements 5,99
2006,6.6,6,donnees globales 6,100
2006,6.7,6,evolution du salaire minimum 7,101
2006,6.8,6,evolution du salaire 8,101
2006,7.1,7,evolution de la production 1,103
2006,7.10,7,production brute des palmiers 10,107
2006,7.11,7,evolution de la production de 11,107
2006,7.12,7,evolution de la superficie *,107
2006,7.13,7,evolution de la production des 13,108
2006,7.14,7,evolution de la production 14,108
2006,7.15,7,repartition de la flotille active 15,109
2006,7.2,7,evolution des superficies 2,103
2006,7.3,7,repartition de la superficie selon 3,104
2006,7.4,7,repartition du cheptel 4,104
2006,7.5,7,production de viande par type 5,104
2006,7.6,7,production des legumes 6,105
2006,7.7,7,evolution de la production,105
2006,7.8,7,evolution de la production ( ),106
2006,7.9,7,evolution de la production 9,106
2006,8.1,8,evolution de la production 1,111
2006,8.10,8,evolution de la production 10,116
2006,8.11,8,evolution du nombre des abonnes 11,116
2006,8.12,8,evolution de la production 12,117
2006,8.13,8,evolution de la production 13,117
2006,8.14,8,evolution de la production de carburants 14,118
2006,8.15,8,evolution de la consommation de carburants 15,118
2006,8.2,8,evolution de la consommation 2,111
2006,8.3,8,evolution de la puissance,112
2006,8.4,8,evolution de la production,112
2006,8.5,8,evolution des reseaux,113
2006,8.6,8,evolution de la consommation d electricite 6,113
2006,8.7,8,evolution de la consommation d electricite 7,114
2006,8.8,8,evolution de la consommation d electricite 8,114
2006,8.9,8,evolution du nombre de consommateurs par centre de,11
2006,8.9,8,evolution du nombre de consommateurs 9,115
2006,9.1,9,indice de la production industrielle 1,119
2006,9.10,9,production et commercialisation du sel 10,127
2006,9.2,9,industries agro - alimentaires 2,121
2006,9.3,9,production de tabac 3,122
2006,9.4,9,consommation de tabac et d allumettes 4,122
2006,9.5,9,materiaux de construction,123
2006,9.6,9,industries mecaniques et electrique,124
2006,9.7,9,industries chimiques (production ) ( ) 7,125
2006,9.8,9,industrie du papier (production ) ( ) 8,126
2006,9.9,9,production miniere,126
2007,1.1,1,température minimum absolu 1,19
2007,1.1,1,les eaux conventionnelles,291
2007,1.2,1,température maximum absolu 2,20
2007,1.2,1,traitement et rejet d eaux usées : 2,291
2007,1.3,1,temperature moyenne 3,21
2007,1.4,1,pluviométrie en millimètre 4,22
2007,1.5,1,pluviométrie en millimètre 5,23
2007,1.6,1,nombre de jours de pluie 6,24
2007,10.1,10,principaux indicateurs touristiques,147
2007,10.10,10,non résidents par nationalité et par mois .(voie,11
2007,10.10,10,sorties des voyageurs non résidents 10,163
2007,10.11,10,sorties des voyageurs non résidents 11,165
2007,10.12,10,entrées des tunisiens par voie de transport et poste,11
2007,10.12,10,entrées des tunisiens par voie 12,166
2007,10.13,10,sorties des tunisiens par pays de destination et par voie,11
2007,10.13,10,sorties des tunisiens par pays ... 13,167
2007,10.14,10,capacité d hébergement 14,168
2007,10.15,10,nuitées touristiques globales 15,169
2007,10.16,10,taux d occupation par région touristique 16,171
2007,10.17,10,durée moyenne de séjour par nationalité 17,171
2007,10.18,10,nuitées des non résidents 18,172
2007,10.19,10,nuitées des non résidents 19,172
2007,10.2,10,entrées des voyageurs non résidents 2,148
2007,10.20,10,mouvement des croisières maritimes par nationalité et,11
2007,10.20,10,mouvement des croisières maritimes 20,173
2007,10.3,10,non résidents par nationalité et par mois (voie aérienne)... 150 ( ) 3,11
2007,10.3,10,entrées des voyageurs non résidents 3,150
2007,10.4,10,entrées des voyageurs non résidents 4,152
2007,10.5,10,entrées des voyageurs non résidents 5,154
2007,10.6,10,non résidents par nationalité par voie de transport et poste,11
2007,10.6,10,evolution des entrées des voyageurs,156
2007,10.7,10,non résidents par nationalité et par mois .(ensemble des,11
2007,10.7,10,sorties des voyageurs non résidents,157
2007,10.8,10,non résidents par nationalité et par mois .(voie,11
2007,10.8,10,sorties des voyageurs non résidents 8,159
2007,10.9,10,non résidents par nationalité et par mois .(voie,11
2007,10.9,10,sorties des voyageurs non résidents 9,161
2007,11.1,11,immatriculation des véhicules 1,177
2007,11.10,11,transport aérien 10,188
2007,11.11,11,transport maritime 11,192
2007,11.2,11,immatriculation des véhicules occasions par catégorie,11
2007,11.2,11,immatriculation des véhicules occasions,178
2007,11.3,11,ensemble des immatriculations des véhicules par,11
2007,11.3,11,ensemble des immatriculations 3,179
2007,11.4,11,répartition du nombre,180
2007,11.5,11,répartition du nombre des accidents et des victimes,11
2007,11.5,11,répartition du nombre des accidents et des victimes 5,180
2007,11.6,11,evolution du nombre des accidents par gouvernorat et,11
2007,11.6,11,evolution du nombre 6,181
2007,11.7,11,evolution du nombre des blessés par gouvernorat et,11
2007,11.7,11,evolution du nombre 7,182
2007,11.8,11,evolution du nombre des tués par gouvernorat et,11
2007,11.8,11,evolution du nombre 8,183
2007,11.9,11,transport ferroviaire 9,184
2007,12.1,12,domaine des télécommunications 1,12
2007,12.1,12,domaine des telecommunications 1,197
2007,12.1.1,12,les réseaux téléphoniques,197
2007,12.1.2,12,les réseaux de transmission des données 2,197
2007,12.1.3,12,evolution du nombre d abonnés au réseau,12
2007,12.1.3,12,evolution du nombre d abonnés 2,198
2007,12.1.4,12,tra c téléphonique 4,199
2007,12.1.5,12,domaine de l informatique 5,200
2007,12.1.6,12,domaine de la télédiffusion 6,200
2007,12.2,12,domaine de la poste 2,12
2007,12.2,12,domaine de la postes 2,201
2007,12.2.1,12,le réseau commercial 1,201
2007,12.2.10,12,mouvements de fonds des c.c.p. 10.2.12,206
2007,12.2.2,12,colis postaux 2,201
2007,12.2.3,12,mandats 3,202
2007,12.2.4,12,balance du tra c des mandats 4,202
2007,12.2.5,12,epargne postale 5,203
2007,12.2.6,12,comptes d épargne en dinars 6,203
2007,12.2.7,12,montant des mandats émis par l étranger et payés en 7,12
2007,12.2.7,12,montant des mandats 7,204
2007,12.2.8,12,montant des mandats émis par l étranger et payés en 8,12
2007,12.2.8,12,montant des mandats 8,205
2007,12.2.9,12,montant des mandats émis 9,205
2007,13.1,13,evolution des prix moyens à la production 1,209
2007,13.10,13,quantités des fruits commercialisés 10,227
2007,13.2,13,evolution annuelle de l indice des prix de vente industriels 211 2,12
2007,13.2,13,evolution annuelle de l indice des prix 2,211
2007,13.3,13,evolution mensuelle 3,214
2007,13.4,13,evolution des prix de détail 4,217
2007,13.5,13,variations annuelles de l indice général des prix à la,12
2007,13.5,13,variations annuelles de l indice général 5,221
2007,13.6,13,indice général des prix à la consommation familiale par 6,13
2007,13.6,13,indice général des prix à la consommation 6,223
2007,13.7,13,evolution de l indice général 7,223
2007,13.8,13,evolution de l indice général des prix à la consommation,13
2007,13.8,13,evolution de l indice général des prix 8,224
2007,13.9,13,quantités des légumes commercialisés aux marchés de 9,13
2007,13.9,13,quantités des légumes commercialisés 9,226
2007,14.1,14,evolution mensuelle des échanges 1,231
2007,14.10,14,evolution des échanges 10,241
2007,14.2,14,evolution des échanges. par groupement sectoriel,13
2007,14.2,14,evolution des échanges 2,232
2007,14.3,14,evolution des échanges 3,233
2007,14.4,14,evolution des échangespar groupement d utilisation 4,13
2007,14.4,14,evolution des échanges par groupement 4,234
2007,14.5,14,evolution des exportations des principaux 5,235
2007,14.6,14,evolution des exportations des principaux produits 5,13
2007,14.6,14,evolution des exportations des principaux produits 6,13
2007,14.6,14,evolution des exportations des principaux 6,236
2007,14.7,14,evolutions des importations des principaux produits 7,13
2007,14.7,14,evolution des importations des principaux 7,237
2007,14.8,14,evolution des importations des principaux produits par 8,13
2007,14.8,14,evolution des importations des principaux,239
2007,14.9,14,evolution des échanges avec les principaux ensembles,13
2007,14.9,14,evolution des échanges avec 9,240
2007,15.1,15,evolution de la structure 1,245
2007,15.10,15,paiements extérieurs de la tunisie: : 10,255
2007,15.10,15,paiements exterieurs de la tunisie: : 10,256
2007,15.11,15,paiements extérieurs de la tunisie : : 11,257
2007,15.11,15,paiements exterieurs de la tunisie : : 11,258
2007,15.12,15,taux d intérêt 12,259
2007,15.13,15,cours annuels moyens en dinars des principales 13,14
2007,15.13,15,cours annuels moyens en dinar 13,259
2007,15.14,15,principaux indicateurs boursiers 14,259
2007,15.2,15,evolution du réseau bancaire 2,246
2007,15.3,15,les ressources du système monétaire 3,247
2007,15.4,15,les ressources du système 4,249
2007,15.5,15,evolution de la situation de la banque 5,250
2007,15.6,15,evolution de la situation des banques de dépôts 6,251
2007,15.7,15,evolution des crédits à court terme par branche 7,13
2007,15.7,15,evolution des crédits à court terme 7,252
2007,15.8,15,evolution des crédits à moyen et long terme par 8,13
2007,15.8,15,evolution des crédits à moyen et long,253
2007,15.9,15,evolution du total des crédits par branche d activité 9,13
2007,15.9,15,evolution du total des crédits 9,254
2007,16.1,16,recettes de l état 1,263
2007,16.10,16,dépenses du titre ii (équipement) ( ) 10,273
2007,16.11,16,evolution des dépenses des fonds 11,274
2007,16.2,16,recettes du titre i par catégorie 2,263
2007,16.3,16,recettes ordinaires 3,264
2007,16.4,16,recettes du titre ii ( équipement ) ( ) 4,268
2007,16.5,16,recettes des fonds de concours 5,268
2007,16.6,16,recettes des fonds spéciaux du trésor 6,269
2007,16.7,16,dépenses de l état 7,270
2007,16.8,16,dépenses du titre i par chapitre 8,271
2007,16.9,16,dépenses du titre i,272
2007,17.1,17,equilibre ressources et emplois des biens et services : :,14
2007,17.1,17,equilibre ressources et emplois des biens 1,277
2007,17.10,17,créances et dettes 10,281
2007,17.11,17,taux et ratios par habitant 11,282
2007,17.12,17,valeurs ajoutées aux coûts (1),283
2007,17.13,17,valeurs ajoutées aux coûts 13,284
2007,17.14,17,formation brute de capital 14,285
2007,17.15,17,formation brute de capital 15,286
2007,17.16,17,compte des opérations avec l extérieur 16,287
2007,17.16,17,compte des opérations avec 16,288
2007,17.2,17,taux de variation aux prix courants 2,277
2007,17.3,17,equilibre ressources et emplois des biens et services :,14
2007,17.3,17,equilibre ressources et emplois 3,278
2007,17.4,17,taux de variation aux prix constants (1990) ( 1990) 4,278
2007,17.5,17,taux de variation des prix 5,279
2007,17.6,17,contribution des éléments de la demande à la,14
2007,17.6,17,contribution des élements de la 6,279
2007,17.7,17,produit national brut et 7,280
2007,17.8,17,consommation et épargne 8,280
2007,17.9,17,investissement et nancement 9,281
2007,18.1,18,les ressources en eaux disponibles 1,292
2007,18.10,18,evolution de la production nette et de la consommation,15
2007,18.10,18,evolution de la production nette 10,295
2007,18.11,18,evolution du nombre d abonnés 11.18,296
2007,18.12,18,evolution de la consommation unitaire annuelle d eau,15
2007,18.12,18,evolution de la consommation 12.18,296
2007,18.13,18,evolution de la consommation spéci que journalière,15
2007,18.13,18,evolution de la consommation 13.18,296
2007,18.14,18,capacité de traitement des stations d épuration en,15
2007,18.14,18,capacite de traitement des stations 14,297
2007,18.15,18,capacité de traitement des stations d épuration en 15,15
2007,18.15,18,capacité de traitement des stations 15,297
2007,18.16,18,capacité de traitement des stations d épuration en,15
2007,18.16,18,capacité de traitement des stations 16,298
2007,18.17,18,rejets d eaux usées en termes de volume 17,298
2007,18.18,18,rejets d eaux usées en termes de demande de l oxigène 18,15
2007,18.18,18,rejets d eaux usées 18,299
2007,18.19,18,répartition de la super cie par catégories d utilisation,15
2007,18.19,18,répartition de la super cie 19,300
2007,18.2,18,evolution des prélèvements 2,292
2007,18.20,18,evolution des super cies reboisées et des plantations,15
2007,18.20,18,evolution des super cies reboisées 20,301
2007,18.21,18,evolution du nombre et des surfaces annuelles des,15
2007,18.21,18,evolution du nombre et des surfaces 21,301
2007,18.3,18,evolution des ressources en eaux renouvelables,14
2007,18.3,18,evolution des ressources 3,292
2007,18.4,18,evolution des prélèvements des eaux souterraines,15
2007,18.4,18,evolution des prélèvements 4,293
2007,18.5,18,prélèvement brut des eaux douces souterraines 5,15
2007,18.5,18,prélèvement brut des eaux douces 5,293
2007,18.6,18,prélèvement brut des eaux non renouvelables 6,15
2007,18.6,18,prélèvement brut 6,293
2007,18.7,18,evolution de la répartition de l exploitation des nappes,15
2007,18.7,18,evolution de la répartition 7,294
2007,18.8,18,exploitation des nappes profondes par classe des,15
2007,18.8,18,exploitation des nappes 8,294
2007,18.9,18,evolution de la production brute de la sonede 9,15
2007,18.9,18,evolution du prélèvement d eau 9,295
2007,19.1,19,division administrative du pays 1,311
2007,19.2,19,les representations de l ins dans les regions,312
2007,19.3,19,les publications de l'institut national de la statistique,314
2007,19.4,19,loi relative au sysyteme statistique tunisien,330
2007,2.1,2,principales caracteristiques démographiques 1,27
2007,2.10,2,par genre suivant le gouvernorat de déclaration 39 10,7
2007,2.10,2,naissances par genre suivant,39
2007,2.11,2,suivant le lieu d accouchement et le gouvernorat de,7
2007,2.11,2,naissances selon le lieu d accouchement 11,40
2007,2.12,2,décés observés par mois et par année 12,41
2007,2.13,2,décés observés par genre et 13,42
2007,2.14,2,décés corrigés et taux bruts 14,43
2007,2.15,2,evolution des morts-nés déclarés 15,44
2007,2.16,2,evolution des morts-nés par,45
2007,2.17,2,mariages contractés par mois et par année 17,46
2007,2.18,2,mariages contractés 18,47
2007,2.19,2,mariage selon le groupe d âge de l époux 19,48
2007,2.2,2,"estimation de la population par groupe d âge, genre et gouvernorat 2",7
2007,2.2,2,estimation de la population par,28
2007,2.20,2,mariage selon le groupe d âge de l épouse 20,49
2007,2.21,2,mariages selon le groupe d âge 21,50
2007,2.22,2,divorces prononcés par les tribunaux 22,51
2007,2.3,2,estimation de la population par,30
2007,2.4,2,estimation de la population 4,32
2007,2.5,2,naissances par mois et par année 5,34
2007,2.6,2,naissances par genre et rapport 6,35
2007,2.7,2,naissances et taux bruts de natalité 7,36
2007,2.8,2,naissances selon le groupe d âge 8,37
2007,2.9,2,taux de fécondité selon groupe d âge de la mère isf et tgf 38 . . . . 9,7
2007,2.9,2,taux de fécondite1 selon le groupe d âge ( 1) 9,38
2007,3.1,3,enseignement 1,7
2007,3.1.1,3,données générales 1,55
2007,3.1.10,3,principales données du 2ème cycle 10,65
2007,3.1.11,3,population scolaire du 2ème cycle 11,65
2007,3.1.13,3,population scolaire totale du 2ème cycle 13,68
2007,3.1.14,3,population scolaire par qualité et par année d études 69 14,8
2007,3.1.14,3,population scolaire du 2ème cycle 14,69
2007,3.1.15,3,nombre d établissements et classes-élèves par,8
2007,3.1.15,3,nombre d établissements du 2ème cycle 15,70
2007,3.1.16,3,personnel enseignant du 2ème cycle 16,71
2007,3.1.17,3,résultats des examens du 1er et du 2ème cycle 17,71
2007,3.1.18,3,répartition des admis au baccalauriat par section et 18,8
2007,3.1.18,3,répartition des admis au baccalauréat 18,72
2007,3.1.19,3,répartition des étudiants réguliers ) 19,73
2007,3.1.2,3,principales données du 1 cycle,56
2007,3.1.20,3,répartition des étudiants par secteur et par ministère,8
2007,3.1.20,3,effectif des étudiants 20,74
2007,3.1.21,3,répartition des diplômés de n d études par lières 21,8
2007,3.1.21,3,répartition des étudiants réguliers par ministère 21,75
2007,3.1.22,3,personnel enseignant à plein temps 22,75
2007,3.1.3,3,nombre d écoles par gouvernorat 3,57
2007,3.1.4,3,nombre de locaux - classes par gouvernorat 4,58
2007,3.1.5,3,personnel enseignant par gouvernorat 5,59
2007,3.1.6,3,classes - élèves par année d études 6,60
2007,3.1.8,3,population scolaire totale du 1er cycle 8,63
2007,3.1.9,3,population scolaire par qualité et par année d études.. 64 .. 9,8
2007,3.1.9,3,population scolaire du 1er cycle 9.1.3,64
2007,3.2,3,culture 2,8
2007,3.2.1,3,evolution du réseau des bibliothèques 1,76
2007,3.2.2,3,evolution de la capacité 2,77
2007,3.2.3,3,evolution des fonds de livres 3,78
2007,3.2.4,3,evolution des lecteurs 4,79
2007,3.2.5,3,evolution des abonnés 5,80
2007,3.2.6,3,evolution des livres prêtés 6,81
2007,3.2.7,3,nombre de lms longs et courts métrages visés par n,8
2007,3.2.7,3,nombre de lms longs et courts 7,82
2007,3.2.8,3,evolution du nombre d entrées,83
2007,3.2.9,3,nombre de salles de cinéma par gouvernorat 9,83
2007,4.1,4,infrastructure sanitaire du secteur 1,87
2007,4.2,4,infrastructure sanitaire 2,88
2007,4.3,4,effectif des of cines et des médecins 3,89
2007,4.4,4,répartition du personnel paramédical du secteur public 4,8
2007,4.4,4,répartition du personnel 4,90
2007,4.5,4,activités de la santé de la reproduction et de la plani cation 5,8
2007,4.5,4,activités de la santé de la reproduction 5,91
2007,4.6,4,répartition des béné ciaires de l information 6,94
2007,4.7,4,taux de prévalence contraceptive 7,94
2007,5.1,5,activité des tribunaux par degré 1,97
2007,5.10,5,affaires devant les tribunaux de 1ère instance en matière 10,9
2007,5.10,5,affaires traitées et enrolées devant les 10,104
2007,5.2,5,activité de la cour de cassation par 2,97
2007,5.3,5,activités des cours d appel 3,98
2007,5.4,5,activités des tribunaux 4,99
2007,5.5,5,activités des justices cantonales 5,99
2007,5.6,5,affaires enrolées devant les tribunaux 6,100
2007,5.7,5,affaires traitées devant les tribunaux 7,101
2007,5.8,5,affaires enrolées devant les tribunaux 8,102
2007,5.9,5,affaires traitées devant les tribunaux 9,103
2007,6.1,6,demandes d emploi 1,9
2007,6.1.1,6,evolution des demandes d emploi enregistrées par,9
2007,6.1.1,6,evolution des demandes d emploi 1,107
2007,6.1.2,6,evolution des demandes d emploi enregistrées par,9
2007,6.1.2,6,evolution du nombre 2,107
2007,6.1.3,6,evolution des offres d emploi 3,108
2007,6.1.4,6,evolution des placements réalisés en tunisie par,9
2007,6.1.4,6,evolution des placements réalisés 4,109
2007,6.1.5,6,evolution des placements réalisés en tunisie par gouvern,9
2007,6.1.5,6,evolution des placements 5,109
2007,6.1.6,6,données globales 6,110
2007,6.2,6,salaires 2,9
2007,6.2.1,6,evolution du salaire minimum interprofessionnel,9
2007,6.2.1,6,evolution du salaire minimum 1,111
2007,6.2.2,6,evolution du salaire 2,111
2007,7.1,7,evolution de la production des céréales 1,115
2007,7.10,7,production brute des palmiers par variété et par,9
2007,7.10,7,production brute des palmiers 10,119
2007,7.11,7,evolution de la production de vins moûts et,10
2007,7.11,7,evolution de la production de 11,119
2007,7.12,7,evolution de la super cie des vignobles par,10
2007,7.12,7,evolution de la super cie *,119
2007,7.13,7,evolution de la production des cultures,10
2007,7.13,7,evolution de la production des 13,120
2007,7.14,7,evolution de la production 14,120
2007,7.15,7,répartition de la ottille active par type 15,10
2007,7.15,7,répartition de la otille active 15,121
2007,7.2,7,evolution des super cies 2,115
2007,7.3,7,répartition de la super cie selon la catégorie,9
2007,7.3,7,répartition de la super cie selon 3,116
2007,7.4,7,répartition du cheptel 4,116
2007,7.5,7,production de viande par type et oeufs 5,116
2007,7.6,7,production des légumes 6,117
2007,7.7,7,evolution de la production,117
2007,7.8,7,evolution de la production ( ),118
2007,7.9,7,evolution de la production 9,118
2007,8.1,8,evolution de la production 1,125
2007,8.10,8,evolution de la production 10,130
2007,8.11,8,evolution du nombre des abonnés 11,130
2007,8.12,8,evolution de la production 12,131
2007,8.13,8,evolution de la production 13,131
2007,8.14,8,evolution de la production de carburants 14,132
2007,8.15,8,evolution de la consommation de carburants 15,132
2007,8.2,8,evolution de la consommation 2,125
2007,8.3,8,evolution de la puissance,126
2007,8.4,8,evolution de la production,126
2007,8.5,8,evolution des réseaux,127
2007,8.6,8,evolution de la consommation d élèctricité 6,127
2007,8.7,8,evolution de la consommation d électricité 7,128
2007,8.8,8,evolution de la consommation d électricité 8,128
2007,8.9,8,evolution du nombre de consommateurs par centre de,10
2007,8.9,8,evolution du nombre de consommateurs 9,129
2007,9.1,9,indice de la production industrielle 1,135
2007,9.10,9,production et commercialisation du sel 10,143
2007,9.2,9,industries agro - alimentaires 2,137
2007,9.3,9,production de tabac 3,138
2007,9.4,9,consommation de tabac et d allumettes 4,138
2007,9.5,9,matériaux de construction,139
2007,9.6,9,industries mécaniques et élèctrique,140
2007,9.7,9,industries chimiques (production ) ( ) 7,141
2007,9.8,9,industrie du papier (production ) ( ) 8,142
2007,9.9,9,production minière,142
2008,1.1,1,température minimum absolu 1,19
2008,1.1,1,les eaux conventionnelles,291
2008,1.2,1,température maximum absolu 2,20
2008,1.2,1,traitement et rejet d eaux usées : 2,291
2008,1.3,1,température moyenne 3,21
2008,1.4,1,pluviométrie en millimètre 4,22
2008,1.5,1,pluviométrie en millimètre 5,23
2008,1.6,1,nombre de jours de pluie 6,24
2008,10.1,10,principaux indicateurs touristiques,147
2008,10.10,10,non résidents par nationalité et par mois .(voie,11
2008,10.10,10,sorties des voyageurs non résidents 10,163
2008,10.11,10,sorties des voyageurs non résidents 11,165
2008,10.12,10,entrées des tunisiens par voie de transport et poste,11
2008,10.12,10,entrées des tunisiens par voie 12,166
2008,10.13,10,sorties des tunisiens par pays de destination et par voie,11
2008,10.13,10,sorties des tunisiens par pays ... 13,167
2008,10.14,10,capacité d hébergement 14,168
2008,10.15,10,nuitées touristiques globales 15,169
2008,10.16,10,taux d occupation par région touristique 16,171
2008,10.17,10,durée moyenne de séjour par nationalité 17,171
2008,10.18,10,nuitées des non résidents 18,172
2008,10.19,10,nuitées des non résidents 19,172
2008,10.2,10,entrées des voyageurs non résidents 2,148
2008,10.20,10,mouvement des croisières maritimes par nationalité et,11
2008,10.20,10,mouvement des croisières maritimes 20,173
2008,10.3,10,non résidents par nationalité et par mois (voie aérienne)... 150 ( ) 3,11
2008,10.3,10,entrées des voyageurs non résidents 3,150
2008,10.4,10,entrées des voyageurs non résidents 4,152
2008,10.5,10,entrées des voyageurs non résidents 5,154
2008,10.6,10,non résidents par nationalité par voie de transport et poste,11
2008,10.6,10,evolution des entrées des voyageurs,156
2008,10.7,10,non résidents par nationalité et par mois .(ensemble des,11
2008,10.7,10,sorties des voyageurs non résidents,157
2008,10.8,10,non résidents par nationalité et par mois .(voie,11
2008,10.8,10,sorties des voyageurs non résidents 8,159
2008,10.9,10,non résidents par nationalité et par mois .(voie,11
2008,10.9,10,sorties des voyageurs non résidents 9,161
2008,11.1,11,immatriculation des véhicules 1,177
2008,11.10,11,transport aérien 10,188
2008,11.11,11,transport maritime 11,192
2008,11.2,11,immatriculation des véhicules occasions par catégorie,11
2008,11.2,11,immatriculation des véhicules occasions,178
2008,11.3,11,ensemble des immatriculations des véhicules par,11
2008,11.3,11,ensemble des immatriculations 3,179
2008,11.4,11,répartition du nombre,180
2008,11.5,11,répartition du nombre des accidents et des victimes,11
2008,11.5,11,répartition du nombre des accidents et des victimes 5,180
2008,11.6,11,evolution du nombre des accidents par gouvernorat et,11
2008,11.6,11,evolution du nombre 6,181
2008,11.7,11,evolution du nombre des blessés par gouvernorat et,11
2008,11.7,11,evolution du nombre 7,182
2008,11.8,11,evolution du nombre des tués par gouvernorat et,11
2008,11.8,11,evolution du nombre 8,183
2008,11.9,11,transport ferroviaire 9,184
2008,12.1,12,domaine des télécommunications 1,12
2008,12.1,12,domaine des telecommunications 1,197
2008,12.1.1,12,les réseaux téléphoniques,197
2008,12.1.2,12,les réseaux de transmission des données 2,197
2008,12.1.3,12,evolution du nombre d abonnés au réseau,12
2008,12.1.3,12,evolution du nombre d abonnés 2,198
2008,12.1.4,12,tra c téléphonique 4,199
2008,12.1.5,12,domaine de l informatique 5,200
2008,12.1.6,12,domaine de la télédiffusion 6,200
2008,12.2,12,domaine de la poste 2,12
2008,12.2,12,domaine de la postes 2,201
2008,12.2.1,12,le réseau commercial 1,201
2008,12.2.10,12,mouvements de fonds des c.c.p. 10.2.12,206
2008,12.2.2,12,colis postaux 2,201
2008,12.2.3,12,mandats 3,202
2008,12.2.4,12,balance du tra c des mandats 4,202
2008,12.2.5,12,epargne postale 5,203
2008,12.2.6,12,comptes d épargne en dinars 6,203
2008,12.2.7,12,montant des mandats émis par l étranger et payés en 7,12
2008,12.2.7,12,montant des mandats 7,204
2008,12.2.8,12,montant des mandats émis par l étranger et payés en 8,12
2008,12.2.8,12,montant des mandats 8,205
2008,12.2.9,12,montant des mandats émis 9,205
2008,13.1,13,evolution des prix moyens à la production 1,209
2008,13.10,13,quantités des fruits commercialisés 10,227
2008,13.2,13,evolution annuelle de l indice des prix de vente industriels 211 2,12
2008,13.2,13,evolution annuelle de l indice des prix 2,211
2008,13.3,13,evolution mensuelle 3,214
2008,13.4,13,evolution des prix de détail 4,217
2008,13.5,13,variations annuelles de l indice général des prix à la,12
2008,13.5,13,variations annuelles de l indice général 5,221
2008,13.6,13,indice général des prix à la consommation familiale par 6,13
2008,13.6,13,indice général des prix à la consommation 6,223
2008,13.7,13,evolution de l indice général 7,223
2008,13.8,13,evolution de l indice général des prix à la consommation,13
2008,13.8,13,evolution de l indice général des prix 8,224
2008,13.9,13,quantités des légumes commercialisés aux marchés de 9,13
2008,13.9,13,quantités des légumes commercialisés 9,226
2008,14.1,14,evolution mensuelle des échanges 1,231
2008,14.10,14,evolution des échanges 10,241
2008,14.2,14,evolution des échanges. par groupement sectoriel,13
2008,14.2,14,evolution des échanges 2,232
2008,14.3,14,evolution des échanges 3,233
2008,14.4,14,evolution des échangespar groupement d utilisation 4,13
2008,14.4,14,evolution des échanges par groupement 4,234
2008,14.5,14,evolution des exportations des principaux 5,235
2008,14.6,14,evolution des exportations des principaux produits 5,13
2008,14.6,14,evolution des exportations des principaux produits 6,13
2008,14.6,14,evolution des exportations des principaux 6,236
2008,14.7,14,evolutions des importations des principaux produits 7,13
2008,14.7,14,evolution des importations des principaux 7,237
2008,14.8,14,evolution des importations des principaux produits par 8,13
2008,14.8,14,evolution des importations par groupement,239
2008,14.9,14,evolution des échanges avec les principaux ensembles,13
2008,14.9,14,evolution des échanges avec 9,240
2008,15.1,15,evolution de la structure 1,245
2008,15.10,15,paiements extérieurs de la tunisie: : 10,255
2008,15.10,15,paiements exterieurs de la tunisie: : 10,256
2008,15.11,15,paiements extérieurs de la tunisie : : 11,257
2008,15.11,15,paiements exterieurs de la tunisie : : 11,258
2008,15.12,15,taux d intérêt 12,259
2008,15.13,15,cours annuels moyens en dinars des principales 13,14
2008,15.13,15,cours annuels moyens en dinar 13,259
2008,15.14,15,principaux indicateurs boursiers 14,259
2008,15.2,15,evolution du réseau bancaire 2,246
2008,15.3,15,les ressources du système monétaire 3,247
2008,15.4,15,les ressources du système 4,249
2008,15.5,15,evolution de la situation de la banque 5,250
2008,15.6,15,evolution de la situation des banques de dépots 6,251
2008,15.7,15,evolution des crédits à court terme par branche 7,13
2008,15.7,15,evolution des crédits à court terme 7,252
2008,15.8,15,evolution des crédits à moyen et long terme par 8,13
2008,15.8,15,evolution des crédits à moyen et long,253
2008,15.9,15,evolution du total des crédits par branche d activité 9,13
2008,15.9,15,evolution du total des crédits 9,254
2008,16.1,16,recettes de l état 1,263
2008,16.10,16,dépenses du titre ii (équipement) ( ) 10,273
2008,16.11,16,evolution des dépenses des fonds 11,274
2008,16.2,16,recettes du titre i par catégorie 2,263
2008,16.3,16,recettes ordinaires 3,264
2008,16.4,16,recettes du titre ii ( équipement ) ( ) 4,268
2008,16.5,16,recettes des fonds de concours 5,268
2008,16.6,16,recettes des fonds spéciaux du trésor 6,269
2008,16.7,16,dépenses de l état 7,270
2008,16.8,16,dépenses du titre i par chapitre 8,271
2008,16.9,16,dépenses du titre i,272
2008,17.1,17,equilibre ressources et emplois des biens et services : :,14
2008,17.1,17,equilibre ressources et emplois des biens 1,277
2008,17.10,17,créances et dettes 10,281
2008,17.11,17,taux et ratios par habitant 11,282
2008,17.12,17,valeurs ajoutées aux coûts (1),283
2008,17.13,17,valeurs ajoutées aux coûts 13,284
2008,17.14,17,formation brute de capital 14,285
2008,17.15,17,formation brute de capital 15,286
2008,17.16,17,compte des opérations avec l extérieur 16,287
2008,17.16,17,compte des opérations avec 16,288
2008,17.2,17,taux de variation aux prix courants 2,277
2008,17.3,17,equilibre ressources et emplois des biens et services :,14
2008,17.3,17,equilibre ressources et emplois 3,278
2008,17.4,17,taux de variation aux prix constants (1990) ( 1990) 4,278
2008,17.5,17,taux de variation des prix 5,279
2008,17.6,17,contribution des éléments de la demande à la,14
2008,17.6,17,contribution des élements de la 6,279
2008,17.7,17,produit national brut et 7,280
2008,17.8,17,consommation et épargne 8,280
2008,17.9,17,investissement et nancement 9,281
2008,18.1,18,les ressources en eaux disponibles 1,292
2008,18.10,18,evolution de la production nette et de la consommation,15
2008,18.10,18,evolution de la production nette 10,295
2008,18.11,18,evolution du nombre d abonnés 11.18,296
2008,18.12,18,evolution de la consommation unitaire annuelle d eau,15
2008,18.12,18,evolution de la consommation 12.18,296
2008,18.13,18,evolution de la consommation spéci que journalière,15
2008,18.13,18,evolution de la consommation 13.18,296
2008,18.14,18,capacité de traitement des stations d épuration en,15
2008,18.14,18,capacite de traitement des stations 14,297
2008,18.15,18,capacité de traitement des stations d épuration en 15,15
2008,18.15,18,capacité de traitement des stations 15,297
2008,18.16,18,capacité de traitement des stations d épuration en,15
2008,18.16,18,capacité de traitement des stations 16,298
2008,18.17,18,rejets d eaux usées en termes de volume 17,298
2008,18.18,18,rejets d eaux usées en termes de demande de l oxigène 18,15
2008,18.18,18,rejets d eaux usées 18,299
2008,18.19,18,répartition de la super cie par catégories d utilisation,15
2008,18.19,18,répartition de la super cie 19,300
2008,18.2,18,evolution des prélèvements 2,292
2008,18.20,18,evolution des super cies reboisées et des plantations,15
2008,18.20,18,evolution des super cies reboisées 20,301
2008,18.21,18,evolution du nombre et des surfaces annuelles des,15
2008,18.21,18,evolution du nombre et des surfaces 21,301
2008,18.3,18,evolution des ressources en eaux renouvelables,14
2008,18.3,18,evolution des ressources 3,292
2008,18.4,18,evolution des prélèvements des eaux souterraines,15
2008,18.4,18,evolution des prélèvements 4,293
2008,18.5,18,prélèvement brut des eaux douces souterraines 5,15
2008,18.5,18,prélèvement brut des eaux douces 5,293
2008,18.6,18,prélèvement brut des eaux non renouvelables 6,15
2008,18.6,18,prélèvement brut 6,293
2008,18.7,18,evolution de la répartition de l exploitation des nappes,15
2008,18.7,18,evolution de la répartition 7,294
2008,18.8,18,exploitation des nappes profondes par classe des,15
2008,18.8,18,exploitation des nappes 8,294
2008,18.9,18,evolution de la production brute de la sonede 9,15
2008,18.9,18,evolution du prélèvement d eau 9,295
2008,19.1,19,division administrative du pays 1,311
2008,19.2,19,les representations de l ins dans les regions,312
2008,19.3,19,les publications de l'institut national de la statistique,314
2008,19.4,19,loi relative au sysyteme statistique tunisien,330
2008,2.1,2,principales caracteristiques démographiques 1,27
2008,2.10,2,par genre suivant le gouvernorat de déclaration 39 10,7
2008,2.10,2,naissances par genre suivant,39
2008,2.11,2,suivant le lieu d accouchement et le gouvernorat de,7
2008,2.11,2,naissances selon le lieu d accouchement 11,40
2008,2.12,2,décés observés par mois et par année 12,41
2008,2.13,2,décés observés par genre et 13,42
2008,2.14,2,décés corrigés et taux bruts 14,43
2008,2.15,2,evolution des morts-nés déclarés 15,44
2008,2.16,2,evolution des morts-nés par,45
2008,2.17,2,mariages contractés par mois et par année 17,46
2008,2.18,2,mariages contractés 18,47
2008,2.19,2,mariage selon le groupe d âge de l époux 19,48
2008,2.2,2,"estimation de la population par groupe d âge, genre et gouvernorat 2",7
2008,2.2,2,estimation de la population par,28
2008,2.20,2,mariage selon le groupe d âge de l épouse 20,49
2008,2.21,2,mariages selon le groupe d âge 21,50
2008,2.22,2,divorces prononcés par les tribunaux 22,51
2008,2.3,2,estimation de la population par,30
2008,2.4,2,estimation de la population 4,32
2008,2.5,2,naissances par mois et par année 5,34
2008,2.6,2,naissances par genre et rapport 6,35
2008,2.7,2,naissances et taux bruts de natalité 7,36
2008,2.8,2,naissances selon le groupe d âge 8,37
2008,2.9,2,taux de fécondité selon groupe d âge de la mère isf et tgf 38 . . . . 9,7
2008,2.9,2,taux de fécondite1 selon le groupe d âge ( 1) 9,38
2008,3.1,3,enseignement 1,7
2008,3.1.1,3,données générales 1,55
2008,3.1.10,3,principales données du 2ème cycle 10,65
2008,3.1.11,3,population scolaire du 2ème cycle 11,65
2008,3.1.13,3,population scolaire totale du 2ème cycle 13,68
2008,3.1.14,3,population scolaire par qualité et par année d études 69 14,8
2008,3.1.14,3,population scolaire du 2ème cycle 14,69
2008,3.1.15,3,nombre d établissements et classes-élèves par,8
2008,3.1.15,3,nombre d établissements du 2ème cycle 15,70
2008,3.1.16,3,personnel enseignant du 2ème cycle 16,71
2008,3.1.17,3,résultats des examens du 1er et du 2ème cycle 17,71
2008,3.1.18,3,répartition des admis au baccalauriat par section et 18,8
2008,3.1.18,3,répartition des admis au baccalauréat 18,72
2008,3.1.19,3,répartition des étudiants réguliers ) 19,73
2008,3.1.2,3,principales données du 1 cycle,56
2008,3.1.20,3,répartition des diplômés de n d études par lières 20,8
2008,3.1.20,3,effectif des étudiants 20,74
2008,3.1.21,3,répartition des étudiants par secteur et par ministère,8
2008,3.1.21,3,répartition des étudiants réguliers par ministère 21,75
2008,3.1.22,3,personnel enseignant à plein temps 22,75
2008,3.1.3,3,nombre d écoles par gouvernorat 3,57
2008,3.1.4,3,nombre de locaux - classes par gouvernorat 4,58
2008,3.1.5,3,personnel enseignant par gouvernorat 5,59
2008,3.1.6,3,classes - élèves par année d études 6,60
2008,3.1.8,3,population scolaire totale du 1er cycle 8,63
2008,3.1.9,3,population scolaire par qualité et par année d études.. 64 .. 9,8
2008,3.1.9,3,population scolaire du 1er cycle 9.1.3,64
2008,3.2,3,culture 2,8
2008,3.2.1,3,evolution du réseau des bibliothèques 1,76
2008,3.2.2,3,evolution de la capacité 2,77
2008,3.2.3,3,evolution des fonds de livres 3,78
2008,3.2.4,3,evolution des lecteurs 4,79
2008,3.2.5,3,evolution des abonnés 5,80
2008,3.2.6,3,evolution des livres prêtés 6,81
2008,3.2.7,3,nombre de lms longs et courts métrages visés par n,8
2008,3.2.7,3,nombre de lms longs et courts 7,82
2008,3.2.8,3,evolution du nombre d entrées,83
2008,3.2.9,3,nombre de salles de cinéma par gouvernorat 9,83
2008,4.1,4,infrastructure sanitaire du secteur 1,87
2008,4.2,4,infrastructure sanitaire 2,88
2008,4.3,4,effectif des of cines et des médecins 3,89
2008,4.4,4,répartition du personnel paramédical du secteur public 4,8
2008,4.4,4,répartition du personnel 4,90
2008,4.5,4,activités de la santé de la reproduction et de la plani cation 5,8
2008,4.5,4,activités de la santé de la reproduction 5,91
2008,4.6,4,répartition des béné ciaires de l information 6,94
2008,4.7,4,taux de prévalence contraceptive 7,94
2008,5.1,5,activité des tribunaux par degré 1,97
2008,5.10,5,affaires enrolées et traitées devant les 10,104
2008,5.2,5,activité de la cour de cassation par 2,97
2008,5.3,5,activités des cours d appel 3,98
2008,5.4,5,activités des tribunaux 4,99
2008,5.5,5,activités des justices cantonales 5,99
2008,5.6,5,affaires enrolées devant les tribunaux 6,100
2008,5.7,5,affaires enrolées devant les tribunaux 7,101
2008,5.8,5,affaires traitées devant les tribunaux 8,102
2008,5.9,5,affaires traitées devant les tribunaux 9,103
2008,6.1,6,demandes d emploi 1,9
2008,6.1.1,6,evolution des demandes d emploi enregistrées par,9
2008,6.1.1,6,evolution des demandes d emploi 1,107
2008,6.1.2,6,evolution des demandes d emploi enregistrées par,9
2008,6.1.2,6,evolution du nombre 2,107
2008,6.1.3,6,evolution des offres d emploi 3,108
2008,6.1.4,6,evolution des placements réalisés en tunisie par,9
2008,6.1.4,6,evolution des placements réalisés 4,109
2008,6.1.5,6,evolution des placements 5,109
2008,6.1.6,6,données globales 6,110
2008,6.2,6,salaires 2,9
2008,6.2.1,6,evolution du salaire minimum interprofessionnel,9
2008,6.2.1,6,evolution du salaire minimum 1,111
2008,6.2.2,6,evolution du salaire 2,111
2008,7.1,7,evolution de la production des céréales 1,115
2008,7.10,7,production brute des palmiers par variété et par,9
2008,7.10,7,production brute des palmiers 10,119
2008,7.11,7,evolution de la production de vins moûts et,10
2008,7.11,7,evolution de la production de 11,119
2008,7.12,7,evolution de la super cie des vignobles par,10
2008,7.12,7,evolution de la super cie *,119
2008,7.13,7,evolution de la production des cultures,10
2008,7.13,7,evolution de la production des 13,120
2008,7.14,7,evolution de la production 14,120
2008,7.15,7,répartition de la ottille active par type 15,10
2008,7.15,7,répartition de la otille active 15,121
2008,7.2,7,evolution des super cies 2,115
2008,7.3,7,répartition de la super cie selon la catégorie,9
2008,7.3,7,répartition de la super cie selon 3,116
2008,7.4,7,répartition du cheptel 4,116
2008,7.5,7,production de viande par type et production des oeufs 5,116
2008,7.6,7,production des légumes 6,117
2008,7.7,7,evolution de la production,117
2008,7.8,7,evolution de la production ( ),118
2008,7.9,7,evolution de la production 9,118
2008,8.1,8,evolution de la production 1,125
2008,8.10,8,evolution de la production 10,130
2008,8.11,8,evolution du nombre des abonnés 11,130
2008,8.12,8,evolution de la production 12,131
2008,8.13,8,evolution de la production 13,131
2008,8.14,8,evolution de la production de carburants 14,132
2008,8.15,8,evolution de la consommation de carburants 15,132
2008,8.2,8,evolution de la consommation 2,125
2008,8.3,8,evolution de la puissance,126
2008,8.4,8,evolution de la production,126
2008,8.5,8,evolution des réseaux par tension,127
2008,8.6,8,evolution de la consommation d élèctricité 6,127
2008,8.7,8,evolution de la consommation d électricité 7,128
2008,8.8,8,evolution de la consommation d électricité 8,128
2008,8.9,8,evolution du nombre de consommateurs par centre de,10
2008,8.9,8,evolution du nombre de consommateurs 9,129
2008,9.1,9,indice de la production industrielle 1,135
2008,9.10,9,production et commercialisation du sel 10,143
2008,9.2,9,industries agro - alimentaires 2,137
2008,9.3,9,production de tabac 3,138
2008,9.4,9,consommation de tabac et d allumettes 4,138
2008,9.5,9,matériaux de construction,139
2008,9.6,9,industries mécaniques et élèctrique,140
2008,9.7,9,industries chimiques (production ) ( ) 7,141
2008,9.8,9,industrie du papier (production ) ( ) 8,142
2008,9.9,9,production minière,142
2009,1.1,1,principales caracteristiques démographiques 1,19
2009,1.1,1,les eaux conventionnelles,295
2009,1.10,1,taux de fécondité selon groupe d âge de la mère isf et tgf 31 . . . . 10,7
2009,1.10,1,taux de fécondite1 selon le groupe d âge ( 1) 10,31
2009,1.11,1,par genre suivant le gouvernorat de déclaration 32 11,7
2009,1.11,1,naissances par genre suivant,32
2009,1.12,1,suivant le lieu d accouchement et le gouvernorat de,7
2009,1.12,1,naissances selon le lieu d accouchement 12,33
2009,1.13,1,décés observés par mois et par année 13,34
2009,1.14,1,décés observés par genre et 14,35
2009,1.15,1,décés corrigés et taux bruts 15,36
2009,1.16,1,evolution des morts-nés déclarés 16,37
2009,1.17,1,evolution des morts-nés par,38
2009,1.18,1,mariages contractés par mois et par année 18,39
2009,1.19,1,mariages contractés 19,40
2009,1.2,1,estimation de la population par,20
2009,1.2,1,traitement et rejet d eaux usées : 2,295
2009,1.20,1,mariage selon le groupe d âge de l époux 20,41
2009,1.21,1,mariage selon le groupe d âge de l épouse 21,42
2009,1.22,1,mariages selon le groupe d âge 22,43
2009,1.23,1,divorces prononcés par les tribunaux 22,44
2009,1.3,1,estimation de la population par,22
2009,1.4,1,estimation de la population 4,24
2009,1.5,1,estimation de la population,26
2009,1.6,1,naissances par mois et par année 6,27
2009,1.7,1,naissances par genre et rapport 7,28
2009,1.8,1,naissances et taux bruts de natalité 8,29
2009,1.9,1,naissances selon le groupe d âge 9,30
2009,10.1,10,principaux indicateurs touristiques,151
2009,10.10,10,sorties des voyageurs non résidents 10,167
2009,10.11,10,sorties des voyageurs non résidents 11,169
2009,10.12,10,entrées des tunisiens par voie de transport et poste,11
2009,10.12,10,entrées des tunisiens par voie 12,170
2009,10.13,10,sorties des tunisiens par pays de destination et par voie,11
2009,10.13,10,sorties des tunisiens par pays ... 13,171
2009,10.14,10,capacité d hébergement 14,172
2009,10.15,10,nuitées touristiques globales 15,173
2009,10.16,10,taux d occupation par région touristique 16,175
2009,10.17,10,durée moyenne de séjour par nationalité 17,175
2009,10.18,10,nuitées des non résidents 18,176
2009,10.19,10,nuitées des non résidents 19,176
2009,10.2,10,entrées des voyageurs non résidents 2,152
2009,10.20,10,mouvement des croisières maritimes par nationalité et,11
2009,10.20,10,mouvement des croisières maritimes 20,177
2009,10.3,10,entrées des voyageurs non résidents 3,154
2009,10.4,10,entrées des voyageurs non résidents 4,156
2009,10.5,10,entrées des voyageurs non résidents 5,158
2009,10.6,10,non résidents par nationalité par voie de transport et poste,11
2009,10.6,10,evolution des entrées des voyageurs,160
2009,10.7,10,non résidents par nationalité et par mois .(ensemble des,11
2009,10.7,10,sorties des voyageurs non résidents,161
2009,10.8,10,sorties des voyageurs non résidents 8,163
2009,10.9,10,sorties des voyageurs non résidents 9,165
2009,11.1,11,immatriculation des véhicules 1,181
2009,11.10,11,transport aérien 10,192
2009,11.11,11,transport maritime 11,196
2009,11.2,11,immatriculation des véhicules occasions par catégorie,11
2009,11.2,11,immatriculation des véhicules occasions,182
2009,11.3,11,ensemble des immatriculations des véhicules par,11
2009,11.3,11,ensemble des immatriculations 3,183
2009,11.4,11,répartition du nombre,184
2009,11.5,11,répartition du nombre des accidents et des victimes,11
2009,11.5,11,répartition du nombre des accidents et des victimes 5,184
2009,11.6,11,evolution du nombre des accidents par gouvernorat et,11
2009,11.6,11,evolution du nombre 6,185
2009,11.7,11,evolution du nombre des blessés par gouvernorat et,11
2009,11.7,11,evolution du nombre 7,186
2009,11.8,11,evolution du nombre des tués par gouvernorat et,12
2009,11.8,11,evolution du nombre 8,187
2009,11.9,11,transport ferroviaire 9,188
2009,12.1,12,domaine des télécommunications 1,12
2009,12.1,12,domaine des telecommunications 1,201
2009,12.1.1,12,les réseaux téléphoniques,201
2009,12.1.2,12,les réseaux de transmission des données 2,201
2009,12.1.3,12,evolution du nombre d abonnés au réseau,12
2009,12.1.3,12,evolution du nombre d abonnés 2,202
2009,12.1.4,12,tra c téléphonique 4,203
2009,12.1.5,12,domaine de l informatique 5,204
2009,12.1.6,12,domaine de la télédiffusion 6,204
2009,12.2,12,domaine de la poste 2,12
2009,12.2,12,domaine de la postes 2,205
2009,12.2.1,12,le réseau commercial 1,205
2009,12.2.10,12,mouvements de fonds des c.c.p. 10.2.12,210
2009,12.2.2,12,colis postaux 2,205
2009,12.2.3,12,mandats 3,206
2009,12.2.4,12,balance du tra c des mandats 4,206
2009,12.2.5,12,epargne postale 5,207
2009,12.2.6,12,comptes d épargne en dinars 6,207
2009,12.2.7,12,montant des mandats émis par l étranger et payés en 7,12
2009,12.2.7,12,montant des mandats 7,208
2009,12.2.8,12,montant des mandats 8,209
2009,12.2.9,12,montant des mandats émis par l étranger et payés en 9,12
2009,12.2.9,12,montant des mandats émis 9,209
2009,13.1,13,evolution des prix moyens à la production 1,213
2009,13.10,13,quantités des fruits commercialisés 10,231
2009,13.2,13,evolution annuelle de l indice des prix de vente industriels 215 2,12
2009,13.2,13,evolution annuelle de l indice des prix 2,215
2009,13.3,13,evolution mensuelle 3,218
2009,13.4,13,evolution des prix de détail 4,221
2009,13.5,13,variations annuelles de l indice général des prix à la,13
2009,13.5,13,variations annuelles de l indice général 5,225
2009,13.6,13,indice général des prix à la consommation familiale par 6,13
2009,13.6,13,indice général des prix à la consommation 6,227
2009,13.7,13,evolution de l indice général 7,227
2009,13.8,13,evolution de l indice général des prix à la consommation,13
2009,13.8,13,evolution de l indice général des prix 8,228
2009,13.9,13,quantités des légumes commercialisés aux marchés de 9,13
2009,13.9,13,quantités des légumes commercialisés 9,230
2009,14.1,14,evolution mensuelle des échanges 1,235
2009,14.10,14,evolution des échanges 10,245
2009,14.2,14,evolution des échanges. par groupement sectoriel,13
2009,14.2,14,evolution des échanges 2,236
2009,14.3,14,evolution des échanges 3,237
2009,14.4,14,evolution des échangespar groupement d utilisation des,13
2009,14.4,14,evolution des échanges par groupement 4,238
2009,14.5,14,evolution des exportations des principaux 5,239
2009,14.6,14,evolution des exportations des principaux produits par 5,13
2009,14.6,14,evolution des exportations des principaux produits par,13
2009,14.6,14,evolution des exportations des principaux 6,240
2009,14.7,14,evolutions des importations des principaux produits par ( ) 7,13
2009,14.7,14,evolution des importations des principaux 7,241
2009,14.8,14,evolution des importations des principaux produits par,13
2009,14.8,14,evolution des importations par groupement,243
2009,14.9,14,evolution des échanges avec les principaux ensembles éco,13
2009,14.9,14,evolution des échanges avec 9,244
2009,15.1,15,evolution de la structure 1,249
2009,15.10,15,paiements extérieurs de la tunisie: : 10,259
2009,15.10,15,paiements exterieurs de la tunisie: : 10,260
2009,15.11,15,paiements extérieurs de la tunisie : : 11,261
2009,15.11,15,paiements exterieurs de la tunisie : : 11,262
2009,15.12,15,taux d intérêt 12,263
2009,15.13,15,cours annuels moyens en dinars des principales 13,14
2009,15.13,15,cours annuels moyens en dinar 13,263
2009,15.14,15,principaux indicateurs boursiers 14,263
2009,15.2,15,evolution du réseau bancaire 2,250
2009,15.3,15,les ressources du système monétaire 3,251
2009,15.4,15,les ressources du système 4,253
2009,15.5,15,evolution de la situation de la banque 5,254
2009,15.6,15,evolution de la situation des banques de dépots 6,255
2009,15.7,15,evolution des crédits à court terme par branche 7,13
2009,15.7,15,evolution des crédits à court terme 7,256
2009,15.8,15,evolution des crédits à moyen et long terme par 8,13
2009,15.8,15,evolution des crédits à moyen et long,257
2009,15.9,15,evolution du total des crédits par branche d activité 9,13
2009,15.9,15,evolution du total des crédits 9,258
2009,16.1,16,recettes de l état 1,267
2009,16.10,16,dépenses du titre ii (équipement) ( ) 10,277
2009,16.11,16,evolution des dépenses des fonds 11,278
2009,16.2,16,recettes du titre i par catégorie 2,267
2009,16.3,16,recettes ordinaires 3,268
2009,16.4,16,recettes du titre ii ( équipement ) ( ) 4,272
2009,16.5,16,recettes des fonds de concours 5,272
2009,16.6,16,recettes des fonds spéciaux du trésor 6,273
2009,16.7,16,dépenses de l état 7,274
2009,16.8,16,dépenses du titre i par chapitre 8,275
2009,16.9,16,dépenses du titre i,276
2009,17.1,17,equilibre ressources et emplois des biens et services : :,14
2009,17.1,17,ressources et emplois des biens 1,281
2009,17.10,17,créances et dettes 10,285
2009,17.11,17,taux et ratios par habitant 11.17,286
2009,17.12,17,valeurs ajoutées par secteur d activité 12,287
2009,17.13,17,valeurs ajoutées par secteur d activité 13,288
2009,17.14,17,formation brute de capital 14,289
2009,17.15,17,formation brute de capital 15,290
2009,17.16,17,compte des opérations avec l extérieur 16,291
2009,17.16,17,compte des opérations avec 16,292
2009,17.2,17,ressources et emplois de biens 2,281
2009,17.3,17,equilibre ressources et emplois des biens et services :,14
2009,17.3,17,ressources et emplois de biens et services 3,282
2009,17.4,17,ressources et emplois de biens et services 4,282
2009,17.5,17,evolution des prix de ressources 5,283
2009,17.6,17,contribution des éléments de la demande à la,14
2009,17.6,17,contribution à l évolution du p.i.b aux prix 6,283
2009,17.7,17,produit national brut et 7,284
2009,17.8,17,consommation et épargne 8,284
2009,17.9,17,investissement et nancement 9,285
2009,18.1,18,les ressources en eaux disponibles 1,296
2009,18.10,18,evolution de la production nette et de la consommation,15
2009,18.10,18,evolution de la production nette 10,299
2009,18.11,18,evolution du nombre d abonnés 11.18,300
2009,18.12,18,evolution de la consommation unitaire annuelle d eau,15
2009,18.12,18,evolution de la consommation 12.18,300
2009,18.13,18,evolution de la consommation spéci que journalière,15
2009,18.13,18,evolution de la consommation 13.18,300
2009,18.14,18,capacité de traitement des stations d épuration en,15
2009,18.14,18,capacite de traitement des stations 14,301
2009,18.15,18,capacité de traitement des stations d épuration en 15,15
2009,18.15,18,capacité de traitement des stations 15,301
2009,18.16,18,capacité de traitement des stations d épuration en,15
2009,18.16,18,capacité de traitement des stations 16,302
2009,18.17,18,rejets d eaux usées en termes de volume 17,302
2009,18.18,18,rejets d eaux usées en termes de demande de l oxigène 18,15
2009,18.18,18,rejets d eaux usées 18,303
2009,18.19,18,répartition de la super cie par catégories d utilisation,15
2009,18.19,18,répartition de la super cie 19,304
2009,18.2,18,evolution des prélèvements 2,296
2009,18.20,18,evolution des super cies reboisées et des plantations,15
2009,18.20,18,evolution des super cies reboisées 20,305
2009,18.21,18,evolution du nombre et des surfaces annuelles des,15
2009,18.21,18,evolution du nombre et des surfaces 21,305
2009,18.3,18,evolution des ressources en eaux renouvelables,14
2009,18.3,18,evolution des ressources 3,296
2009,18.4,18,evolution des prélèvements des eaux souterraines,14
2009,18.4,18,evolution des prélèvements 4,297
2009,18.5,18,prélèvement brut des eaux douces souterraines 5,15
2009,18.5,18,prélèvement brut des eaux douces 5,297
2009,18.6,18,prélèvement brut des eaux non renouvelables 6,15
2009,18.6,18,prélèvement brut 6,297
2009,18.7,18,evolution de la répartition de l exploitation des nappes,15
2009,18.7,18,evolution de la répartition 7,298
2009,18.8,18,exploitation des nappes profondes par classe des,15
2009,18.8,18,exploitation des nappes 8,298
2009,18.9,18,evolution de la production brute de la sonede 9,15
2009,18.9,18,evolution du prélèvement d eau 9,299
2009,19.1,19,division administrative du pays 1,315
2009,19.2,19,les representations de l ins dans les regions,316
2009,19.3,19,les publications de l'institut national de la statistique,318
2009,19.4,19,loi relative au sysyteme statistique tunisien,334
2009,2.1,2,enseignement 1,7
2009,2.1.1,2,données générales 1,47
2009,2.1.10,2,principales données du 2ème cycle 10,57
2009,2.1.11,2,population scolaire du 2ème cycle 11,57
2009,2.1.13,2,population scolaire totale du 2ème cycle 13,60
2009,2.1.14,2,population scolaire par qualité et par année d études 60 14,8
2009,2.1.14,2,population scolaire du 2ème cycle 14,61
2009,2.1.15,2,nombre d établissements et classes-élèves par,8
2009,2.1.15,2,nombre d établissements du 2ème cycle 15,62
2009,2.1.16,2,personnel enseignant du 2ème cycle 16,63
2009,2.1.17,2,résultats des examens du 1er et du 2ème cycle 17,63
2009,2.1.18,2,répartition des admis au baccalauriat par section et 18,8
2009,2.1.18,2,répartition des admis au baccalauréat 18,64
2009,2.1.19,2,répartition des étudiants réguliers ) 19,65
2009,2.1.2,2,principales données du 1 cycle,48
2009,2.1.20,2,répartition des diplômés de n d études par lières 20,8
2009,2.1.20,2,effectif des étudiants 20,66
2009,2.1.21,2,répartition des étudiants par secteur et par ministère,8
2009,2.1.21,2,répartition des étudiants réguliers par ministère 21,67
2009,2.1.3,2,nombre d écoles par gouvernorat 3,49
2009,2.1.4,2,nombre de locaux - classes par gouvernorat 4,50
2009,2.1.5,2,personnel enseignant par gouvernorat,51
2009,2.1.6,2,classes - élèves par année d études 6,52
2009,2.1.8,2,population scolaire totale du 1er cycle 8,55
2009,2.1.9,2,population scolaire par qualité et par année d études.. 56 .. 9,7
2009,2.1.9,2,population scolaire du 1er cycle 9.1.2,56
2009,2.2,2,culture 2,8
2009,2.2.1,2,evolution du réseau des bibliothèques 1,68
2009,2.2.2,2,evolution de la capacité 2,69
2009,2.2.3,2,evolution des fonds de livres 3,70
2009,2.2.4,2,evolution des lecteurs 4,71
2009,2.2.5,2,evolution des abonnés 5,72
2009,2.2.6,2,evolution des livres prêtés 6,73
2009,2.2.7,2,nombre de lms longs et courts métrages visés par,8
2009,2.2.7,2,nombre de lms longs et courts 7,74
2009,2.2.8,2,evolution du nombre d entrées,75
2009,2.2.9,2,nombre de salles de cinéma par gouvernorat 9,75
2009,3.1,3,evolution des nombres d abonnés aux maisons des 1,8
2009,3.1,3,evolution des nombres d abonnés aux maisons 1,79
2009,3.1.22,3,personnel enseignant à plein temps 22,67
2009,3.2,3,evolution des nombres d abonnés aux maisons des 2,8
2009,3.2,3,répartition des abonnés aux maisons des jeûnes 2,80
2009,3.3,3,répartition des licenciés par sexe et par gouvernorat,8
2009,3.3,3,répartition des licenciés par sexe et par,81
2009,3.4,3,répartition des licenciés par sexe et par discipline pour 4,8
2009,3.4,3,répartition des licenciés par sexe et par 4,82
2009,3.5,3,répartition des abonnés aux salles de sport privées par 5,8
2009,3.5,3,répartition des abonnés aux salles de 5,83
2009,3.6,3,nombre de salles de sports 6,84
2009,3.7,3,nombre de stades gazonnés par gouvernorat en n,8
2009,3.7,3,nombre de stades gazonnés 7,85
2009,3.8,3,nombre de maisons de jeunes par gouvernorat en n,8
2009,3.8,3,nombre de maisons de jeûnes 8,86
2009,3.9,3,nombre de salles de sports privées par gouvernorat en n,8
2009,3.9,3,nombre de salles de sports privées 9,87
2009,4.1,4,infrastructure sanitaire du secteur 1,91
2009,4.2,4,infrastructure sanitaire 2,92
2009,4.3,4,effectif des of cines et des médecins 3,93
2009,4.4,4,répartition du personnel paramédical du secteur public 4,9
2009,4.4,4,répartition du personnel 4,94
2009,4.5,4,activités de la santé de la reproduction et de la plani cation 5,9
2009,4.5,4,activités de la santé de la reproduction 5,95
2009,4.6,4,répartition des béné ciaires de l information 6,98
2009,4.7,4,taux de prévalence contraceptive 7,98
2009,5.1,5,activité des tribunaux par degré 1,101
2009,5.10,5,affaires enrolées et traitées devant les 10,108
2009,5.2,5,activité de la cour de cassation par 2,101
2009,5.3,5,activités des cours d appel 3,102
2009,5.4,5,activités des tribunaux 4,103
2009,5.5,5,activités des justices cantonales 5,103
2009,5.6,5,affaires enrolées devant les tribunaux 6,104
2009,5.7,5,affaires traitées devant les tribunaux 7,105
2009,5.8,5,affaires enrolées devant les tribunaux 8,106
2009,5.9,5,affaires traitées devant les tribunaux 9,107
2009,6.1,6,demandes d emploi 1,9
2009,6.1.1,6,evolution des demandes d emploi enregistrées par,9
2009,6.1.1,6,evolution des demandes d emploi 1,111
2009,6.1.2,6,evolution des demandes d emploi enregistrées par,9
2009,6.1.2,6,evolution du nombre 2,111
2009,6.1.3,6,evolution des offres d emploi 3,112
2009,6.1.4,6,evolution des placements réalisés en tunisie par,9
2009,6.1.4,6,evolution des placements réalisés 4,113
2009,6.1.5,6,evolution des placements 5,113
2009,6.1.6,6,données globales 6,114
2009,6.2,6,salaires 2,9
2009,6.2.1,6,evolution du salaire minimum interprofessionnel,9
2009,6.2.1,6,evolution du salaire minimum 1,115
2009,6.2.2,6,evolution du salaire 2,115
2009,7.1,7,evolution de la production des céréales 1,119
2009,7.10,7,production brute des palmiers par variété et par,10
2009,7.10,7,production brute des palmiers 10,123
2009,7.11,7,evolution de la production de vins moûts et,10
2009,7.11,7,evolution de la production de 11,123
2009,7.12,7,evolution de la super cie des vignobles par,10
2009,7.12,7,evolution de la super cie *,123
2009,7.13,7,evolution de la production des cultures,10
2009,7.13,7,evolution de la production des 13,124
2009,7.14,7,evolution de la production 14,124
2009,7.15,7,répartition de la ottille active par type 15,10
2009,7.15,7,répartition de la otille active 15,125
2009,7.2,7,evolution des super cies 2,119
2009,7.3,7,répartition de la super cie selon la catégorie,10
2009,7.3,7,répartition de la super cie selon 3,120
2009,7.4,7,répartition du cheptel 4,120
2009,7.5,7,production de viande par type et production des oeufs 5,120
2009,7.6,7,production des légumes 6,121
2009,7.7,7,evolution de la production,121
2009,7.8,7,evolution de la production ( ),122
2009,7.9,7,evolution de la production 9,122
2009,8.1,8,evolution de la production 1,129
2009,8.10,8,evolution de la production 10,134
2009,8.11,8,evolution du nombre des abonnés 11,134
2009,8.12,8,evolution de la production 12,135
2009,8.13,8,evolution de la production 13,135
2009,8.14,8,evolution de la production de carburants 14,136
2009,8.15,8,evolution de la consommation de carburants 15,136
2009,8.2,8,evolution de la consommation 2,129
2009,8.3,8,evolution de la puissance,130
2009,8.4,8,evolution de la production,130
2009,8.5,8,evolution des réseaux par tension,131
2009,8.6,8,evolution de la consommation d élèctricité 6,131
2009,8.7,8,evolution de la consommation d électricité 7,132
2009,8.8,8,evolution de la consommation d électricité 8,132
2009,8.9,8,evolution du nombre de consommateurs par centre de,10
2009,8.9,8,evolution du nombre de consommateurs 9,133
2009,9.1,9,indice de la production industrielle 1,139
2009,9.10,9,production et commercialisation du sel 10,147
2009,9.2,9,industries agro - alimentaires 2,141
2009,9.3,9,production de tabac 3,142
2009,9.4,9,consommation de tabac et d allumettes 4,142
2009,9.5,9,matériaux de construction,143
2009,9.6,9,industries mécaniques et élèctrique,144
2009,9.7,9,industries chimiques (production ) ( ) 7,145
2009,9.8,9,industrie du papier (production ) ( ) 8,146
2009,9.9,9,production minière,146
2010,1.1,1,principales caracteristiques démographiques 1,19
2010,1.1,1,les eaux conventionnelles,297
2010,1.10,1,taux de fécondité selon groupe d âge de la mère isf et tgf 31 . . . . 10,7
2010,1.10,1,taux de fécondite1 selon le groupe d âge ) 1( 10,31
2010,1.11,1,par genre suivant le gouvernorat de déclaration 32 11,7
2010,1.11,1,naissances par genre suivant,32
2010,1.12,1,suivant le lieu d accouchement et le gouvernorat de,7
2010,1.12,1,naissances selon le lieu d accouchement 12,33
2010,1.13,1,décés observés par mois et par année 13,34
2010,1.14,1,décés observés par genre et 14,35
2010,1.15,1,décés corrigés et taux bruts 15,36
2010,1.16,1,evolution des morts-nés déclarés 16.1,37
2010,1.17,1,evolution des morts-nés par,38
2010,1.18,1,mariages contractés par mois et par année 18,39
2010,1.19,1,mariages contractés 19,40
2010,1.2,1,estimation de la population par,20
2010,1.2,1,traitement et rejet d eaux usées : 2,297
2010,1.20,1,mariage selon le groupe d âge de l époux 20,41
2010,1.21,1,mariage selon le groupe d âge de l épouse 21,42
2010,1.22,1,mariages selon le groupe d âge 22,43
2010,1.23,1,divorces prononcés par les tribunaux 23,44
2010,1.3,1,estimation de la population par,22
2010,1.4,1,estimation de la population 4,24
2010,1.5,1,estimation de la population,26
2010,1.6,1,naissances par mois et par année 6,27
2010,1.7,1,naissances par genre et rapport 7,28
2010,1.8,1,naissances et taux bruts de natalité 8,29
2010,1.9,1,naissances selon le groupe d âge 9,30
2010,10.1,10,principaux indicateurs touristiques,151
2010,10.10,10,sorties des voyageurs non résidents 10,167
2010,10.11,10,sorties des voyageurs non résidents 11,169
2010,10.12,10,entrées des tunisiens par voie de transport et poste,11
2010,10.12,10,entrées des tunisiens par voie 12,170
2010,10.13,10,sorties des tunisiens par pays de destination et par voie,11
2010,10.13,10,sorties des tunisiens par pays 13,171
2010,10.14,10,capacité d hébergement 14,172
2010,10.15,10,nuitées touristiques globales 15,173
2010,10.16,10,taux d occupation par région touristique 16,175
2010,10.17,10,durée moyenne de séjour par nationalité 17,175
2010,10.18,10,nuitées des non résidents 18,176
2010,10.19,10,nuitées des non résidents 19,176
2010,10.2,10,entrées des voyageurs non résidents 2,152
2010,10.20,10,mouvement des croisières maritimes par nationalité et,11
2010,10.20,10,mouvement des croisières maritimes 20,177
2010,10.3,10,entrées des voyageurs non résidents 3,154
2010,10.4,10,entrées des voyageurs non résidents 4,156
2010,10.5,10,entrées des voyageurs non résidents 5,158
2010,10.6,10,non résidents par nationalité par voie de transport et poste,11
2010,10.6,10,evolution des entrées des voyageurs 6,160
2010,10.7,10,non résidents par nationalité et par mois .(ensemble des,11
2010,10.7,10,sorties des voyageurs non résidents,161
2010,10.8,10,sorties des voyageurs non résidents 8,163
2010,10.9,10,sorties des voyageurs non résidents 9,165
2010,11.1,11,immatriculation des véhicules 1,181
2010,11.10,11,transport aérien 10,192
2010,11.11,11,transport maritime 11,196
2010,11.2,11,immatriculation des véhicules occasions par catégorie,11
2010,11.2,11,immatriculation des véhicules occasions,182
2010,11.3,11,ensemble des immatriculations des véhicules par,11
2010,11.3,11,ensemble des immatriculations 3,183
2010,11.4,11,répartition du nombre,184
2010,11.5,11,répartition du nombre des accidents et des victimes,11
2010,11.5,11,répartition du nombre des accidents et des victimes 5,184
2010,11.6,11,evolution du nombre des accidents par gouvernorat et,11
2010,11.6,11,evolution du nombre 6,185
2010,11.7,11,evolution du nombre des blessés par gouvernorat et,11
2010,11.7,11,evolution du nombre 7,186
2010,11.8,11,evolution du nombre des tués par gouvernorat et,12
2010,11.8,11,evolution du nombre 8,187
2010,11.9,11,transport ferroviaire 9,188
2010,12.1,12,domaine des télécommunications 1,12
2010,12.1,12,domaine des telecommunications 1,201
2010,12.1.1,12,les réseaux téléphoniques,201
2010,12.1.2,12,les réseaux de transmission des données 2,201
2010,12.1.3,12,evolution du nombre d abonnés au réseau,12
2010,12.1.3,12,evolution du nombre d abonnés 2,202
2010,12.1.4,12,trafic téléphonique tunisie telecom 4,203
2010,12.1.5,12,domaine de l informatique 5,204
2010,12.1.6,12,domaine de la télédiffusion 6,205
2010,12.2,12,domaine de la poste 2,12
2010,12.2,12,domaine de la postes 2,206
2010,12.2.1,12,le réseau commercial 1,206
2010,12.2.10,12,mouvements de fonds des c.c.p. 10.2.12,211
2010,12.2.2,12,colis postaux 2,206
2010,12.2.3,12,mandats 3,207
2010,12.2.4,12,balance du trafic des mandats 4,207
2010,12.2.5,12,epargne postale 5,208
2010,12.2.6,12,comptes d épargne en dinars 6,208
2010,12.2.7,12,montant des mandats émis par l étranger et payés en 7,12
2010,12.2.7,12,montant des mandats 7,209
2010,12.2.8,12,montant des mandats 8,210
2010,12.2.9,12,montant des mandats émis par l étranger et payés en 9,12
2010,12.2.9,12,montant des mandats émis 9,210
2010,13.1,13,evolution des prix moyens à la production 1,215
2010,13.10,13,quantités des fruits commercialisés 10,233
2010,13.2,13,evolution annuelle de l indice des prix de vente industriels 215 2,12
2010,13.2,13,evolution annuelle de l indice des prix 2,217
2010,13.3,13,evolution mensuelle 3,220
2010,13.4,13,evolution des prix de détail 4,223
2010,13.5,13,variations annuelles de l indice général des prix à la,13
2010,13.5,13,variations annuelles de l indice général 5,227
2010,13.6,13,indice général des prix à la consommation familiale par 6,13
2010,13.6,13,indice général des prix à la consommation 6,229
2010,13.7,13,evolution de l indice général 7,229
2010,13.8,13,evolution de l indice général des prix à la consommation,13
2010,13.8,13,evolution de l indice général des prix 8,230
2010,13.9,13,quantités des légumes commercialisés aux marchés de 9,13
2010,13.9,13,quantités des légumes commercialisés 9,232
2010,14.1,14,evolution mensuelle des échanges 1,237
2010,14.10,14,evolution des échanges 10,247
2010,14.2,14,evolution des échanges. par groupement sectoriel,13
2010,14.2,14,evolution des échanges 2,238
2010,14.3,14,evolution des échanges 3,239
2010,14.4,14,evolution des échangespar groupement d utilisation des,13
2010,14.4,14,evolution des échanges par groupement 4,240
2010,14.5,14,evolution des exportations des principaux 5,241
2010,14.6,14,evolution des exportations des principaux produits par 5,13
2010,14.6,14,evolution des exportations des principaux produits par,13
2010,14.6,14,evolution des exportations des principaux 6,242
2010,14.7,14,evolutions des importations des principaux produits par ) ( 7,13
2010,14.7,14,evolution des importations des principaux 7,243
2010,14.8,14,evolution des importations des principaux produits par,13
2010,14.8,14,evolution des importations par groupement,245
2010,14.9,14,evolution des échanges avec les principaux ensembles éco,13
2010,14.9,14,evolution des échanges avec 9,246
2010,15.1,15,evolution de la structure 1,251
2010,15.10,15,paiements extérieurs de la tunisie: : 10,261
2010,15.10,15,paiements exterieurs de la tunisie: : 10,262
2010,15.11,15,paiements extérieurs de la tunisie : : 11,263
2010,15.11,15,paiements exterieurs de la tunisie : : 11,264
2010,15.12,15,taux d intérêt 12,265
2010,15.13,15,cours annuels moyens en dinars des principales 13,14
2010,15.13,15,cours annuels moyens en dinar 13,265
2010,15.14,15,principaux indicateurs boursiers 14,265
2010,15.2,15,evolution du réseau bancaire 2,252
2010,15.3,15,les ressources du système monétaire 3,253
2010,15.4,15,les ressources du système 4,255
2010,15.5,15,evolution de la situation de la banque 5,256
2010,15.6,15,evolution de la situation des banques de dépots 6,257
2010,15.7,15,evolution des crédits à court terme par branche 7,13
2010,15.7,15,evolution des crédits à court terme 7,258
2010,15.8,15,evolution des crédits à moyen et long terme par 8,13
2010,15.8,15,evolution des crédits à moyen et long,259
2010,15.9,15,evolution du total des crédits par branche d activité 9,13
2010,15.9,15,evolution du total des crédits 9,260
2010,16.1,16,recettes de l état 1,269
2010,16.10,16,dépenses du titre ii (équipement) ) ( 10,279
2010,16.11,16,evolution des dépenses des fonds 11,280
2010,16.2,16,recettes du titre i par catégorie 2,269
2010,16.3,16,recettes ordinaires 3,270
2010,16.4,16,recettes du titre ii ( équipement ) ) ( 4,274
2010,16.5,16,recettes des fonds de concours 5,274
2010,16.6,16,recettes des fonds spéciaux du trésor 6,275
2010,16.7,16,dépenses de l état 7,276
2010,16.8,16,dépenses du titre i par chapitre 8,277
2010,16.9,16,dépenses du titre i,278
2010,17.1,17,equilibre ressources et emplois des biens et services : :,14
2010,17.1,17,ressources et emplois des biens 1,283
2010,17.10,17,créances et dettes 10,287
2010,17.11,17,taux et ratios par habitant 11.17,288
2010,17.12,17,valeurs ajoutées par secteur d activité 12,289
2010,17.13,17,valeurs ajoutées par secteur d activité 13,290
2010,17.14,17,formation brute de capital 14,291
2010,17.15,17,formation brute de capital 15,292
2010,17.16,17,compte des opérations avec l extérieur 16,293
2010,17.16,17,compte des opérations avec 16,294
2010,17.2,17,ressources et emplois de biens 2,283
2010,17.3,17,equilibre ressources et emplois des biens et services :,14
2010,17.3,17,ressources et emplois de biens et services 3,284
2010,17.4,17,ressources et emplois de biens et services 4,284
2010,17.5,17,evolution des prix de ressources 5,285
2010,17.6,17,contribution des éléments de la demande à la,14
2010,17.6,17,contribution à l évolution du p.i.b aux prix 6,285
2010,17.7,17,produit national brut et 7,286
2010,17.8,17,consommation et épargne 8,286
2010,17.9,17,investissement et financement 9,287
2010,18.1,18,les ressources en eaux disponibles 1,298
2010,18.10,18,evolution de la production nette et de la consommation,15
2010,18.10,18,evolution de la production nette 10,301
2010,18.11,18,evolution du nombre d abonnés 11.18,302
2010,18.12,18,evolution de la consommation unitaire annuelle d eau,15
2010,18.12,18,evolution de la consommation 12.18,302
2010,18.13,18,evolution de la consommation spécifique journalière,15
2010,18.13,18,evolution de la consommation 13.18,302
2010,18.14,18,capacité de traitement des stations d épuration en,15
2010,18.14,18,capacite de traitement des stations 14,303
2010,18.15,18,capacité de traitement des stations d épuration en 15,15
2010,18.15,18,capacité de traitement des stations 15,303
2010,18.16,18,capacité de traitement des stations d épuration en,15
2010,18.16,18,capacité de traitement des stations 16,304
2010,18.17,18,rejets d eaux usées en termes de volume 17,304
2010,18.18,18,rejets d eaux usées en termes de demande de l oxigène 18,15
2010,18.18,18,rejets d eaux usées 18,305
2010,18.19,18,répartition de la superficie par catégories d utilisation,15
2010,18.19,18,répartition de la superficie 19,306
2010,18.2,18,evolution des prélèvements 2,298
2010,18.20,18,evolution des superficies reboisées et des plantations,15
2010,18.20,18,evolution des superficies reboisées 20,307
2010,18.21,18,evolution du nombre et des surfaces annuelles des,15
2010,18.21,18,evolution du nombre et des surfaces 21,307
2010,18.3,18,evolution des ressources en eaux renouvelables,14
2010,18.3,18,evolution des ressources 3,298
2010,18.4,18,evolution des prélèvements des eaux souterraines,14
2010,18.4,18,evolution des prélèvements 4,299
2010,18.5,18,prélèvement brut des eaux douces souterraines 5,15
2010,18.5,18,prélèvement brut des eaux douces 5,299
2010,18.6,18,prélèvement brut des eaux non renouvelables 6,15
2010,18.6,18,prélèvement brut 6,299
2010,18.7,18,evolution de la répartition de l exploitation des nappes,15
2010,18.7,18,evolution de la répartition 7,300
2010,18.8,18,exploitation des nappes profondes par classe des,15
2010,18.8,18,exploitation des nappes 8,300
2010,18.9,18,evolution de la production brute de la sonede 9,15
2010,18.9,18,evolution du prélèvement d eau 9,301
2010,19.1,19,division administrative du pays 1,317
2010,19.2,19,les representations de l ins dans les regions,318
2010,19.3,19,les publications de l'institut national de la statistique,320
2010,19.4,19,loi relative au sysyteme statistique tunisien,336
2010,2.1,2,enseignement 1,7
2010,2.1.1,2,données générales 1,47
2010,2.1.10,2,principales données du 2ème cycle 10,57
2010,2.1.11,2,population scolaire du 2ème cycle 11,57
2010,2.1.13,2,population scolaire totale du 2ème cycle 13,60
2010,2.1.14,2,population scolaire par qualité et par année d études,8
2010,2.1.14,2,population scolaire du 2ème cycle 14,61
2010,2.1.15,2,nombre d établissements et classes-élèves par,8
2010,2.1.15,2,nombre d établissements du 2ème cycle 15,62
2010,2.1.16,2,personnel enseignant du 2ème cycle 16,63
2010,2.1.17,2,résultats des examens du 1er et du 2ème cycle 17,63
2010,2.1.18,2,répartition des admis au baccalauriat par section et 18,8
2010,2.1.18,2,répartition des admis au baccalauréat 18,64
2010,2.1.19,2,répartition des étudiants réguliers ( 19,65
2010,2.1.2,2,principales données du 1 cycle,48
2010,2.1.20,2,répartition des diplômés de fin d études par filières 20,8
2010,2.1.20,2,effectif des étudiants 20,66
2010,2.1.21,2,répartition des étudiants par secteur et par ministère,8
2010,2.1.21,2,répartition des étudiants réguliers par ministère 21,67
2010,2.1.22,2,personnel enseignant à plein temps 22,67
2010,2.1.3,2,nombre d écoles par gouvernorat 3,49
2010,2.1.4,2,nombre de locaux - classes par gouvernorat 4,50
2010,2.1.5,2,personnel enseignant par gouvernorat,51
2010,2.1.6,2,classes - élèves par année d études 6,52
2010,2.1.8,2,population scolaire totale du 1er cycle 8,55
2010,2.1.9,2,population scolaire par qualité et par année d études.. 56 .. 9,7
2010,2.1.9,2,population scolaire du 1er cycle 9.1.2,56
2010,2.2,2,culture 2,8
2010,2.2.1,2,evolution du réseau des bibliothèques 1,68
2010,2.2.2,2,evolution de la capacité 2,69
2010,2.2.3,2,evolution des fonds de livres 3,70
2010,2.2.4,2,evolution des lecteurs 4,71
2010,2.2.5,2,evolution des abonnés 5,72
2010,2.2.6,2,evolution des livres prêtés 6,73
2010,2.2.7,2,nombre de films longs et courts métrages visés par,8
2010,2.2.7,2,nombre de films longs et courts 7,74
2010,2.2.8,2,evolution du nombre d entrées 8,75
2010,2.2.9,2,nombre de salles de cinéma par gouvernorat 9,75
2010,3.1,3,evolution des nombres d abonnés aux maisons des 1,8
2010,3.1,3,evolution des nombres d abonnés aux maisons 1,79
2010,3.2,3,evolution des nombres d abonnés aux maisons des 2,8
2010,3.2,3,répartition des abonnés aux maisons des jeûnes 2,80
2010,3.3,3,répartition des licenciés par sexe et par gouvernorat,8
2010,3.3,3,répartition des licenciés par sexe et par,81
2010,3.4,3,répartition des licenciés par sexe et par discipline pour 4,8
2010,3.4,3,répartition des licenciés par sexe et par 4,82
2010,3.5,3,répartition des abonnés aux salles de sport privées par 5,8
2010,3.5,3,répartition des abonnés aux salles de 5,83
2010,3.6,3,nombre de salles de sports 6,84
2010,3.7,3,nombre de stades gazonnés par gouvernorat en fin,8
2010,3.7,3,nombre de stades gazonnés 7,85
2010,3.8,3,nombre de maisons de jeunes par gouvernorat en fin,8
2010,3.8,3,nombre de maisons de jeûnes 8,86
2010,3.9,3,nombre de salles de sports privées par gouvernorat en fin,8
2010,3.9,3,nombre de salles de sports privées 9,87
2010,4.1,4,infrastructure sanitaire du secteur 1,91
2010,4.2,4,infrastructure sanitaire 2,92
2010,4.3,4,effectif des officines et des médecins 3,93
2010,4.4,4,répartition du personnel paramédical du secteur public 4,9
2010,4.4,4,répartition du personnel 4,94
2010,4.5,4,activités de la santé de la reproduction et de la planification 5,9
2010,4.5,4,activités de la santé de la reproduction 5,95
2010,4.6,4,répartition des bénéficiaires de l information 6,98
2010,4.7,4,taux de prévalence contraceptive 7,98
2010,5.1,5,activité des tribunaux par degré 1,101
2010,5.10,5,affaires enrolées et traitées devant les 10,108
2010,5.2,5,activité de la cour de cassation par 2,101
2010,5.3,5,activités des cours d appel 3,102
2010,5.4,5,activités des tribunaux de 1ere instance par matière 4,103
2010,5.5,5,activités des justices cantonales 5,103
2010,5.6,5,affaires enrolées devant les tribunaux 6,104
2010,5.7,5,affaires traitées devant les tribunaux 7,105
2010,5.8,5,affaires enrolées devant les tribunaux 8,106
2010,5.9,5,affaires traitées devant les tribunaux 9,107
2010,6.1,6,demandes d emploi 1,9
2010,6.1.1,6,evolution des demandes d emploi enregistrées par,9
2010,6.1.1,6,evolution des demandes d emploi 1,111
2010,6.1.2,6,evolution des demandes d emploi enregistrées par,9
2010,6.1.2,6,evolution du nombre 2,111
2010,6.1.3,6,evolution des offres d emploi 3,112
2010,6.1.4,6,evolution des placements réalisés en tunisie par,9
2010,6.1.4,6,evolution des placements réalisés 4,113
2010,6.1.5,6,evolution des placements 5,113
2010,6.1.6,6,données globales 6,114
2010,6.2,6,salaires 2,9
2010,6.2.1,6,evolution du salaire minimum interprofessionnel,9
2010,6.2.1,6,evolution du salaire minimum 1,115
2010,6.2.2,6,evolution du salaire 2,115
2010,7.1,7,evolution de la production des céréales 1,119
2010,7.10,7,production brute des palmiers par variété et par,10
2010,7.10,7,production brute des palmiers 10,123
2010,7.11,7,evolution de la production de vins moûts et,10
2010,7.11,7,evolution de la production de 11,123
2010,7.12,7,evolution de la superficie des vignobles par,10
2010,7.12,7,evolution de la superficie *,123
2010,7.13,7,evolution de la production des cultures,10
2010,7.13,7,evolution de la production des 13.7,124
2010,7.14,7,evolution de la production 14.7,124
2010,7.15,7,répartition de la flottille active par type 15,10
2010,7.15,7,répartition de la flotille active 15,125
2010,7.2,7,evolution des superficies 2,119
2010,7.3,7,répartition de la superficie selon la catégorie,10
2010,7.3,7,répartition de la superficie selon 3,120
2010,7.4,7,répartition du cheptel 4,120
2010,7.5,7,production de viande par type et production des oeufs 5,120
2010,7.6,7,production des légumes 6,121
2010,7.7,7,evolution de la production 7,121
2010,7.8,7,evolution de la production ) (,122
2010,7.9,7,evolution de la production 9,122
2010,8.1,8,evolution de la production 1,129
2010,8.10,8,evolution de la production 10,134
2010,8.11,8,evolution du nombre des abonnés 11,134
2010,8.12,8,evolution de la production 12,135
2010,8.13,8,evolution de la production 13,135
2010,8.14,8,evolution de la production de carburants 14,136
2010,8.15,8,evolution de la consommation de carburants 15,136
2010,8.2,8,evolution de la consommation 2,129
2010,8.3,8,evolution de la puissance 3,130
2010,8.4,8,evolution de la production,130
2010,8.5,8,evolution des réseaux par tension,131
2010,8.6,8,evolution de la consommation d élèctricité 6,131
2010,8.7,8,evolution de la consommation d électricité 7,132
2010,8.8,8,evolution de la consommation d électricité 8,132
2010,8.9,8,evolution du nombre de consommateurs par centre de,10
2010,8.9,8,evolution du nombre de consommateurs 9,133
2010,9.1,9,indice de la production industrielle 1,139
2010,9.10,9,production et commercialisation du sel 10,147
2010,9.2,9,industries agro - alimentaires 2,141
2010,9.3,9,production de tabac 3,142
2010,9.4,9,consommation de tabac et d allumettes 4,142
2010,9.5,9,matériaux de construction,143
2010,9.6,9,industries mécaniques et élèctrique,144
2010,9.7,9,industries chimiques (production ) ) ( 7,145
2010,9.8,9,industrie du papier (production ) ) ( 8,146
2010,9.9,9,production minière,146
2011,1.1,1,principales caracteristiques démographiques 1,19
2011,1.1,1,les eaux conventionnelles,301
2011,1.10,1,taux de fécondité selon groupe d âge de la mère isf et tgf 31 . . . . 10,7
2011,1.10,1,taux de fécondite1 selon le groupe d âge ) 1( 10,31
2011,1.11,1,par genre suivant le gouvernorat de déclaration 32 11,7
2011,1.11,1,naissances par genre suivant,32
2011,1.12,1,suivant le lieu d accouchement et le gouvernorat de,7
2011,1.12,1,naissances selon le lieu d accouchement 12,33
2011,1.13,1,décés observés par mois et par année 13.1,34
2011,1.14,1,décés observés par genre et 14,35
2011,1.15,1,décés corrigés et taux bruts 15.1,36
2011,1.16,1,evolution des morts-nés déclarés 16,37
2011,1.17,1,evolution des morts-nés par,38
2011,1.18,1,mariages contractés par mois et par année 18,39
2011,1.19,1,mariages contractés 19,40
2011,1.2,1,estimation de la population par,20
2011,1.2,1,traitement et rejet d eaux usées : 2,301
2011,1.20,1,mariage selon le groupe d âge de l époux 20,41
2011,1.21,1,mariage selon le groupe d âge de l épouse 21.1,42
2011,1.22,1,pour la 1ère fois selon le groupe d âge de l époux par 22,7
2011,1.22,1,mariage pour la 1ère fois selon le groupe 22,43
2011,1.23,1,pour la 1ère fois selon le groupe d âge de l épouse par 23,7
2011,1.23,1,mariage pour la 1ère fois selon le groupe 23.1,44
2011,1.24,1,mariages selon le groupe d âge 24,45
2011,1.25,1,prononces par les tribunaux de 1 ère instance par année 25,7
2011,1.25,1,divorces prononcés par les tribunaux 25,46
2011,1.3,1,estimation de la population par,22
2011,1.4,1,estimation de la population 4,24
2011,1.5,1,estimation de la population,26
2011,1.6,1,naissances par mois et par année 6,27
2011,1.7,1,naissances par genre et rapport 7.1,28
2011,1.8,1,naissances et taux bruts de natalité 8,29
2011,1.9,1,naissances selon le groupe d âge 9,30
2011,10.1,10,principaux indicateurs touristiques,153
2011,10.10,10,sorties des voyageurs non résidents 10,169
2011,10.11,10,sorties des voyageurs non résidents 11,171
2011,10.12,10,entrées des tunisiens par voie de transport et poste,11
2011,10.12,10,entrées des tunisiens par voie 12,172
2011,10.13,10,sorties des tunisiens par pays de destination et par voie,11
2011,10.13,10,sorties des tunisiens par pays 13,173
2011,10.14,10,capacité d hébergement 14.10,174
2011,10.15,10,nuitées touristiques globales 15,175
2011,10.16,10,taux d occupation par région touristique 16,177
2011,10.17,10,durée moyenne de séjour par nationalité 17,177
2011,10.18,10,nuitées des non résidents 18.10,178
2011,10.19,10,nuitées des non résidents 19.10,178
2011,10.2,10,entrées des voyageurs non résidents 2,154
2011,10.20,10,mouvement des croisières maritimes par nationalité et,11
2011,10.20,10,mouvement des croisières maritimes 20,179
2011,10.3,10,entrées des voyageurs non résidents 3,156
2011,10.4,10,entrées des voyageurs non résidents 4,158
2011,10.5,10,entrées des voyageurs non résidents 5,160
2011,10.6,10,non résidents par nationalité par voie de transport et poste,11
2011,10.6,10,evolution des entrées des voyageurs 6,162
2011,10.7,10,non résidents par nationalité et par mois .(ensemble des,11
2011,10.7,10,sorties des voyageurs non résidents,163
2011,10.8,10,sorties des voyageurs non résidents 8,165
2011,10.9,10,sorties des voyageurs non résidents 9,167
2011,11.1,11,immatriculation des véhicules 1,183
2011,11.10,11,transport aérien 10.11,194
2011,11.10,11,transport aérien 10,195
2011,11.11,11,transport maritime 11,198
2011,11.2,11,immatriculation des véhicules occasions par catégorie,11
2011,11.2,11,immatriculation des véhicules occasions,184
2011,11.3,11,ensemble des immatriculations des véhicules par,11
2011,11.3,11,ensemble des immatriculations 3,185
2011,11.4,11,répartition du nombre,186
2011,11.5,11,répartition du nombre des accidents et des victimes,12
2011,11.5,11,répartition du nombre des accidents et des victimes 5,186
2011,11.6,11,evolution du nombre des accidents par gouvernorat et,12
2011,11.6,11,evolution du nombre 6,187
2011,11.7,11,evolution du nombre des blessés par gouvernorat et,12
2011,11.7,11,evolution du nombre 7,188
2011,11.8,11,evolution du nombre des tués par gouvernorat et,12
2011,11.8,11,evolution du nombre 8,189
2011,11.9,11,transport ferroviaire 9,190
2011,12.1,12,domaine des télécommunications 1,12
2011,12.1,12,domaine des telecommunications 1,203
2011,12.1.1,12,les réseaux téléphoniques,203
2011,12.1.2,12,les réseaux de transmission des données 2,203
2011,12.1.3,12,evolution du nombre d abonnés au réseau,12
2011,12.1.3,12,evolution du nombre d abonnés 3,204
2011,12.1.4,12,trafic téléphonique tunisie telecom 4,205
2011,12.1.5,12,domaine de l informatique 5,206
2011,12.1.6,12,domaine de la télédiffusion 6,207
2011,12.2,12,domaine de la poste 2,12
2011,12.2,12,domaine de la postes 2,208
2011,12.2.1,12,le réseau commercial 1,208
2011,12.2.10,12,mouvements de fonds des c.c.p. 10,213
2011,12.2.2,12,colis postaux 2,208
2011,12.2.3,12,mandats 3,209
2011,12.2.4,12,balance du trafic des mandats 4,209
2011,12.2.5,12,epargne postale 5,210
2011,12.2.6,12,comptes d épargne en dinars 6,210
2011,12.2.7,12,montant des mandats émis par l étranger et payés en 7,12
2011,12.2.7,12,montant des mandats 7,211
2011,12.2.8,12,montant des mandats 8,212
2011,12.2.9,12,montant des mandats émis par l étranger et payés en 9,12
2011,12.2.9,12,montant des mandats émis 9,212
2011,13.1,13,evolution des prix moyens à la production 1,217
2011,13.10,13,quantités des fruits commercialisés 10,235
2011,13.2,13,evolution annuelle de l indice des prix de vente industriels 219 2,13
2011,13.2,13,evolution annuelle de l indice des prix 2,219
2011,13.3,13,evolution mensuelle 3,222
2011,13.4,13,evolution des prix de détail 4,225
2011,13.5,13,variations annuelles de l indice général des prix à la,13
2011,13.5,13,variations annuelles de l indice général 5,229
2011,13.6,13,indice général des prix à la consommation familiale par 6,13
2011,13.6,13,indice général des prix à la consommation 6,231
2011,13.7,13,evolution de l indice général 7,231
2011,13.8,13,evolution de l indice général des prix à la consommation,13
2011,13.8,13,evolution de l indice général des prix 8,232
2011,13.9,13,quantités des légumes commercialisés aux marchés de 9,13
2011,13.9,13,quantités des légumes commercialisés 9,234
2011,14.1,14,evolution mensuelle des échanges 1,239
2011,14.10,14,evolution des échanges 10,249
2011,14.2,14,evolution des échanges. par groupement sectoriel,13
2011,14.2,14,evolution des échanges 2,240
2011,14.3,14,evolution des échanges 3,241
2011,14.4,14,evolution des échangespar groupement d utilisation des,13
2011,14.4,14,evolution des échanges par groupement 4,242
2011,14.5,14,evolution des exportations des principaux produits par,13
2011,14.5,14,evolution des exportations des principaux 5,243
2011,14.6,14,evolution des exportations des principaux produits par,13
2011,14.6,14,evolution des exportations des principaux 6,244
2011,14.7,14,evolutions des importations des principaux produits par ... ) ( 7,13
2011,14.7,14,evolution des importations des principaux 7,245
2011,14.8,14,evolution des importations des principaux produits par,13
2011,14.8,14,evolution des importations par groupement,247
2011,14.9,14,evolution des échanges avec les principaux ensembles éco,13
2011,14.9,14,evolution des échanges avec 9.14,248
2011,15.1,15,evolution de la structure 1,253
2011,15.10,15,paiements extérieurs de la tunisie: : 10,263
2011,15.10,15,paiements exterieurs de la tunisie: : 10,264
2011,15.11,15,paiements extérieurs de la tunisie : : 11,265
2011,15.11,15,paiements exterieurs de la tunisie : : 11,266
2011,15.12,15,taux d intérêt 12,267
2011,15.13,15,cours annuels moyens en dinars des principales 13,14
2011,15.13,15,cours annuels moyens en dinar 13,267
2011,15.14,15,principaux indicateurs boursiers 14,267
2011,15.2,15,evolution du réseau bancaire 2,254
2011,15.3,15,les ressources du système monétaire 3,255
2011,15.4,15,les ressources du système 4,257
2011,15.5,15,evolution de la situation de la banque 5,258
2011,15.6,15,evolution de la situation des banques de dépots 6,259
2011,15.7,15,evolution des crédits à court terme par branche,13
2011,15.7,15,evolution des crédits à court terme 7,260
2011,15.8,15,evolution des crédits à moyen et long terme par,13
2011,15.8,15,evolution des crédits à moyen et long,261
2011,15.9,15,evolution du total des crédits par branche d activité 9,14
2011,15.9,15,evolution du total des crédits 9,262
2011,16.1,16,recettes de l état 1,271
2011,16.10,16,dépenses du titre ii (équipement) ) ( 10,281
2011,16.11,16,evolution des dépenses des fonds 11,282
2011,16.12,16,dépenses des fonds 12,283
2011,16.2,16,recettes du titre i par catégorie 2,271
2011,16.3,16,recettes ordinaires 3,272
2011,16.5,16,recettes des fonds de concours 5.16,276
2011,16.6,16,recettes des fonds spéciaux du trésor 6,277
2011,16.7,16,dépenses de l état 7.16,278
2011,16.8,16,dépenses du titre i par chapitre 8,279
2011,16.9,16,dépenses du titre i,280
2011,17.1,17,equilibre ressources et emplois des biens et services : :,14
2011,17.1,17,ressources et emplois des biens 1,287
2011,17.10,17,créances et dettes 10,291
2011,17.11,17,taux et ratios par habitant 11.17,292
2011,17.12,17,valeurs ajoutées par secteur d activité 12,293
2011,17.13,17,valeurs ajoutées par secteur d activité 13,294
2011,17.14,17,formation brute de capital 14,295
2011,17.15,17,formation brute de capital 15,296
2011,17.16,17,compte des opérations avec l extérieur 16,297
2011,17.16,17,compte des opérations avec 16,298
2011,17.2,17,ressources et emplois de biens 2,287
2011,17.3,17,equilibre ressources et emplois des biens et services :,14
2011,17.3,17,ressources et emplois de biens et services 3,288
2011,17.4,17,ressources et emplois de biens et services 4,288
2011,17.5,17,evolution des prix de ressources 5,289
2011,17.6,17,contribution des éléments de la demande à la,14
2011,17.6,17,contribution à l évolution du p.i.b aux prix 6,289
2011,17.7,17,produit national brut et 7,290
2011,17.8,17,consommation et épargne 8,290
2011,17.9,17,investissement et financement 9,291
2011,18.1,18,les ressources en eaux disponibles 1,302
2011,18.10,18,evolution de la production nette et de la consommation,15
2011,18.10,18,evolution de la production nette 10,305
2011,18.11,18,evolution du nombre d abonnés 11.18,306
2011,18.12,18,evolution de la consommation unitaire annuelle d eau,15
2011,18.12,18,evolution de la consommation 12.18,306
2011,18.13,18,evolution de la consommation spécifique journalière,15
2011,18.13,18,evolution de la consommation 13.18,306
2011,18.14,18,capacité de traitement des stations d épuration en,15
2011,18.14,18,capacite de traitement des stations 14,307
2011,18.15,18,capacité de traitement des stations d épuration en 15,15
2011,18.15,18,capacité de traitement des stations 15.18,308
2011,18.16,18,capacité de traitement des stations d épuration en,15
2011,18.16,18,capacité de traitement des stations 16.18,308
2011,18.17,18,rejets d eaux usées en termes de volume 17,309
2011,18.18,18,rejets d eaux usées en termes de demande de l oxigène 18,15
2011,18.18,18,rejets d eaux usées 18,310
2011,18.19,18,répartition de la superficie par catégories d utilisation,15
2011,18.19,18,répartition de la superficie 19,311
2011,18.2,18,evolution des prélèvements 2,302
2011,18.20,18,evolution des superficies reboisées et des plantations,15
2011,18.20,18,evolution des superficies reboisées 20,312
2011,18.21,18,evolution du nombre et des surfaces annuelles des,15
2011,18.21,18,evolution du nombre et des surfaces 21,312
2011,18.3,18,evolution des ressources en eaux renouvelables,15
2011,18.3,18,evolution des ressources 3,302
2011,18.4,18,evolution des prélèvements des eaux souterraines,15
2011,18.4,18,evolution des prélèvements 4,303
2011,18.5,18,prélèvement brut des eaux douces souterraines 5,15
2011,18.5,18,prélèvement brut des eaux douces 5,303
2011,18.6,18,prélèvement brut des eaux non renouvelables 6,15
2011,18.6,18,prélèvement brut 6,303
2011,18.7,18,evolution de la répartition de l exploitation des nappes,15
2011,18.7,18,evolution de la répartition 7,304
2011,18.8,18,exploitation des nappes profondes par classe des,15
2011,18.8,18,exploitation des nappes 8,304
2011,18.9,18,evolution de la production brute de la sonede 9,15
2011,18.9,18,evolution du prélèvement d eau 9,305
2011,19.1,19,division administrative du pays 1,321
2011,19.2,19,les representations de l ins dans les regions,322
2011,19.3,19,les publications de l'institut national de la statistique,324
2011,19.4,19,loi relative au sysyteme statistique tunisien,340
2011,2.1,2,enseignement 1,7
2011,2.1.1,2,données générales 1,49
2011,2.1.10,2,principales données du 2ème cycle 10,59
2011,2.1.11,2,population scolaire du 2ème cycle 11,59
2011,2.1.13,2,population scolaire totale du 2ème cycle 13,62
2011,2.1.14,2,population scolaire par qualité et par année d études,8
2011,2.1.14,2,population scolaire du 2ème cycle 14,63
2011,2.1.15,2,nombre d établissements et classes-élèves par,8
2011,2.1.15,2,nombre d établissements du 2ème cycle 15,64
2011,2.1.16,2,personnel enseignant du 2ème cycle 16,65
2011,2.1.17,2,résultats des examens du 1er et du 2ème cycle 17,65
2011,2.1.18,2,répartition des admis au baccalauriat par section et 18,8
2011,2.1.18,2,répartition des admis au baccalauréat 18.1.2,66
2011,2.1.19,2,répartition des étudiants réguliers ( 19,67
2011,2.1.2,2,principales données du 1 cycle,50
2011,2.1.20,2,répartition des diplômés de fin d études par filières 20,8
2011,2.1.20,2,effectif des étudiants 20,68
2011,2.1.21,2,répartition des étudiants par secteur et par ministère,8
2011,2.1.21,2,répartition des étudiants réguliers par ministère 21,69
2011,2.1.22,2,personnel enseignant à plein temps 22,69
2011,2.1.3,2,nombre d écoles par gouvernorat 3,51
2011,2.1.4,2,nombre de locaux - classes par gouvernorat 4,52
2011,2.1.5,2,personnel enseignant par gouvernorat,53
2011,2.1.6,2,classes - élèves par année d études 6.1.2,54
2011,2.1.8,2,population scolaire totale du 1er cycle 8,57
2011,2.1.9,2,population scolaire par qualité et par année d études.. 58 9,8
2011,2.1.9,2,population scolaire du 1er cycle 9.1.2,58
2011,2.2,2,culture 2,8
2011,2.2.1,2,evolution du réseau des bibliothèques 1,70
2011,2.2.2,2,evolution de la capacité 2,71
2011,2.2.3,2,evolution des fonds de livres 3,72
2011,2.2.4,2,evolution des lecteurs 4,73
2011,2.2.5,2,evolution des abonnés 5,74
2011,2.2.6,2,evolution des livres prêtés 6,75
2011,2.2.7,2,nombre de films longs et courts métrages visés par,8
2011,2.2.7,2,nombre de films longs et courts 7,76
2011,2.2.8,2,evolution du nombre d entrées 8,77
2011,2.2.9,2,nombre de salles de cinéma par gouvernorat 9,77
2011,3.1,3,evolution des nombres d abonnés aux maisons des 1,8
2011,3.1,3,evolution des nombres d abonnés aux maisons 1,81
2011,3.2,3,evolution des nombres d abonnés aux maisons des 2,8
2011,3.2,3,répartition des abonnés aux maisons des jeûnes 2,82
2011,3.3,3,répartition des licenciés par sexe et par gouvernorat,8
2011,3.3,3,répartition des licenciés par sexe et par,83
2011,3.4,3,répartition des licenciés par sexe et par discipline pour 4,8
2011,3.4,3,répartition des licenciés par sexe et par 4,84
2011,3.5,3,répartition des abonnés aux salles de sport privées par,8
2011,3.5,3,répartition des abonnés aux salles de 5,85
2011,3.6,3,nombre de salles de sports 6,86
2011,3.7,3,nombre de stades gazonnés par gouvernorat en fin,8
2011,3.7,3,nombre de stades gazonnés 7,87
2011,3.8,3,nombre de maisons de jeunes par gouvernorat en fin,9
2011,3.8,3,nombre de maisons de jeûnes 8,88
2011,3.9,3,nombre de salles de sports privées par gouvernorat en fin,9
2011,3.9,3,nombre de salles de sports privées 9,89
2011,4.1,4,infrastructure sanitaire du secteur 1,93
2011,4.2,4,infrastructure sanitaire 2,94
2011,4.3,4,effectif des officines et des médecins 3,95
2011,4.4,4,répartition du personnel paramédical du secteur public 4,9
2011,4.4,4,répartition du personnel 4,96
2011,4.5,4,activités de la santé de la reproduction et de la planification 5,9
2011,4.5,4,activités de la santé de la reproduction 5,97
2011,4.6,4,répartition des bénéficiaires de l information 6,100
2011,4.7,4,taux de prévalence contraceptive 7,100
2011,5.1,5,activité des tribunaux par degré 1,103
2011,5.10,5,affaires enrolées et traitées devant les 10,110
2011,5.2,5,activité de la cour de cassation par 2,103
2011,5.3,5,activités des cours d appel 3,104
2011,5.4,5,activités des tribunaux de 1ere instance par matière 4,105
2011,5.5,5,activités des justices cantonales 5,105
2011,5.6,5,affaires enrolées devant les tribunaux 6,106
2011,5.7,5,affaires enrolées devant les tribunaux 7,107
2011,5.8,5,affaires traitées devant les tribunaux 8,108
2011,5.9,5,affaires traitées devant les tribunaux 9,109
2011,6.1,6,demandes d emploi 1,9
2011,6.1.1,6,evolution des demandes d emploi enregistrées par,9
2011,6.1.1,6,evolution des demandes d emploi 1,113
2011,6.1.2,6,evolution des demandes d emploi enregistrées par,9
2011,6.1.2,6,evolution du nombre 2,113
2011,6.1.3,6,evolution des offres d emploi 3,114
2011,6.1.4,6,evolution des placements réalisés en tunisie par,9
2011,6.1.4,6,evolution des placements réalisés 4,115
2011,6.1.5,6,evolution des placements 5,115
2011,6.1.6,6,données globales 6,116
2011,6.2,6,salaires 2,9
2011,6.2.1,6,evolution du salaire minimum interprofessionnel,9
2011,6.2.1,6,evolution du salaire minimum 1,117
2011,6.2.2,6,evolution du salaire 2,117
2011,7.1,7,evolution de la production des céréales 1,121
2011,7.10,7,production brute des palmiers par variété et par,10
2011,7.10,7,production brute des palmiers 10,125
2011,7.11,7,evolution de la production de vins moûts et,10
2011,7.11,7,evolution de la production de 11,125
2011,7.12,7,evolution de la superficie des vignobles par,10
2011,7.12,7,evolution de la superficie *,125
2011,7.13,7,evolution de la production des cultures,10
2011,7.13,7,evolution de la production des 13.7,126
2011,7.14,7,evolution de la production 14.7,126
2011,7.15,7,répartition de la flottille active par type 15,10
2011,7.15,7,répartition de la flotille active 15,127
2011,7.2,7,evolution des superficies 2,121
2011,7.3,7,répartition de la superficie selon la catégorie,10
2011,7.3,7,répartition de la superficie selon 3,122
2011,7.4,7,répartition du cheptel 4,122
2011,7.5,7,production de viande par type et production des oeufs 5,122
2011,7.6,7,production des légumes 6,123
2011,7.7,7,evolution de la production 7,123
2011,7.8,7,evolution de la production ) (,124
2011,7.9,7,evolution de la production 9,124
2011,8.1,8,evolution de la production 1,131
2011,8.10,8,evolution de la production 10,136
2011,8.11,8,evolution du nombre des abonnés 11,136
2011,8.12,8,evolution de la production 12,137
2011,8.13,8,evolution de la production 13,137
2011,8.14,8,evolution de la production de carburants 14,138
2011,8.15,8,evolution de la consommation de carburants 15,138
2011,8.2,8,evolution de la consommation 2,131
2011,8.3,8,evolution de la puissance 3,132
2011,8.4,8,evolution de la production,132
2011,8.5,8,evolution des réseaux par tension,133
2011,8.6,8,evolution de la consommation d élèctricité 6,133
2011,8.7,8,evolution de la consommation d électricité 7,134
2011,8.8,8,evolution de la consommation d électricité 8,134
2011,8.9,8,evolution du nombre de consommateurs par centre de,10
2011,8.9,8,evolution du nombre de consommateurs 9,135
2011,9.1,9,indice de la production industrielle 1,141
2011,9.10,9,production et commercialisation du sel 10,149
2011,9.2,9,industries agro - alimentaires 2,143
2011,9.3,9,production de tabac 3,144
2011,9.4,9,consommation de tabac et d allumettes 4,144
2011,9.5,9,matériaux de construction,145
2011,9.6,9,industries mécaniques et élèctrique,146
2011,9.7,9,industries chimiques (production ) ) ( 7,147
2011,9.8,9,industrie du papier (production ) ) ( 8,148
2011,9.9,9,production minière,148
2012,1.1,1,principales caractéristiques démographiques 1,19
2012,1.1,1,les eaux conventionnelles,299
2012,1.10,1,taux de fécondité selon groupe d âge de la mère isf et tgf 31 . . . . 10,7
2012,1.10,1,taux de fécondite1 selon le groupe d âge ) 1( 10,31
2012,1.11,1,par genre suivant le gouvernorat de déclaration 32 11,7
2012,1.11,1,naissances par genre suivant,32
2012,1.12,1,suivant le lieu d accouchement et le gouvernorat de,7
2012,1.12,1,naissances selon le lieu d accouchement 12,33
2012,1.13,1,décés observés par mois et par année 13.1,34
2012,1.14,1,décés observés par genre et 14,35
2012,1.15,1,décés corrigés et taux bruts 15.1,36
2012,1.16,1,evolution des morts-nés déclarés 16,37
2012,1.17,1,evolution des morts-nés par,38
2012,1.18,1,mariages contractés par mois et par année 18,39
2012,1.19,1,mariages contractés 19,40
2012,1.2,1,estimation de la population par,20
2012,1.2,1,traitement et rejet d eaux usées : 2,299
2012,1.20,1,mariage selon le groupe d âge de l époux 20,41
2012,1.21,1,mariage selon le groupe d âge de l épouse 21.1,42
2012,1.22,1,pour la 1ère fois selon le groupe d âge de l époux par 22,7
2012,1.22,1,mariage pour la 1ère fois selon le groupe 22,43
2012,1.23,1,pour la 1ère fois selon le groupe d âge de l épouse par 23,7
2012,1.23,1,mariage pour la 1ère fois selon le groupe 23.1,44
2012,1.24,1,mariages selon le groupe d âge 24,45
2012,1.25,1,prononces par les tribunaux de 1 ère instance par année 25,7
2012,1.25,1,divorces prononcés par les tribunaux 25,46
2012,1.3,1,estimation de la population par,22
2012,1.4,1,estimation de la population 4,24
2012,1.5,1,estimation de la population,26
2012,1.6,1,naissances par mois et par année 6,27
2012,1.7,1,naissances par genre et rapport 7.1,28
2012,1.8,1,naissances et taux bruts de natalité 8,29
2012,1.9,1,naissances selon le groupe d âge 9,30
2012,10.1,10,principaux indicateurs touristiques,151
2012,10.10,10,sorties des voyageurs non résidents 10,167
2012,10.11,10,sorties des voyageurs non résidents 11,169
2012,10.12,10,entrées des tunisiens par voie de transport et poste,11
2012,10.12,10,entrées des tunisiens par voie 12,170
2012,10.13,10,sorties des tunisiens par pays de destination et par voie,11
2012,10.13,10,sorties des tunisiens par pays 13,171
2012,10.14,10,capacité d hébergement 14.10,172
2012,10.15,10,nuitées touristiques globales 15,173
2012,10.16,10,taux d occupation par région touristique 16,175
2012,10.17,10,durée moyenne de séjour par nationalité 17,175
2012,10.18,10,nuitées des non résidents 18.10,176
2012,10.19,10,nuitées des non résidents 19.10,176
2012,10.2,10,entrées des voyageurs non résidents 2,152
2012,10.20,10,mouvement des croisières maritimes par nationalité et,11
2012,10.20,10,mouvement des croisières maritimes 20,177
2012,10.3,10,entrées des voyageurs non résidents 3,154
2012,10.4,10,entrées des voyageurs non résidents 4,156
2012,10.5,10,entrées des voyageurs non résidents 5,158
2012,10.6,10,non résidents par nationalité par voie de transport et poste,11
2012,10.6,10,evolution des entrées des voyageurs 6,160
2012,10.7,10,non résidents par nationalité et par mois .(ensemble des,11
2012,10.7,10,sorties des voyageurs non résidents,161
2012,10.8,10,sorties des voyageurs non résidents 8,163
2012,10.9,10,sorties des voyageurs non résidents 9,165
2012,11.1,11,immatriculation des véhicules 1,181
2012,11.10,11,transport aérien 10.11,192
2012,11.10,11,transport aérien 10,193
2012,11.11,11,transport maritime 11,196
2012,11.2,11,immatriculation des véhicules occasions par catégorie,11
2012,11.2,11,immatriculation des véhicules occasions,182
2012,11.3,11,ensemble des immatriculations des véhicules par,11
2012,11.3,11,ensemble des immatriculations 3,183
2012,11.4,11,répartition du nombre,184
2012,11.5,11,répartition du nombre des accidents et des victimes,11
2012,11.5,11,répartition du nombre des accidents et des victimes 5,184
2012,11.6,11,evolution du nombre des accidents par gouvernorat et,12
2012,11.6,11,evolution du nombre 6,185
2012,11.7,11,evolution du nombre des blessés par gouvernorat et,12
2012,11.7,11,evolution du nombre 7,186
2012,11.8,11,evolution du nombre des tués par gouvernorat et,12
2012,11.8,11,evolution du nombre 8,187
2012,11.9,11,transport ferroviaire 9,188
2012,12.1,12,domaine des télécommunications 1,12
2012,12.1,12,domaine des telecommunications 1,201
2012,12.1.1,12,les réseaux téléphoniques,201
2012,12.1.2,12,les réseaux de transmission des données 2,201
2012,12.1.3,12,evolution du nombre d abonnés au réseau,12
2012,12.1.3,12,evolution du nombre d abonnés 3,202
2012,12.1.4,12,trafic téléphonique tunisie telecom 4,203
2012,12.1.5,12,domaine de l informatique 5,204
2012,12.1.6,12,domaine de la télédiffusion 6,205
2012,12.2,12,domaine de la poste 2,12
2012,12.2,12,domaine de la postes 2,206
2012,12.2.1,12,le réseau commercial 1,206
2012,12.2.10,12,mouvements de fonds des c.c.p. 10,211
2012,12.2.2,12,colis postaux 2,206
2012,12.2.3,12,mandats 3,207
2012,12.2.4,12,balance du trafic des mandats 4,207
2012,12.2.5,12,epargne postale 5,208
2012,12.2.6,12,comptes d épargne en dinars 6,208
2012,12.2.7,12,montant des mandats émis par l étranger et payés en 7,12
2012,12.2.7,12,montant des mandats 7,209
2012,12.2.8,12,montant des mandats 8,210
2012,12.2.9,12,montant des mandats émis par l étranger et payés en 9,12
2012,12.2.9,12,montant des mandats émis 9,210
2012,13.1,13,evolution des prix moyens à la production 1,215
2012,13.10,13,quantités des fruits commercialisés 10,233
2012,13.2,13,evolution annuelle de l indice des prix de vente industriels 219 2,13
2012,13.2,13,evolution annuelle de l indice des prix 2,217
2012,13.3,13,evolution mensuelle 3,220
2012,13.4,13,evolution des prix de détail 4,223
2012,13.5,13,variations annuelles de l indice général des prix à la,13
2012,13.5,13,variations annuelles de l indice général 5,227
2012,13.6,13,indice général des prix à la consommation familiale par 6,13
2012,13.6,13,indice général des prix à la consommation 6,229
2012,13.7,13,evolution de l indice général 7,229
2012,13.8,13,evolution de l indice général des prix à la consommation,13
2012,13.8,13,evolution de l indice général des prix 8,230
2012,13.9,13,quantités des légumes commercialisés aux marchés de 9,13
2012,13.9,13,quantités des légumes commercialisés 9,232
2012,14.1,14,evolution mensuelle des échanges 1,237
2012,14.10,14,evolution des échanges 10,247
2012,14.2,14,evolution des échanges. par groupement sectoriel,13
2012,14.2,14,evolution des échanges 2,238
2012,14.3,14,evolution des échanges 3,239
2012,14.4,14,evolution des échangespar groupement d utilisation des,13
2012,14.4,14,evolution des échanges par groupement 4,240
2012,14.5,14,evolution des exportations des principaux produits par,13
2012,14.5,14,evolution des exportations des principaux 5,241
2012,14.6,14,evolution des exportations des principaux produits par,13
2012,14.6,14,evolution des exportations des principaux 6,242
2012,14.7,14,evolutions des importations des principaux produits par ... ) ( 7,13
2012,14.7,14,evolution des importations des principaux 7,243
2012,14.8,14,evolution des importations des principaux produits par,13
2012,14.8,14,evolution des importations par groupement,245
2012,14.9,14,evolution des échanges avec les principaux ensembles éco,13
2012,14.9,14,evolution des échanges avec 9.14,246
2012,15.1,15,evolution de la structure 1,251
2012,15.10,15,paiements extérieurs de la tunisie: : 10,261
2012,15.10,15,paiements exterieurs de la tunisie: : 10,262
2012,15.11,15,paiements extérieurs de la tunisie : : 11,263
2012,15.11,15,paiements exterieurs de la tunisie : : 11,264
2012,15.12,15,taux d intérêt 12,265
2012,15.13,15,cours annuels moyens en dinars des principales 13,14
2012,15.13,15,cours annuels moyens en dinar 13,265
2012,15.14,15,principaux indicateurs boursiers 14,265
2012,15.2,15,evolution du réseau bancaire 2,252
2012,15.3,15,les ressources du système monétaire 3,253
2012,15.4,15,les ressources du système 4,255
2012,15.5,15,evolution de la situation de la banque 5,256
2012,15.6,15,evolution de la situation des banques de dépots 6,257
2012,15.7,15,evolution des crédits à court terme par branche,13
2012,15.7,15,evolution des crédits à court terme 7,258
2012,15.8,15,evolution des crédits à moyen et long terme par,13
2012,15.8,15,evolution des crédits à moyen et long,259
2012,15.9,15,evolution du total des crédits par branche d activité 9,14
2012,15.9,15,evolution du total des crédits 9,260
2012,16.1,16,recettes de l état 1,269
2012,16.10,16,dépenses du titre ii (équipement) ) ( 10,279
2012,16.11,16,evolution des dépenses des fonds 11,280
2012,16.12,16,dépenses des fonds 12,281
2012,16.2,16,recettes du titre i par catégorie 2,269
2012,16.3,16,recettes ordinaires 3,270
2012,16.4,16,recettes du titre ii ( équipement ) ) ( 4,274
2012,16.5,16,recettes des fonds de concours 5,274
2012,16.6,16,recettes des fonds spéciaux du trésor 6,275
2012,16.7,16,dépenses de l état 7.16,276
2012,16.8,16,dépenses du titre i par chapitre 8,277
2012,16.9,16,dépenses du titre i 9,278
2012,17.1,17,equilibre ressources et emplois des biens et services : :,14
2012,17.1,17,ressources et emplois des biens 1,285
2012,17.10,17,créances et dettes 10,289
2012,17.11,17,taux et ratios par habitant 11.17,290
2012,17.12,17,valeurs ajoutées aux couts 12,291
2012,17.13,17,valeurs ajoutées par secteur d activité 13,292
2012,17.14,17,formation brute de capital 14,293
2012,17.15,17,formation brute de capital 15,294
2012,17.16,17,compte des opérations avec l extérieur 16,295
2012,17.16,17,compte des opérations avec 16,296
2012,17.2,17,ressources et emplois de biens 2,285
2012,17.3,17,equilibre ressources et emplois des biens et services :,14
2012,17.3,17,ressources et emplois de biens et services 3,286
2012,17.4,17,ressources et emplois de biens et services 4,286
2012,17.5,17,evolution des prix de ressources 5,287
2012,17.6,17,contribution des éléments de la demande à la,14
2012,17.6,17,contribution à l évolution du p.i.b aux prix 6,287
2012,17.7,17,produit national brut et 7,288
2012,17.8,17,consommation et épargne 8,288
2012,17.9,17,investissement et financement 9,289
2012,18.1,18,les ressources en eaux disponibles 1,300
2012,18.10,18,evolution de la production nette et de la consommation,15
2012,18.10,18,evolution de la production nette 10,303
2012,18.11,18,evolution du nombre d abonnés 11.18,304
2012,18.12,18,evolution de la consommation unitaire annuelle d eau,15
2012,18.12,18,evolution de la consommation 12.18,304
2012,18.13,18,evolution de la consommation spécifique journalière,15
2012,18.13,18,evolution de la consommation 13.18,304
2012,18.14,18,capacité de traitement des stations d épuration en,15
2012,18.14,18,capacite de traitement des stations 14,305
2012,18.15,18,capacité de traitement des stations d épuration en 15,15
2012,18.15,18,capacité de traitement des stations 15.18,306
2012,18.16,18,capacité de traitement des stations d épuration en,15
2012,18.16,18,capacité de traitement des stations 16.18,306
2012,18.17,18,rejets d eaux usées en termes de volume 17,307
2012,18.18,18,rejets d eaux usées en termes de demande de l oxigène 18,15
2012,18.18,18,rejets d eaux usées 18,308
2012,18.19,18,répartition de la superficie par catégories d utilisation,15
2012,18.19,18,répartition de la superficie 19,309
2012,18.2,18,evolution des prélèvements 2,300
2012,18.20,18,evolution des superficies reboisées et des plantations,15
2012,18.20,18,evolution des superficies reboisées 20,310
2012,18.21,18,evolution du nombre et des surfaces annuelles des,15
2012,18.21,18,evolution du nombre et des surfaces 21,310
2012,18.3,18,evolution des ressources en eaux renouvelables,15
2012,18.3,18,evolution des ressources 3,300
2012,18.4,18,evolution des prélèvements des eaux souterraines,15
2012,18.4,18,evolution des prélèvements 4,301
2012,18.5,18,prélèvement brut des eaux douces souterraines 5,15
2012,18.5,18,prélèvement brut des eaux douces 5,301
2012,18.6,18,prélèvement brut des eaux non renouvelables 6,15
2012,18.6,18,prélèvement brut 6,301
2012,18.7,18,evolution de la répartition de l exploitation des nappes,15
2012,18.7,18,evolution de la répartition 7,302
2012,18.8,18,exploitation des nappes profondes par classe des,15
2012,18.8,18,exploitation des nappes 8,302
2012,18.9,18,evolution de la production brute de la sonede 9,15
2012,18.9,18,evolution du prélèvement d eau 9,303
2012,19.1,19,division administrative du pays 1,319
2012,19.2,19,les representations de l ins dans les regions,320
2012,19.3,19,les publications de l'institut national de la statistique,322
2012,19.4,19,loi relative au sysyteme statistique tunisien,338
2012,2.1,2,enseignement 1,7
2012,2.1.1,2,données générales 1,49
2012,2.1.10,2,principales données du 2ème cycle 10,59
2012,2.1.11,2,population scolaire du 2ème cycle 11,59
2012,2.1.13,2,population scolaire totale du 2ème cycle 13,62
2012,2.1.14,2,population scolaire par qualité et par année d études,8
2012,2.1.14,2,population scolaire du 2ème cycle 14,63
2012,2.1.15,2,nombre d établissements et classes-élèves par,8
2012,2.1.15,2,nombre d établissements du 2ème cycle 15,64
2012,2.1.16,2,personnel enseignant du 2ème cycle 16,65
2012,2.1.17,2,résultats des examens du 1er et du 2ème cycle 17,65
2012,2.1.18,2,répartition des admis au baccalauriat par section et 18,8
2012,2.1.18,2,répartition des admis au baccalauréat 18.1.2,66
2012,2.1.19,2,répartition des étudiants réguliers ( 19,67
2012,2.1.2,2,principales données du 1 cycle,50
2012,2.1.20,2,répartition des diplômés de fin d études par filières 20,8
2012,2.1.20,2,effectif des étudiants 20,68
2012,2.1.21,2,répartition des étudiants par secteur et par ministère,8
2012,2.1.21,2,répartition des étudiants réguliers par ministère 21,69
2012,2.1.22,2,personnel enseignant à plein temps 22,69
2012,2.1.3,2,nombre d écoles par gouvernorat 3,51
2012,2.1.4,2,nombre de locaux - classes par gouvernorat 4,52
2012,2.1.5,2,personnel enseignant par gouvernorat,53
2012,2.1.6,2,classes - élèves par année d études 6.1.2,54
2012,2.1.8,2,population scolaire totale du 1er cycle 8,57
2012,2.1.9,2,population scolaire par qualité et par année d études.. 58 9,8
2012,2.1.9,2,population scolaire du 1er cycle 9.1.2,58
2012,2.2,2,culture 2,8
2012,2.2.1,2,evolution du réseau des bibliothèques 1,70
2012,2.2.2,2,evolution de la capacité 2,71
2012,2.2.3,2,evolution des fonds de livres par catégorie 3,72
2012,2.2.4,2,evolution des lecteurs par catégorie 4,73
2012,2.2.5,2,evolution des abonnés par catégorie 5,74
2012,2.2.6,2,evolution des livres prêtés par catégorie 6,75
2012,2.2.7,2,nombre de films longs et courts métrages visés par,8
2012,2.2.7,2,nombre de films longs et courts 7,76
2012,2.2.8,2,evolution du nombre d entrées 8,77
2012,2.2.9,2,nombre de salles de cinéma par gouvernorat 9,77
2012,3.1,3,evolution des nombres d abonnés aux maisons des 1,8
2012,3.1,3,evolution des nombres d abonnés aux maisons 1,81
2012,3.2,3,evolution des nombres d abonnés aux maisons des 2,8
2012,3.2,3,répartition des abonnés aux maisons des jeûnes 2,82
2012,3.3,3,répartition des licenciés par sexe et par gouvernorat,8
2012,3.3,3,répartition des licenciés par sexe et par,83
2012,3.4,3,répartition des licenciés par sexe et par discipline pour 4,8
2012,3.4,3,répartition des licenciés par sexe et par 4,84
2012,3.5,3,répartition des abonnés aux salles de sport privées par 5,8
2012,3.5,3,répartition des abonnés aux salles de 5,85
2012,3.6,3,nombre de salles de sports 6,86
2012,3.7,3,nombre de stades gazonnés par gouvernorat en fin,8
2012,3.7,3,nombre de stades gazonnés 7,87
2012,3.8,3,nombre de maisons de jeunes par gouvernorat en fin,9
2012,3.8,3,nombre de maisons de jeûnes 8,88
2012,3.9,3,nombre de salles de sports privées par gouvernorat en fin,9
2012,3.9,3,nombre de salles de sports privées 9,89
2012,4.1,4,infrastructure sanitaire du secteur 1,93
2012,4.2,4,infrastructure sanitaire 2,94
2012,4.3,4,effectif des officines et des médecins 3,95
2012,4.4,4,répartition du personnel paramédical du secteur public 4,9
2012,4.4,4,répartition du personnel 4,96
2012,4.5,4,activités de la santé de la reproduction et de la planification 5,9
2012,4.5,4,activités de la santé de la reproduction 5,97
2012,4.6,4,répartition des bénéficiaires de l information 6,100
2012,4.7,4,taux de prévalence contraceptive 7,100
2012,5.1,5,activité des tribunaux par degré 1,103
2012,5.10,5,affaires enrolées et traitées devant les 10,110
2012,5.2,5,activité de la cour de cassation par 2,103
2012,5.3,5,activités des cours d appel 3,104
2012,5.4,5,activités des tribunaux de 1ere instance par matière 4,105
2012,5.5,5,activités des justices cantonales 5,105
2012,5.6,5,affaires enrolées devant les tribunaux 6,106
2012,5.7,5,affaires enrolées devant les tribunaux 7,107
2012,5.8,5,affaires traitées devant les tribunaux 8,108
2012,5.9,5,affaires traitées devant les tribunaux 9,109
2012,6.1,6,demandes d emploi 1,9
2012,6.1.1,6,evolution des demandes d emploi enregistrées par,9
2012,6.1.1,6,evolution des demandes d emploi 1,113
2012,6.1.2,6,evolution des demandes d emploi enregistrées par,9
2012,6.1.2,6,evolution du nombre 2,113
2012,6.1.3,6,evolution des offres d emploi 3,114
2012,6.1.4,6,evolution des placements réalisés en tunisie par,9
2012,6.1.4,6,evolution des placements réalisés 4,115
2012,6.1.5,6,evolution des placements 5,115
2012,6.1.6,6,données globales 6,116
2012,6.2,6,salaires 2,9
2012,6.2.1,6,evolution du salaire minimum interprofessionnel,9
2012,6.2.1,6,evolution du salaire minimum 1,117
2012,6.2.2,6,evolution du salaire 2,117
2012,7.1,7,evolution de la production des céréales 1,121
2012,7.10,7,production brute des palmiers par variété et par,10
2012,7.10,7,production brute des palmiers 10,125
2012,7.11,7,evolution de la production de vins moûts et,10
2012,7.11,7,evolution de la production de 11,125
2012,7.12,7,evolution de la superficie des vignobles par,10
2012,7.12,7,evolution de la superficie *,125
2012,7.13,7,evolution de la production des cultures,10
2012,7.13,7,evolution de la production des 13.7,126
2012,7.14,7,evolution de la production 14.7,126
2012,7.15,7,répartition de la flottille active par type 15,10
2012,7.15,7,répartition de la flotille active 15,127
2012,7.2,7,evolution des superficies 2,121
2012,7.3,7,répartition de la superficie selon la catégorie,10
2012,7.3,7,répartition de la superficie selon 3,122
2012,7.4,7,répartition du cheptel 4,122
2012,7.5,7,production de viande par type et production des oeufs 5,122
2012,7.6,7,production des légumes 6,123
2012,7.7,7,evolution de la production 7,123
2012,7.8,7,evolution de la production ) (,124
2012,7.9,7,evolution de la production 9,124
2012,8.1,8,evolution de la production 1,131
2012,8.10,8,evolution de la production 10,136
2012,8.11,8,evolution du nombre des abonnés 11,136
2012,8.12,8,evolution de la production 12,137
2012,8.13,8,evolution de la production 13,137
2012,8.14,8,evolution de la production de carburants 14,138
2012,8.15,8,evolution de la consommation de carburants 15,138
2012,8.2,8,evolution de la consommation 2,131
2012,8.3,8,evolution de la puissance 3,132
2012,8.4,8,evolution de la production,132
2012,8.5,8,evolution des réseaux par tension,133
2012,8.6,8,evolution de la consommation d élèctricité 6,133
2012,8.7,8,evolution de la consommation d électricité 7,134
2012,8.8,8,evolution de la consommation d électricité 8,134
2012,8.9,8,evolution du nombre de consommateurs par centre de,10
2012,8.9,8,evolution du nombre de consommateurs 9,135
2012,9.1,9,indice de la production industrielle 1,141
2012,9.2,9,industries agro - alimentaires 2,143
2012,9.3,9,production de tabac 3,144
2012,9.4,9,matériaux de construction,144
2012,9.5,9,industries mécaniques et élèctrique,145
2012,9.6,9,industries chimiques (production ) ) ( 6,145
2012,9.7,9,industrie du papier (production ) ) ( 7,146
2012,9.8,9,production minière,146
2012,9.9,9,production et commercialisation du sel 9,147
2014,1.1,1,principales caractéristiques démographiques 1,19
2014,1.10,1,suivant le lieu d accouchement et le gouvernorat de,7
2014,1.10,1,naissances selon le lieu d accouchement 10,31
2014,1.11,1,décés observés par genre et 11,32
2014,1.12,1,décés corrigés et taux bruts 12,33
2014,1.13,1,evolution des morts-nés par,34
2014,1.14,1,mariages contractés 14,35
2014,1.15,1,mariage selon le groupe d âge de l époux 15.1,36
2014,1.16,1,mariage selon le groupe d âge de l épouse 16,37
2014,1.17,1,mariages selon le groupe d âge 17.1,38
2014,1.18,1,prononces par les tribunaux de 1 ère instance par année 18,7
2014,1.18,1,divorces prononcés par les tribunaux 18,39
2014,1.2,1,estimation de la population par,20
2014,1.3,1,estimation de la population par,22
2014,1.4,1,estimation de la population 4,24
2014,1.5,1,estimation de la population,26
2014,1.6,1,naissances et taux bruts de natalité 6,27
2014,1.7,1,naissances selon le groupe d âge 7,28
2014,1.8,1,taux de fécondité selon groupe d âge de la mère isf et tgf 29 . . . . 8,7
2014,1.8,1,taux de fécondite1 selon le groupe d âge ) 1( 8,29
2014,1.9,1,par genre suivant le gouvernorat de déclaration 30 9,7
2014,1.9,1,naissances par genre suivant,30
2014,10.1,10,principaux indicateurs touristiques,143
2014,10.10,10,sorties des voyageurs non résidents 10,159
2014,10.11,10,sorties des voyageurs non résidents 11,161
2014,10.12,10,entrées des tunisiens par voie de transport et poste,11
2014,10.12,10,entrées des tunisiens par voie 12,162
2014,10.13,10,sorties des tunisiens par pays de destination et par voie,11
2014,10.13,10,sorties des tunisiens par pays 13,163
2014,10.14,10,capacité d hébergement 14.10,164
2014,10.15,10,nuitées touristiques globales 15,165
2014,10.16,10,taux d occupation par région touristique 16,167
2014,10.17,10,durée moyenne de séjour par nationalité 17,167
2014,10.18,10,nuitées des non résidents 18.10,168
2014,10.19,10,nuitées des non résidents 19.10,168
2014,10.2,10,entrées des voyageurs non résidents 2,144
2014,10.20,10,mouvement des croisières maritimes par nationalité et,11
2014,10.20,10,mouvement des croisières maritimes 20,169
2014,10.3,10,entrées des voyageurs non résidents 3,146
2014,10.4,10,entrées des voyageurs non résidents 4,148
2014,10.5,10,entrées des voyageurs non résidents 5,150
2014,10.6,10,non résidents par nationalité par voie de transport et poste,11
2014,10.6,10,evolution des entrées des voyageurs 6,152
2014,10.7,10,non résidents par nationalité et par mois .(ensemble des,11
2014,10.7,10,sorties des voyageurs non résidents,153
2014,10.8,10,sorties des voyageurs non résidents 8,155
2014,10.9,10,sorties des voyageurs non résidents 9,157
2014,11.1,11,immatriculation des véhicules 1,173
2014,11.10,11,transport aérien 10.11,184
2014,11.10,11,transport aérien 10,185
2014,11.11,11,transport maritime 11,188
2014,11.2,11,immatriculation des véhicules occasions par catégorie,11
2014,11.2,11,immatriculation des véhicules occasions,174
2014,11.3,11,ensemble des immatriculations des véhicules par,11
2014,11.3,11,ensemble des immatriculations 3,175
2014,11.4,11,répartition du nombre,176
2014,11.5,11,répartition du nombre des accidents et des victimes,11
2014,11.5,11,répartition du nombre des accidents et des victimes 5,176
2014,11.6,11,evolution du nombre des accidents par gouvernorat et,11
2014,11.6,11,evolution du nombre 6,177
2014,11.7,11,evolution du nombre des blessés par gouvernorat et,11
2014,11.7,11,evolution du nombre 7,178
2014,11.8,11,evolution du nombre des tués par gouvernorat et,11
2014,11.8,11,evolution du nombre 8,179
2014,11.9,11,transport ferroviaire 9,180
2014,12.1,12,domaine des télécommunications 1,12
2014,12.1,12,domaine des telecommunications 1,193
2014,12.1.1,12,les réseaux téléphoniques,193
2014,12.1.2,12,les réseaux de transmission des données 2,193
2014,12.1.3,12,evolution du nombre d abonnés au réseau,12
2014,12.1.3,12,evolution du nombre d abonnés 3,194
2014,12.1.4,12,trafic téléphonique tunisie telecom 4,195
2014,12.1.5,12,domaine de l informatique 5,196
2014,12.1.6,12,domaine de radiodiffusion 6,197
2014,12.2,12,domaine de la poste 2,12
2014,12.2,12,domaine de la postes 2,198
2014,12.2.1,12,le réseau commercial 1,198
2014,12.2.10,12,mouvements de fonds des c.c.p. 10,203
2014,12.2.2,12,colis postaux 2,198
2014,12.2.3,12,mandats 3,199
2014,12.2.4,12,balance du trafic des mandats 4,199
2014,12.2.5,12,epargne postale 5,200
2014,12.2.6,12,comptes d épargne en dinars 6,200
2014,12.2.7,12,montant des mandats émis par l étranger et payés en 7,12
2014,12.2.7,12,montant des mandats 7,201
2014,12.2.8,12,montant des mandats 8,202
2014,12.2.9,12,montant des mandats émis par l étranger et payés en 9,12
2014,12.2.9,12,montant des mandats émis 9,202
2014,13.1,13,evolution annuelle de l indice des prix de vente industriels.. 207 1,12
2014,13.1,13,evolution annuelle de l indice des prix 1,207
2014,13.2,13,evolution mensuelle de l indice des prix de vente industriels 210 2,12
2014,13.2,13,evolution mensuelle 2,210
2014,13.3,13,evolution des prix de détail 3,213
2014,13.4,13,variations annuelles de l indice général des prix à la,12
2014,13.4,13,variations annuelles de l indice général 4,217
2014,13.5,13,indice général des prix à la consommation familiale par 5,12
2014,13.5,13,indice général des prix à la consommation 5,219
2014,13.6,13,evolution de l indice général des prix à la consommation 6,12
2014,13.6,13,evolution de l indice général 6,220
2014,13.7,13,evolution de l indice général des prix à la consommation,13
2014,13.7,13,evolution de l indice général des prix 7,221
2014,13.8,13,quantités des légumes commercialisés aux marchés de 8,13
2014,13.8,13,quantités des légumes commercialisés 8,223
2014,13.9,13,quantités des fruits commercialisés 9,224
2014,14.1,14,evolution mensuelle des échanges 1,227
2014,14.10,14,evolution des échanges 10,237
2014,14.2,14,evolution des échanges. par groupement sectoriel,13
2014,14.2,14,evolution des échanges 2,228
2014,14.3,14,evolution des échanges 3,229
2014,14.4,14,evolution des échangespar groupement d utilisation des,13
2014,14.4,14,evolution des échanges par groupement 4,230
2014,14.5,14,evolution des exportations des principaux produits par,13
2014,14.5,14,evolution des exportations des principaux 5,231
2014,14.6,14,evolution des exportations des principaux produits par,13
2014,14.6,14,evolution des exportations des principaux 6,232
2014,14.7,14,evolutions des importations des principaux produits par,13
2014,14.7,14,evolution des importations des principaux 7,233
2014,14.8,14,evolution des importations des principaux produits par,13
2014,14.8,14,evolution des importations par groupement,235
2014,14.9,14,evolution des échanges avec les principaux ensembles éco,13
2014,14.9,14,evolution des échanges avec 9.14,236
2014,15.1,15,evolution de la structure 1,241
2014,15.10,15,paiements extérieurs de la tunisie: : 10,250
2014,15.10,15,paiements exterieurs de la tunisie: : 10,251
2014,15.11,15,paiements extérieurs de la tunisie : : 11,252
2014,15.11,15,paiements exterieurs de la tunisie : : 11,253
2014,15.12,15,taux d intérêt 12,254
2014,15.13,15,cours annuels moyens en dinars des principales 13,13
2014,15.13,15,cours annuels moyens en dinar 13,254
2014,15.14,15,principaux indicateurs boursiers 14,254
2014,15.2,15,evolution du réseau bancaire 2,242
2014,15.3,15,les ressources du système monétaire 3,243
2014,15.4,15,les ressources du système 4,245
2014,15.5,15,evolution de la situation de la banque 5,246
2014,15.6,15,evolution de la situation des banques de dépots 6,247
2014,15.7,15,evolution des crédits à court terme par branche 7,13
2014,15.7,15,evolution des crédits à court terme 7,248
2014,15.8,15,evolution des crédits à moyen et long terme par 8,13
2014,15.8,15,evolution des crédits à moyen et long,248
2014,15.9,15,evolution du total des crédits par branche d activité 9,13
2014,15.9,15,evolution du total des crédits 9,249
2014,16.1,16,recettes de l état 1,257
2014,16.10,16,dépenses du titre ii (équipement) ) ( 10,267
2014,16.11,16,evolution des dépenses des fonds 11,268
2014,16.12,16,dépenses des fonds 12,269
2014,16.2,16,recettes du titre i par catégorie 2,257
2014,16.3,16,recettes ordinaires 3,258
2014,16.4,16,recettes du titre ii ( équipement ) ) ( 4,262
2014,16.5,16,recettes des fonds de concours 5,262
2014,16.6,16,recettes des fonds spéciaux du trésor 6,263
2014,16.7,16,dépenses de l état 7,264
2014,16.8,16,dépenses du titre i par chapitre 8,265
2014,16.9,16,dépenses du titre i 9,266
2014,17.1,17,ressources et emplois des biens 1,273
2014,17.10,17,créances et dettes 10,277
2014,17.11,17,taux et ratios par habitant 11.17,278
2014,17.12,17,valeurs ajoutées par secteur 12,279
2014,17.13,17,valeurs ajoutées par secteur d activité aux prix de l année,14
2014,17.13,17,valeurs ajoutées par secteur d activité 13,280
2014,17.14,17,formation brute de capital 14,281
2014,17.15,17,formation brute de capital 15,282
2014,17.16,17,compte des opérations avec l extérieur 16,283
2014,17.16,17,compte des opérations avec 16,284
2014,17.2,17,ressources et emplois de biens et services aux prix,14
2014,17.2,17,ressources et emplois de biens 2,273
2014,17.3,17,ressources et emplois de biens et services aux prix de,14
2014,17.3,17,ressources et emplois de biens et services 3,274
2014,17.4,17,ressources et emplois de biens et services aux prix de,14
2014,17.4,17,ressources et emplois de biens et services 4,274
2014,17.5,17,évolution des prix des ressources et emploi de biens et,14
2014,17.5,17,evolution des prix de ressources 5,275
2014,17.6,17,contribution a l évolution du pib aux prix de 6,14
2014,17.6,17,contribution à l évolution du p.i.b aux prix 6,275
2014,17.7,17,revenu national 7,276
2014,17.8,17,consommation et épargne 8,276
2014,17.9,17,investissement et financement 9,277
2014,18.1,18,température minimum absolu 1,287
2014,18.2,18,température maximum absolu 2,288
2014,18.3,18,température moyenne par 3,289
2014,18.4,18,pluviometrie en millimetre par principale station (année,15
2014,18.4,18,pluviométrie en millimètre par 4,290
2014,18.5,18,pluviometrie en millimetre par principale station (année,15
2014,18.5,18,pluviométrie en millimètre par 5,291
2014,18.6,18,nombre de jours de pluie 6,292
2014,19.1,19,les ressources en eaux disponibles 1,295
2014,19.10,19,evolution de la production nette et de la consommation,15
2014,19.10,19,evolution de la production nette 10,298
2014,19.11,19,evolution du nombre d abonnés 11.19,299
2014,19.12,19,evolution de la consommation unitaire annuelle d eau,15
2014,19.12,19,evolution de la consommation 12.19,299
2014,19.13,19,evolution de la consommation spécifique journalière,15
2014,19.13,19,evolution de la consommation 13.19,299
2014,19.14,19,capacité de traitement des stations d épuration en,15
2014,19.14,19,capacite de traitement des stations 14,300
2014,19.15,19,capacité de traitement des stations d épuration en 15,15
2014,19.15,19,capacité de traitement des stations 15,301
2014,19.16,19,capacité de traitement des stations d épuration en,15
2014,19.16,19,capacité de traitement des stations 16,301
2014,19.17,19,rejets d eaux usées en termes de volume 17,302
2014,19.18,19,rejets d eaux usées en termes de demande de l oxigène 18,15
2014,19.18,19,rejets d eaux usées 18,303
2014,19.19,19,répartition de la superficie par catégories d utilisation,15
2014,19.19,19,répartition de la superficie 19,304
2014,19.2,19,evolution des prélèvements 2,295
2014,19.2,19,les representations de l ins dans les regions,328
2014,19.20,19,evolution des superficies reboisées et des plantations,15
2014,19.20,19,evolution des superficies reboisées 20,305
2014,19.21,19,evolution du nombre et des surfaces annuelles des,15
2014,19.21,19,evolution du nombre et des surfaces 21,305
2014,19.3,19,evolution des ressources en eaux renouvelables,15
2014,19.3,19,evolution des ressources 3,295
2014,19.4,19,evolution des prélèvements des eaux souterraines,15
2014,19.4,19,evolution des prélèvements 4,296
2014,19.5,19,prélèvement brut des eaux douces souterraines 5,15
2014,19.5,19,prélèvement brut des eaux douces 5,296
2014,19.6,19,prélèvement brut des eaux non renouvelables 6,15
2014,19.6,19,prélèvement brut 6,296
2014,19.7,19,evolution de la répartition de l exploitation des nappes,15
2014,19.7,19,evolution de la répartition 7,297
2014,19.8,19,exploitation des nappes profondes par classe des,15
2014,19.8,19,exploitation des nappes 8,297
2014,19.9,19,evolution de la production brute de la sonede 9,15
2014,19.9,19,evolution du prélèvement d eau 9,298
2014,2.1,2,enseignement 1,7
2014,2.1.1,2,données générales 1,43
2014,2.1.10,2,principales données du 2ème cycle 10,53
2014,2.1.11,2,population scolaire du 2ème cycle 11,53
2014,2.1.13,2,population scolaire totale du 2ème cycle 13,56
2014,2.1.14,2,nombre d établissements et classes-élèves par,8
2014,2.1.14,2,nombre d établissements du 2ème cycle 14,57
2014,2.1.15,2,personnel enseignant du 2ème cycle 15,58
2014,2.1.16,2,résultats des examens du 1er et du 2ème cycle 16,58
2014,2.1.17,2,répartition des admis au baccalauriat par section et 17,8
2014,2.1.17,2,répartition des admis au baccalauréat 17,59
2014,2.1.18,2,répartition des étudiants réguliers ( 18,60
2014,2.1.19,2,répartition des diplômés de fin d études par filières 19,8
2014,2.1.19,2,effectif des étudiants 19,61
2014,2.1.2,2,principales données du 1 cycle,44
2014,2.1.20,2,répartition des étudiants par secteur et par ministère,8
2014,2.1.20,2,répartition des étudiants réguliers par ministère 20,62
2014,2.1.21,2,personnel enseignant à plein temps 21,62
2014,2.1.3,2,nombre d écoles par gouvernorat 3,45
2014,2.1.4,2,nombre de locaux - classes par gouvernorat 4,46
2014,2.1.5,2,personnel enseignant par gouvernorat,47
2014,2.1.6,2,classes - élèves par année d études 6.1.2,48
2014,2.1.8,2,population scolaire totale du 1er cycle 8,51
2014,2.1.9,2,population scolaire par qualité et par année d études.. 52 9,7
2014,2.1.9,2,population scolaire du 1er cycle 9.1.2,52
2014,2.2,2,culture 2,8
2014,2.2.1,2,evolution du réseau des bibliothèques 1,63
2014,2.2.2,2,evolution de la capacité 2,64
2014,2.2.3,2,evolution des fonds de livres par catégorie 3,65
2014,2.2.4,2,evolution des lecteurs par catégorie 4,66
2014,2.2.5,2,evolution des abonnés par catégorie 5,67
2014,2.2.6,2,evolution des livres prêtés par catégorie 6,68
2014,2.2.7,2,nombre de films longs et courts métrages visés par,8
2014,2.2.7,2,nombre de films longs et courts 7,69
2014,2.2.8,2,evolution du nombre d entrées 8,70
2014,2.2.9,2,nombre de salles de cinéma par gouvernorat 9,70
2014,20.1,20,evolution des entreprises privées selon l activité 1,16
2014,20.1,20,evolution des entreprises privées 1,315
2014,20.2,20,evolution des entreprises privées selon la tranche,16
2014,20.2,20,evolution des entreprises privées 2,316
2014,20.3,20,entreprises privées selon le gouvernorat et la tranche,16
2014,20.3,20,entreprises privées selon le gouvernorat et la 3,317
2014,20.4,20,evolution des entrées d entreprises privées selon,16
2014,20.4,20,evolution des entrées d entreprises privées 4,318
2014,20.5,20,evolution des entrées d entreprises privées selon la,16
2014,20.5,20,evolution des entrées d entreprises privées 5,319
2014,20.6,20,evolution des entrées d entreprises privées selon,16
2014,20.6,20,evolution des entrées d entreprises 6,320
2014,20.7,20,evolution des sorties d entreprises privées selon,16
2014,20.7,20,evolution des sorties d entreprises privées 7,321
2014,20.8,20,evolution des sorties d entreprises privées selon la,16
2014,20.8,20,evolution des sorties d entreprises privées 8,322
2014,20.9,20,evolution des sorties d entreprises privées selon,16
2014,20.9,20,evolution des sorties d entreprises privées 9,323
2014,21.1,21,division administrative du pays 1,327
2014,21.3,21,les publications de l'institut national de la statistique,330
2014,21.4,21,loi relative au sysyteme statistique tunisien,349
2014,3.1,3,evolution des nombres d abonnés aux maisons des 1,8
2014,3.1,3,evolution des nombres d abonnés aux maisons 1,73
2014,3.2,3,evolution des nombres d abonnés aux maisons des 2,8
2014,3.2,3,répartition des abonnés aux maisons des jeûnes 2,74
2014,3.3,3,répartition des licenciés par sexe et par gouvernorat,8
2014,3.3,3,répartition des licenciés par sexe et par,75
2014,3.4,3,répartition des licenciés par sexe et par discipline pour 4,8
2014,3.4,3,répartition des licenciés par sexe et par 4,76
2014,3.5,3,répartition des abonnés aux salles de sport privées par 5,8
2014,3.5,3,répartition des abonnés aux salles de 5,77
2014,3.6,3,nombre de salles de sports 6,78
2014,3.7,3,nombre de stades gazonnés par gouvernorat en fin,8
2014,3.7,3,nombre de stades gazonnés 7,79
2014,3.8,3,nombre de maisons de jeunes par gouvernorat en fin,8
2014,3.8,3,nombre de maisons de jeûnes 8,80
2014,3.9,3,nombre de salles de sports privées par gouvernorat en fin,8
2014,3.9,3,nombre de salles de sports privées 9,81
2014,4.1,4,infrastructure sanitaire du secteur 1,85
2014,4.2,4,infrastructure sanitaire 2,86
2014,4.3,4,effectif des officines et des médecins 3,87
2014,4.4,4,répartition du personnel paramédical du secteur public,8
2014,4.4,4,répartition du personnel 4,88
2014,4.5,4,activités de la santé de la reproduction et de la planification 5,9
2014,4.5,4,activités de la santé de la reproduction 5,89
2014,4.6,4,répartition des bénéficiaires de l information 6,92
2014,4.7,4,taux de prévalence contraceptive 7,92
2014,5.1,5,activité des tribunaux par degré 1,95
2014,5.10,5,affaires enrolées et traitées devant les 10,102
2014,5.2,5,activité de la cour de cassation par 2,95
2014,5.3,5,activités des cours d appel 3,96
2014,5.4,5,activités des tribunaux de 1ere instance par matière 4,97
2014,5.5,5,activités des justices cantonales 5,97
2014,5.6,5,affaires enrolées devant les tribunaux 6,98
2014,5.7,5,affaires traitées devant les tribunaux 7,99
2014,5.8,5,affaires enrolées devant les tribunaux 8,100
2014,5.9,5,affaires traitées devant les tribunaux 9,101
2014,6.1,6,emploi 1,9
2014,6.1.1,6,evolution des actifs et des occupés 1,105
2014,6.1.10,6,données globales 10,109
2014,6.1.2,6,taux de chômage selon le sexe (%) )%( 2,105
2014,6.1.3,6,taux de chômage selon le niveau éducatif (%) )%( 3,105
2014,6.1.4,6,taux de chômage des diplômés de l enseignement 4,9
2014,6.1.4,6,taux de chômage des diplômés de 4,105
2014,6.1.5,6,evolution des demandes d emploi enregistrées par,9
2014,6.1.5,6,evolution des demandes d emploi 5,106
2014,6.1.6,6,evolution des demandes d emploi enregistrées par,9
2014,6.1.6,6,evolution du nombre 6,106
2014,6.1.7,6,evolution des offres d emploi 7,107
2014,6.1.8,6,evolution des placements réalisés en tunisie par,9
2014,6.1.8,6,evolution des placements réalisés 8,108
2014,6.1.9,6,evolution des placements 9,108
2014,6.2,6,salaires 2,9
2014,6.2.1,6,evolution du salaire minimum interprofessionnel garanti,9
2014,6.2.1,6,evolution du salaire minimum 1,110
2014,6.2.2,6,evolution du salaire 2,110
2014,7.1,7,evolution de la production des céréales 1,113
2014,7.10,7,production brute des palmiers par variété et par,10
2014,7.10,7,production brute des palmiers 10,117
2014,7.11,7,evolution de la production de vins moûts et,10
2014,7.11,7,evolution de la production de 11,117
2014,7.12,7,evolution de la superficie des vignobles par,10
2014,7.12,7,evolution de la superficie *,117
2014,7.13,7,evolution de la production des cultures,10
2014,7.13,7,evolution de la production des 13.7,118
2014,7.14,7,evolution de la production 14.7,118
2014,7.15,7,répartition de la flottille active par type 15,10
2014,7.15,7,répartition de la flotille active 15,119
2014,7.2,7,evolution des superficies 2,113
2014,7.3,7,répartition de la superficie selon la catégorie,9
2014,7.3,7,répartition de la superficie selon 3,114
2014,7.4,7,répartition du cheptel 4,114
2014,7.5,7,production de viande par type et production des oeufs 5,114
2014,7.6,7,production des légumes 6,115
2014,7.7,7,evolution de la production 7,115
2014,7.8,7,evolution de la production ) (,116
2014,7.9,7,evolution de la production 9,116
2014,8.1,8,evolution de la production 1,123
2014,8.10,8,evolution de la production 10,128
2014,8.11,8,evolution du nombre des abonnés 11,128
2014,8.12,8,evolution de la production 12,129
2014,8.13,8,evolution de la production 13,129
2014,8.14,8,evolution de la production des produits pétroliers 14,130
2014,8.15,8,evolution de la consommation des produits pétroliers 15,130
2014,8.2,8,evolution de la consommation 2,123
2014,8.3,8,evolution de la puissance,124
2014,8.4,8,evolution de la production,124
2014,8.5,8,evolution des réseaux par tension,125
2014,8.6,8,evolution des ventes d élèctricité 6,125
2014,8.7,8,evolution des ventes d électricité 7,126
2014,8.8,8,evolution des ventes d électricité 8,126
2014,8.9,8,evolution du nombre de consommateurs par centre de,10
2014,8.9,8,evolution du nombre de clients 9,127
2014,9.1,9,indice de la production industrielle 1,133
2014,9.2,9,industries agro - alimentaires 2,135
2014,9.3,9,production de tabac 3,136
2014,9.4,9,matériaux de construction,136
2014,9.5,9,industries mécaniques et élèctrique,137
2014,9.6,9,industries chimiques (production ) ) ( 6,137
2014,9.7,9,industrie du papier (production ) ) ( 7,138
2014,9.8,9,production minière,138
2014,9.9,9,production et commercialisation du sel 9,139
2015,1.1,1,principales caractéristiques démographiques 1,19
2015,1.10,1,suivant le lieu d accouchement et le gouvernorat de,7
2015,1.10,1,naissances selon le lieu d accouchement 10,31
2015,1.11,1,décés observés par genre et 11,32
2015,1.12,1,décés corrigés et taux bruts 12,33
2015,1.13,1,evolution des morts-nés par,34
2015,1.14,1,mariages contractés 14,35
2015,1.15,1,mariage selon le groupe d âge de l époux 15.1,36
2015,1.16,1,mariage selon le groupe d âge de l épouse 16,37
2015,1.17,1,mariages selon le groupe d âge 17.1,38
2015,1.18,1,prononces par les tribunaux de 1 ère instance par année 18,7
2015,1.18,1,divorces prononcés par les tribunaux 18,39
2015,1.2,1,estimation de la population par,20
2015,1.3,1,estimation de la population par,22
2015,1.4,1,estimation de la population 4,24
2015,1.5,1,estimation de la population,26
2015,1.6,1,naissances et taux bruts de natalité 6,27
2015,1.7,1,naissances selon le groupe d âge 7,28
2015,1.8,1,taux de fécondité selon groupe d âge de la mère isf et tgf 29 . . . . 8,7
2015,1.8,1,taux de fécondite1 selon le groupe d âge ) 1( 8,29
2015,1.9,1,par genre suivant le gouvernorat de déclaration 30 9,7
2015,1.9,1,naissances par genre suivant,30
2015,10.1,10,principaux indicateurs touristiques,141
2015,10.10,10,sorties des voyageurs non résidents 10,157
2015,10.11,10,sorties des voyageurs non résidents 11,159
2015,10.12,10,entrées des tunisiens par voie de transport et poste,11
2015,10.12,10,entrées des tunisiens par voie 12,160
2015,10.13,10,sorties des tunisiens par pays de destination et par voie,11
2015,10.13,10,sorties des tunisiens par pays 13,161
2015,10.14,10,capacité d hébergement 14.10,162
2015,10.15,10,nuitées touristiques globales 15,163
2015,10.16,10,taux d occupation par région touristique 16,165
2015,10.17,10,durée moyenne de séjour par nationalité 17,165
2015,10.18,10,nuitées des non résidents 18.10,166
2015,10.19,10,nuitées des non résidents 19.10,166
2015,10.2,10,entrées des voyageurs non résidents 2,142
2015,10.20,10,mouvement des croisières maritimes par nationalité et,11
2015,10.20,10,mouvement des croisières maritimes 20,167
2015,10.3,10,entrées des voyageurs non résidents 3,144
2015,10.4,10,entrées des voyageurs non résidents 4,146
2015,10.5,10,entrées des voyageurs non résidents 5,148
2015,10.6,10,non résidents par nationalité par voie de transport et poste,11
2015,10.6,10,evolution des entrées des voyageurs 6,150
2015,10.7,10,non résidents par nationalité et par mois .(ensemble des,11
2015,10.7,10,sorties des voyageurs non résidents,151
2015,10.8,10,sorties des voyageurs non résidents 8,153
2015,10.9,10,sorties des voyageurs non résidents 9,155
2015,11.1,11,immatriculation des véhicules 1,171
2015,11.10,11,transport aérien 10.11,182
2015,11.10,11,transport aérien 10,183
2015,11.11,11,transport maritime 11,186
2015,11.2,11,immatriculation des véhicules occasions par catégorie,11
2015,11.2,11,immatriculation des véhicules occasions,172
2015,11.3,11,ensemble des immatriculations des véhicules par,11
2015,11.3,11,ensemble des immatriculations 3,173
2015,11.4,11,répartition du nombre,174
2015,11.5,11,répartition du nombre des accidents et des victimes,11
2015,11.5,11,répartition du nombre des accidents et des victimes 5,174
2015,11.6,11,evolution du nombre des accidents par gouvernorat et,11
2015,11.6,11,evolution du nombre 6,175
2015,11.7,11,evolution du nombre des blessés par gouvernorat et,11
2015,11.7,11,evolution du nombre 7,176
2015,11.8,11,evolution du nombre des tués par gouvernorat et,11
2015,11.8,11,evolution du nombre 8,177
2015,11.9,11,transport ferroviaire 9,178
2015,12.1,12,domaine des télécommunications 1,12
2015,12.1,12,domaine des telecommunications 1,191
2015,12.1.1,12,les réseaux téléphoniques,191
2015,12.1.2,12,les réseaux de transmission des données 2,191
2015,12.1.3,12,evolution du nombre d abonnés au réseau,12
2015,12.1.3,12,evolution du nombre d abonnés 3,192
2015,12.1.4,12,trafic téléphonique tunisie telecom 4,193
2015,12.1.5,12,domaine de l informatique 5,194
2015,12.1.6,12,domaine de la télédiffusion 6,195
2015,12.2,12,domaine de la poste 2,12
2015,12.2,12,domaine de la postes 2,197
2015,12.2.1,12,le réseau commercial 1,197
2015,12.2.10,12,mouvements de fonds des c.c.p. 10.2.12,202
2015,12.2.2,12,colis postaux 2,197
2015,12.2.3,12,mandats 3,198
2015,12.2.4,12,balance du trafic des mandats 4,198
2015,12.2.5,12,epargne postale 5,199
2015,12.2.6,12,comptes d épargne en dinars 6,199
2015,12.2.7,12,montant des mandats émis par l étranger et payés en 7,12
2015,12.2.7,12,montant des mandats 7,200
2015,12.2.8,12,montant des mandats 8,201
2015,12.2.9,12,montant des mandats émis par l étranger et payés en 9,12
2015,12.2.9,12,montant des mandats émis 9,201
2015,13.1,13,evolution annuelle de l indice des prix de vente industriels.. 205 1,12
2015,13.1,13,evolution annuelle de l indice des prix 1,205
2015,13.2,13,evolution mensuelle de l indice des prix de vente industriels 208 2,12
2015,13.2,13,evolution mensuelle 2,208
2015,13.3,13,evolution des prix de détail 3,211
2015,13.4,13,variations annuelles de l indice général des prix à la,12
2015,13.4,13,variations annuelles de l indice général 4,215
2015,13.5,13,indice général des prix à la consommation familiale par 5,12
2015,13.5,13,indice général des prix à la consommation 5,217
2015,13.6,13,evolution de l indice général des prix à la consommation 6,12
2015,13.6,13,evolution de l indice général 6,218
2015,13.7,13,evolution de l indice général des prix à la consommation,13
2015,13.7,13,evolution de l indice général des prix 7,219
2015,13.8,13,quantités des légumes commercialisés aux marchés de 8,13
2015,13.8,13,quantités des légumes commercialisés 8,221
2015,13.9,13,quantités des fruits commercialisés 9,222
2015,14.1,14,evolution mensuelle des échanges 1,225
2015,14.10,14,evolution des échanges 10,235
2015,14.2,14,evolution des échanges. par groupement sectoriel,13
2015,14.2,14,evolution des échanges par 2,226
2015,14.3,14,evolution des échanges 3,227
2015,14.4,14,evolution des échangespar groupement d utilisation des,13
2015,14.4,14,evolution des échanges par groupement 4,228
2015,14.5,14,evolution des exportations des principaux produits par,13
2015,14.5,14,evolution des exportations des principaux 5,229
2015,14.6,14,evolution des exportations des principaux produits par,13
2015,14.6,14,evolution des exportations des principaux 6,230
2015,14.7,14,evolutions des importations des principaux produits par,13
2015,14.7,14,evolution des importations des principaux 7,231
2015,14.8,14,evolution des importations des principaux produits par,13
2015,14.8,14,evolution des importations par groupement,233
2015,14.9,14,evolution des échanges avec les principaux ensembles éco,13
2015,14.9,14,evolution des échanges avec les 9.14,234
2015,15.1,15,evolution de la structure 1,239
2015,15.10,15,paiements extérieurs de la tunisie: : 10,248
2015,15.10,15,paiements exterieurs de la tunisie: : 10,249
2015,15.11,15,paiements extérieurs de la tunisie : : 11,250
2015,15.11,15,paiements exterieurs de la tunisie : : 11,251
2015,15.12,15,taux d intérêt 12,252
2015,15.13,15,cours annuels moyens en dinars des principales 13,13
2015,15.13,15,cours annuels moyens en dinar 13,252
2015,15.14,15,principaux indicateurs boursiers 14,252
2015,15.2,15,evolution du réseau bancaire 2,240
2015,15.3,15,les ressources du système monétaire 3,241
2015,15.4,15,les ressources du système 4,243
2015,15.5,15,evolution de la situation de la banque 5,244
2015,15.6,15,evolution de la situation des banques de dépots 6,245
2015,15.7,15,evolution des crédits à court terme par branche 7,13
2015,15.7,15,evolution des crédits à court terme 7,246
2015,15.8,15,evolution des crédits à moyen et long terme par 8,13
2015,15.8,15,evolution des crédits à moyen et long,246
2015,15.9,15,evolution du total des crédits par branche d activité 9,13
2015,15.9,15,evolution du total des crédits 9,247
2015,16.1,16,recettes de l état 1,255
2015,16.10,16,dépenses du titre ii (équipement) ) ( 10,265
2015,16.11,16,evolution des dépenses des fonds 11,266
2015,16.12,16,dépenses des fonds de concours 12,267
2015,16.2,16,recettes du titre i par catégorie 2,255
2015,16.3,16,recettes ordinaires 3,256
2015,16.4,16,recettes du titre ii ( équipement ) ) ( 4,260
2015,16.5,16,recettes des fonds de concours 5,260
2015,16.6,16,recettes des fonds spéciaux du trésor 6,261
2015,16.7,16,dépenses de l état 7,262
2015,16.8,16,dépenses du titre i par chapitre 8,263
2015,16.9,16,dépenses du titre i 9,264
2015,17.1,17,ressources et emplois des biens 1,271
2015,17.10,17,créances et dettes 10,275
2015,17.11,17,taux et ratios par habitant 11.17,276
2015,17.12,17,valeurs ajoutées par secteur 12,277
2015,17.13,17,valeurs ajoutées par secteur d activité aux prix de l année,14
2015,17.13,17,valeurs ajoutées par secteur d activité 13,278
2015,17.14,17,formation brute de capital 14,279
2015,17.15,17,formation brute de capital 15,280
2015,17.16,17,compte des opérations avec l extérieur 16,281
2015,17.16,17,compte des opérations avec 16,282
2015,17.2,17,ressources et emplois de biens et services aux prix,14
2015,17.2,17,ressources et emplois de biens 2,271
2015,17.3,17,ressources et emplois de biens et services aux prix de,14
2015,17.3,17,ressources et emplois de biens et services 3,272
2015,17.4,17,ressources et emplois de biens et services aux prix de,14
2015,17.4,17,ressources et emplois de biens et services 4,272
2015,17.5,17,évolution des prix des ressources et emploi de biens et,14
2015,17.5,17,evolution des prix de ressources 5,273
2015,17.6,17,contribution a l évolution du pib aux prix de 6,14
2015,17.6,17,contribution à l évolution du p.i.b aux prix 6,273
2015,17.7,17,revenu national 7,274
2015,17.8,17,consommation et épargne 8,274
2015,17.9,17,investissement et financement 9,275
2015,18.1,18,température minimum absolu 1,285
2015,18.2,18,température maximum absolu 2,286
2015,18.3,18,température moyenne par 3,287
2015,18.4,18,pluviometrie en millimetre par principale station (année,15
2015,18.4,18,pluviométrie en millimètre par 4,288
2015,18.5,18,pluviometrie en millimetre par principale station (année,15
2015,18.5,18,pluviométrie en millimètre par 5,289
2015,18.6,18,nombre de jours de pluie 6,290
2015,19.1,19,les ressources en eaux disponibles 1,293
2015,19.10,19,evolution de la production nette et de la consommation,15
2015,19.10,19,evolution de la production nette 10,296
2015,19.11,19,evolution du nombre d abonnés 11.19,297
2015,19.12,19,evolution de la consommation unitaire annuelle d eau,15
2015,19.12,19,evolution de la consommation 12.19,297
2015,19.13,19,evolution de la consommation spécifique journalière,15
2015,19.13,19,evolution de la consommation 13.19,297
2015,19.14,19,capacité de traitement des stations d épuration en,15
2015,19.14,19,capacite de traitement des stations 14,298
2015,19.15,19,capacité de traitement des stations d épuration en 15,15
2015,19.15,19,capacité de traitement des stations 15,299
2015,19.16,19,capacité de traitement des stations d épuration en,15
2015,19.16,19,capacité de traitement des stations 16,299
2015,19.17,19,rejets d eaux usées en termes de volume 17,300
2015,19.18,19,rejets d eaux usées en termes de demande de l oxigène 18,15
2015,19.18,19,rejets d eaux usées 18,301
2015,19.19,19,répartition de la superficie par catégories d utilisation,15
2015,19.19,19,répartition de la superficie 19,302
2015,19.2,19,evolution des prélèvements 2,293
2015,19.2,19,les representations de l ins dans les regions,326
2015,19.20,19,evolution des superficies reboisées et des plantations,15
2015,19.20,19,evolution des superficies reboisées 20,303
2015,19.21,19,evolution du nombre et des surfaces annuelles des,15
2015,19.21,19,evolution du nombre et des surfaces 21,303
2015,19.3,19,evolution des ressources en eaux renouvelables,15
2015,19.3,19,evolution des ressources 3,293
2015,19.4,19,evolution des prélèvements des eaux souterraines,15
2015,19.4,19,evolution des prélèvements 4,294
2015,19.5,19,prélèvement brut des eaux douces souterraines 5,15
2015,19.5,19,prélèvement brut des eaux douces 5,294
2015,19.6,19,prélèvement brut des eaux non renouvelables 6,15
2015,19.6,19,prélèvement brut 6,294
2015,19.7,19,evolution de la répartition de l exploitation des nappes,15
2015,19.7,19,evolution de la répartition 7,295
2015,19.8,19,exploitation des nappes profondes par classe des,15
2015,19.8,19,exploitation des nappes 8,295
2015,19.9,19,evolution de la production brute de la sonede 9,15
2015,19.9,19,evolution du prélèvement d eau 9,296
2015,2.1,2,enseignement 1,7
2015,2.1.1,2,données générales 1,43
2015,2.1.10,2,principales données du 2ème cycle 10,53
2015,2.1.11,2,population scolaire du 2ème cycle 11,53
2015,2.1.13,2,population scolaire totale du 2ème cycle 13,56
2015,2.1.14,2,nombre d établissements et classes-élèves par,8
2015,2.1.14,2,nombre d établissements du 2ème cycle 14,57
2015,2.1.15,2,personnel enseignant du 2ème cycle 15,58
2015,2.1.16,2,résultats des examens du 1er et du 2ème cycle 16,58
2015,2.1.17,2,répartition des admis au baccalauriat par section et 17,8
2015,2.1.17,2,répartition des admis au baccalauréat 17,59
2015,2.1.18,2,répartition des étudiants réguliers ( 18,60
2015,2.1.19,2,répartition des diplômés de fin d études par filières 19,8
2015,2.1.19,2,effectif des étudiants 19,61
2015,2.1.2,2,principales données du 1 cycle,44
2015,2.1.20,2,répartition des étudiants par secteur et par ministère,8
2015,2.1.20,2,répartition des étudiants réguliers par ministère 20,62
2015,2.1.21,2,personnel enseignant à plein temps 21,62
2015,2.1.3,2,nombre d écoles par gouvernorat 3,45
2015,2.1.4,2,nombre de locaux - classes par gouvernorat 4,46
2015,2.1.5,2,personnel enseignant par gouvernorat,47
2015,2.1.6,2,classes - élèves par année d études 6.1.2,48
2015,2.1.8,2,population scolaire totale du 1er cycle 8,51
2015,2.1.9,2,population scolaire par qualité et par année d études.. 52 9,7
2015,2.1.9,2,population scolaire du 1er cycle 9.1.2,52
2015,2.2,2,culture 2,8
2015,2.2.1,2,evolution du réseau des bibliothèques 1,63
2015,2.2.2,2,evolution de la capacité 2,64
2015,2.2.3,2,evolution des fonds de livres par catégorie 3,65
2015,2.2.4,2,evolution des lecteurs par catégorie 4,66
2015,2.2.5,2,evolution des abonnés par catégorie 5,67
2015,2.2.6,2,evolution des livres prêtés par catégorie 6,68
2015,2.2.7,2,nombre de films longs et courts métrages visés par,8
2015,2.2.7,2,nombre de films longs et courts 7,69
2015,2.2.8,2,evolution du nombre d entrées 8,70
2015,2.2.9,2,nombre de salles de cinéma par gouvernorat 9,70
2015,20.1,20,evolution des entreprises privées selon l activité 1,16
2015,20.1,20,evolution des entreprises privées 1,313
2015,20.2,20,evolution des entreprises privées selon la tranche 2,16
2015,20.2,20,evolution des entreprises privées 2,314
2015,20.3,20,entreprises privées selon le gouvernorat et la tranche,16
2015,20.3,20,entreprises privées selon le gouvernorat et la 3,315
2015,20.4,20,evolution des entrées d entreprises privées selon,16
2015,20.4,20,evolution des entrées d entreprises privées 4,316
2015,20.5,20,evolution des entrées d entreprises privées selon la,16
2015,20.5,20,evolution des entrées d entreprises privées 5,317
2015,20.6,20,evolution des entrées d entreprises privées selon,16
2015,20.6,20,evolution des entrées d entreprises 6,318
2015,20.7,20,evolution des sorties d entreprises privées selon 7,16
2015,20.7,20,evolution des sorties d entreprises privées 7,319
2015,20.8,20,evolution des sorties d entreprises privées selon la,16
2015,20.8,20,evolution des sorties d entreprises privées 8,320
2015,20.9,20,evolution des sorties d entreprises privées selon,16
2015,20.9,20,evolution des sorties d entreprises privées 9,321
2015,21.1,21,division administrative du pays 1,325
2015,21.3,21,loi relative au sysyteme statistique tunisien,345
2015,3.1,3,evolution des nombres d abonnés aux maisons des 1,8
2015,3.1,3,evolution des nombres d abonnés aux maisons 1,73
2015,3.2,3,evolution des nombres d abonnés aux maisons des 2,8
2015,3.2,3,répartition des abonnés aux maisons des jeûnes 2,74
2015,3.3,3,répartition des licenciés par sexe et par gouvernorat,8
2015,3.3,3,répartition des licenciés par sexe et par,75
2015,3.4,3,répartition des licenciés par sexe et par discipline pour 4,8
2015,3.4,3,répartition des licenciés par sexe et par 4,76
2015,3.5,3,répartition des abonnés aux salles de sport privées par 5,8
2015,3.5,3,répartition des abonnés aux salles de 5,77
2015,3.6,3,nombre de salles de sports 6,78
2015,3.7,3,nombre de stades gazonnés par gouvernorat en fin,8
2015,3.7,3,nombre de stades gazonnés 7,79
2015,3.8,3,nombre de maisons de jeunes par gouvernorat en fin,8
2015,3.8,3,nombre de maisons de jeûnes 8,80
2015,3.9,3,nombre de salles de sports privées par gouvernorat en fin,8
2015,3.9,3,nombre de salles de sports privées 9,81
2015,4.1,4,infrastructure sanitaire du secteur 1,85
2015,4.2,4,infrastructure sanitaire 2,86
2015,4.3,4,effectif des officines et des médecins 3,87
2015,4.4,4,répartition du personnel paramédical du secteur public,8
2015,4.4,4,répartition du personnel 4,88
2015,4.5,4,activités de la santé de la reproduction et de la planification 5,9
2015,4.5,4,activités de la santé de la reproduction 5,89
2015,4.6,4,répartition des bénéficiaires de l information 6,92
2015,4.7,4,taux de prévalence contraceptive 7,92
2015,5.1,5,activité des tribunaux par degré 1,95
2015,5.10,5,affaires enrolées et traitées devant les 10,102
2015,5.2,5,activité de la cour de cassation par 2,95
2015,5.3,5,activités des cours d appel 3,96
2015,5.4,5,activités des tribunaux de 1ere instance par matière 4,97
2015,5.5,5,activités des justices cantonales 5,97
2015,5.6,5,affaires enrolées devant les tribunaux 6,98
2015,5.7,5,affaires traitées devant les tribunaux 7,99
2015,5.8,5,affaires enrolées devant les tribunaux 8,100
2015,5.9,5,affaires traitées devant les tribunaux 9,101
2015,6.1,6,emploi 1,9
2015,6.1.1,6,evolution des actifs et des occupés 1,105
2015,6.1.10,6,données globales 10,109
2015,6.1.2,6,taux de chômage selon le sexe (%) )%( 2,105
2015,6.1.3,6,taux de chômage selon le niveau éducatif (%) )%( 3,105
2015,6.1.4,6,taux de chômage des diplômés de l enseignement 4,9
2015,6.1.4,6,taux de chômage des diplômés de 4,105
2015,6.1.5,6,evolution des demandes d emploi enregistrées par,9
2015,6.1.5,6,evolution des demandes d emploi 5,106
2015,6.1.6,6,evolution des demandes d emploi enregistrées par,9
2015,6.1.6,6,evolution du nombre 6,106
2015,6.1.7,6,evolution des offres d emploi 7,107
2015,6.1.8,6,evolution des placements réalisés en tunisie par,9
2015,6.1.8,6,evolution des placements réalisés 8,108
2015,6.1.9,6,evolution des placements 9,108
2015,6.2,6,salaires 2,9
2015,6.2.1,6,evolution du salaire minimum interprofessionnel garanti,9
2015,6.2.1,6,evolution du salaire minimum 1,110
2015,6.2.2,6,evolution du salaire 2,110
2015,7.1,7,evolution de la production des céréales 1,113
2015,7.10,7,production brute des palmiers par variété et par,10
2015,7.10,7,production brute des palmiers 10,117
2015,7.11,7,evolution de la production de vins moûts et,10
2015,7.11,7,evolution de la production de 11,117
2015,7.12,7,evolution de la superficie des vignobles par,10
2015,7.12,7,evolution de la superficie *,117
2015,7.13,7,evolution de la production des cultures,10
2015,7.13,7,evolution de la production des 13.7,118
2015,7.14,7,evolution de la production 14.7,118
2015,7.15,7,répartition de la flottille active par type 15,10
2015,7.15,7,répartition de la flotille active 15,119
2015,7.2,7,evolution des superficies 2,113
2015,7.3,7,répartition de la superficie selon la catégorie,9
2015,7.3,7,répartition de la superficie selon 3,114
2015,7.4,7,répartition du cheptel 4,114
2015,7.5,7,production de viande par type et production des oeufs 5,114
2015,7.6,7,production des légumes 6,115
2015,7.7,7,evolution de la production 7,115
2015,7.8,7,evolution de la production ) (,116
2015,7.9,7,evolution de la production 9,116
2015,8.1,8,evolution de la production 1,123
2015,8.10,8,evolution de la production 10.8,128
2015,8.11,8,evolution du nombre des abonnés 11.8,128
2015,8.12,8,evolution de la production 12,129
2015,8.13,8,evolution de la production 13,129
2015,8.14,8,evolution de la production des produits pétroliers 14,130
2015,8.15,8,evolution de la consommation des produits pétroliers 15,130
2015,8.2,8,evolution de la consommation 2,123
2015,8.3,8,evolution de la puissance,124
2015,8.4,8,evolution de la production,124
2015,8.5,8,evolution des réseaux par tension,125
2015,8.6,8,evolution des ventes d élèctricité 6,125
2015,8.7,8,evolution des ventes d électricité 7,126
2015,8.8,8,evolution des ventes d électricité 8,126
2015,8.9,8,evolution du nombre de consommateurs par centre de,10
2015,8.9,8,evolution du nombre de clients 9,127
2015,9.1,9,indice de la production industrielle 1,133
2015,9.2,9,industries agro - alimentaires 2,135
2015,9.3,9,production de tabac 3,136
2015,9.4,9,matériaux de construction,136
2015,9.5,9,industries mécaniques et élèctrique,137
2015,9.6,9,industries chimiques (production ) ) ( 6,137
2015,9.7,9,industrie du papier (production ) ) ( 7,138
2015,9.8,9,production minière,138
2016,1.1,1,principales caractéristiques démographiques 1,19
2016,1.10,1,suivant le lieu d accouchement et le gouvernorat de déc,7
2016,1.10,1,naissances selon le lieu d accouchement 10,31
2016,1.11,1,décés observés par genre et 11,32
2016,1.12,1,décés corrigés et taux bruts 12,33
2016,1.13,1,evolution des morts-nés par,34
2016,1.14,1,mariages contractés 14,35
2016,1.15,1,mariage selon le groupe d âge de l époux 15.1,36
2016,1.16,1,mariage selon le groupe d âge de l épouse 16,37
2016,1.17,1,mariages selon le groupe d âge 17.1,38
2016,1.18,1,prononces par les tribunaux de 1 ère instance par année 18,7
2016,1.18,1,divorces prononcés par les tribunaux 18,39
2016,1.2,1,estimation de la population par,20
2016,1.3,1,estimation de la population par,22
2016,1.4,1,estimation de la population 4,24
2016,1.5,1,estimation de la population,26
2016,1.6,1,naissances et taux bruts de natalité 6,27
2016,1.7,1,naissances selon le groupe d âge 7,28
2016,1.8,1,taux de fécondité selon groupe d âge de la mère isf et tgf 29 . . . . 8,7
2016,1.8,1,taux de fécondite1 selon le groupe d âge ) 1( 8,29
2016,1.9,1,par genre suivant le gouvernorat de déclaration 30 9,7
2016,1.9,1,naissances par genre suivant,30
2016,10.1,10,principaux indicateurs touristiques,141
2016,10.10,10,sorties des voyageurs non résidents 10,157
2016,10.11,10,sorties des voyageurs non résidents 11,159
2016,10.12,10,entrées des tunisiens par voie de transport et poste,11
2016,10.12,10,entrées des tunisiens par voie 12,160
2016,10.13,10,sorties des tunisiens par pays de destination et par voie,11
2016,10.13,10,sorties des tunisiens par pays 13,161
2016,10.14,10,capacité d hébergement 14.10,162
2016,10.15,10,nuitées touristiques globales 15,163
2016,10.16,10,taux d occupation par région touristique 16,165
2016,10.17,10,durée moyenne de séjour par nationalité 17,165
2016,10.18,10,nuitées des non résidents 18.10,166
2016,10.19,10,nuitées des non résidents 19.10,166
2016,10.2,10,entrées des voyageurs non résidents 2,142
2016,10.20,10,mouvement des croisières maritimes par nationalité et,11
2016,10.20,10,mouvement des croisières maritimes 20,167
2016,10.3,10,entrées des voyageurs non résidents 3,144
2016,10.4,10,entrées des voyageurs non résidents 4,146
2016,10.5,10,entrées des voyageurs non résidents 5,148
2016,10.6,10,non résidents par nationalité par voie de transport et poste,11
2016,10.6,10,evolution des entrées des voyageurs 6,150
2016,10.7,10,non résidents par nationalité et par mois .(ensemble des,11
2016,10.7,10,sorties des voyageurs non résidents,151
2016,10.8,10,sorties des voyageurs non résidents 8,153
2016,10.9,10,sorties des voyageurs non résidents 9,155
2016,11.1,11,immatriculation des véhicules 1,171
2016,11.10,11,transport aérien 10.11,182
2016,11.10,11,transport aérien 10,183
2016,11.11,11,transport maritime 11,186
2016,11.2,11,immatriculation des véhicules occasions par catégorie,11
2016,11.2,11,immatriculation des véhicules occasions,172
2016,11.3,11,ensemble des immatriculations des véhicules par,11
2016,11.3,11,ensemble des immatriculations 3,173
2016,11.4,11,répartition du nombre,174
2016,11.5,11,répartition du nombre des accidents et des victimes,11
2016,11.5,11,répartition du nombre des accidents et des victimes 5,174
2016,11.6,11,evolution du nombre des accidents par gouvernorat et,11
2016,11.6,11,evolution du nombre 6,175
2016,11.7,11,evolution du nombre des blessés par gouvernorat et,11
2016,11.7,11,evolution du nombre 7,176
2016,11.8,11,evolution du nombre des tués par gouvernorat et,11
2016,11.8,11,evolution du nombre 8,177
2016,11.9,11,transport ferroviaire 9,178
2016,12.1,12,domaine des télécommunications 1,12
2016,12.1,12,domaine des telecommunications 1,191
2016,12.1.1,12,les réseaux téléphoniques,191
2016,12.1.2,12,les réseaux de transmission des données 2,191
2016,12.1.3,12,evolution du nombre d abonnés au réseau,12
2016,12.1.3,12,evolution du nombre d abonnés 3,192
2016,12.1.4,12,trafic téléphonique tunisie telecom 4,193
2016,12.1.5,12,domaine de l informatique 5,194
2016,12.1.6,12,domaine de la télédiffusion 6,195
2016,12.2,12,domaine de la poste 2,12
2016,12.2,12,domaine de la postes 2,197
2016,12.2.1,12,le réseau commercial 1,197
2016,12.2.10,12,mouvements de fonds des c.c.p. 10.2.12,202
2016,12.2.2,12,colis postaux 2,197
2016,12.2.3,12,mandats 3,198
2016,12.2.4,12,balance du trafic des mandats 4,198
2016,12.2.5,12,epargne postale 5,199
2016,12.2.6,12,comptes d épargne en dinars 6,199
2016,12.2.7,12,montant des mandats émis par l étranger et payés en 7,12
2016,12.2.7,12,montant des mandats 7,200
2016,12.2.8,12,montant des mandats 8,201
2016,12.2.9,12,montant des mandats émis par l étranger et payés en 9,12
2016,12.2.9,12,montant des mandats émis 9,201
2016,13.1,13,evolution annuelle de l indice des prix de vente industriels.. 205 1,12
2016,13.1,13,evolution annuelle de l indice des prix 1,205
2016,13.2,13,evolution mensuelle de l indice des prix de vente industriels 208 2,12
2016,13.2,13,evolution mensuelle 2,208
2016,13.3,13,evolution des prix de détail 3,211
2016,13.4,13,variations annuelles de l indice général des prix à la,12
2016,13.4,13,variations annuelles de l indice général 4,215
2016,13.5,13,indice général des prix à la consommation familiale par 5,12
2016,13.5,13,indice général des prix à la consommation 5,217
2016,13.6,13,evolution de l indice général des prix à la consommation 6,13
2016,13.6,13,evolution de l indice général 6,218
2016,13.7,13,evolution de l indice général des prix à la consommation,13
2016,13.7,13,evolution de l indice général des prix 7,219
2016,13.8,13,quantités des légumes commercialisés aux marchés de 8,13
2016,13.8,13,quantités des légumes commercialisés 8,221
2016,13.9,13,quantités des fruits commercialisés 9,222
2016,14.1,14,evolution mensuelle des échanges 1,225
2016,14.10,14,evolution des échanges 10,235
2016,14.2,14,evolution des échanges. par groupement sectoriel,13
2016,14.2,14,evolution des échanges par 2,226
2016,14.3,14,evolution des échanges 3,227
2016,14.4,14,evolution des échangespar groupement d utilisation des,13
2016,14.4,14,evolution des échanges par groupement 4,228
2016,14.5,14,evolution des exportations des principaux produits par,13
2016,14.5,14,evolution des exportations des principaux 5,229
2016,14.6,14,evolution des exportations des principaux produits par,13
2016,14.6,14,evolution des exportations des principaux 6,230
2016,14.7,14,evolutions des importations des principaux produits par,13
2016,14.7,14,evolution des importations des principaux 7,231
2016,14.8,14,evolution des importations des principaux produits par,13
2016,14.8,14,evolution des importations par groupement,233
2016,14.9,14,evolution des échanges avec les principaux ensembles éco,13
2016,14.9,14,evolution des échanges avec les 9.14,234
2016,15.1,15,evolution de la structure 1,239
2016,15.10,15,paiements extérieurs de la tunisie: : 10,248
2016,15.10,15,paiements exterieurs de la tunisie: : 10,249
2016,15.11,15,paiements extérieurs de la tunisie : : 11,250
2016,15.11,15,paiements exterieurs de la tunisie : : 11,251
2016,15.12,15,taux d intérêt 12,252
2016,15.13,15,cours annuels moyens en dinars des principales 13,13
2016,15.13,15,cours annuels moyens en dinar 13,252
2016,15.14,15,principaux indicateurs boursiers 14,252
2016,15.2,15,evolution du réseau bancaire 2,240
2016,15.3,15,les ressources du système monétaire 3,241
2016,15.4,15,les ressources du système 4,243
2016,15.5,15,evolution de la situation de la banque 5,244
2016,15.6,15,evolution de la situation des banques de dépots 6,245
2016,15.7,15,evolution des crédits à court terme par branche,13
2016,15.7,15,evolution des crédits à court terme 7,246
2016,15.8,15,evolution des crédits à moyen et long terme par 8,13
2016,15.8,15,evolution des crédits à moyen et long,246
2016,15.9,15,evolution du total des crédits par branche d activité 9,13
2016,15.9,15,evolution du total des crédits 9,247
2016,16.1,16,recettes de l état 1,255
2016,16.10,16,dépenses du titre ii (équipement) ) ( 10,265
2016,16.11,16,evolution des dépenses des fonds 11,266
2016,16.12,16,dépenses des fonds de concours 12,267
2016,16.2,16,recettes du titre i par catégorie 2,255
2016,16.3,16,recettes ordinaires 3,256
2016,16.4,16,recettes du titre ii ( équipement ) ) ( 4,260
2016,16.5,16,recettes des fonds de concours 5,260
2016,16.6,16,recettes des fonds spéciaux du trésor 6,261
2016,16.7,16,dépenses de l état 7,262
2016,16.8,16,dépenses du titre i par chapitre 8,263
2016,16.9,16,dépenses du titre i 9,264
2016,17.1,17,ressources et emplois des biens 1,271
2016,17.10,17,créances et dettes 10,275
2016,17.11,17,taux et ratios par habitant 11.17,276
2016,17.12,17,valeurs ajoutées par secteur 12,277
2016,17.13,17,valeurs ajoutées par secteur d activité aux prix de l année,14
2016,17.13,17,valeurs ajoutées par secteur d activité 13,278
2016,17.14,17,formation brute de capital 14,279
2016,17.15,17,formation brute de capital 15,280
2016,17.16,17,compte des opérations avec l extérieur 16,281
2016,17.16,17,compte des opérations avec 16,282
2016,17.2,17,ressources et emplois de biens et services aux prix,14
2016,17.2,17,ressources et emplois de biens 2,271
2016,17.3,17,ressources et emplois de biens et services aux prix de,14
2016,17.3,17,ressources et emplois de biens et services 3,272
2016,17.4,17,ressources et emplois de biens et services aux prix de,14
2016,17.4,17,ressources et emplois de biens et services 4,272
2016,17.5,17,évolution des prix des ressources et emploi de biens et,14
2016,17.5,17,evolution des prix de ressources 5,273
2016,17.6,17,contribution a l évolution du pib aux prix de 6,14
2016,17.6,17,contribution à l évolution du p.i.b aux prix 6,273
2016,17.7,17,revenu national 7,274
2016,17.8,17,consommation et épargne 8,274
2016,17.9,17,investissement et financement 9,275
2016,18.1,18,température minimum absolu 1,285
2016,18.2,18,température maximum absolu 2,286
2016,18.3,18,température moyenne par 3,287
2016,18.4,18,pluviometrie en millimetre par principale station (année,15
2016,18.4,18,pluviométrie en millimètre par 4,288
2016,18.5,18,pluviometrie en millimetre par principale station (année,15
2016,18.5,18,pluviométrie en millimètre par 5,289
2016,18.6,18,nombre de jours de pluie 6,290
2016,19.1,19,les ressources en eaux disponibles 1,293
2016,19.10,19,evolution de la production nette et de la consommation,15
2016,19.10,19,evolution de la production nette 10,296
2016,19.11,19,evolution du nombre d abonnés 11.19,297
2016,19.12,19,evolution de la consommation unitaire annuelle d eau,15
2016,19.12,19,evolution de la consommation 12.19,297
2016,19.13,19,evolution de la consommation spécifique journalière,15
2016,19.13,19,evolution de la consommation 13.19,297
2016,19.14,19,capacité de traitement des stations d épuration en,15
2016,19.14,19,capacite de traitement des stations 14,298
2016,19.15,19,capacité de traitement des stations d épuration en 15,15
2016,19.15,19,capacité de traitement des stations 15,299
2016,19.16,19,capacité de traitement des stations d épuration en,15
2016,19.16,19,capacité de traitement des stations 16,299
2016,19.17,19,rejets d eaux usées en termes de volume 17,300
2016,19.18,19,rejets d eaux usées en termes de demande de l oxigène 18,15
2016,19.18,19,rejets d eaux usées 18,301
2016,19.19,19,répartition de la superficie par catégories d utilisation,15
2016,19.19,19,répartition de la superficie 19,302
2016,19.2,19,evolution des prélèvements 2,293
2016,19.2,19,les representations de l ins dans les regions,326
2016,19.20,19,evolution des superficies reboisées et des plantations,15
2016,19.20,19,evolution des superficies reboisées 20,303
2016,19.21,19,evolution du nombre et des surfaces annuelles des,15
2016,19.21,19,evolution du nombre et des surfaces 21,303
2016,19.3,19,evolution des ressources en eaux renouvelables,15
2016,19.3,19,evolution des ressources 3,293
2016,19.4,19,evolution des prélèvements des eaux souterraines,15
2016,19.4,19,evolution des prélèvements 4,294
2016,19.5,19,prélèvement brut des eaux douces souterraines 5,15
2016,19.5,19,prélèvement brut des eaux douces 5,294
2016,19.6,19,prélèvement brut des eaux non renouvelables 6,15
2016,19.6,19,prélèvement brut 6,294
2016,19.7,19,evolution de la répartition de l exploitation des nappes,15
2016,19.7,19,evolution de la répartition 7,295
2016,19.8,19,exploitation des nappes profondes par classe des,15
2016,19.8,19,exploitation des nappes 8,295
2016,19.9,19,evolution de la production brute de la sonede 9,15
2016,19.9,19,evolution du prélèvement d eau 9,296
2016,2.1,2,enseignement 1,7
2016,2.1.1,2,données générales 1,43
2016,2.1.10,2,principales données du 2ème cycle 10,53
2016,2.1.11,2,population scolaire du 2ème cycle 11,53
2016,2.1.13,2,population scolaire totale du 2ème cycle 13,56
2016,2.1.14,2,nombre d établissements et classes-élèves par,8
2016,2.1.14,2,nombre d établissements du 2ème cycle 14,57
2016,2.1.15,2,personnel enseignant du 2ème cycle 15,58
2016,2.1.16,2,résultats des examens du 1er et du 2ème cycle 16,58
2016,2.1.17,2,répartition des admis au baccalauriat par section et 17,8
2016,2.1.17,2,répartition des admis au baccalauréat 17,59
2016,2.1.18,2,répartition des étudiants réguliers ( 18,60
2016,2.1.19,2,répartition des diplômés de fin d études par filières 19,8
2016,2.1.19,2,effectif des étudiants 19,61
2016,2.1.2,2,principales données du 1 cycle,44
2016,2.1.20,2,répartition des étudiants par secteur et par ministère,8
2016,2.1.20,2,répartition des étudiants réguliers par genre 20,62
2016,2.1.21,2,personnel enseignant à plein temps 21,62
2016,2.1.3,2,nombre d écoles par gouvernorat 3,45
2016,2.1.4,2,nombre de locaux - classes par gouvernorat 4,46
2016,2.1.5,2,personnel enseignant par gouvernorat,47
2016,2.1.6,2,classes - élèves par année d études 6.1.2,48
2016,2.1.8,2,population scolaire totale du 1er cycle 8,51
2016,2.1.9,2,population scolaire par qualité et par année d études.. 52 9,7
2016,2.1.9,2,population scolaire du 1er cycle 9.1.2,52
2016,2.2,2,culture 2,8
2016,2.2.1,2,evolution du réseau des bibliothèques 1,63
2016,2.2.2,2,evolution de la capacité 2,64
2016,2.2.3,2,evolution des fonds de livres par catégorie 3,65
2016,2.2.4,2,evolution des lecteurs par catégorie 4,66
2016,2.2.5,2,evolution des abonnés par catégorie 5,67
2016,2.2.6,2,evolution des livres prêtés par catégorie 6,68
2016,2.2.7,2,nombre de films longs et courts métrages visés par,8
2016,2.2.7,2,nombre de films longs et courts 7,69
2016,2.2.8,2,evolution du nombre d entrées 8,70
2016,2.2.9,2,nombre de salles de cinéma par gouvernorat 9,70
2016,20.1,20,evolution des entreprises privées selon l activité 1,16
2016,20.1,20,evolution des entreprises privées 1,313
2016,20.2,20,evolution des entreprises privées selon la tranche,16
2016,20.2,20,evolution des entreprises privées 2,314
2016,20.3,20,entreprises privées selon le gouvernorat et la tranche,16
2016,20.3,20,entreprises privées selon le gouvernorat et la 3,315
2016,20.4,20,evolution des entrées d entreprises privées selon,16
2016,20.4,20,evolution des entrées d entreprises privées 4,316
2016,20.5,20,evolution des entrées d entreprises privées selon la,16
2016,20.5,20,evolution des entrées d entreprises privées 5,317
2016,20.6,20,evolution des entrées d entreprises privées selon,16
2016,20.6,20,evolution des entrées d entreprises 6,318
2016,20.7,20,evolution des sorties d entreprises privées selon,16
2016,20.7,20,evolution des sorties d entreprises privées 7,319
2016,20.8,20,evolution des sorties d entreprises privées selon la,16
2016,20.8,20,evolution des sorties d entreprises privées 8,320
2016,20.9,20,evolution des sorties d entreprises privées selon,16
2016,20.9,20,evolution des sorties d entreprises privées 9,321
2016,21.1,21,division administrative du pays 1,325
2016,21.3,21,loi relative au sysyteme statistique tunisien,345
2016,3.1,3,evolution des nombres d abonnés aux maisons des 1,8
2016,3.1,3,evolution des nombres d abonnés aux maisons 1,73
2016,3.10,3,nombre de salles de sports privées par gouvernorat en fin,8
2016,3.10,3,nombre de salles de sports privées 10,82
2016,3.2,3,evolution des nombres d abonnés aux maisons des 2,8
2016,3.2,3,evolution des nombres d abonnés aux maisons 2,74
2016,3.3,3,evolution des nombres d abonnés aux maisons des 3,8
2016,3.3,3,répartition des abonnés aux maisons des jeûnes 3,75
2016,3.4,3,répartition des licenciés par sexe et par gouvernorat,8
2016,3.4,3,répartition des licenciés par sexe et par,76
2016,3.5,3,répartition des licenciés par sexe et par discipline pour 5,8
2016,3.5,3,répartition des licenciés par sexe et par 5,77
2016,3.6,3,répartition des abonnés aux salles de sport privées par 6,8
2016,3.6,3,répartition des abonnés aux salles de 6,78
2016,3.7,3,nombre de salles de sports 7,79
2016,3.8,3,nombre de stades gazonnés par gouvernorat en fin,8
2016,3.8,3,nombre de stades gazonnés 8,80
2016,3.9,3,nombre de maisons de jeunes par gouvernorat en fin,8
2016,3.9,3,nombre de maisons de jeûnes 9,81
2016,4.1,4,infrastructure sanitaire du secteur 1,85
2016,4.2,4,infrastructure sanitaire 2,86
2016,4.3,4,effectif des officines et des médecins 3,87
2016,4.4,4,répartition du personnel paramédical du secteur public 4,9
2016,4.4,4,répartition du personnel 4,88
2016,4.5,4,activités de la santé de la reproduction et de la planification 5,9
2016,4.5,4,activités de la santé de la reproduction 5,89
2016,4.6,4,répartition des bénéficiaires de l information 6,92
2016,4.7,4,taux de prévalence contraceptive 7,92
2016,5.1,5,activité des tribunaux par degré 1,95
2016,5.10,5,affaires enrolées et traitées devant les 10,102
2016,5.2,5,activité de la cour de cassation par 2,95
2016,5.3,5,activités des cours d appel 3,96
2016,5.4,5,activités des tribunaux de 1ere instance par matière 4,97
2016,5.5,5,activités des justices cantonales 5,97
2016,5.6,5,affaires enrolées devant les tribunaux 6,98
2016,5.7,5,affaires traitées devant les tribunaux 7,99
2016,5.8,5,affaires enrolées devant les tribunaux 8,100
2016,5.9,5,affaires traitées devant les tribunaux 9,101
2016,6.1,6,emploi 1,9
2016,6.1.1,6,evolution des actifs et des occupés 1,105
2016,6.1.10,6,données globales 10,109
2016,6.1.2,6,taux de chômage selon le sexe (%) )%( 2,105
2016,6.1.3,6,taux de chômage selon le niveau éducatif (%) )%( 3,105
2016,6.1.4,6,taux de chômage des diplômés de l enseignement 4,9
2016,6.1.4,6,taux de chômage des diplômés de 4,105
2016,6.1.5,6,evolution des demandes d emploi enregistrées par,9
2016,6.1.5,6,evolution des demandes d emploi 5,106
2016,6.1.6,6,evolution des demandes d emploi enregistrées par,9
2016,6.1.6,6,evolution du nombre 6,106
2016,6.1.7,6,evolution des offres d emploi 7,107
2016,6.1.8,6,evolution des placements réalisés en tunisie par,9
2016,6.1.8,6,evolution des placements réalisés 8,108
2016,6.1.9,6,evolution des placements 9,108
2016,6.2,6,salaires 2,9
2016,6.2.1,6,evolution du salaire minimum interprofessionnel garanti,9
2016,6.2.1,6,evolution du salaire minimum 1,110
2016,6.2.2,6,evolution du salaire 2,110
2016,7.1,7,evolution de la production des céréales 1,113
2016,7.10,7,production brute des palmiers par variété et par,10
2016,7.10,7,production brute des palmiers 10,117
2016,7.11,7,evolution de la production de vins moûts et,10
2016,7.11,7,evolution de la production de 11,117
2016,7.12,7,evolution de la superficie des vignobles par,10
2016,7.12,7,evolution de la superficie *,117
2016,7.13,7,evolution de la production des cultures,10
2016,7.13,7,evolution de la production des 13.7,118
2016,7.14,7,evolution de la production 14.7,118
2016,7.15,7,répartition de la flottille active par type 15,10
2016,7.15,7,répartition de la flotille active 15,119
2016,7.2,7,evolution des superficies 2,113
2016,7.3,7,répartition de la superficie selon la catégorie,10
2016,7.3,7,répartition de la superficie selon 3,114
2016,7.4,7,répartition du cheptel 4,114
2016,7.5,7,production de viande par type et production des oeufs 5,114
2016,7.6,7,production des légumes 6,115
2016,7.7,7,evolution de la production 7,115
2016,7.8,7,evolution de la production ) (,116
2016,7.9,7,evolution de la production 9,116
2016,8.1,8,evolution de la production 1,123
2016,8.10,8,evolution de la production 10.8,128
2016,8.11,8,evolution du nombre des abonnés 11.8,128
2016,8.12,8,evolution de la production 12,129
2016,8.13,8,evolution de la production 13,129
2016,8.14,8,evolution de la production des produits pétroliers 14.8,130
2016,8.15,8,evolution de la consommation des produits pétroliers 15.8,130
2016,8.2,8,evolution de la consommation 2,123
2016,8.3,8,evolution de la puissance,124
2016,8.4,8,evolution de la production,124
2016,8.5,8,evolution des réseaux par tension,125
2016,8.6,8,evolution des ventes d élèctricité 6,125
2016,8.7,8,evolution des ventes d électricité 7,126
2016,8.8,8,evolution des ventes d électricité 8,126
2016,8.9,8,evolution du nombre de consommateurs par centre de,10
2016,8.9,8,evolution du nombre de clients 9,127
2016,9.1,9,indice de la production industrielle 1,133
2016,9.2,9,industries agro - alimentaires 2,135
2016,9.3,9,production de tabac 3,136
2016,9.4,9,matériaux de construction,136
2016,9.5,9,industries mécaniques et élèctrique,137
2016,9.6,9,industries chimiques (production ) ) ( 6,137
2016,9.7,9,industrie du papier (production ) ) ( 7,138
2016,9.8,9,production minière,138
2017,1.1,1,principales caractéristiques démographiques 1,19
2017,1.10,1,suivant le lieu d accouchement et le gouvernorat de déc,7
2017,1.10,1,naissances selon le lieu d accouchement 10,31
2017,1.11,1,décés observés par genre et 11,32
2017,1.12,1,décés corrigés et taux bruts 12,33
2017,1.13,1,evolution des morts-nés par,34
2017,1.14,1,mariages contractés 14,35
2017,1.15,1,mariage selon le groupe d âge de l époux 15.1,36
2017,1.16,1,mariage selon le groupe d âge de l épouse 16,37
2017,1.17,1,mariages selon le groupe d âge 17.1,38
2017,1.18,1,prononces par les tribunaux de 1 ère instance par année 18,7
2017,1.18,1,divorces prononcés par les tribunaux 18,39
2017,1.2,1,estimation de la population par,20
2017,1.3,1,estimation de la population par,22
2017,1.4,1,estimation de la population 4,24
2017,1.5,1,estimation de la population,26
2017,1.6,1,naissances et taux bruts de natalité 6,27
2017,1.7,1,naissances selon le groupe d âge 7,28
2017,1.8,1,taux de fécondite1 selon le groupe d âge ) 1( 8,29
2017,1.9,1,naissances par genre suivant,30
2017,10.1,10,principaux indicateurs touristiques,141
2017,10.10,10,sorties des voyageurs non résidents 10,157
2017,10.11,10,sorties des voyageurs non résidents 11,159
2017,10.12,10,entrées des tunisiens par voie de transport et poste,11
2017,10.12,10,entrées des tunisiens par voie 12,160
2017,10.13,10,sorties des tunisiens par pays de destination et par voie,11
2017,10.13,10,sorties des tunisiens par pays 13,161
2017,10.14,10,capacité d hébergement 14.10,162
2017,10.15,10,nuitées touristiques globales 15,163
2017,10.16,10,taux d occupation par région touristique 16,165
2017,10.17,10,durée moyenne de séjour par nationalité 17,165
2017,10.18,10,nuitées des non résidents 18.10,166
2017,10.19,10,nuitées des non résidents 19.10,166
2017,10.2,10,entrées des voyageurs non résidents 2,142
2017,10.20,10,mouvement des croisières maritimes par nationalité et,11
2017,10.20,10,mouvement des croisières maritimes 20,167
2017,10.3,10,entrées des voyageurs non résidents 3,144
2017,10.4,10,entrées des voyageurs non résidents 4,146
2017,10.5,10,entrées des voyageurs non résidents 5,148
2017,10.6,10,non résidents par nationalité par voie de transport et poste,11
2017,10.6,10,evolution des entrées des voyageurs 6,150
2017,10.7,10,non résidents par nationalité et par mois .(ensemble des,11
2017,10.7,10,sorties des voyageurs non résidents,151
2017,10.8,10,sorties des voyageurs non résidents 8,153
2017,10.9,10,sorties des voyageurs non résidents 9,155
2017,11.1,11,immatriculation des véhicules 1,171
2017,11.10,11,transport aérien 10.11,182
2017,11.10,11,transport aérien 10,183
2017,11.11,11,transport maritime 11,186
2017,11.2,11,immatriculation des véhicules occasions par catégorie,11
2017,11.2,11,immatriculation des véhicules occasions,172
2017,11.3,11,ensemble des immatriculations des véhicules par,11
2017,11.3,11,ensemble des immatriculations 3,173
2017,11.4,11,répartition du nombre des accidents,174
2017,11.5,11,répartition du nombre des accidents et des victimes,11
2017,11.5,11,répartition du nombre des accidents et des victimes 5,174
2017,11.6,11,evolution du nombre des accidents par gouvernorat et,11
2017,11.6,11,evolution du nombre d accidents 6,175
2017,11.7,11,evolution du nombre des blessés par gouvernorat et,11
2017,11.7,11,evolution du nombre des blessés 7,176
2017,11.8,11,evolution du nombre des tués par gouvernorat et,11
2017,11.8,11,evolution du nombre des tués 8,177
2017,11.9,11,transport ferroviaire 9,178
2017,12.1,12,domaine des télécommunications 1,12
2017,12.1,12,domaine des telecommunications 1,191
2017,12.1.1,12,les réseaux téléphoniques,191
2017,12.1.2,12,les réseaux de transmission des données 2,191
2017,12.1.3,12,evolution du nombre d abonnés au réseau,12
2017,12.1.3,12,evolution du nombre d abonnés 3,192
2017,12.1.4,12,trafic téléphonique tunisie telecom 4,193
2017,12.1.5,12,domaine de l informatique 5,194
2017,12.1.6,12,domaine de la télédiffusion 6,195
2017,12.2,12,domaine de la poste 2,12
2017,12.2,12,domaine de la postes 2,197
2017,12.2.1,12,le réseau commercial 1,197
2017,12.2.10,12,mouvements de fonds des c.c.p. 10.2.12,202
2017,12.2.2,12,colis postaux 2,197
2017,12.2.3,12,mandats 3,198
2017,12.2.4,12,balance du trafic des mandats 4,198
2017,12.2.5,12,epargne postale 5,199
2017,12.2.6,12,comptes d épargne en dinars 6,199
2017,12.2.7,12,montant des mandats émis par l étranger et payés en 7,12
2017,12.2.7,12,montant des mandats 7,200
2017,12.2.8,12,montant des mandats 8,201
2017,12.2.9,12,montant des mandats émis par l étranger et payés en 9,12
2017,12.2.9,12,montant des mandats émis 9,201
2017,13.1,13,evolution annuelle de l indice des prix de vente industriels.. 205 1,12
2017,13.1,13,evolution annuelle de l indice des prix 1,205
2017,13.2,13,evolution mensuelle de l indice des prix de vente industriels 208 2,12
2017,13.2,13,evolution mensuelle 2,208
2017,13.3,13,evolution des prix de détail 3,211
2017,13.4,13,variations annuelles de l indice général des prix à la,12
2017,13.4,13,variations annuelles de l indice général 4,215
2017,13.5,13,indice général des prix à la consommation familiale par 5,12
2017,13.5,13,indice général des prix à la consommation 5,217
2017,13.6,13,evolution de l indice général des prix à la consommation 6,13
2017,13.6,13,evolution de l indice général 6,218
2017,13.7,13,evolution de l indice général des prix à la consommation,13
2017,13.7,13,evolution de l indice général des prix 7,219
2017,13.8,13,quantités des légumes commercialisés aux marchés de 8,13
2017,13.8,13,quantités des légumes commercialisés 8,221
2017,13.9,13,quantités des fruits commercialisés 9,222
2017,14.1,14,evolution mensuelle des échanges 1,225
2017,14.10,14,evolution des échanges 10,235
2017,14.2,14,evolution des échanges. par groupement sectoriel,13
2017,14.2,14,evolution des échanges par 2,226
2017,14.3,14,evolution des échanges 3,227
2017,14.4,14,evolution des échangespar groupement d utilisation des,13
2017,14.4,14,evolution des échanges par groupement 4,228
2017,14.5,14,evolution des exportations des principaux produits par,13
2017,14.5,14,evolution des exportations des principaux 5,229
2017,14.6,14,evolution des exportations des principaux produits par,13
2017,14.6,14,evolution des exportations des principaux 6,230
2017,14.7,14,evolutions des importations des principaux produits par,13
2017,14.7,14,evolution des importations des principaux 7,231
2017,14.8,14,evolution des importations des principaux produits par,13
2017,14.8,14,evolution des importations par groupement,233
2017,14.9,14,evolution des échanges avec les principaux ensembles éco,13
2017,14.9,14,evolution des échanges avec les 9.14,234
2017,15.1,15,evolution de la structure 1,239
2017,15.10,15,paiements extérieurs de la tunisie: : 10,248
2017,15.10,15,paiements exterieurs de la tunisie: : 10,249
2017,15.11,15,paiements extérieurs de la tunisie : : 11,250
2017,15.11,15,paiements exterieurs de la tunisie : : 11,251
2017,15.12,15,taux d intérêt 12,252
2017,15.13,15,cours annuels moyens en dinars des principales 13,13
2017,15.13,15,cours annuels moyens en dinar 13,252
2017,15.14,15,principaux indicateurs boursiers 14,252
2017,15.2,15,evolution du réseau bancaire 2,240
2017,15.3,15,les ressources du système monétaire 3,241
2017,15.4,15,les ressources du système 4,243
2017,15.5,15,evolution de la situation de la banque 5,244
2017,15.6,15,evolution de la situation des banques de dépots 6,245
2017,15.7,15,evolution des crédits à court terme par branche,13
2017,15.7,15,evolution des crédits à court terme 7,246
2017,15.8,15,evolution des crédits à moyen et long terme par 8,13
2017,15.8,15,evolution des crédits à moyen et long,246
2017,15.9,15,evolution du total des crédits par branche d activité 9,13
2017,15.9,15,evolution du total des crédits 9,247
2017,16.1,16,recettes de l état 1,255
2017,16.10,16,dépenses du titre ii (équipement) ) ( 10,265
2017,16.11,16,evolution des dépenses des fonds 11,266
2017,16.12,16,dépenses des fonds de concours 12,267
2017,16.2,16,recettes du titre i par catégorie 2,255
2017,16.3,16,recettes ordinaires 3,256
2017,16.4,16,recettes du titre ii ( équipement ) ) ( 4,260
2017,16.5,16,recettes des fonds de concours 5,260
2017,16.6,16,recettes des fonds spéciaux du trésor 6,261
2017,16.7,16,dépenses de l état 7,262
2017,16.8,16,dépenses du titre i par chapitre 8,263
2017,16.9,16,dépenses du titre i 9,264
2017,17.1,17,ressources et emplois des biens 1,271
2017,17.10,17,créances et dettes 10,275
2017,17.11,17,taux et ratios par habitant 11.17,276
2017,17.12,17,valeurs ajoutées par secteur 12,277
2017,17.13,17,valeurs ajoutées par secteur d activité aux prix de l année,14
2017,17.13,17,valeurs ajoutées par secteur d activité 13,278
2017,17.14,17,formation brute de capital 14,279
2017,17.15,17,formation brute de capital 15,280
2017,17.16,17,compte des opérations avec l extérieur 16,281
2017,17.16,17,compte des opérations avec 16,282
2017,17.2,17,ressources et emplois de biens et services aux prix,14
2017,17.2,17,ressources et emplois de biens 2,271
2017,17.3,17,ressources et emplois de biens et services aux prix de,14
2017,17.3,17,ressources et emplois de biens et services 3,272
2017,17.4,17,ressources et emplois de biens et services aux prix de,14
2017,17.4,17,ressources et emplois de biens et services 4,272
2017,17.5,17,évolution des prix des ressources et emploi de biens et,14
2017,17.5,17,evolution des prix de ressources 5,273
2017,17.6,17,contribution a l évolution du pib aux prix de 6,14
2017,17.6,17,contribution à l évolution du p.i.b aux prix 6,273
2017,17.7,17,revenu national 7,274
2017,17.8,17,consommation et épargne 8,274
2017,17.9,17,investissement et financement 9,275
2017,18.1,18,température minimum absolu 1,285
2017,18.2,18,température maximum absolu 2,286
2017,18.3,18,température moyenne par 3,287
2017,18.4,18,pluviometrie en millimetre par principale station (année,15
2017,18.4,18,pluviométrie en millimètre par 4,288
2017,18.5,18,pluviometrie en millimetre par principale station (année,15
2017,18.5,18,pluviométrie en millimètre par 5,289
2017,18.6,18,nombre de jours de pluie 6,290
2017,19.1,19,les ressources en eaux disponibles 1,293
2017,19.10,19,evolution de la production nette et de la consommation,15
2017,19.10,19,evolution de la production nette 10,296
2017,19.11,19,evolution du nombre d abonnés 11.19,297
2017,19.12,19,evolution de la consommation unitaire annuelle d eau,15
2017,19.12,19,evolution de la consommation 12.19,297
2017,19.13,19,evolution de la consommation spécifique journalière,15
2017,19.13,19,evolution de la consommation 13.19,297
2017,19.14,19,capacité de traitement des stations d épuration en,15
2017,19.14,19,capacite de traitement des stations 14,298
2017,19.15,19,capacité de traitement des stations d épuration en 15,15
2017,19.15,19,capacité de traitement des stations 15,299
2017,19.16,19,capacité de traitement des stations d épuration en,15
2017,19.16,19,capacité de traitement des stations 16,299
2017,19.17,19,rejets d eaux usées en termes de volume 17,300
2017,19.18,19,rejets d eaux usées en termes de demande de l oxigène 18,15
2017,19.18,19,rejets d eaux usées 18,301
2017,19.19,19,répartition de la superficie par catégories d utilisation,15
2017,19.19,19,répartition de la superficie 19,302
2017,19.2,19,evolution des prélèvements 2,293
2017,19.20,19,evolution des superficies reboisées et des plantations,15
2017,19.20,19,evolution des superficies reboisées 20,303
2017,19.21,19,evolution du nombre et des surfaces annuelles des,15
2017,19.21,19,evolution du nombre et des surfaces 21,303
2017,19.3,19,evolution des ressources en eaux renouvelables,15
2017,19.3,19,evolution des ressources 3,293
2017,19.4,19,evolution des prélèvements des eaux souterraines,15
2017,19.4,19,evolution des prélèvements 4,294
2017,19.5,19,prélèvement brut des eaux douces souterraines 5,15
2017,19.5,19,prélèvement brut des eaux douces 5,294
2017,19.6,19,prélèvement brut des eaux non renouvelables 6,15
2017,19.6,19,prélèvement brut 6,294
2017,19.7,19,evolution de la répartition de l exploitation des nappes,15
2017,19.7,19,evolution de la répartition 7,295
2017,19.8,19,exploitation des nappes profondes par classe des,15
2017,19.8,19,exploitation des nappes 8,295
2017,19.9,19,evolution de la production brute de la sonede 9,15
2017,19.9,19,evolution du prélèvement d eau 9,296
2017,2.1,2,enseignement 1,7
2017,2.1.1,2,données générales 1,43
2017,2.1.10,2,principales données du 2ème cycle 10,53
2017,2.1.11,2,population scolaire du 2ème cycle 11,53
2017,2.1.13,2,population scolaire totale du 2ème cycle 13,56
2017,2.1.14,2,nombre d établissements et classes-élèves par,8
2017,2.1.14,2,nombre d établissements du 2ème cycle 14,57
2017,2.1.15,2,personnel enseignant du 2ème cycle 15,58
2017,2.1.16,2,résultats des examens du 1er et du 2ème cycle 16,58
2017,2.1.17,2,répartition des admis au baccalauriat par section et 17,8
2017,2.1.17,2,répartition des admis au baccalauréat 17,59
2017,2.1.18,2,répartition des étudiants réguliers ( 18,60
2017,2.1.19,2,répartition des diplômés de fin d études par filières 19,8
2017,2.1.19,2,effectif des étudiants 19,61
2017,2.1.2,2,principales données du 1 cycle,44
2017,2.1.20,2,répartition des étudiants par secteur et par ministère,8
2017,2.1.20,2,répartition des étudiants réguliers par genre 20,62
2017,2.1.21,2,personnel enseignant à plein temps 21,62
2017,2.1.3,2,nombre d écoles par gouvernorat 3,45
2017,2.1.4,2,nombre de locaux - classes par gouvernorat 4,46
2017,2.1.5,2,personnel enseignant par gouvernorat,47
2017,2.1.6,2,classes - élèves par année d études 6.1.2,48
2017,2.1.8,2,population scolaire totale du 1er cycle 8,51
2017,2.1.9,2,population scolaire du 1er cycle 9.1.2,52
2017,2.2,2,culture 2,8
2017,2.2.1,2,evolution du réseau des bibliothèques 1,63
2017,2.2.2,2,evolution de la capacité des bibliothèques 2,64
2017,2.2.3,2,evolution des fonds de livres par catégorie 3,65
2017,2.2.4,2,evolution des lecteurs par catégorie 4,66
2017,2.2.5,2,evolution des abonnés par catégorie 5,67
2017,2.2.6,2,evolution des livres prêtés par catégorie 6,68
2017,2.2.7,2,nombre de films longs et courts métrages visés par,8
2017,2.2.7,2,nombre de films longs et courts 7,69
2017,2.2.8,2,evolution du nombre d entrées 8,70
2017,2.2.9,2,nombre de salles de cinéma par gouvernorat 9,70
2017,20.1,20,evolution des entreprises privées selon l activité 1,16
2017,20.1,20,evolution des entreprises privées 1,313
2017,20.2,20,evolution des entreprises privées selon la tranche,16
2017,20.2,20,evolution des entreprises privées 2,314
2017,20.3,20,entreprises privées selon le gouvernorat et la tranche,16
2017,20.3,20,entreprises privées selon le gouvernorat et la 3,315
2017,20.4,20,evolution des entrées d entreprises privées selon,16
2017,20.4,20,evolution des entrées d entreprises privées 4,316
2017,20.5,20,evolution des entrées d entreprises privées selon la,16
2017,20.5,20,evolution des entrées d entreprises privées 5,317
2017,20.6,20,evolution des entrées d entreprises privées selon,16
2017,20.6,20,evolution des entrées d entreprises 6,318
2017,20.7,20,evolution des sorties d entreprises privées selon,16
2017,20.7,20,evolution des sorties d entreprises privées 7,319
2017,20.8,20,evolution des sorties d entreprises privées selon la,16
2017,20.8,20,evolution des sorties d entreprises privées 8,320
2017,20.9,20,evolution des sorties d entreprises privées selon,16
2017,20.9,20,evolution des sorties d entreprises privées 9,321
2017,21.1,21,division administrative du pays 1,325
2017,3.1,3,evolution des nombres d abonnés aux maisons des 1,8
2017,3.1,3,evolution des nombres d abonnés aux maisons 1,73
2017,3.10,3,nombre de salles de sports privées par gouvernorat en fin,8
2017,3.10,3,nombre de salles de sports privées 10,82
2017,3.2,3,evolution des nombres d abonnés aux maisons des 2,8
2017,3.2,3,evolution des nombres d abonnés aux maisons 2,74
2017,3.3,3,evolution des nombres d abonnés aux maisons des 3,8
2017,3.3,3,répartition des abonnés aux maisons des jeûnes 3,75
2017,3.4,3,répartition des licenciés par sexe et par gouvernorat,8
2017,3.4,3,répartition des licenciés par sexe et par,76
2017,3.5,3,répartition des licenciés par sexe et par discipline pour 5,8
2017,3.5,3,répartition des licenciés par sexe et par 5,77
2017,3.6,3,répartition des abonnés aux salles de sport privées par 6,8
2017,3.6,3,répartition des abonnés aux salles de 6,78
2017,3.7,3,nombre de salles de sports 7,79
2017,3.8,3,nombre de stades gazonnés par gouvernorat en fin,8
2017,3.8,3,nombre de stades gazonnés 8,80
2017,3.9,3,nombre de maisons de jeunes par gouvernorat en fin,8
2017,3.9,3,nombre de maisons de jeûnes 9,81
2017,4.1,4,infrastructure sanitaire du secteur 1,85
2017,4.2,4,infrastructure sanitaire 2,86
2017,4.3,4,effectif des officines et des médecins 3,87
2017,4.4,4,répartition du personnel paramédical du secteur public 4,9
2017,4.4,4,répartition du personnel 4,88
2017,4.5,4,activités de la santé de la reproduction et de la planification 5,9
2017,4.5,4,activités de la santé de la reproduction 5,89
2017,4.6,4,répartition des bénéficiaires de l information 6,92
2017,4.7,4,taux de prévalence contraceptive 7,92
2017,5.1,5,activité des tribunaux par degré 1,95
2017,5.10,5,affaires enrolées et traitées devant les 10,102
2017,5.2,5,activité de la cour de cassation par 2,95
2017,5.3,5,activités des cours d appel 3,96
2017,5.4,5,activités des tribunaux de 1ere instance par matière 4,97
2017,5.5,5,activités des justices cantonales 5,97
2017,5.6,5,affaires enrolées devant les tribunaux 6,98
2017,5.7,5,affaires traitées devant les tribunaux 7,99
2017,5.8,5,affaires enrolées devant les tribunaux 8,100
2017,5.9,5,affaires traitées devant les tribunaux 9,101
2017,6.1,6,emploi 1,9
2017,6.1.1,6,evolution des actifs et des occupés 1,105
2017,6.1.10,6,données globales 10,109
2017,6.1.2,6,taux de chômage selon le sexe (%) )%( 2,105
2017,6.1.3,6,taux de chômage selon le niveau éducatif (%) )%( 3,105
2017,6.1.4,6,taux de chômage des diplômés de l enseignement 4,9
2017,6.1.4,6,taux de chômage des diplômés de 4,105
2017,6.1.5,6,evolution des demandes d emploi enregistrées par,9
2017,6.1.5,6,evolution des demandes d emploi 5,106
2017,6.1.6,6,evolution des demandes d emploi enregistrées par,9
2017,6.1.6,6,evolution du nombre 6,106
2017,6.1.7,6,evolution des offres d emploi 7,107
2017,6.1.8,6,evolution des placements réalisés en tunisie par,9
2017,6.1.8,6,evolution des placements réalisés 8,108
2017,6.1.9,6,evolution des placements 9,108
2017,6.2,6,salaires 2,9
2017,6.2.1,6,evolution du salaire minimum interprofessionnel garanti,9
2017,6.2.1,6,evolution du salaire minimum 1,110
2017,6.2.2,6,evolution du salaire 2,110
2017,7.1,7,evolution de la production des céréales 1,113
2017,7.10,7,production brute des palmiers par variété et par,10
2017,7.10,7,production brute des palmiers 10,117
2017,7.11,7,evolution de la production de vins moûts et,10
2017,7.11,7,evolution de la production de 11,117
2017,7.12,7,evolution de la superficie des vignobles par,10
2017,7.12,7,evolution de la superficie *,117
2017,7.13,7,evolution de la production des cultures,10
2017,7.13,7,evolution de la production des 13.7,118
2017,7.14,7,evolution de la production 14.7,118
2017,7.15,7,répartition de la flottille active par type 15,10
2017,7.15,7,répartition de la flotille active 15,119
2017,7.2,7,evolution des superficies 2,113
2017,7.3,7,répartition de la superficie selon la catégorie,10
2017,7.3,7,répartition de la superficie selon 3,114
2017,7.4,7,répartition du cheptel 4,114
2017,7.5,7,production de viande par type et production des oeufs 5,114
2017,7.6,7,production des légumes 6,115
2017,7.7,7,evolution de la production 7,115
2017,7.8,7,evolution de la production ) (,116
2017,7.9,7,evolution de la production 9,116
2017,8.1,8,evolution de la production 1.8,123
2017,8.10,8,evolution de la production 10.8,128
2017,8.11,8,evolution du nombre des abonnés 11.8,128
2017,8.12,8,evolution de la production 12,129
2017,8.13,8,evolution de la production 13,129
2017,8.14,8,evolution de la production des produits pétroliers 14.8,130
2017,8.15,8,evolution de la consommation des produits pétroliers 15.8,130
2017,8.2,8,evolution de la consommation 2.8,123
2017,8.3,8,evolution de la puissance,124
2017,8.4,8,evolution de la production,124
2017,8.5,8,evolution des réseaux par tension,125
2017,8.6,8,evolution des ventes d élèctricité 6,125
2017,8.7,8,evolution des ventes d électricité 7,126
2017,8.8,8,evolution des ventes d électricité 8,126
2017,8.9,8,evolution du nombre de consommateurs par centre de,10
2017,8.9,8,evolution du nombre de clients 9,127
2017,9.1,9,indice de la production industrielle 1,133
2017,9.2,9,industries agro - alimentaires 2,135
2017,9.3,9,production de tabac 3,136
2017,9.4,9,matériaux de construction,136
2017,9.5,9,industries mécaniques et élèctrique,137
2017,9.6,9,industries chimiques (production ) ) ( 6,137
2017,9.7,9,industrie du papier (production ) ) ( 7,138
2017,9.8,9,production minière,138
2018,1.1,1,principales caractéristiques démographiques 1,19
2018,1.10,1,suivant le lieu d accouchement et le gouvernorat de déc,7
2018,1.10,1,naissances selon le lieu d accouchement 10,31
2018,1.11,1,décés observés par genre et 11,32
2018,1.12,1,décés corrigés et taux bruts 12,33
2018,1.13,1,evolution des morts-nés par,34
2018,1.14,1,mariages contractés 14,35
2018,1.15,1,mariage selon le groupe d âge de l époux 15.1,36
2018,1.16,1,mariage selon le groupe d âge de l épouse 16,37
2018,1.17,1,mariages selon le groupe d âge 17.1,38
2018,1.18,1,prononces par les tribunaux de 1 ère instance par année 18,7
2018,1.18,1,divorces prononcés par les tribunaux 18,39
2018,1.2,1,estimation de la population par,20
2018,1.3,1,estimation de la population par,22
2018,1.4,1,estimation de la population 4,24
2018,1.5,1,estimation de la population,26
2018,1.6,1,naissances et taux bruts de natalité 6,27
2018,1.7,1,naissances selon le groupe d âge 7,28
2018,1.8,1,taux de fécondite1 selon le groupe d âge ) 1( 8,29
2018,1.9,1,naissances par genre suivant,30
2018,10.1,10,principaux indicateurs touristiques,145
2018,10.10,10,sorties des voyageurs non résidents 10,161
2018,10.11,10,sorties des voyageurs non résidents 11,163
2018,10.12,10,entrées des tunisiens par voie de transport et poste,11
2018,10.12,10,entrées des tunisiens par voie 12,164
2018,10.13,10,sorties des tunisiens par pays de destination et par voie,11
2018,10.13,10,sorties des tunisiens par pays 13,165
2018,10.14,10,capacité d hébergement 14.10,166
2018,10.15,10,nuitées touristiques globales 15,167
2018,10.16,10,taux d occupation par région touristique 16,169
2018,10.17,10,durée moyenne de séjour par nationalité 17,169
2018,10.18,10,nuitées des non résidents 18.10,170
2018,10.19,10,nuitées des non résidents 19.10,170
2018,10.2,10,entrées des voyageurs non résidents 2,146
2018,10.20,10,mouvement des croisières maritimes par nationalité et,11
2018,10.20,10,mouvement des croisières maritimes 20,171
2018,10.3,10,entrées des voyageurs non résidents 3,148
2018,10.4,10,entrées des voyageurs non résidents 4,150
2018,10.5,10,entrées des voyageurs non résidents 5,152
2018,10.6,10,non résidents par nationalité par voie de transport et poste,11
2018,10.6,10,evolution des entrées des voyageurs 6,154
2018,10.7,10,non résidents par nationalité et par mois .(ensemble des,11
2018,10.7,10,sorties des voyageurs non résidents,155
2018,10.8,10,sorties des voyageurs non résidents 8,157
2018,10.9,10,sorties des voyageurs non résidents 9,159
2018,11.1,11,immatriculation des véhicules 1,175
2018,11.10,11,transport aérien 10.11,186
2018,11.10,11,transport aérien 10,187
2018,11.11,11,transport maritime 11,190
2018,11.2,11,immatriculation des véhicules occasions par catégorie,11
2018,11.2,11,immatriculation des véhicules occasions,176
2018,11.3,11,ensemble des immatriculations des véhicules par,11
2018,11.3,11,ensemble des immatriculations 3,177
2018,11.4,11,répartition du nombre des accidents,178
2018,11.5,11,répartition du nombre des accidents et des victimes,11
2018,11.5,11,répartition du nombre des accidents et des victimes 5,178
2018,11.6,11,evolution du nombre des accidents par gouvernorat et,11
2018,11.6,11,evolution du nombre d accidents 6,179
2018,11.7,11,evolution du nombre des blessés par gouvernorat et,11
2018,11.7,11,evolution du nombre des blessés 7,180
2018,11.8,11,evolution du nombre des tués par gouvernorat et,12
2018,11.8,11,evolution du nombre des tués 8,181
2018,11.9,11,transport ferroviaire 9,182
2018,12.1,12,domaine des télécommunications 1,12
2018,12.1,12,domaine des telecommunications 1,195
2018,12.1.1,12,les réseaux téléphoniques,195
2018,12.1.2,12,evolution du nombre d abonnés au réseau,12
2018,12.1.2,12,evolution du nombre d abonnés 2,196
2018,12.1.3,12,trafic téléphonique tunisie telecom 3,197
2018,12.1.4,12,domaine de l informatique 4,198
2018,12.1.5,12,domaine de la télédiffusion 5,199
2018,12.2,12,domaine de la poste 2,12
2018,12.2,12,domaine de la postes 2,201
2018,12.2.1,12,le réseau commercial 1,201
2018,12.2.10,12,mouvements de fonds des c.c.p. 10.2.12,206
2018,12.2.2,12,colis postaux 2,201
2018,12.2.3,12,mandats 3,202
2018,12.2.4,12,balance du trafic des mandats 4,202
2018,12.2.5,12,epargne postale 5,203
2018,12.2.6,12,comptes d épargne en dinars 6,203
2018,12.2.7,12,montant des mandats émis par l étranger et payés en 7,12
2018,12.2.7,12,montant des mandats 7,204
2018,12.2.8,12,montant des mandats 8,205
2018,12.2.9,12,montant des mandats émis par l étranger et payés en 9,12
2018,12.2.9,12,montant des mandats émis 9,205
2018,13.1,13,evolution annuelle de l indice des prix de vente industriels.. 209 1,12
2018,13.1,13,evolution annuelle de l indice des prix 1,209
2018,13.2,13,evolution mensuelle de l indice des prix de vente industriels 212 2,12
2018,13.2,13,evolution mensuelle 2,212
2018,13.3,13,evolution des prix de détail 3,215
2018,13.4,13,variations annuelles de l indice général des prix à la,12
2018,13.4,13,variations annuelles de l indice général 4,219
2018,13.5,13,indice général des prix à la consommation familiale par 5,13
2018,13.5,13,indice général des prix à la consommation 5,221
2018,13.6,13,evolution de l indice général des prix à la consommation 6,13
2018,13.6,13,evolution de l indice général 6,222
2018,13.7,13,evolution de l indice général des prix à la consommation,13
2018,13.7,13,evolution de l indice général des prix 7,223
2018,13.8,13,quantités des légumes commercialisés aux marchés de 8,13
2018,13.8,13,quantités des légumes commercialisés 8,225
2018,13.9,13,quantités des fruits commercialisés 9,226
2018,14.1,14,evolution mensuelle des échanges 1,229
2018,14.10,14,evolution des échanges 10,239
2018,14.2,14,evolution des échanges. par groupement sectoriel,13
2018,14.2,14,evolution des échanges par 2,230
2018,14.3,14,evolution des échanges 3,231
2018,14.4,14,evolution des échangespar groupement d utilisation des,13
2018,14.4,14,evolution des échanges par groupement 4,232
2018,14.5,14,evolution des exportations des principaux produits par,13
2018,14.5,14,evolution des exportations des principaux 5,233
2018,14.6,14,evolution des exportations des principaux produits par,13
2018,14.6,14,evolution des exportations des principaux 6,234
2018,14.7,14,evolutions des importations des principaux produits par,13
2018,14.7,14,evolution des importations des principaux 7,235
2018,14.8,14,evolution des importations des principaux produits par,13
2018,14.8,14,evolution des importations par groupement,237
2018,14.9,14,evolution des échanges avec les principaux ensembles éco,13
2018,14.9,14,evolution des échanges avec les 9.14,238
2018,15.1,15,evolution de la structure 1,243
2018,15.10,15,paiements extérieurs de la tunisie: : 10,252
2018,15.10,15,paiements exterieurs de la tunisie: : 10,253
2018,15.11,15,paiements extérieurs de la tunisie : : 11,254
2018,15.11,15,paiements exterieurs de la tunisie : : 11,255
2018,15.12,15,taux d intérêt 12,256
2018,15.13,15,cours annuels moyens en dinars des principales 13,13
2018,15.13,15,cours annuels moyens en dinar 13,256
2018,15.14,15,principaux indicateurs boursiers 14,256
2018,15.2,15,evolution du réseau bancaire 2,244
2018,15.3,15,les ressources du système monétaire 3,245
2018,15.4,15,les ressources du système 4,247
2018,15.5,15,evolution de la situation de la banque 5,248
2018,15.6,15,evolution de la situation des banques de dépots 6,249
2018,15.7,15,evolution des crédits à court terme par branche,13
2018,15.7,15,evolution des crédits à court terme 7,250
2018,15.8,15,evolution des crédits à moyen et long terme par 8,13
2018,15.8,15,evolution des crédits à moyen et long,250
2018,15.9,15,evolution du total des crédits par branche d activité 9,13
2018,15.9,15,evolution du total des crédits 9,251
2018,16.1,16,recettes de l état 1,259
2018,16.10,16,dépenses du titre ii (équipement) ) ( 10,269
2018,16.11,16,evolution des dépenses des fonds 11,270
2018,16.12,16,dépenses des fonds de concours 12,271
2018,16.2,16,recettes du titre i par catégorie 2,259
2018,16.3,16,recettes ordinaires 3,260
2018,16.4,16,recettes du titre ii ( équipement ) ) ( 4,264
2018,16.5,16,recettes des fonds de concours 5,264
2018,16.6,16,recettes des fonds spéciaux du trésor 6,265
2018,16.7,16,dépenses de l état 7,266
2018,16.8,16,dépenses du titre i par chapitre 8,267
2018,16.9,16,dépenses du titre i 9,268
2018,17.1,17,ressources et emplois des biens 1,275
2018,17.10,17,créances et dettes 10,279
2018,17.11,17,taux et ratios par habitant 11.17,280
2018,17.12,17,valeurs ajoutées par secteur 12,281
2018,17.13,17,valeurs ajoutées par secteur d activité aux prix de l année,14
2018,17.13,17,valeurs ajoutées par secteur d activité 13,282
2018,17.14,17,formation brute de capital 14,283
2018,17.15,17,formation brute de capital 15,284
2018,17.16,17,compte des opérations avec l extérieur 16,285
2018,17.16,17,compte des opérations avec 16,286
2018,17.2,17,ressources et emplois de biens et services aux prix,14
2018,17.2,17,ressources et emplois de biens 2,275
2018,17.3,17,ressources et emplois de biens et services aux prix de,14
2018,17.3,17,ressources et emplois de biens et services 3,276
2018,17.4,17,ressources et emplois de biens et services aux prix de,14
2018,17.4,17,ressources et emplois de biens et services 4,276
2018,17.5,17,évolution des prix des ressources et emploi de biens et,14
2018,17.5,17,evolution des prix de ressources 5,277
2018,17.6,17,contribution a l évolution du pib aux prix de 6,14
2018,17.6,17,contribution à l évolution du p.i.b aux prix 6,277
2018,17.7,17,revenu national 7,278
2018,17.8,17,consommation et épargne 8,278
2018,17.9,17,investissement et financement 9,279
2018,18.1,18,température minimum absolu 1,289
2018,18.2,18,température maximum absolu 2,290
2018,18.3,18,température moyenne par 3,291
2018,18.4,18,pluviometrie en millimetre par principale station (année,15
2018,18.4,18,pluviométrie en millimètre par 4,292
2018,18.5,18,pluviometrie en millimetre par principale station (année,15
2018,18.5,18,pluviométrie en millimètre par 5,293
2018,18.6,18,nombre de jours de pluie 6,294
2018,19.1,19,les ressources en eaux disponibles 1,297
2018,19.10,19,evolution de la production nette et de la consommation,15
2018,19.10,19,evolution de la production nette 10,300
2018,19.11,19,evolution du nombre d abonnés 11.19,301
2018,19.12,19,evolution de la consommation unitaire annuelle d eau,15
2018,19.12,19,evolution de la consommation 12.19,301
2018,19.13,19,evolution de la consommation spécifique journalière,15
2018,19.13,19,evolution de la consommation 13.19,301
2018,19.14,19,capacité de traitement des stations d épuration en,15
2018,19.14,19,capacite de traitement des stations 14,302
2018,19.15,19,capacité de traitement des stations d épuration en 15,15
2018,19.15,19,capacité de traitement des stations 15,303
2018,19.16,19,capacité de traitement des stations d épuration en,15
2018,19.16,19,capacité de traitement des stations 16,303
2018,19.17,19,rejets d eaux usées en termes de volume 17,304
2018,19.18,19,rejets d eaux usées en termes de demande de l oxigène 18,15
2018,19.18,19,rejets d eaux usées 18,305
2018,19.19,19,répartition de la superficie par catégories d utilisation,15
2018,19.19,19,répartition de la superficie 19,306
2018,19.2,19,evolution des prélèvements 2,297
2018,19.20,19,evolution des superficies reboisées et des plantations,15
2018,19.20,19,evolution des superficies reboisées 20,307
2018,19.21,19,evolution du nombre et des surfaces annuelles des,15
2018,19.21,19,evolution du nombre et des surfaces 21,307
2018,19.3,19,evolution des ressources en eaux renouvelables,15
2018,19.3,19,evolution des ressources 3,297
2018,19.4,19,evolution des prélèvements des eaux souterraines,15
2018,19.4,19,evolution des prélèvements 4,298
2018,19.5,19,prélèvement brut des eaux douces souterraines 5,15
2018,19.5,19,prélèvement brut des eaux douces 5,298
2018,19.6,19,prélèvement brut des eaux non renouvelables 6,15
2018,19.6,19,prélèvement brut 6,298
2018,19.7,19,evolution de la répartition de l exploitation des nappes,15
2018,19.7,19,evolution de la répartition 7,299
2018,19.8,19,exploitation des nappes profondes par classe des,15
2018,19.8,19,exploitation des nappes 8,299
2018,19.9,19,evolution de la production brute de la sonede 9,15
2018,19.9,19,evolution du prélèvement d eau 9,300
2018,2.1,2,enseignement 1,7
2018,2.1.1,2,données générales 1,43
2018,2.1.10,2,principales données du 2ème cycle 10,53
2018,2.1.11,2,population scolaire du 2ème cycle 11,53
2018,2.1.13,2,population scolaire totale du 2ème cycle 13,56
2018,2.1.14,2,nombre d établissements et classes-élèves par,8
2018,2.1.14,2,nombre d établissements du 2ème cycle 14,57
2018,2.1.15,2,personnel enseignant du 2ème cycle 15,58
2018,2.1.16,2,résultats des examens du 1er et du 2ème cycle 16,58
2018,2.1.17,2,répartition des admis au baccalauriat par section et 17,8
2018,2.1.17,2,répartition des admis au baccalauréat 17,59
2018,2.1.18,2,répartition des étudiants réguliers ( 18,60
2018,2.1.19,2,répartition des diplômés de fin d études par filières 19,8
2018,2.1.19,2,effectif des étudiants 19,61
2018,2.1.2,2,principales données du 1 cycle,44
2018,2.1.20,2,répartition des étudiants par secteur et par ministère,8
2018,2.1.20,2,répartition des étudiants réguliers par genre 20,62
2018,2.1.21,2,personnel enseignant à plein temps 21,62
2018,2.1.3,2,nombre d écoles par gouvernorat 3,45
2018,2.1.4,2,nombre de locaux - classes par gouvernorat 4,46
2018,2.1.5,2,personnel enseignant par gouvernorat,47
2018,2.1.6,2,classes - élèves par année d études 6.1.2,48
2018,2.1.8,2,population scolaire totale du 1er cycle 8,51
2018,2.1.9,2,population scolaire du 1er cycle 9.1.2,52
2018,2.2,2,culture 2,8
2018,2.2.1,2,evolution du réseau des bibliothèques 1,63
2018,2.2.2,2,evolution de la capacité des bibliothèques 2,64
2018,2.2.3,2,evolution des fonds de livres par catégorie 3,65
2018,2.2.4,2,evolution des lecteurs par catégorie 4,66
2018,2.2.5,2,evolution des abonnés par catégorie 5,67
2018,2.2.6,2,evolution des livres prêtés par catégorie 6,68
2018,2.2.7,2,nombre de films longs et courts métrages visés par,8
2018,2.2.7,2,nombre de films longs et courts 7,69
2018,2.2.8,2,evolution du nombre d entrées 8,70
2018,2.2.9,2,nombre de salles de cinéma par gouvernorat 9,70
2018,20.1,20,evolution des entreprises privées selon l activité 1,16
2018,20.1,20,evolution des entreprises privées 1,317
2018,20.2,20,evolution des entreprises privées selon la tranche,16
2018,20.2,20,evolution des entreprises privées 2,318
2018,20.3,20,entreprises privées selon le gouvernorat et la tranche,16
2018,20.3,20,entreprises privées selon le gouvernorat et la 3,319
2018,20.4,20,evolution des entrées d entreprises privées selon,16
2018,20.4,20,evolution des entrées d entreprises privées 4,320
2018,20.5,20,evolution des entrées d entreprises privées selon la,16
2018,20.5,20,evolution des entrées d entreprises privées 5,321
2018,20.6,20,evolution des entrées d entreprises privées selon,16
2018,20.6,20,evolution des entrées d entreprises 6,322
2018,20.7,20,evolution des sorties d entreprises privées selon,16
2018,20.7,20,evolution des sorties d entreprises privées 7,323
2018,20.8,20,evolution des sorties d entreprises privées selon la,16
2018,20.8,20,evolution des sorties d entreprises privées 8,324
2018,20.9,20,evolution des sorties d entreprises privées selon,16
2018,20.9,20,evolution des sorties d entreprises privées 9,325
2018,21.1,21,division administrative du pays 1,329
2018,3.1,3,evolution des nombres d abonnés aux maisons des 1,8
2018,3.1,3,evolution des nombres d abonnés aux maisons 1,73
2018,3.10,3,nombre de salles de sports privées 10,82
2018,3.11,3,nombre des centres d hébergements 11,83
2018,3.12,3,nombre des complexes de jeunesse 12,84
2018,3.13,3,nombre des centres de camping 13,85
2018,3.2,3,evolution des nombres d abonnés aux maisons des 2,8
2018,3.2,3,evolution des nombres d abonnés aux maisons 2,74
2018,3.3,3,evolution des nombres d abonnés aux maisons des 3,8
2018,3.3,3,répartition des abonnés aux maisons des jeûnes 3,75
2018,3.4,3,répartition des licenciés par sexe et par gouvernorat,8
2018,3.4,3,répartition des licenciés par sexe et par,76
2018,3.5,3,répartition des licenciés par sexe et par discipline pour 5,8
2018,3.5,3,répartition des licenciés par sexe et par 5,77
2018,3.6,3,répartition des abonnés aux salles de sport privées par 6,8
2018,3.6,3,répartition des abonnés aux salles de 6,78
2018,3.7,3,nombre de salles de sports 7,79
2018,3.8,3,nombre de stades gazonnés 8,80
2018,3.9,3,nombre de maisons de jeûnes 9,81
2018,4.1,4,infrastructure sanitaire du secteur 1,89
2018,4.2,4,infrastructure sanitaire 2,90
2018,4.3,4,effectif des officines et des médecins 3,91
2018,4.4,4,répartition du personnel paramédical du secteur public 4,9
2018,4.4,4,répartition du personnel 4,92
2018,4.5,4,activités de la santé de la reproduction et de la planification 5,9
2018,4.5,4,activités de la santé de la reproduction 5,93
2018,4.6,4,répartition des bénéficiaires de l information 6.4,96
2018,4.7,4,taux de prévalence contraceptive 7.4,96
2018,5.1,5,activité des tribunaux par degré 1,99
2018,5.10,5,affaires enrolées et traitées devant les 10,106
2018,5.2,5,activité de la cour de cassation par 2,99
2018,5.3,5,activités des cours d appel 3,100
2018,5.4,5,activités des tribunaux de 1ere instance par matière 4,101
2018,5.5,5,activités des justices cantonales 5,101
2018,5.6,5,affaires enrolées devant les tribunaux 6,102
2018,5.7,5,affaires traitées devant les tribunaux 7,103
2018,5.8,5,affaires enrolées devant les tribunaux 8,104
2018,5.9,5,affaires traitées devant les tribunaux 9,105
2018,6.1,6,emploi 1,9
2018,6.1.1,6,evolution des actifs et des occupés 1,109
2018,6.1.10,6,données globales 10,113
2018,6.1.2,6,taux de chômage selon le sexe (%) )%( 2,109
2018,6.1.3,6,taux de chômage selon le niveau éducatif (%) )%( 3,109
2018,6.1.4,6,taux de chômage des diplômés de l enseignement 4,9
2018,6.1.4,6,taux de chômage des diplômés de 4,109
2018,6.1.5,6,evolution des demandes d emploi enregistrées par,9
2018,6.1.5,6,evolution des demandes d emploi 5,110
2018,6.1.6,6,evolution des demandes d emploi enregistrées par,9
2018,6.1.6,6,evolution du nombre 6,110
2018,6.1.7,6,evolution des offres d emploi 7,111
2018,6.1.8,6,evolution des placements réalisés en tunisie par,9
2018,6.1.8,6,evolution des placements réalisés 8,112
2018,6.1.9,6,evolution des placements 9,112
2018,6.2,6,salaires 2,9
2018,6.2.1,6,evolution du salaire minimum interprofessionnel garanti,9
2018,6.2.1,6,evolution du salaire minimum 1,114
2018,6.2.2,6,evolution du salaire 2,114
2018,7.1,7,evolution de la production des céréales 1,117
2018,7.10,7,production brute des palmiers par variété et par,10
2018,7.10,7,production brute des palmiers 10,121
2018,7.11,7,evolution de la production de vins moûts et,10
2018,7.11,7,evolution de la production de 11,121
2018,7.12,7,evolution de la superficie des vignobles par,10
2018,7.12,7,evolution de la superficie *,121
2018,7.13,7,evolution de la production des cultures,10
2018,7.13,7,evolution de la production des 13.7,122
2018,7.14,7,evolution de la production 14.7,122
2018,7.15,7,répartition de la flottille active par type 15,10
2018,7.15,7,répartition de la flotille active 15,123
2018,7.2,7,evolution des superficies 2,117
2018,7.3,7,répartition de la superficie selon la catégorie,10
2018,7.3,7,répartition de la superficie selon 3,118
2018,7.4,7,répartition du cheptel 4,118
2018,7.5,7,production de viande par type et production des oeufs 5,118
2018,7.6,7,production des légumes 6,119
2018,7.7,7,evolution de la production 7,119
2018,7.8,7,evolution de la production ) (,120
2018,7.9,7,evolution de la production 9,120
2018,8.1,8,evolution de la production 1.8,127
2018,8.10,8,evolution de la production 10.8,132
2018,8.11,8,evolution du nombre des abonnés 11.8,132
2018,8.12,8,evolution de la production 12,133
2018,8.13,8,evolution de la production 13,133
2018,8.14,8,evolution de la production des produits pétroliers 14.8,134
2018,8.15,8,evolution de la consommation des produits pétroliers 15.8,134
2018,8.2,8,evolution de la consommation 2.8,127
2018,8.3,8,evolution de la puissance,128
2018,8.4,8,evolution de la production,128
2018,8.5,8,evolution des réseaux par tension,129
2018,8.6,8,evolution des ventes d élèctricité 6,129
2018,8.7,8,evolution des ventes d électricité 7,130
2018,8.8,8,evolution des ventes d électricité 8,130
2018,8.9,8,evolution du nombre de consommateurs par centre de,10
2018,8.9,8,evolution du nombre de clients 9,131
2018,9.1,9,indice de la production industrielle 1,137
2018,9.2,9,industries agro - alimentaires 2,139
2018,9.3,9,production de tabac 3,140
2018,9.4,9,matériaux de construction,140
2018,9.5,9,industries mécaniques et élèctrique,141
2018,9.6,9,industries chimiques (production ) ) ( 6,141
2018,9.7,9,industrie du papier (production ) ) ( 7,142
2018,9.8,9,production minière,142
2019,1.1,1,principales caractéristiques démographiques 19 1,7
2019,1.1,1,principales caractéristiques démographiques 1,19
2019,1.10,1,suivant le lieu d accouchement et le gouvernorat de 31 10,7
2019,1.10,1,naissances selon le lieu d accouchement et le gouver- 10,31
2019,1.11,1,par genre et gouvernorat de déclaration 32 11,7
2019,1.11,1,décés observés par genre et gouvernorat de déclaration 11,32
2019,1.12,1,taux bruts de mortalité par gouvernorat 33 12,7
2019,1.12,1,décés corrigés et taux bruts de mortalité par gouvernorat 12,33
2019,1.13,1,mort-nés par gouvernorat de déclaration 34 13,7
2019,1.13,1,evolution des morts-nés par gouvernorat de déclaration 13.1,34
2019,1.14,1,contractés par gouvernorat de déclaration 35 14,7
2019,1.14,1,mariages contractés par gouvernorat de déclaration 14,35
2019,1.15,1,selon le groupe d âge de l époux par gouvernorat 36 15,7
2019,1.15,1,mariage selon le groupe d âge de l époux 15.1,36
2019,1.16,1,selon le groupe d âge de l épouse par gouvernorat 37 16,7
2019,1.16,1,mariage selon le groupe d âge de l épouse 16,37
2019,1.17,1,selon le groupe d âge des époux 38 17,7
2019,1.17,1,mariages selon le groupe d âge des époux 17.1,38
2019,1.18,1,prononces par les tribunaux de 1 ère,7
2019,1.18,1,divorces prononcés par les tribunaux de 1ère instance 18,39
2019,1.2,1,sexe masculin 20 2,7
2019,1.2,1,estimation de la population par groupe d age genre et 2,20
2019,1.3,1,sexe féminin 22 3,7
2019,1.3,1,estimation de la population par groupe d age genre et gouvernorat 3.1,22
2019,1.3,1,estimation de la population par groupe d age genre et 3,23
2019,1.4,1,ensemble 24 4,7
2019,1.4,1,estimation de la population par groupe d age genre et 4,24
2019,1.5,1,estimation de la population par gouvernorat 26 5,7
2019,1.5,1,estimation de la population par gouvernorat au 1er juillet 5.1,26
2019,1.6,1,taux bruts de natalité par gouvernorat 27 6,7
2019,1.6,1,naissances et taux bruts de natalité par gouvernorat 6,27
2019,1.7,1,naissances selon le groupe d âge de la mère et le gouver- 7.1,28
2019,1.8,1,taux de fécondité selon groupe d âge de la mère isf et tgf 29 . . . . 8,7
2019,1.8,1,taux de fécondite1 selon le groupe d âge de la mère isf2 . . ) 2( . . ) 1( 8,29
2019,1.9,1,par genre suivant le gouvernorat de déclaration 30 9,7
2019,1.9,1,naissances par genre suivant le gouvernorat de déclaration 9,30
2019,10.1,10,principaux indicateurs touristiques 145 1,10
2019,10.1,10,principaux indicateurs touristiques 1,145
2019,10.10,10,non résidents par nationalité et par mois .(voie maritime),10
2019,10.10,10,sorties des voyageurs non résidents par nationalité et par mois 10,161
2019,10.11,10,non résidents par voie de transport et poste frontière 163 11,11
2019,10.11,10,sorties des voyageurs non résidents par voie de transport et poste 11,163
2019,10.12,10,entrées des tunisiens par voie de transport et poste,11
2019,10.12,10,entrées des tunisiens par voie de transport et poste frontière 12,164
2019,10.13,10,sorties des tunisiens par pays de destination et par voie 13,11
2019,10.13,10,sorties des tunisiens par pays de destination et par 13,165
2019,10.14,10,capacité d hébergement par région touristique 166 14,11
2019,10.14,10,capacité d hébergement par région touristique 14.10,166
2019,10.15,10,nuitées touristiques globales par nationalité 167 15,11
2019,10.15,10,nuitées touristiques globales par nationalité 15,167
2019,10.16,10,taux d occupation par région touristique 169 16,11
2019,10.16,10,taux d occupation par région touristique 16,169
2019,10.17,10,durée moyenne de séjour par nationalité 169 17,11
2019,10.17,10,durée moyenne de séjour par nationalité,169
2019,10.18,10,nuitées des non-résidents par catégorie hôtelière 170 18,11
2019,10.18,10,nuitées des non résidents par catégorie hotelière 18.10,170
2019,10.19,10,nuitées des non-résidents par région touristique 170,11
2019,10.19,10,nuitées des non résidents par région touristique 19.10,170
2019,10.2,10,non résidents par nationalité et par mois 146 2,10
2019,10.2,10,entrées des voyageurs non résidents par nationalité et par mois 2.10,146
2019,10.2,10,entrées des voyageurs non résidents par nationalité et par mois 2,147
2019,10.20,10,mouvement des croisières maritimes par nationalité et,11
2019,10.20,10,mouvement des croisières maritimes par nationalité et par port d entrée 20,171
2019,10.3,10,non résidents par nationalité et par mois (voie aérienne) 148 ) ( 3,10
2019,10.3,10,entrées des voyageurs non résidents par nationalité et par mois 3,148
2019,10.4,10,non résidents par nationalité et par mois (voie terrestre) 150 ) ( 4,10
2019,10.4,10,entrées des voyageurs non résidents par nationalité et par mois 4,150
2019,10.5,10,non résidents par nationalité et par mois (voie maritime) 152 ) ( 5,10
2019,10.5,10,entrées des voyageurs non résidents par nationalité et par mois 5.10,152
2019,10.5,10,entrées des voyageurs non résidents par nationalité et par mois 5,153
2019,10.6,10,non résidents par nationalité par voie de transport et 6,10
2019,10.6,10,evolution des entrées des voyageurs non résidents par voie de 6,154
2019,10.7,10,non résidents par nationalité et par mois .(ensemble des voies) 155 ) ( 7,10
2019,10.7,10,sorties des voyageurs non résidents par nationalité et par mois 7,155
2019,10.7,10,sorties des voyageurs non résidents par nationalité et par mois 7.10,156
2019,10.8,10,non résidents par nationalité et par mois .(voie aérienne) 157 ) ( 8,10
2019,10.8,10,sorties des voyageurs non résidents par nationalité et par mois 8,157
2019,10.8,10,sorties des voyageurs non résidents par nationalité (suite) ( voie 8.10,158
2019,10.9,10,non résidents par nationalité et par mois .(voie terrestre) 159 ) ( 9,10
2019,10.9,10,sorties des voyageurs non résidents par nationalité 9,159
2019,10.9,10,sorties des voyageurs non résidents par nationalité et par mois 9,160
2019,11.1,11,immatriculation des véhicules neufs par catégorie et,11
2019,11.1,11,immatriculation des véhicules neufs par catégorie et marque 1,175
2019,11.10,11,transport aérien 186 10,11
2019,11.10,11,transport aérien 10.11,186
2019,11.10,11,transport aérien (suite ) ) ( 10,187
2019,11.10,11,transport aérien (suite et fin) ) ( 10,189
2019,11.11,11,transport maritime 190 11,11
2019,11.11,11,transport maritime 11,190
2019,11.11,11,transport maritime (suite ) ) ( 11,191
2019,11.11,11,transport maritime (suite et fin) ) ( 11,192
2019,11.2,11,immatriculation des véhicules occasions par catégorie,11
2019,11.2,11,immatriculation des véhicules occasions par catégorie et marque 2,176
2019,11.3,11,ensemble des immatriculations des véhicules par,11
2019,11.3,11,ensemble des immatriculations des véhicules par catégorie et marque 3,177
2019,11.4,11,répartition des accidents par cause et milieu 178 4,11
2019,11.4,11,répartition du nombre des accidents par cause et milieu 4,178
2019,11.5,11,répartition du nombre des accidents et des victimes 5,11
2019,11.6,11,evolution du nombre des accidents par gouvernorat et,11
2019,11.6,11,evolution du nombre d accidents par gouvernorat et par mois 6,179
2019,11.7,11,evolution du nombre des blessés par gouvernorat et par,11
2019,11.7,11,evolution du nombre des blessés par gouvernorat et par mois 7,180
2019,11.8,11,evolution du nombre des tués par gouvernorat etpar,11
2019,11.8,11,evolution du nombre des tués par gouvernorat et par mois 8,181
2019,11.9,11,transport ferroviaire 182 9,11
2019,11.9,11,transport ferroviaire 9,182
2019,11.9,11,transport ferroviaire (suite) ) ( 9,183
2019,11.9,11,transport ferroviaire (suite et fin) ) ( 9,185
2019,12.1,12,domaine des télécommunications 1,12
2019,12.1,12,domaine des telecommunications 1,195
2019,12.1.1,12,les réseaux téléphoniques 195 1,12
2019,12.1.1,12,les réseaux téléphoniques,195
2019,12.1.2,12,evolution du nombre d abonnés au réseau 2,12
2019,12.1.2,12,evolution du nombre d abonnés au réseau téléphonique fixe 2,196
2019,12.1.3,12,trafic téléphonique 197 : 3,12
2019,12.1.3,12,trafic téléphonique tunisie telecom 3,197
2019,12.1.4,12,domaine de l informatique et de l internet 198 4,12
2019,12.1.4,12,domaine de l informatique et de l internet 4,198
2019,12.1.5,12,domaine de la télédiffusion 199 5,12
2019,12.1.5,12,domaine de la télédiffusion 5,199
2019,12.1.5,12,domaine de la télédiffusion (suite) ) ( 5,200
2019,12.2,12,domaine de la poste 2,12
2019,12.2,12,domaine de la postes 2,201
2019,12.2.1,12,le réseau commercial 201 1,12
2019,12.2.1,12,le réseau commercial 1,201
2019,12.2.10,12,mouvements de fonds des c.c.p 206,12
2019,12.2.10,12,mouvements de fonds des c.c.p. 10.2.12,206
2019,12.2.2,12,colis postaux 201 2,12
2019,12.2.2,12,colis postaux 2,201
2019,12.2.3,12,mandats régime général 202 3,12
2019,12.2.3,12,mandats (régime général) ) ( 3,202
2019,12.2.4,12,balance du trafic des mandats régime,12
2019,12.2.4,12,balance du trafic des mandats (régime international) ) ( 4,202
2019,12.2.5,12,epargne postale 203 5,12
2019,12.2.5,12,epargne postale 5,202
2019,12.2.6,12,comptes d epargne en dinars convertibles 203 6,12
2019,12.2.6,12,comptes d épargne en dinars convertibles 6,203
2019,12.2.7,12,montant des mandats émis par l étranger et payés 7,12
2019,12.2.7,12,montant des mandats émis par l étranger et payés en tunisie par 7,204
2019,12.2.8,12,montant des mandats émis par l étranger et par,12
2019,12.2.8,12,montant des mandats émis par l étranger et par mois 8,205
2019,12.2.9,12,montant des mandats émis par l étranger et payés 9,12
2019,12.2.9,12,montant des mandats émis par l étranger et payés en tunisie par 9,205
2019,13.1,13,evolution annuelle de l indice des prix de vente 1,12
2019,13.2,13,evolution mensuelle de l indice des prix de vente 212 2,12
2019,13.2,13,evolution mensuelle de l indice des prix de vente 2,212
2019,13.2,13,evolution mensuelle de l indice des prix de vente industriels 2,213
2019,13.2,13,evolution mensuelle de l indice des prix de vente industriels 2.13,214
2019,13.3,13,evolution des prix de détail à tunis (moyenne des,12
2019,13.3,13,evolution des prix de détail à tunis (moyenne des 12 mois) ) 12 ( 3,215
2019,13.3,13,evolution des prix de détail à tunis (moyenne des 12 mois) (suite) ) ) ( 12 ( 3,216
2019,13.3,13,evolution des prix de détail à tunis (moyenne des 12 mois) (suite et fin) ) ) ( 12 ( 3,218
2019,13.4,13,variations annuelles de l indice général des prix à la 4,12
2019,13.4,13,variations annuelles de l indice général des prix à la consommation 4,219
2019,13.5,13,indice général des prix à la consommation familiale 5,12
2019,13.5,13,indice général des prix à la consommation familiale par mois et par groupe 5,221
2019,13.6,13,evolution de l indice général des prix à la 6,12
2019,13.6,13,evolution de l indice général des prix à la consommation 6.13,222
2019,13.7,13,evolution de l indice général des prix à la,12
2019,13.7,13,evolution de l indice général des prix à la consommation 7,223
2019,13.8,13,quantités des légumes commercialisés aux marchés 8,12
2019,13.8,13,quantités des légumes commercialisés aux marchés de gros des 8,225
2019,13.9,13,quantités des fruits commercialisés aux marchés de 9,12
2019,13.9,13,quantités des fruits commercialisés aux marchés de gros des 9,226
2019,14.1,14,evolution mensuelle des échanges 229 1,12
2019,14.1,14,evolution mensuelle des échanges 1,229
2019,14.10,14,evolution des échanges avec les principaux pays 239 10,13
2019,14.10,14,evolution des échanges avec les principaux pays 10,239
2019,14.2,14,evolution des échanges. par groupement sectoriel,12
2019,14.2,14,evolution des échanges par groupement sectoriel d activité 2,230
2019,14.3,14,evolution des échanges par type d utilisation 231 3,12
2019,14.3,14,evolution des échanges par type d utilisation 3,231
2019,14.4,14,evolution des échangespar groupement d utilisation 4,12
2019,14.4,14,evolution des échanges par groupement des produits 4,232
2019,14.5,14,evolution des exportations des principaux produits 5,12
2019,14.6,14,evolution des exportations des principaux produits 234 6,13
2019,14.6,14,evolution des exportations des principaux produits 6,234
2019,14.7,14,evolutions des importations des principaux produits 7,13
2019,14.7,14,evolution des importations des principaux produits 7,235
2019,14.7,14,evolution des importations des principaux produits par 7,236
2019,14.8,14,evolution des importations des principaux produits 8,13
2019,14.8,14,evolution des importations par groupement des principaux 8,237
2019,14.9,14,evolution des échanges avec les principaux 9,13
2019,14.9,14,evolution des échanges avec les principaux ensembles 9.14,238
2019,15.1,15,evolution de la structure du système financier 243,13
2019,15.1,15,evolution de la structure du système financier 1,243
2019,15.10,15,paiements extérieurs de la tunisie: evolution des,13
2019,15.10,15,paiements extérieurs de la tunisie: evolution des recettes : 10,252
2019,15.10,15,paiements exterieurs de la tunisie: evolution des ( : 10,253
2019,15.11,15,paiements extérieurs de la tunisie: evolution des,13
2019,15.11,15,paiements extérieurs de la tunisie : evolution des dépenses : 11,254
2019,15.11,15,paiements exterieurs de la tunisie : evolution des dépenses (suite ( : 11,255
2019,15.12,15,taux d intérêt 256 12,13
2019,15.12,15,taux d intérêt 12.15,256
2019,15.13,15,cours annuels moyens en dinars des principales 13,13
2019,15.13,15,cours annuels moyens en dinar des principales 13.15,256
2019,15.14,15,principaux indicateurs boursiers 256 14,13
2019,15.14,15,principaux indicateurs boursiers 14.15,256
2019,15.2,15,evolution du réseau bancaire par gouvernorat 244 2,13
2019,15.2,15,evolution du réseau bancaire par gouvernorat 2.15,244
2019,15.3,15,les ressources du système monétaire et leurs,13
2019,15.3,15,les ressources du système monétaire et leurs contreparties 3,245
2019,15.3,15,les ressources du système monétaire et leurs contreparties (suite et fin) ) ( 3,246
2019,15.4,15,les ressources du système financier et leurs,13
2019,15.4,15,les ressources du système financier et leurs contreparties 4,247
2019,15.5,15,evolution de la situation de la banque centrale par,13
2019,15.5,15,evolution de la situation de la banque centrale par secteur 5,248
2019,15.6,15,evolution de la situation des banques de dépôts par,13
2019,15.6,15,evolution de la situation des banques de dépots par secteur 6,249
2019,15.7,15,evolution des crédits à court terme par branche 7,13
2019,15.7,15,evolution des crédits à court terme par branche d activité 7,250
2019,15.8,15,evolution des crédits à moyen et long terme par 8,13
2019,15.8,15,evolution des crédits à moyen et long terme par branche d activité 8,250
2019,15.9,15,evolution du total des crédits par branche d activité 9,13
2019,15.9,15,evolution du total des crédits par branche d activité économique 9,251
2019,16.1,16,recettes de l état 259 1,13
2019,16.1,16,recettes de l état 1,259
2019,16.10,16,dépenses du titre ii par chapitre 269 ( ) 10,13
2019,16.10,16,dépenses du titre ii (équipement) par chapitre ( ) 10,269
2019,16.11,16,evolution des dépenses des fonds spéciaux du trésor 270 11,13
2019,16.11,16,evolution des dépenses des fonds spéciaux du trésor ventilés par fonds 11,270
2019,16.12,16,dépenses des fonds de concours 271 12,13
2019,16.12,16,dépenses des fonds de concours 12,271
2019,16.2,16,recettes du titre i par catégorie (fonctionnement) 259 ) ( 2,13
2019,16.2,16,recettes du titre i par catégorie (fonctionnement) ) ( 2,259
2019,16.3,16,recettes ordinaires du budget de l état par article 260 3,13
2019,16.3,16,recettes ordinaires du budget de l état par article 3,260
2019,16.3,16,recettes ordinaires du budget de l état par article (suite) ) ( 3,261
2019,16.3,16,recettes ordinaires du budget de l état par article ( 3,263
2019,16.4,16,recettes du titre ii (équipement) 264 ) ( 4,13
2019,16.4,16,recettes du titre ii ( équipement ) ) ( 4,264
2019,16.5,16,recettes des fonds de concours (titre ii section ii) 264 ) ( 5,13
2019,16.5,16,recettes des fonds de concours ( titre ii section ii ) ) ( 5,264
2019,16.6,16,recettes des fonds spéciaux du trésor ventilée par fonds 265 6.16,13
2019,16.6,16,recettes des fonds spéciaux du trésor ventilées par fonds 6,265
2019,16.6,16,recettes des fonds spéciaux du trésor ventilées par fonds (suite) ) ( 6,266
2019,16.7,16,dépenses de l état 266 7,13
2019,16.7,16,dépenses de l état 7,266
2019,16.8,16,dépenses du titre i par chapitre 267 8,13
2019,16.8,16,dépenses du titre i par chapitre 8,267
2019,16.9,16,dépenses du titre i par catégorie et chapitre 268 9,13
2019,16.9,16,dépenses du titre i par catégorie et département 9,268
2019,17.1,17,ressources et emplois des biens et services aux prix,14
2019,17.1,17,ressources et emplois des biens et services aux prix courants 1,275
2019,17.10,17,créances et dettes 279 10,14
2019,17.10,17,créances et dettes 10,279
2019,17.11,17,taux et ratios par habitant 280 11,14
2019,17.11,17,taux et ratios par habitant 11.17,280
2019,17.12,17,valeurs ajoutées par secteur d activité (prix courants) 281 ) ( 12,14
2019,17.12,17,valeurs ajoutées par secteur d activité (aux prix courants) ) ( 12,281
2019,17.13,17,valeurs ajoutées par secteur d activité aux prix de,14
2019,17.13,17,valeurs ajoutées par secteur d activité aux prix de l année précédente 13,282
2019,17.14,17,formation brute de capital fixe par secteur d activité 283,14
2019,17.14,17,formation brute de capital fixe par secteur d activité 14,283
2019,17.15,17,formation brute de capital fixe par domaine 284 15,14
2019,17.15,17,formation brute de capital fixe par domaine 15,284
2019,17.16,17,compte des opérations avec l extérieur 285 16,14
2019,17.16,17,compte des opérations avec l extérieur 16,285
2019,17.16,17,compte des opérations avec l extérieur (suite et fin) ) ( 16,286
2019,17.2,17,ressources et emplois de biens et services aux prix 2,14
2019,17.2,17,ressources et emplois de biens et services aux prix courants 2,275
2019,17.3,17,ressources et emplois de biens et services aux prix 276 3,14
2019,17.3,17,ressources et emplois de biens et services aux prix de l année précédente 3,276
2019,17.4,17,ressources et emplois de biens et services aux prix 4,14
2019,17.4,17,ressources et emplois de biens et services aux prix de l année 4,276
2019,17.5,17,évolution des prix des ressources et emploi de biens,14
2019,17.5,17,evolution des prix de ressources et emplois de biens et services 5,277
2019,17.6,17,contribution a l évolution du pib aux prix de l année 277 6,14
2019,17.6,17,contribution à l évolution du p.i.b aux prix de l année précédente 6,277
2019,17.7,17,produit national 278 7,14
2019,17.7,17,revenu national 7,278
2019,17.8,17,consommation et epargne 278 8,14
2019,17.8,17,consommation et épargne 8,278
2019,17.9,17,investissement et financement 279 9,14
2019,17.9,17,investissement et financement 9,279
2019,18.1,18,temperature minimum absolu par principale station 289,14
2019,18.1,18,température minimum absolu par principale station 1,289
2019,18.2,18,temperature maximum absolu par principale station 290,14
2019,18.2,18,température maximum absolu par principale station 2. 18,290
2019,18.3,18,temperature moyenne par principale station 291 3,14
2019,18.3,18,température moyenne par principale station 3,291
2019,18.4,18,pluviometrie en millimetre par principale station 292 ( 4,14
2019,18.4,18,pluviométrie en millimètre par principale station 4. 18 ( ),292
2019,18.5,18,pluviometrie en millimetre par principale station 293 ( 5,14
2019,18.5,18,pluviométrie en millimètre par principale station (année 5,293
2019,18.6,18,nombre de jours de pluie par station (année agricole) 294 ),14
2019,19.1,19,les ressources en eaux disponibles par source 297 1,14
2019,19.1,19,les ressources en eaux disponibles par source 1,297
2019,19.10,19,evolution de la production nette et de la 10,15
2019,19.10,19,evolution de la production nette et de la consommation d eau potable 10.19,300
2019,19.11,19,evolution du nombre d abonnés par usage 301 11,15
2019,19.11,19,evolution du nombre d abonnés par usage 11.19,301
2019,19.12,19,evolution de la consommation unitaire annuelle 12,15
2019,19.12,19,evolution de la consommation unitaire annuelle d eau potable par 12.19,301
2019,19.13,19,evolution de la consommation spécifique journalière 13,15
2019,19.13,19,evolution de la consommation spécifique journalière d eau 13.19,301
2019,19.14,19,capacité de traitement des stations d épuration en,15
2019,19.14,19,capacite de traitement des stations d épuration en termes de volume 14,302
2019,19.15,19,capacité de traitement des stations d épuration en 15,15
2019,19.15,19,capacité de traitement des stations d épuration en termes de 15,303
2019,19.16,19,capacité de traitement des stations d épuration en 16,15
2019,19.16,19,capacité de traitement des stations d épuration en termes 16,303
2019,19.17,19,rejets d eaux usées en termes de volume 304 17,15
2019,19.17,19,rejets d eaux usées en termes de volume 17,304
2019,19.18,19,rejets d eaux usées en termes de demande de 18,15
2019,19.18,19,rejets d eaux usées en termes de dbo 18,305
2019,19.19,19,répartition de la superficie par catégories d utilisation 306 19,15
2019,19.19,19,répartition de la superficie par catégories d utilisation des sols 19,306
2019,19.2,19,evolution des prélèvements des eaux souterraines 297 2,14
2019,19.2,19,evolution des prélèvements des eaux souterraines 2,297
2019,19.20,19,evolution des superficies reboisées et des,15
2019,19.20,19,evolution des superficies reboisées et des plantations pastorales 20,307
2019,19.21,19,evolution du nombre et des surfaces annuelles des 307 21,15
2019,19.21,19,evolution du nombre et des surfaces annuelles des incendies des forêts 21,307
2019,19.3,19,evolution des ressources en eaux renouvelables,14
2019,19.3,19,evolution des ressources en eaux renouvelables disponibles 3,297
2019,19.4,19,evolution des prélèvements des eaux souterraines 4,14
2019,19.4,19,evolution des prélèvements des eaux souterraines renouvelables 4,298
2019,19.5,19,prélèvement brut des eaux douces souterraines 5,14
2019,19.5,19,prélèvement brut des eaux douces souterraines renouvelables 5,298
2019,19.6,19,prélèvement brut des eaux non renouvelables 6,14
2019,19.6,19,prélèvement brut des eaux non renouvelables (aquifères) par 6,298
2019,19.7,19,evolution de la répartition de l exploitation des,15
2019,19.7,19,evolution de la répartition de l exploitation des nappes 7,299
2019,19.8,19,exploitation des nappes profondes par classe des 8,15
2019,19.8,19,exploitation des nappes profondes par classe des résidus 8,299
2019,19.9,19,evolution de la production brute de la sonede selon 9,15
2019,19.9,19,evolution du prélèvement d eau de la sonede selon les 9.19,300
2019,2.1,2,enseignement 1,7
2019,2.1.1,2,informations générales 43 1,7
2019,2.1.1,2,données générales 1,43
2019,2.1.10,2,principales données statistiques 53 10,7
2019,2.1.10,2,principales données du 2ème cycle de l enseignement 10,53
2019,2.1.11,2,population scolaire par année d études 53 11,7
2019,2.1.11,2,population scolaire du 2ème cycle de l enseignement de base 11,53
2019,2.1.12,2,population scolaire par genre et par gouvernorat 54 12,7
2019,2.1.13,2,population scolaire totale par gouvernorat 56 13,7
2019,2.1.13,2,population scolaire totale du 2ème cycle de l enseignement 13,56
2019,2.1.14,2,nombre d établissements et classes-élèves par gouvernorat 57 14,7
2019,2.1.14,2,nombre d établissements du 2ème cycle de l enseignement de 14,57
2019,2.1.15,2,personnel enseignant selon le genre et la nationalité. 58 15,8
2019,2.1.15,2,personnel enseignant du 2ème cycle de l enseignement 15,58
2019,2.1.16,2,résultats des examens 58 16,8
2019,2.1.16,2,résultats des examens du 1 et du 2 cycle de 16,58
2019,2.1.17,2,répartition des admis au baccalauriat par section et 59 17,8
2019,2.1.17,2,répartition des admis au baccalauréat par section 17,59
2019,2.1.18,2,répartition des étudiants par filières et par genre 60 18,8
2019,2.1.18,2,répartition des étudiants réguliers par filières 18,60
2019,2.1.19,2,répartition des diplômés de fin d études par filières et 61 19,8
2019,2.1.19,2,effectif des étudiants diplômés de fin d études 19,61
2019,2.1.2,2,principales données 44 2,7
2019,2.1.20,2,répartition des étudiants par secteur et par ministère 62 20,8
2019,2.1.20,2,répartition des étudiants réguliers par genre 20,62
2019,2.1.21,2,personnel enseignant à plein temps 62 21,8
2019,2.1.21,2,personnel enseignant à plein temps en 2019 - 2020 2020 - 2019 21,62
2019,2.1.3,2,nombre d écoles par gouvernorat 45 3,7
2019,2.1.3,2,nombre d écoles par gouvernorat du 1er cycle de 3,45
2019,2.1.4,2,nombre de locaux - classes par gouvernorat 46 4,7
2019,2.1.4,2,nombre de locaux - classes par gouvernorat du 1er cycle de 4,46
2019,2.1.5,2,personnel enseignant par gouvernorat 47 5,7
2019,2.1.5,2,personnel enseignant par gouvernorat du 1er cycle de 5,47
2019,2.1.6,2,classes élèves par année d études 48 6,7
2019,2.1.6,2,classes - élèves par année d études du 1 cycle de 6.1.2,48
2019,2.1.7,2,population scolaire par genre et par gouvernorat 49 7,7
2019,2.1.8,2,population scolaire totale par gouvernorat 51 8,7
2019,2.1.8,2,population scolaire totale du 1er cycle de 8,51
2019,2.1.9,2,population scolaire par année d études 52 9,7
2019,2.1.9,2,population scolaire du 1er cycle de l enseignement de 9.1.2,52
2019,2.2,2,culture 2,8
2019,2.2.1,2,evolution du réseau des bibliothèques par catégorie 1,63
2019,2.2.2,2,evolution de la capacité des bibliothèques par 2,64
2019,2.2.3,2,evolution des fonds de livres par catégorie de 3,65
2019,2.2.4,2,evolution des lecteurs par catégorie de 4,66
2019,2.2.5,2,evolution des abonnés par catégorie de 5,67
2019,2.2.6,2,evolution des livres prêtés par catégorie de 6,68
2019,2.2.7,2,nombre de films longs et courts métrages visés par nationalité 69 7,8
2019,2.2.7,2,nombre de films longs et courts métrages visés par nationalité 7,69
2019,2.2.8,2,evolution des nombres d entrées dans les salles 70 8,8
2019,2.2.8,2,evolution du nombre d entrées dans les salles de cinéma 8,70
2019,2.2.9,2,nombre de salles par gouvernorat 70,8
2019,2.2.9,2,nombre de salles de cinéma par gouvernorat,70
2019,20.1,20,evolution des entreprises privées selon l activité 1,15
2019,20.2,20,evolution des entreprises privées selon la tranche 2,15
2019,20.2,20,evolution des entreprises privées selon la tranche de salariés 2,318
2019,20.3,20,entreprises privées selon le gouvernorat et la 3,15
2019,20.3,20,entreprises privées selon le gouvernorat et la tranche de salariés 3,319
2019,20.4,20,evolution des entrées d entreprises privées selon 4,15
2019,20.5,20,evolution des entrées d entreprises privées selon 5,15
2019,20.5,20,evolution des entrées d entreprises privées selon la tranche de 5,321
2019,20.6,20,evolution des entrées d entreprises privées selon 6,15
2019,20.6,20,evolution des entrées d entreprises privées selon le gouvernorat 6,322
2019,20.7,20,evolution des sorties d entreprises privées selon 7,15
2019,20.8,20,evolution des sorties d entreprises privées selon la 8,15
2019,20.9,20,evolution des sorties d entreprises privées selon,15
2019,20.9,20,evolution des sorties d entreprises privées selon le gouvernorat 9,325
2019,21.1,21,division administrative du pays 329,15
2019,21.1,21,division administrative du pays 1,329
2019,3.1,3,evolution des nombres d abonnés aux maisons des,8
2019,3.1,3,evolution des nombres d abonnés aux maisons des 1,73
2019,3.10,3,nombre de salles de sports privées par gouvernorat 82 10,8
2019,3.10,3,nombre de salles de sports privées par gouvernorat 10.3,82
2019,3.11,3,nombre des centres d hébergements par gouvernorat 83 11,8
2019,3.11,3,nombre des centres d hébergements par gouvernorat 11,83
2019,3.12,3,nombre des complexes de jeunesse par gouvernorat 84 12,8
2019,3.12,3,nombre des complexes de jeunesse par gouvernorat 12.3,84
2019,3.13,3,nombre des centres de camping par gouvernorat 85 13,8
2019,3.13,3,nombre des centres de camping par gouvernorat 13,85
2019,3.2,3,evolution des nombres d abonnés aux maisons des 2,8
2019,3.3,3,evolution des nombres d abonnés aux maisons des 3,8
2019,3.3,3,répartition des abonnés aux maisons des jeûnes par activité 3,75
2019,3.4,3,répartition des licenciés par sexe et par gouvernorat,8
2019,3.4,3,répartition des licenciés par sexe et par gouvernorat pour 4,76
2019,3.5,3,répartition des licenciés par sexe et par discipline pour 5,8
2019,3.5,3,répartition des licenciés par sexe et par 5,77
2019,3.6,3,répartition des abonnés aux salles de sport privées par gouvernorat 78 6,8
2019,3.6,3,répartition des abonnés aux salles de sport privées 6,78
2019,3.7,3,nombre de salles de sports par gouvernorat 79 7,8
2019,3.7,3,nombre de salles de sports par gouvernorat 7,79
2019,3.8,3,nombre de stades gazonnés par gouvernorat 80 8,8
2019,3.8,3,nombre de stades gazonnés par gouvernorat 8.3,80
2019,3.9,3,nombre de maisons de jeunes par gouvernorat 81 9,8
2019,3.9,3,nombre de maisons de jeûnes par gouvernorat 9,81
2019,4.1,4,infrastructure sanitaire du secteur public par gouvernorat 89 1,8
2019,4.1,4,infrastructure sanitaire du secteur public par gouvernorat 1,89
2019,4.2,4,infrastructure sanitaire du secteur privé par gouvernorat 90 2,8
2019,4.2,4,infrastructure sanitaire du secteur privé par gouvernorat 2,90
2019,4.3,4,effectif des officines et des médecins par gouvernorat 91 3,8
2019,4.3,4,effectif des officines et des médecins par gouvernorat 3,91
2019,4.4,4,répartition du personnel paramédical du secteur public 4,8
2019,4.4,4,répartition du personnel paramédical par grade et par gouvernorat* 4,92
2019,4.5,4,activités de la santé de la reproduction et de la 2019 5,8
2019,4.5,4,activités de la santé de la reproduction et de la planification 5,93
2019,4.5,4,activités de la santé de la reproduction et de la planification familiale 5,95
2019,4.6,4,répartition des bénéficiaires de l information. de 6,8
2019,4.6,4,répartition des bénéficiaires de l information de l éducation et de 6.4,96
2019,4.7,4,taux de prévalence contraceptive 96 7,8
2019,4.7,4,taux de prévalence contraceptive 7.4,96
2019,5.1,5,des tribunaux par degré 99 1,9
2019,5.1,5,activité des tribunaux par degré au cours de l année judiciaire 2017-2018 2018-2017 1,99
2019,5.10,5,en matière criminelle au cours de l année judiciaire 106 10,9
2019,5.10,5,affaires enrolées et traitées devant les tribunaux de 1ere instance 10.5,106
2019,5.2,5,de la cour de cassation par matière 99 2,9
2019,5.2,5,activité de la cour de cassation par matière au cours de l année 2,99
2019,5.3,5,des cours d appel par matière 100 3,9
2019,5.3,5,activités des cours d appel par matière et par année judiciaire 3,100
2019,5.4,5,des tribunaux de première instance par matière 101 4,9
2019,5.4,5,activités des tribunaux de 1ere instance par matière au cours 4,101
2019,5.5,5,des justices cantonales par matière 101 5,9
2019,5.5,5,activités des justices cantonales par matière au cours de 5,101
2019,5.6,5,en matière civile par année judiciaire 102 6,9
2019,5.6,5,affaires enrolées devant les tribunaux de 1ere instance en matière 6,102
2019,5.7,5,en matière correctionnelle par année judiciaire 103 7,9
2019,5.7,5,affaires traitées devant les tribunaux de 1ere instance en matière 7,103
2019,5.8,5,en matière civile par année judiciaire 104 8,9
2019,5.8,5,affaires enrolées devant les tribunaux de 1ere instance en matière 8,104
2019,5.9,5,en matière correctionnelle par année judiciaire 105 9,9
2019,5.9,5,affaires traitées devant les tribunaux de 1ere instance en matière 9,105
2019,6.1,6,emploi 1,9
2019,6.1.1,6,evolution des actifs et des occupés 109 1,9
2019,6.1.1,6,evolution des actifs et des occupés 1,109
2019,6.1.10,6,données globales du marché de l emploi 113 10,9
2019,6.1.10,6,données globales du marché de l emploi 10,113
2019,6.1.2,6,taux de chômage selon le sexe (%) 109 )%( 2,9
2019,6.1.2,6,taux de chômage selon le sexe (%) (mois de mai) )) ( %( 2,109
2019,6.1.3,6,taux de chômage selon le niveau éducatif (%) 109 )%( 3,9
2019,6.1.3,6,taux de chômage selon le niveau éducatif (%) (mois de mai) )) ( %( 3,109
2019,6.1.4,6,taux de chômage des diplômés de l enseignement 4,9
2019,6.1.4,6,taux de chômage des diplômés de l enseignement ) ( %( 4,109
2019,6.1.5,6,evolution des demandes d emploi enregistrées par 5,9
2019,6.1.5,6,evolution des demandes d emploi enregistrées 5,110
2019,6.1.6,6,evolution des demandes d emploi enregistrées par gouvernorat 110 6,9
2019,6.1.6,6,evolution du nombre des demandes d emploi par gouvernorat enregistrées 6,110
2019,6.1.7,6,evolution des offres d emploi reçues par gouvernorat.. 111 7,9
2019,6.1.7,6,evolution des offres d emploi reçues par gouvernorat 7,111
2019,6.1.8,6,evolution des placements réalisés en tunisie par catégorie 112 8,9
2019,6.1.8,6,evolution des placements réalisés en tunisie 8,112
2019,6.1.9,6,evolution des placements réalisés en tunisie par gouvernorat 112 9,9
2019,6.1.9,6,evolution des placements réalisés en tunisie par gouvernorat 9,112
2019,6.2,6,salaires 2,9
2019,6.2.1,6,evolution du salaire minimum interprofessionnel garanti (smig) 114 1,9
2019,6.2.1,6,evolution du salaire minimum interprofessionnel garanti 1,114
2019,6.2.2,6,evolution du salaire minimum agricole garanti (smag) 114 2,9
2019,6.2.2,6,evolution du salaire minimum agricole garanti (smag) 2,114
2019,7.1,7,evolution de la production des céréales 117,9
2019,7.1,7,evolution de la production des céréales 1,117
2019,7.10,7,production brute des palmiers par variété et par année,9
2019,7.10,7,production brute des palmiers par varieté et par année de récolte 10,121
2019,7.11,7,evolution de la production de vins moûts et mistelles par 121 11,9
2019,7.11,7,evolution de la production de vins mouts et mistelles par gouvernorat 11,121
2019,7.12,7,evolution de la superficie des vignobles par gouvernorat 121 12,10
2019,7.12,7,evolution de la superficie des vignobles * par gouvernorat * 12,121
2019,7.13,7,evolution de la production des cultures industrielles 122 13,10
2019,7.13,7,evolution de la production des cultures industrielles 13.7,122
2019,7.14,7,evolution de la production de la pêche par type 122 14,10
2019,7.14,7,evolution de la production de la pêche par type 14.7,122
2019,7.15,7,répartition de la flottille active par type d embarcation et 123 15,10
2019,7.15,7,répartition de la flotille active par type d embarcation et gouver- 15,123
2019,7.2,7,evolution des superficies ensemencées en céréales 117,9
2019,7.2,7,evolution des superficies ensemencées en céréales 2,117
2019,7.3,7,répartition de la superficie selon la catégorie,9
2019,7.3,7,répartition de la superficie selon la catégorie d occupation du sol 3,118
2019,7.4,7,répartition du cheptel 118,9
2019,7.4,7,répartition du cheptel 4,118
2019,7.5,7,production de viande par type 118,9
2019,7.5,7,production de viande par type et production des oeufs 5,118
2019,7.6,7,production des légumes 119 6.7,9
2019,7.6,7,production des légumes 6,119
2019,7.7,7,evolution de la production des légumineuses 119,9
2019,7.7,7,evolution de la production des légumineuses 7,119
2019,7.8,7,evolution de la production des fruits (sauf agrumes) 120 ) (,9
2019,7.8,7,evolution de la production des fruits (sauf agrumes) ) ( 8,120
2019,7.9,7,evolution de la production d agrumes par variété 120,9
2019,7.9,7,evolution de la production d agrumes par variété 9,120
2019,8.1,8,evolution de la production d energie primaire 127,10
2019,8.1,8,evolution de la production d énergie primaire 1.8,127
2019,8.10,8,evolution de la production et de la consommation du gaz 10.8,132
2019,8.12,8,evolution de la production et de la consommation d eau 12,133
2019,8.13,8,evolution de la production et des échanges de pétrole brut 13,133
2019,8.14,8,evolution de la production des produits pétroliers 14.8,134
2019,8.15,8,evolution de la consommation des produits pétroliers 15.8,134
2019,8.2,8,evolution de la consommation d énergie primaire 2.8,127
2019,8.3,8,evolution de la puissance installée par centrale 1 1,128
2019,8.4,8,evolution de la production d électricité par centrale 128 4,10
2019,8.4,8,evolution de la production d élèctricité par centrale 2,128
2019,8.5,8,evolution des réseaux par tension,129
2019,8.6,8,evolution des ventes d élèctricité par centre de distribution 6,129
2019,8.7,8,evolution des ventes d électricité par tension 7,130
2019,8.8,8,evolution des ventes d électricité de haute et moyenne 8,130
2019,8.9,8,evolution du nombre de consommateurs par centre 9,10
2019,8.9,8,evolution du nombre de clients d électricité par centre de 9,131
2019,9.1,9,indice de la production industrielle 137,10
2019,9.1,9,indice de la production industrielle 1,137
2019,9.1,9,indice de la production industrielle (suite et fin) ) ( 1,138
2019,9.2,9,industries agro-alimentaires 139,10
2019,9.2,9,industries agro - alimentaires (production) ) ( 2,139
2019,9.3,9,production de tabac 140,10
2019,9.3,9,production de tabac 3,140
2019,9.4,9,matériaux de construction. céramique et verre 140,10
2019,9.4,9,matériaux de construction céramique et verre 4,140
2019,9.5,9,industries mécaniques 141,10
2019,9.5,9,industries mécaniques et élèctrique (production ) ) (,141
2019,9.6,9,industries chimiques (production) 141 ) (,10
2019,9.6,9,industries chimiques (production ) ) ( 6,141
2019,9.7,9,industrie du papier (production) 142 ) (,10
2019,9.7,9,industrie du papier (production ) ) ( 7,142
2019,9.8,9,production minière 142,10
2019,9.8,9,production minière 8,142
2020,1.1,1,principales caractéristiques démographiques 19 1,7
2020,1.1,1,principales caractéristiques démographiques 1,19
2020,1.10,1,suivant le lieu d accouchement et le gouvernorat de 31 10,7
2020,1.10,1,naissances selon le lieu d accouchement et le gouver- 10,31
2020,1.11,1,décès corrigés selon le gouvernorat de domicile et le sexe 32 11,7
2020,1.11,1,décès corriges selon le gouvernorat de domicile et le sexe 11,32
2020,1.12,1,taux bruts de mortalité par gouvernorat 33 12,7
2020,1.12,1,décès et taux bruts de mortalité par gouvernorat 12,33
2020,1.13,1,mort-nés par gouvernorat de déclaration 34 13,7
2020,1.13,1,evolution des morts-nés par gouvernorat de déclaration 13.1,34
2020,1.14,1,contractés par gouvernorat de déclaration 35 14,7
2020,1.14,1,mariages contractés par gouvernorat de déclaration 14,35
2020,1.15,1,selon le groupe d âge de l époux par gouvernorat 36 15,7
2020,1.15,1,mariage selon le groupe d âge de l époux 15.1,36
2020,1.16,1,selon le groupe d âge de l épouse par gouvernorat 37 16,7
2020,1.16,1,mariage selon le groupe d âge de l épouse 16,37
2020,1.17,1,selon le groupe d âge des époux 38 17,7
2020,1.17,1,mariages selon le groupe d âge des époux 17.1,38
2020,1.18,1,prononces par les tribunaux de 1 ère,7
2020,1.18,1,divorces prononcés par les tribunaux de 1ère instance 18,39
2020,1.2,1,sexe masculin 20 2,7
2020,1.2,1,estimation de la population par groupe d age genre et 2,20
2020,1.3,1,sexe féminin 22 3,7
2020,1.3,1,estimation de la population par groupe d age genre et gouvernorat 3.1,22
2020,1.3,1,estimation de la population par groupe d age genre et 3,23
2020,1.4,1,ensemble 24 4,7
2020,1.4,1,estimation de la population par groupe d age genre et 4,24
2020,1.5,1,estimation de la population par gouvernorat 26 5,7
2020,1.5,1,estimation de la population par gouvernorat au 1er juillet 5.1,26
2020,1.6,1,taux bruts de natalité par gouvernorat 27 6,7
2020,1.6,1,naissances et taux bruts de natalité par gouvernorat 6,27
2020,1.7,1,naissances selon le groupe d âge de la mère et le gouver- 7.1,28
2020,1.8,1,taux de fécondité selon groupe d âge de la mère isf et tgf 29 . . . . 8,7
2020,1.8,1,taux de fécondite1 selon le groupe d âge de la mère isf2 . . ) 2( . . ) 1( 8,29
2020,1.9,1,par genre suivant le gouvernorat de déclaration 30 9,7
2020,1.9,1,naissances par genre suivant le gouvernorat de déclaration 9,30
2020,10.1,10,principaux indicateurs touristiques 145 1,10
2020,10.1,10,principaux indicateurs touristiques 1,145
2020,10.10,10,non résidents par nationalité et par mois .(voie maritime),10
2020,10.10,10,sorties des voyageurs non résidents par nationalité et par mois 10,161
2020,10.11,10,non résidents par voie de transport et poste frontière 163 11,11
2020,10.11,10,sorties des voyageurs non résidents par voie de transport et poste 11,163
2020,10.12,10,entrées des tunisiens par voie de transport et poste,11
2020,10.12,10,entrées des tunisiens par voie de transport et poste frontière 12,164
2020,10.13,10,sorties des tunisiens par pays de destination et par voie 13,11
2020,10.13,10,sorties des tunisiens par pays de destination et par 13,165
2020,10.14,10,capacité d hébergement par région touristique 166 14,11
2020,10.14,10,capacité d hébergement par région touristique 14.10,166
2020,10.15,10,nuitées touristiques globales par nationalité 167 15,11
2020,10.15,10,nuitées touristiques globales par nationalité 15,167
2020,10.16,10,taux d occupation par région touristique 169 16,11
2020,10.16,10,taux d occupation par région touristique 16,169
2020,10.17,10,durée moyenne de séjour par nationalité 169 17,11
2020,10.17,10,durée moyenne de séjour par nationalité,169
2020,10.18,10,nuitées des non-résidents par catégorie hôtelière 170 18,11
2020,10.18,10,nuitées des non résidents par catégorie hotelière 18.10,170
2020,10.19,10,nuitées des non-résidents par région touristique 170,11
2020,10.19,10,nuitées des non résidents par région touristique 19.10,170
2020,10.2,10,non résidents par nationalité et par mois 146 2,10
2020,10.2,10,entrées des voyageurs non résidents par nationalité et par mois 2.10,146
2020,10.2,10,entrées des voyageurs non résidents par nationalité et par mois 2,147
2020,10.20,10,mouvement des croisières maritimes par nationalité et,11
2020,10.20,10,mouvement des croisières maritimes par nationalité et par port d entrée 20,171
2020,10.3,10,non résidents par nationalité et par mois (voie aérienne) 148 ) ( 3,10
2020,10.3,10,entrées des voyageurs non résidents par nationalité et par mois 3,148
2020,10.4,10,non résidents par nationalité et par mois (voie terrestre) 150 ) ( 4,10
2020,10.4,10,entrées des voyageurs non résidents par nationalité et par mois 4,150
2020,10.5,10,non résidents par nationalité et par mois (voie maritime) 152 ) ( 5,10
2020,10.5,10,entrées des voyageurs non résidents par nationalité et par mois 5.10,152
2020,10.5,10,entrées des voyageurs non résidents par nationalité et par mois 5,153
2020,10.6,10,non résidents par nationalité par voie de transport et 6,10
2020,10.6,10,evolution des entrées des voyageurs non résidents par voie de 6,154
2020,10.7,10,non résidents par nationalité et par mois .(ensemble des voies) 155 ) ( 7,10
2020,10.7,10,sorties des voyageurs non résidents par nationalité et par mois 7,155
2020,10.7,10,sorties des voyageurs non résidents par nationalité et par mois 7.10,156
2020,10.8,10,non résidents par nationalité et par mois .(voie aérienne) 157 ) ( 8,10
2020,10.8,10,sorties des voyageurs non résidents par nationalité et par mois 8,157
2020,10.8,10,sorties des voyageurs non résidents par nationalité (suite) ( voie 8.10,158
2020,10.9,10,non résidents par nationalité et par mois .(voie terrestre) 159 ) ( 9,10
2020,10.9,10,sorties des voyageurs non résidents par nationalité 9,159
2020,10.9,10,sorties des voyageurs non résidents par nationalité et par mois 9,160
2020,11.1,11,immatriculation des véhicules neufs par catégorie et,11
2020,11.1,11,immatriculation des véhicules neufs par catégorie et marque 1,175
2020,11.10,11,transport aérien 186 10,11
2020,11.10,11,transport aérien 10.11,186
2020,11.10,11,transport aérien (suite ) ) ( 10,187
2020,11.10,11,transport aérien (suite et fin) ) ( 10,189
2020,11.11,11,transport maritime 190 11,11
2020,11.11,11,transport maritime 11,190
2020,11.11,11,transport maritime (suite ) ) ( 11,191
2020,11.11,11,transport maritime (suite et fin) ) ( 11,192
2020,11.2,11,immatriculation des véhicules occasions par catégorie,11
2020,11.2,11,immatriculation des véhicules occasions par catégorie et marque 2,176
2020,11.3,11,ensemble des immatriculations des véhicules par,11
2020,11.3,11,ensemble des immatriculations des véhicules par catégorie et marque 3,177
2020,11.4,11,répartition des accidents par cause et milieu 178 4,11
2020,11.4,11,répartition du nombre des accidents par cause et milieu 4,178
2020,11.5,11,répartition du nombre des accidents et des victimes 5,11
2020,11.6,11,evolution du nombre des accidents par gouvernorat et,11
2020,11.6,11,evolution du nombre d accidents par gouvernorat et par mois 6,179
2020,11.7,11,evolution du nombre des blessés par gouvernorat et par,11
2020,11.7,11,evolution du nombre des blessés par gouvernorat et par mois 7,180
2020,11.8,11,evolution du nombre des tués par gouvernorat etpar,11
2020,11.8,11,evolution du nombre des tués par gouvernorat et par mois 8,181
2020,11.9,11,transport ferroviaire 182 9,11
2020,11.9,11,transport ferroviaire 9,182
2020,11.9,11,transport ferroviaire (suite) ) ( 9,183
2020,11.9,11,transport ferroviaire (suite et fin) ) ( 9,185
2020,12.1,12,domaine des télécommunications 1,12
2020,12.1,12,domaine des telecommunications 1,195
2020,12.1.1,12,les réseaux téléphoniques 195 1,12
2020,12.1.1,12,les réseaux téléphoniques,195
2020,12.1.2,12,evolution du nombre d abonnés au réseau 2,12
2020,12.1.2,12,evolution du nombre d abonnés au réseau téléphonique fixe 2,196
2020,12.1.3,12,trafic téléphonique 197 : 3,12
2020,12.1.3,12,trafic téléphonique tunisie telecom 3,197
2020,12.1.4,12,domaine de l informatique et de l internet 198 4,12
2020,12.1.4,12,domaine de l informatique et de l internet 4,198
2020,12.1.5,12,domaine de la télédiffusion 199 5,12
2020,12.1.5,12,domaine de la télédiffusion 5,199
2020,12.1.5,12,domaine de la télédiffusion (suite) ) ( 5,200
2020,12.2,12,domaine de la poste 2,12
2020,12.2,12,domaine de la postes 2,201
2020,12.2.1,12,le réseau commercial 201 1,12
2020,12.2.1,12,le réseau commercial 1,201
2020,12.2.10,12,mouvements de fonds des c.c.p 206,12
2020,12.2.10,12,mouvements de fonds des c.c.p. 10.2.12,206
2020,12.2.2,12,colis postaux 201 2,12
2020,12.2.2,12,colis postaux 2,201
2020,12.2.3,12,mandats régime général 202 3,12
2020,12.2.3,12,mandats (régime général) ) ( 3,202
2020,12.2.4,12,balance du trafic des mandats régime,12
2020,12.2.4,12,balance du trafic des mandats (régime international) ) ( 4,202
2020,12.2.5,12,epargne postale 203 5,12
2020,12.2.5,12,epargne postale 5,202
2020,12.2.6,12,comptes d epargne en dinars convertibles 203 6,12
2020,12.2.6,12,comptes d épargne en dinars convertibles 6,203
2020,12.2.7,12,montant des mandats émis par l étranger et payés 7,12
2020,12.2.7,12,montant des mandats émis par l étranger et payés en tunisie par 7,204
2020,12.2.8,12,montant des mandats émis par l étranger et par,12
2020,12.2.8,12,montant des mandats émis par l étranger et par mois 8,205
2020,12.2.9,12,montant des mandats émis par l étranger et payés 9,12
2020,12.2.9,12,montant des mandats émis par l étranger et payés en tunisie par 9,205
2020,13.1,13,evolution annuelle de l indice des prix de vente 1,12
2020,13.2,13,evolution mensuelle de l indice des prix de vente 212 2,12
2020,13.2,13,evolution mensuelle de l indice des prix de vente 2,212
2020,13.2,13,evolution mensuelle de l indice des prix de vente industriels 2,213
2020,13.2,13,evolution mensuelle de l indice des prix de vente industriels 2.13,214
2020,13.3,13,evolution des prix de détail à tunis (moyenne des,12
2020,13.3,13,evolution des prix de détail à tunis (moyenne des 12 mois) ) 12 ( 3,215
2020,13.3,13,evolution des prix de détail à tunis (moyenne des 12 mois) (suite) ) ) ( 12 ( 3,216
2020,13.3,13,evolution des prix de détail à tunis (moyenne des 12 mois) (suite et fin) ) ) ( 12 ( 3,218
2020,13.4,13,variations annuelles de l indice général des prix à la 4,12
2020,13.4,13,variations annuelles de l indice général des prix à la consommation 4,219
2020,13.5,13,indice général des prix à la consommation familiale 5,12
2020,13.5,13,indice général des prix à la consommation familiale par mois et par groupe 5,221
2020,13.6,13,evolution de l indice général des prix à la 6,12
2020,13.6,13,evolution de l indice général des prix à la consommation 6.13,222
2020,13.7,13,evolution de l indice général des prix à la,12
2020,13.7,13,evolution de l indice général des prix à la consommation 7,223
2020,13.8,13,quantités des légumes commercialisés aux marchés 8,12
2020,13.8,13,quantités des légumes commercialisés aux marchés de gros des 8,225
2020,13.9,13,quantités des fruits commercialisés aux marchés de 9,12
2020,13.9,13,quantités des fruits commercialisés aux marchés de gros des 9,226
2020,14.1,14,evolution mensuelle des échanges 229 1,12
2020,14.1,14,evolution mensuelle des échanges 1,229
2020,14.10,14,evolution des échanges avec les principaux pays 239 10,13
2020,14.10,14,evolution des échanges avec les principaux pays 10,239
2020,14.2,14,evolution des échanges. par groupement sectoriel,12
2020,14.2,14,evolution des échanges par groupement sectoriel d activité 2,230
2020,14.3,14,evolution des échanges par type d utilisation 231 3,12
2020,14.3,14,evolution des échanges par type d utilisation 3,231
2020,14.4,14,evolution des échangespar groupement d utilisation 4,12
2020,14.4,14,evolution des échanges par groupement des produits 4,232
2020,14.5,14,evolution des exportations des principaux produits 5,12
2020,14.6,14,evolution des exportations des principaux produits 234 6,13
2020,14.6,14,evolution des exportations des principaux produits 6,234
2020,14.7,14,evolutions des importations des principaux produits 7,13
2020,14.7,14,evolution des importations des principaux produits 7,235
2020,14.7,14,evolution des importations des principaux produits par 7,236
2020,14.8,14,evolution des importations des principaux produits 8,13
2020,14.8,14,evolution des importations par groupement des principaux 8,237
2020,14.9,14,evolution des échanges avec les principaux 9,13
2020,14.9,14,evolution des échanges avec les principaux ensembles 9.14,238
2020,15.1,15,evolution de la structure du système financier 243,13
2020,15.1,15,evolution de la structure du système financier 1,243
2020,15.10,15,paiements extérieurs de la tunisie: evolution des,13
2020,15.10,15,paiements extérieurs de la tunisie: evolution des recettes : 10,252
2020,15.10,15,paiements exterieurs de la tunisie: evolution des ( : 10,253
2020,15.11,15,paiements extérieurs de la tunisie: evolution des,13
2020,15.11,15,paiements extérieurs de la tunisie : evolution des dépenses : 11,254
2020,15.11,15,paiements exterieurs de la tunisie : evolution des dépenses (suite ( : 11,255
2020,15.12,15,taux d intérêt 256 12,13
2020,15.12,15,taux d intérêt 12.15,256
2020,15.13,15,cours annuels moyens en dinars des principales 13,13
2020,15.13,15,cours annuels moyens en dinar des principales 13.15,256
2020,15.14,15,principaux indicateurs boursiers 256 14,13
2020,15.14,15,principaux indicateurs boursiers 14.15,256
2020,15.2,15,evolution du réseau bancaire par gouvernorat 244 2,13
2020,15.2,15,evolution du réseau bancaire par gouvernorat 2.15,244
2020,15.3,15,les ressources du système monétaire et leurs,13
2020,15.3,15,les ressources du système monétaire et leurs contreparties 3,245
2020,15.3,15,les ressources du système monétaire et leurs contreparties (suite et fin) ) ( 3,246
2020,15.4,15,les ressources du système financier et leurs,13
2020,15.4,15,les ressources du système financier et leurs contreparties 4,247
2020,15.5,15,evolution de la situation de la banque centrale par,13
2020,15.5,15,evolution de la situation de la banque centrale par secteur 5,248
2020,15.6,15,evolution de la situation des banques de dépôts par,13
2020,15.6,15,evolution de la situation des banques de dépots par secteur 6,249
2020,15.7,15,evolution des crédits à court terme par branche 7,13
2020,15.7,15,evolution des crédits à court terme par branche d activité 7,250
2020,15.8,15,evolution des crédits à moyen et long terme par 8,13
2020,15.8,15,evolution des crédits à moyen et long terme par branche d activité 8,250
2020,15.9,15,evolution du total des crédits par branche d activité 9,13
2020,15.9,15,evolution du total des crédits par branche d activité économique 9,251
2020,16.1,16,recettes de l état 259 1,13
2020,16.1,16,recettes de l état 1,259
2020,16.10,16,dépenses du titre ii par chapitre 269 ( ) 10,13
2020,16.10,16,dépenses du titre ii (équipement) par chapitre ( ) 10,269
2020,16.11,16,evolution des dépenses des fonds spéciaux du trésor 270 11,13
2020,16.11,16,evolution des dépenses des fonds spéciaux du trésor ventilés,270
2020,16.12,16,dépenses des fonds de concours 271 12,13
2020,16.12,16,dépenses des fonds de concours 12,271
2020,16.2,16,recettes du titre i par catégorie (fonctionnement) 259 ) ( 2,13
2020,16.2,16,recettes du titre i par catégorie (fonctionnement) ) ( 2,259
2020,16.3,16,recettes ordinaires du budget de l état par article 260 3,13
2020,16.3,16,recettes ordinaires du budget de l état par article 3,260
2020,16.3,16,recettes ordinaires du budget de l état par article (suite) ) ( 3,261
2020,16.3,16,recettes ordinaires du budget de l état par article ( 3,263
2020,16.4,16,recettes du titre ii (équipement) 264 ) ( 4,13
2020,16.4,16,recettes du titre ii ( équipement ) ) ( 4,264
2020,16.5,16,recettes des fonds de concours (titre ii section ii) 264 ) ( 5,13
2020,16.5,16,recettes des fonds de concours ( titre ii section ii ) ) ( 5,264
2020,16.6,16,recettes des fonds spéciaux du trésor ventilée par fonds 265 6.16,13
2020,16.6,16,recettes des fonds spéciaux du trésor ventilées par fonds 6,265
2020,16.6,16,recettes des fonds spéciaux du trésor ventilées par fonds (suite) ) ( 6,266
2020,16.7,16,dépenses de l état 266 7,13
2020,16.7,16,dépenses de l état 7,266
2020,16.8,16,dépenses du titre i par chapitre 267 8,13
2020,16.8,16,dépenses du titre i par chapitre 8,267
2020,16.9,16,dépenses du titre i par catégorie et chapitre 268 9,13
2020,16.9,16,dépenses du titre i par catégorie et département 9,268
2020,17.1,17,ressources et emplois des biens et services aux prix,14
2020,17.1,17,ressources et emplois des biens et services aux prix courants 1,275
2020,17.10,17,créances et dettes 279 10,14
2020,17.10,17,créances et dettes 10,279
2020,17.11,17,taux et ratios par habitant 280 11,14
2020,17.11,17,taux et ratios par habitant 11.17,280
2020,17.12,17,valeurs ajoutées par secteur d activité (prix courants) 281 ) ( 12,14
2020,17.12,17,valeurs ajoutées par secteur d activité (aux prix courants) ) ( 12,281
2020,17.13,17,valeurs ajoutées par secteur d activité aux prix de,14
2020,17.13,17,valeurs ajoutées par secteur d activité aux prix de l année précédente 13,282
2020,17.14,17,formation brute de capital fixe par secteur d activité 283,14
2020,17.14,17,formation brute de capital fixe par secteur d activité 14,283
2020,17.15,17,formation brute de capital fixe par domaine 284 15,14
2020,17.15,17,formation brute de capital fixe par domaine 15,284
2020,17.16,17,compte des opérations avec l extérieur 285 16,14
2020,17.16,17,compte des opérations avec l extérieur 16,285
2020,17.16,17,compte des opérations avec l extérieur (suite et fin) ) ( 16,286
2020,17.2,17,ressources et emplois de biens et services aux prix 2,14
2020,17.2,17,ressources et emplois de biens et services aux prix courants 2,275
2020,17.3,17,ressources et emplois de biens et services aux prix 276 3,14
2020,17.3,17,ressources et emplois de biens et services aux prix de l année précédente 3,276
2020,17.4,17,ressources et emplois de biens et services aux prix 4,14
2020,17.4,17,ressources et emplois de biens et services aux prix de l année 4,276
2020,17.5,17,évolution des prix des ressources et emploi de biens,14
2020,17.5,17,evolution des prix de ressources et emplois de biens et services 5,277
2020,17.6,17,contribution a l évolution du pib aux prix de l année 277 6,14
2020,17.6,17,contribution à l évolution du p.i.b aux prix de l année précédente 6,277
2020,17.7,17,produit national 278 7,14
2020,17.7,17,revenu national 7,278
2020,17.8,17,consommation et epargne 278 8,14
2020,17.8,17,consommation et épargne 8,278
2020,17.9,17,investissement et financement 279 9,14
2020,17.9,17,investissement et financement 9,279
2020,18.1,18,temperature minimum absolu par principale station 289,14
2020,18.1,18,température minimum absolu par principale station 1,289
2020,18.2,18,temperature maximum absolu par principale station 290,14
2020,18.2,18,température maximum absolu par principale station 2. 18,290
2020,18.3,18,temperature moyenne par principale station 291 3,14
2020,18.3,18,température moyenne par principale station 3,291
2020,18.4,18,pluviometrie en millimetre par principale station 292 ( 4,14
2020,18.4,18,pluviométrie en millimètre par principale station 4. 18 ( ),292
2020,18.5,18,pluviometrie en millimetre par principale station 293 ( 5,14
2020,18.5,18,pluviométrie en millimètre par principale station (année 5,293
2020,18.6,18,nombre de jours de pluie par station (année agricole) 294 ),14
2020,19.1,19,les ressources en eaux disponibles par source 297 1,14
2020,19.1,19,les ressources en eaux disponibles par source 1,297
2020,19.10,19,evolution de la production nette et de la 10,15
2020,19.10,19,evolution de la production nette et de la consommation d eau potable 10.19,300
2020,19.11,19,evolution du nombre d abonnés par usage 301 11,15
2020,19.11,19,evolution du nombre d abonnés par usage 11.19,301
2020,19.12,19,evolution de la consommation unitaire annuelle 12,15
2020,19.12,19,evolution de la consommation unitaire annuelle d eau potable par 12.19,301
2020,19.13,19,evolution de la consommation spécifique journalière 13,15
2020,19.13,19,evolution de la consommation spécifique journalière d eau 13.19,301
2020,19.14,19,capacité de traitement des stations d épuration en,15
2020,19.14,19,capacite de traitement des stations d épuration en termes de volume 14,302
2020,19.15,19,capacité de traitement des stations d épuration en 15,15
2020,19.15,19,capacité de traitement des stations d épuration en termes de 15,303
2020,19.16,19,capacité de traitement des stations d épuration en 16,15
2020,19.16,19,capacité de traitement des stations d épuration en termes 16,303
2020,19.17,19,rejets d eaux usées en termes de volume 304 17,15
2020,19.17,19,rejets d eaux usées en termes de volume 17,304
2020,19.18,19,rejets d eaux usées en termes de demande de 18,15
2020,19.18,19,rejets d eaux usées en termes de dbo 18,305
2020,19.19,19,répartition de la superficie par catégories d utilisation 306 19,15
2020,19.19,19,répartition de la superficie par catégories d utilisation des sols 19,306
2020,19.2,19,evolution des prélèvements des eaux souterraines 297 2,14
2020,19.2,19,evolution des prélèvements des eaux souterraines 2,297
2020,19.20,19,evolution des superficies reboisées et des,15
2020,19.20,19,evolution des superficies reboisées et des plantations pastorales 20,307
2020,19.21,19,evolution du nombre et des surfaces annuelles des 307 21,15
2020,19.21,19,evolution du nombre et des surfaces annuelles des incendies des forêts 21,307
2020,19.3,19,evolution des ressources en eaux renouvelables,14
2020,19.3,19,evolution des ressources en eaux renouvelables disponibles 3,297
2020,19.4,19,evolution des prélèvements des eaux souterraines 4,14
2020,19.4,19,evolution des prélèvements des eaux souterraines renouvelables 4,298
2020,19.5,19,prélèvement brut des eaux douces souterraines 5,14
2020,19.5,19,prélèvement brut des eaux douces souterraines renouvelables 5,298
2020,19.6,19,prélèvement brut des eaux non renouvelables 6,14
2020,19.6,19,prélèvement brut des eaux non renouvelables (aquifères) par 6,298
2020,19.7,19,evolution de la répartition de l exploitation des,15
2020,19.7,19,evolution de la répartition de l exploitation des nappes 7,299
2020,19.8,19,exploitation des nappes profondes par classe des 8,15
2020,19.8,19,exploitation des nappes profondes par classe des résidus 8,299
2020,19.9,19,evolution de la production brute de la sonede selon 9,15
2020,19.9,19,evolution du prélèvement d eau de la sonede selon les 9.19,300
2020,2.1,2,enseignement 1,7
2020,2.1.1,2,informations générales 43 1,7
2020,2.1.1,2,données générales 1,43
2020,2.1.10,2,principales données statistiques 53 10,7
2020,2.1.10,2,principales données du 2ème cycle de l enseignement 10,53
2020,2.1.11,2,population scolaire par année d études 53 11,7
2020,2.1.11,2,population scolaire du 2ème cycle de l enseignement de base 11,53
2020,2.1.12,2,population scolaire par genre et par gouvernorat 54 12,7
2020,2.1.13,2,population scolaire totale par gouvernorat 56 13,7
2020,2.1.13,2,population scolaire totale du 2ème cycle de l enseignement 13,56
2020,2.1.14,2,nombre d établissements et classes-élèves par gouvernorat 57 14,7
2020,2.1.14,2,nombre d établissements du 2ème cycle de l enseignement de 14,57
2020,2.1.15,2,personnel enseignant selon le genre et la nationalité. 58 15,8
2020,2.1.15,2,personnel enseignant du 2ème cycle de l enseignement 15,58
2020,2.1.16,2,résultats des examens 58 16,8
2020,2.1.16,2,résultats des examens du 1 et du 2 cycle de 16,58
2020,2.1.17,2,répartition des admis au baccalauriat par section et 59 17,8
2020,2.1.17,2,répartition des admis au baccalauréat par section 17,59
2020,2.1.18,2,répartition des étudiants par filières et par genre 60 18,8
2020,2.1.18,2,répartition des étudiants réguliers par filières 18,60
2020,2.1.19,2,répartition des diplômés de fin d études par filières et 61 19,8
2020,2.1.19,2,effectif des étudiants diplômés de fin d études 19,61
2020,2.1.2,2,principales données 44 2,7
2020,2.1.20,2,répartition des étudiants par secteur et par ministère 62 20,8
2020,2.1.20,2,répartition des étudiants réguliers par genre 20,62
2020,2.1.21,2,personnel enseignant à plein temps 62 21,8
2020,2.1.21,2,personnel enseignant à plein temps en 2020 - 2021 2021 - 2020 21,62
2020,2.1.3,2,nombre d écoles par gouvernorat 45 3,7
2020,2.1.3,2,nombre d écoles par gouvernorat du 1er cycle de 3,45
2020,2.1.4,2,nombre de locaux - classes par gouvernorat 46 4,7
2020,2.1.4,2,nombre de locaux - classes par gouvernorat du 1er cycle de 4,46
2020,2.1.5,2,personnel enseignant par gouvernorat 47 5,7
2020,2.1.5,2,personnel enseignant par gouvernorat du 1er cycle de 5,47
2020,2.1.6,2,classes élèves par année d études 48 6,7
2020,2.1.6,2,classes - élèves par année d études du 1 cycle de 6.1.2,48
2020,2.1.7,2,population scolaire par genre et par gouvernorat 49 7,7
2020,2.1.8,2,population scolaire totale par gouvernorat 51 8,7
2020,2.1.8,2,population scolaire totale du 1er cycle de 8,51
2020,2.1.9,2,population scolaire par année d études 52 9,7
2020,2.1.9,2,population scolaire du 1er cycle de l enseignement de 9.1.2,52
2020,2.2,2,culture 2,8
2020,2.2.1,2,evolution du réseau des bibliothèques par catégorie 1,63
2020,2.2.2,2,evolution de la capacité des bibliothèques par 2,64
2020,2.2.3,2,evolution des fonds de livres par catégorie de 3,65
2020,2.2.4,2,evolution des lecteurs par catégorie de 4,66
2020,2.2.5,2,evolution des abonnés par catégorie de 5,67
2020,2.2.6,2,evolution des livres prêtés par catégorie de 6,68
2020,2.2.7,2,nombre de films longs et courts métrages visés par nationalité 69 7,8
2020,2.2.7,2,nombre de films longs et courts métrages visés par nationalité 7,69
2020,2.2.8,2,evolution des nombres d entrées dans les salles 70 8,8
2020,2.2.8,2,evolution du nombre d entrées dans les salles de cinéma 8,70
2020,2.2.9,2,nombre de salles par gouvernorat 70,8
2020,2.2.9,2,nombre de salles de cinéma par gouvernorat,70
2020,20.1,20,evolution des entreprises privées selon l activité 1,15
2020,20.2,20,evolution des entreprises privées selon la tranche 2,15
2020,20.2,20,evolution des entreprises privées selon la tranche de salariés 2,318
2020,20.3,20,entreprises privées selon le gouvernorat et la 3,15
2020,20.3,20,entreprises privées selon le gouvernorat et la tranche de salariés 3,319
2020,20.4,20,evolution des entrées d entreprises privées selon 4,15
2020,20.5,20,evolution des entrées d entreprises privées selon 5,15
2020,20.5,20,evolution des entrées d entreprises privées selon la tranche de 5,321
2020,20.6,20,evolution des entrées d entreprises privées selon 6,15
2020,20.6,20,evolution des entrées d entreprises privées selon le gouvernorat 6,322
2020,20.7,20,evolution des sorties d entreprises privées selon 7,15
2020,20.8,20,evolution des sorties d entreprises privées selon la 8,15
2020,20.9,20,evolution des sorties d entreprises privées selon,15
2020,20.9,20,evolution des sorties d entreprises privées selon le gouvernorat 9,325
2020,21.1,21,division administrative du pays 329,15
2020,21.1,21,division administrative du pays 1,329
2020,3.1,3,evolution des nombres d abonnés aux maisons des,8
2020,3.1,3,evolution des nombres d abonnés aux maisons des 1,73
2020,3.10,3,nombre de salles de sports privées par gouvernorat 82 10,8
2020,3.10,3,nombre de salles de sports privées par gouvernorat 10.3,82
2020,3.11,3,nombre des centres d hébergements par gouvernorat 83 11,8
2020,3.11,3,nombre des centres d hébergements par gouvernorat 11,83
2020,3.12,3,nombre des complexes de jeunesse par gouvernorat 84 12,8
2020,3.12,3,nombre des complexes de jeunesse par gouvernorat 12.3,84
2020,3.13,3,nombre des centres de camping par gouvernorat 85 13,8
2020,3.13,3,nombre des centres de camping par gouvernorat 13,85
2020,3.2,3,evolution des nombres d abonnés aux maisons des 2,8
2020,3.3,3,evolution des nombres d abonnés aux maisons des 3,8
2020,3.3,3,répartition des abonnés aux maisons des jeûnes par activité 3,75
2020,3.4,3,répartition des licenciés par sexe et par gouvernorat,8
2020,3.4,3,répartition des licenciés par sexe et par gouvernorat pour 4,76
2020,3.5,3,répartition des licenciés par sexe et par discipline pour 5,8
2020,3.5,3,répartition des licenciés par sexe et par 5,77
2020,3.6,3,répartition des abonnés aux salles de sport privées par gouvernorat 78 6,8
2020,3.6,3,répartition des abonnés aux salles de sport privées 6,78
2020,3.7,3,nombre de salles de sports par gouvernorat 79 7,8
2020,3.7,3,nombre de salles de sports par gouvernorat 7,79
2020,3.8,3,nombre de stades gazonnés par gouvernorat 80 8,8
2020,3.8,3,nombre de stades gazonnés par gouvernorat 8.3,80
2020,3.9,3,nombre de maisons de jeunes par gouvernorat 81 9,8
2020,3.9,3,nombre de maisons de jeûnes par gouvernorat 9,81
2020,4.1,4,infrastructure sanitaire du secteur public par gouvernorat 89 1,8
2020,4.1,4,infrastructure sanitaire du secteur public par gouvernorat 1,89
2020,4.2,4,infrastructure sanitaire du secteur privé par gouvernorat 90 2,8
2020,4.2,4,infrastructure sanitaire du secteur privé par gouvernorat 2,90
2020,4.3,4,effectif des officines et des médecins par gouvernorat 91 3,8
2020,4.3,4,effectif des officines et des médecins par gouvernorat 3,91
2020,4.4,4,répartition du personnel paramédical du secteur public 4,8
2020,4.4,4,répartition du personnel paramédical par grade et par gouvernorat* 4,92
2020,4.5,4,activités de la santé de la reproduction et de la planification 2020 5,8
2020,4.5,4,activités de la santé de la reproduction et de la planification 5,93
2020,4.5,4,activités de la santé de la reproduction et de la planification familiale 5,95
2020,4.6,4,répartition des bénéficiaires de l information. de 6,8
2020,4.6,4,répartition des bénéficiaires de l information de l éducation et de 6.4,96
2020,4.7,4,taux de prévalence contraceptive 96 7,8
2020,4.7,4,taux de prévalence contraceptive 7.4,96
2020,5.1,5,des tribunaux par degré 99 1,9
2020,5.1,5,activité des tribunaux par degré au cours de l année judiciaire 2017-2018 2018-2017 1,99
2020,5.10,5,en matière criminelle au cours de l année judiciaire 106 10,9
2020,5.10,5,affaires enrolées et traitées devant les tribunaux de 1ere instance 10.5,106
2020,5.2,5,de la cour de cassation par matière 99 2,9
2020,5.2,5,activité de la cour de cassation par matière au cours de l année 2,99
2020,5.3,5,des cours d appel par matière 100 3,9
2020,5.3,5,activités des cours d appel par matière et par année judiciaire 3,100
2020,5.4,5,des tribunaux de première instance par matière 101 4,9
2020,5.4,5,activités des tribunaux de 1ere instance par matière au cours 4,101
2020,5.5,5,des justices cantonales par matière 101 5,9
2020,5.5,5,activités des justices cantonales par matière au cours de 5,101
2020,5.6,5,en matière civile par année judiciaire 102 6,9
2020,5.6,5,affaires enrolées devant les tribunaux de 1ere instance en matière 6,102
2020,5.7,5,en matière correctionnelle par année judiciaire 103 7,9
2020,5.7,5,affaires traitées devant les tribunaux de 1ere instance en matière 7,103
2020,5.8,5,en matière civile par année judiciaire 104 8,9
2020,5.8,5,affaires enrolées devant les tribunaux de 1ere instance en matière 8,104
2020,5.9,5,en matière correctionnelle par année judiciaire 105 9,9
2020,5.9,5,affaires traitées devant les tribunaux de 1ere instance en matière 9,105
2020,6.1,6,emploi 1,9
2020,6.1.1,6,evolution des actifs et des occupés 109 1,9
2020,6.1.1,6,evolution des actifs et des occupés 1,109
2020,6.1.10,6,données globales du marché de l emploi 113 10,9
2020,6.1.10,6,données globales du marché de l emploi 10,113
2020,6.1.2,6,taux de chômage selon le sexe (%) 109 )%( 2,9
2020,6.1.2,6,taux de chômage selon le sexe (%) (mois de mai) )) ( %( 2,109
2020,6.1.3,6,taux de chômage selon le niveau éducatif (%) 109 )%( 3,9
2020,6.1.3,6,taux de chômage selon le niveau éducatif (%) (mois de mai) )) ( %( 3,109
2020,6.1.4,6,taux de chômage des diplômés de l enseignement 4,9
2020,6.1.4,6,taux de chômage des diplômés de l enseignement ) ( %( 4,109
2020,6.1.5,6,evolution des demandes d emploi enregistrées par 5,9
2020,6.1.5,6,evolution des demandes d emploi enregistrées 5,110
2020,6.1.6,6,evolution des demandes d emploi enregistrées par gouvernorat 110 6,9
2020,6.1.6,6,evolution du nombre des demandes d emploi par gouvernorat 6,110
2020,6.1.7,6,evolution des offres d emploi reçues par gouvernorat.. 111 7,9
2020,6.1.7,6,evolution des offres d emploi reçues par gouvernorat 7,111
2020,6.1.8,6,evolution des placements réalisés en tunisie par catégorie 112 8,9
2020,6.1.8,6,evolution des placements réalisés en tunisie 8,112
2020,6.1.9,6,evolution des placements réalisés en tunisie par gouvernorat 112 9,9
2020,6.1.9,6,evolution des placements réalisés en tunisie par gouvernorat 9,112
2020,6.2,6,salaires 2,9
2020,6.2.1,6,evolution du salaire minimum interprofessionnel garanti (smig) 114 1,9
2020,6.2.1,6,evolution du salaire minimum interprofessionnel garanti 1,114
2020,6.2.2,6,evolution du salaire minimum agricole garanti (smag) 114 2,9
2020,6.2.2,6,evolution du salaire minimum agricole garanti (smag) 2,114
2020,7.1,7,evolution de la production des céréales 117,9
2020,7.1,7,evolution de la production des céréales 1,117
2020,7.10,7,production brute des palmiers par variété et par année,9
2020,7.10,7,production brute des palmiers par varieté et par année de récolte 10,121
2020,7.11,7,evolution de la production de vins moûts et mistelles par 121 11,9
2020,7.11,7,evolution de la production de vins mouts et mistelles par gouvernorat 11,121
2020,7.12,7,evolution de la superficie des vignobles par gouvernorat 121 12,10
2020,7.12,7,evolution de la superficie des vignobles * par gouvernorat * 12,121
2020,7.13,7,evolution de la production des cultures industrielles 122 13,10
2020,7.13,7,evolution de la production des cultures industrielles 13.7,122
2020,7.14,7,evolution de la production de la pêche par type 122 14,10
2020,7.14,7,evolution de la production de la pêche par type 14.7,122
2020,7.15,7,répartition de la flottille active par type d embarcation et 123 15,10
2020,7.15,7,répartition de la flotille active par type d embarcation et gouver- 15,123
2020,7.2,7,evolution des superficies ensemencées en céréales 117,9
2020,7.2,7,evolution des superficies ensemencées en céréales 2,117
2020,7.3,7,répartition de la superficie selon la catégorie,9
2020,7.3,7,répartition de la superficie selon la catégorie d occupation du sol 3,118
2020,7.4,7,répartition du cheptel 118,9
2020,7.4,7,répartition du cheptel 4,118
2020,7.5,7,production de viande par type 118,9
2020,7.5,7,production de viande par type et production des oeufs 5,118
2020,7.6,7,production des légumes 119 6.7,9
2020,7.6,7,production des légumes 6,119
2020,7.7,7,evolution de la production des légumineuses 119,9
2020,7.7,7,evolution de la production des légumineuses 7,119
2020,7.8,7,evolution de la production des fruits (sauf agrumes) 120 ) (,9
2020,7.8,7,evolution de la production des fruits (sauf agrumes) ) ( 8,120
2020,7.9,7,evolution de la production d agrumes par variété 120,9
2020,7.9,7,evolution de la production d agrumes par variété 9,120
2020,8.1,8,evolution de la production d energie primaire 127,10
2020,8.1,8,evolution de la production d énergie primaire 1.8,127
2020,8.10,8,evolution de la production et de la consommation du gaz 10.8,132
2020,8.12,8,evolution de la production et de la consommation d eau 12,133
2020,8.13,8,evolution de la production et des échanges de pétrole brut 13,133
2020,8.14,8,evolution de la production des produits pétroliers 14.8,134
2020,8.15,8,evolution de la consommation des produits pétroliers 15.8,134
2020,8.2,8,evolution de la consommation d énergie primaire 2.8,127
2020,8.3,8,evolution de la puissance installée par centrale 1 1,128
2020,8.4,8,evolution de la production d électricité par centrale 128 4,10
2020,8.4,8,evolution de la production d élèctricité par centrale 2,128
2020,8.5,8,evolution des réseaux par tension,129
2020,8.6,8,evolution des ventes d élèctricité par centre de distribution 6,129
2020,8.7,8,evolution des ventes d électricité par tension 7,130
2020,8.8,8,evolution des ventes d électricité de haute et moyenne 8,130
2020,8.9,8,evolution du nombre de consommateurs par centre 9,10
2020,8.9,8,evolution du nombre de clients d électricité par centre de 9,131
2020,9.1,9,indice de la production industrielle 137,10
2020,9.1,9,indice de la production industrielle 1,137
2020,9.1,9,indice de la production industrielle (suite et fin) ) ( 1,138
2020,9.2,9,industries agro-alimentaires 139,10
2020,9.2,9,industries agro - alimentaires (production) ) ( 2,139
2020,9.3,9,production de tabac 140,10
2020,9.3,9,production de tabac 3,140
2020,9.4,9,matériaux de construction. céramique et verre 140,10
2020,9.4,9,matériaux de construction céramique et verre 4,140
2020,9.5,9,industries mécaniques 141,10
2020,9.5,9,industries mécaniques et élèctrique (production ) ) (,141
2020,9.6,9,industries chimiques (production) 141 ) (,10
2020,9.6,9,industries chimiques (production ) ) ( 6,141
2020,9.7,9,industrie du papier (production) 142 ) (,10
2020,9.7,9,industrie du papier (production ) ) ( 7,142
2020,9.8,9,production minière 142,10
2020,9.8,9,production minière 8,142
2021,1.1,1,principales caractéristiques démographiques 19 1,7
2021,1.1,1,principales caractéristiques démographiques 1,19
2021,1.10,1,suivant le lieu d accouchement et le gouvernorat de 31 10,7
2021,1.10,1,naissances selon le lieu d accouchement et le gouver- 10,31
2021,1.11,1,décès corrigés selon le gouvernorat de domicile et le sexe 32 11,7
2021,1.11,1,décès corriges selon le gouvernorat de domicile et le sexe 11,32
2021,1.12,1,taux bruts de mortalité par gouvernorat 33 12,7
2021,1.12,1,décès et taux bruts de mortalité par gouvernorat 12,33
2021,1.13,1,mort-nés par gouvernorat de déclaration 34 13,7
2021,1.13,1,evolution des morts-nés par gouvernorat de déclaration 13.1,34
2021,1.14,1,contractés par gouvernorat de déclaration 35 14,7
2021,1.14,1,mariages contractés par gouvernorat de déclaration 14,35
2021,1.15,1,selon le groupe d âge de l époux par gouvernorat 36 15,7
2021,1.15,1,mariage selon le groupe d âge de l époux 15.1,36
2021,1.16,1,selon le groupe d âge de l épouse par gouvernorat 37 16,7
2021,1.16,1,mariage selon le groupe d âge de l épouse 16,37
2021,1.17,1,selon le groupe d âge des époux 38 17,7
2021,1.17,1,mariages selon le groupe d âge des époux 17.1,38
2021,1.18,1,prononces par les tribunaux de 1 ère,7
2021,1.18,1,divorces prononcés par les tribunaux de 1ère instance 18,39
2021,1.2,1,sexe masculin 20 2,7
2021,1.2,1,estimation de la population par groupe d age genre et 2,20
2021,1.3,1,sexe féminin 22 3,7
2021,1.3,1,estimation de la population par groupe d age genre et gouvernorat 3.1,22
2021,1.3,1,estimation de la population par groupe d age genre et 3,23
2021,1.4,1,ensemble 24 4,7
2021,1.4,1,estimation de la population par groupe d age genre et 4,24
2021,1.5,1,estimation de la population par gouvernorat 26 5,7
2021,1.5,1,estimation de la population par gouvernorat au 1er juillet 5.1,26
2021,1.6,1,taux bruts de natalité par gouvernorat 27 6,7
2021,1.6,1,naissances et taux bruts de natalité par gouvernorat 6,27
2021,1.7,1,naissances selon le groupe d âge de la mère et le gouver- 7.1,28
2021,1.8,1,taux de fécondité selon groupe d âge de la mère isf et tgf 29 . . . . 8,7
2021,1.8,1,taux de fécondite1 selon le groupe d âge de la mère isf2 . . ) 2( . . ) 1( 8,29
2021,1.9,1,par genre suivant le gouvernorat de déclaration 30 9,7
2021,1.9,1,naissances par genre suivant le gouvernorat de déclaration 9,30
2021,10.1,10,principaux indicateurs touristiques 145 1,10
2021,10.1,10,principaux indicateurs touristiques 1,145
2021,10.10,10,non résidents par nationalité et par mois .(voie maritime),10
2021,10.10,10,sorties des voyageurs non résidents par nationalité et par mois 10,161
2021,10.11,10,non résidents par voie de transport et poste frontière 163 11,11
2021,10.11,10,sorties des voyageurs non résidents par voie de transport et poste 11,163
2021,10.12,10,entrées des tunisiens par voie de transport et poste,11
2021,10.12,10,entrées des tunisiens par voie de transport et poste frontière 12,164
2021,10.13,10,sorties des tunisiens par pays de destination et par voie 13,11
2021,10.13,10,sorties des tunisiens par pays de destination et par 13,165
2021,10.14,10,capacité d hébergement par région touristique 166 14,11
2021,10.14,10,capacité d hébergement par région touristique 14.10,166
2021,10.15,10,nuitées touristiques globales par nationalité 167 15,11
2021,10.15,10,nuitées touristiques globales par nationalité 15,167
2021,10.16,10,taux d occupation par région touristique 169 16,11
2021,10.16,10,taux d occupation par région touristique 16,169
2021,10.17,10,durée moyenne de séjour par nationalité 169 17,11
2021,10.17,10,durée moyenne de séjour par nationalité,169
2021,10.18,10,nuitées des non-résidents par catégorie hôtelière 170 18,11
2021,10.18,10,nuitées des non résidents par catégorie hotelière 18.10,170
2021,10.19,10,nuitées des non-résidents par région touristique 170,11
2021,10.19,10,nuitées des non résidents par région touristique 19.10,170
2021,10.2,10,non résidents par nationalité et par mois 146 2,10
2021,10.2,10,entrées des voyageurs non résidents par nationalité et par mois 2.10,146
2021,10.2,10,entrées des voyageurs non résidents par nationalité et par mois 2,147
2021,10.20,10,mouvement des croisières maritimes par nationalité et,11
2021,10.20,10,mouvement des croisières maritimes par nationalité et par port d entrée 20,171
2021,10.3,10,non résidents par nationalité et par mois (voie aérienne) 148 ) ( 3,10
2021,10.3,10,entrées des voyageurs non résidents par nationalité et par mois 3,148
2021,10.4,10,non résidents par nationalité et par mois (voie terrestre) 150 ) ( 4,10
2021,10.4,10,entrées des voyageurs non résidents par nationalité et par mois 4,150
2021,10.5,10,non résidents par nationalité et par mois (voie maritime) 152 ) ( 5,10
2021,10.5,10,entrées des voyageurs non résidents par nationalité et par mois 5.10,152
2021,10.5,10,entrées des voyageurs non résidents par nationalité et par mois 5,153
2021,10.6,10,non résidents par nationalité par voie de transport et 6,10
2021,10.6,10,evolution des entrées des voyageurs non résidents par voie de 6,154
2021,10.7,10,non résidents par nationalité et par mois .(ensemble des voies) 155 ) ( 7,10
2021,10.7,10,sorties des voyageurs non résidents par nationalité et par mois 7,155
2021,10.7,10,sorties des voyageurs non résidents par nationalité et par mois 7.10,156
2021,10.8,10,non résidents par nationalité et par mois .(voie aérienne) 157 ) ( 8,10
2021,10.8,10,sorties des voyageurs non résidents par nationalité et par mois 8,157
2021,10.8,10,sorties des voyageurs non résidents par nationalité (suite) ( voie 8.10,158
2021,10.9,10,non résidents par nationalité et par mois .(voie terrestre) 159 ) ( 9,10
2021,10.9,10,sorties des voyageurs non résidents par nationalité 9,159
2021,10.9,10,sorties des voyageurs non résidents par nationalité et par mois 9,160
2021,11.1,11,immatriculation des véhicules neufs par catégorie et,11
2021,11.1,11,immatriculation des véhicules neufs par catégorie et marque 1,175
2021,11.10,11,transport aérien 186 10,11
2021,11.10,11,transport aérien 10.11,186
2021,11.10,11,transport aérien (suite ) ) ( 10,187
2021,11.10,11,transport aérien (suite et fin) ) ( 10,189
2021,11.11,11,transport maritime 190 11,11
2021,11.11,11,transport maritime 11,190
2021,11.11,11,transport maritime (suite ) ) ( 11,191
2021,11.11,11,transport maritime (suite et fin) ) ( 11,192
2021,11.2,11,immatriculation des véhicules occasions par catégorie,11
2021,11.2,11,immatriculation des véhicules occasions par catégorie et marque 2,176
2021,11.3,11,ensemble des immatriculations des véhicules par,11
2021,11.3,11,ensemble des immatriculations des véhicules par catégorie et marque 3,177
2021,11.4,11,répartition des accidents par cause et milieu 178 4,11
2021,11.4,11,répartition du nombre des accidents par cause et milieu 4,178
2021,11.5,11,répartition du nombre des accidents et des victimes 5,11
2021,11.6,11,evolution du nombre des accidents par gouvernorat et,11
2021,11.6,11,evolution du nombre d accidents par gouvernorat et par mois 6,179
2021,11.7,11,evolution du nombre des blessés par gouvernorat et par,11
2021,11.7,11,evolution du nombre des blessés par gouvernorat et par mois 7,180
2021,11.8,11,evolution du nombre des tués par gouvernorat etpar,11
2021,11.8,11,evolution du nombre des tués par gouvernorat et par mois 8,181
2021,11.9,11,transport ferroviaire 182 9,11
2021,11.9,11,transport ferroviaire 9,182
2021,11.9,11,transport ferroviaire (suite) ) ( 9,183
2021,11.9,11,transport ferroviaire (suite et fin) ) ( 9,185
2021,12.1,12,domaine des télécommunications 1,12
2021,12.1,12,domaine des telecommunications 1,195
2021,12.1.1,12,les réseaux téléphoniques 195 1,12
2021,12.1.1,12,les réseaux téléphoniques,195
2021,12.1.2,12,evolution du nombre d abonnés au réseau 2,12
2021,12.1.2,12,evolution du nombre d abonnés au réseau téléphonique fixe 2,196
2021,12.1.3,12,trafic téléphonique 197 : 3,12
2021,12.1.3,12,trafic téléphonique tunisie telecom 3,197
2021,12.1.4,12,domaine de l informatique et de l internet 198 4,12
2021,12.1.4,12,domaine de l informatique et de l internet 4,198
2021,12.1.5,12,domaine de la télédiffusion 199 5,12
2021,12.1.5,12,domaine de la télédiffusion 5,199
2021,12.1.5,12,domaine de la télédiffusion (suite) ) ( 5,200
2021,12.2,12,domaine de la poste 2,12
2021,12.2,12,domaine de la postes 2,201
2021,12.2.1,12,le réseau commercial 201 1,12
2021,12.2.1,12,le réseau commercial 1,201
2021,12.2.10,12,mouvements de fonds des c.c.p 206,12
2021,12.2.10,12,mouvements de fonds des c.c.p. 10.2.12,206
2021,12.2.2,12,colis postaux 201 2,12
2021,12.2.2,12,colis postaux 2,201
2021,12.2.3,12,mandats régime général 202 3,12
2021,12.2.3,12,mandats (régime général) ) ( 3,202
2021,12.2.4,12,balance du trafic des mandats régime,12
2021,12.2.4,12,balance du trafic des mandats (régime international) ) ( 4,202
2021,12.2.5,12,epargne postale 203 5,12
2021,12.2.5,12,epargne postale 5,202
2021,12.2.6,12,comptes d epargne en dinars convertibles 203 6,12
2021,12.2.6,12,comptes d épargne en dinars convertibles 6,203
2021,12.2.7,12,montant des mandats émis par l étranger et payés 7,12
2021,12.2.7,12,montant des mandats émis par l étranger et payés en tunisie par 7,204
2021,12.2.8,12,montant des mandats émis par l étranger et par,12
2021,12.2.8,12,montant des mandats émis par l étranger et par mois 8,205
2021,12.2.9,12,montant des mandats émis par l étranger et payés 9,12
2021,12.2.9,12,montant des mandats émis par l étranger et payés en tunisie par 9,205
2021,13.1,13,evolution annuelle de l indice des prix de vente 1,12
2021,13.2,13,evolution mensuelle de l indice des prix de vente 212 2,12
2021,13.2,13,evolution mensuelle de l indice des prix de vente 2,212
2021,13.2,13,evolution mensuelle de l indice des prix de vente industriels 2,213
2021,13.2,13,evolution mensuelle de l indice des prix de vente industriels 2.13,214
2021,13.3,13,evolution des prix de détail à tunis (moyenne des,12
2021,13.3,13,evolution des prix de détail à tunis (moyenne des 12 mois) ) 12 ( 3,215
2021,13.3,13,evolution des prix de détail à tunis (moyenne des 12 mois) (suite) ) ) ( 12 ( 3,216
2021,13.3,13,evolution des prix de détail à tunis (moyenne des 12 mois) (suite et fin) ) ) ( 12 ( 3,218
2021,13.4,13,variations annuelles de l indice général des prix à la 4,12
2021,13.4,13,variations annuelles de l indice général des prix à la consommation 4,219
2021,13.5,13,indice général des prix à la consommation familiale 5,12
2021,13.5,13,indice général des prix à la consommation familiale par mois et par groupe 5,221
2021,13.6,13,evolution de l indice général des prix à la 6,12
2021,13.6,13,evolution de l indice général des prix à la consommation 6.13,222
2021,13.7,13,evolution de l indice général des prix à la,12
2021,13.7,13,evolution de l indice général des prix à la consommation 7,223
2021,13.8,13,quantités des légumes commercialisés aux marchés 8,12
2021,13.8,13,quantités des légumes commercialisés aux marchés de gros des 8,225
2021,13.9,13,quantités des fruits commercialisés aux marchés de 9,12
2021,13.9,13,quantités des fruits commercialisés aux marchés de gros des 9,226
2021,14.1,14,evolution mensuelle des échanges 229 1,12
2021,14.1,14,evolution mensuelle des échanges 1,229
2021,14.10,14,evolution des échanges avec les principaux pays 239 10,13
2021,14.10,14,evolution des échanges avec les principaux pays 10,239
2021,14.2,14,evolution des échanges. par groupement sectoriel,12
2021,14.2,14,evolution des échanges par groupement sectoriel d activité 2,230
2021,14.3,14,evolution des échanges par type d utilisation 231 3,12
2021,14.3,14,evolution des échanges par type d utilisation 3,231
2021,14.4,14,evolution des échangespar groupement d utilisation 4,12
2021,14.4,14,evolution des échanges par groupement des produits 4,232
2021,14.5,14,evolution des exportations des principaux produits 5,12
2021,14.6,14,evolution des exportations des principaux produits 234 6,13
2021,14.6,14,evolution des exportations des principaux produits 6,234
2021,14.7,14,evolutions des importations des principaux produits 7,13
2021,14.7,14,evolution des importations des principaux produits 7,235
2021,14.7,14,evolution des importations des principaux produits par 7,236
2021,14.8,14,evolution des importations des principaux produits 8,13
2021,14.8,14,evolution des importations par groupement des principaux 8,237
2021,14.9,14,evolution des échanges avec les principaux 9,13
2021,14.9,14,evolution des échanges avec les principaux ensembles 9.14,238
2021,15.1,15,evolution de la structure du système financier 243,13
2021,15.1,15,evolution de la structure du système financier 1,243
2021,15.10,15,paiements extérieurs de la tunisie: evolution des,13
2021,15.10,15,paiements extérieurs de la tunisie: evolution des recettes : 10,252
2021,15.10,15,paiements exterieurs de la tunisie: evolution des ( : 10,253
2021,15.11,15,paiements extérieurs de la tunisie: evolution des,13
2021,15.11,15,paiements extérieurs de la tunisie : evolution des dépenses : 11,254
2021,15.11,15,paiements exterieurs de la tunisie : evolution des dépenses (suite ( : 11,255
2021,15.12,15,taux d intérêt 256 12,13
2021,15.12,15,taux d intérêt 12.15,256
2021,15.13,15,cours annuels moyens en dinars des principales 13,13
2021,15.13,15,cours annuels moyens en dinar des principales 13.15,256
2021,15.14,15,principaux indicateurs boursiers 256 14,13
2021,15.14,15,principaux indicateurs boursiers 14.15,256
2021,15.2,15,evolution du réseau bancaire par gouvernorat 244 2,13
2021,15.2,15,evolution du réseau bancaire par gouvernorat 2.15,244
2021,15.3,15,les ressources du système monétaire et leurs,13
2021,15.3,15,les ressources du système monétaire et leurs contreparties 3,245
2021,15.3,15,les ressources du système monétaire et leurs contreparties (suite et fin) ) ( 3,246
2021,15.4,15,les ressources du système financier et leurs,13
2021,15.4,15,les ressources du système financier et leurs contreparties 4,247
2021,15.5,15,evolution de la situation de la banque centrale par,13
2021,15.5,15,evolution de la situation de la banque centrale par secteur 5,248
2021,15.6,15,evolution de la situation des banques de dépôts par,13
2021,15.6,15,evolution de la situation des banques de dépots par secteur 6,249
2021,15.7,15,evolution des crédits à court terme par branche 7,13
2021,15.7,15,evolution des crédits à court terme par branche d activité 7,250
2021,15.8,15,evolution des crédits à moyen et long terme par 8,13
2021,15.8,15,evolution des crédits à moyen et long terme par branche d activité 8,250
2021,15.9,15,evolution du total des crédits par branche d activité 9,13
2021,15.9,15,evolution du total des crédits par branche d activité économique 9,251
2021,16.1,16,recettes de l état 259 1,13
2021,16.1,16,recettes de l état 1,259
2021,16.10,16,dépenses du titre ii par chapitre 269 ( ) 10,13
2021,16.10,16,dépenses du titre ii (équipement) par chapitre ( ) 10,269
2021,16.11,16,evolution des dépenses des fonds spéciaux du trésor 270 11,13
2021,16.11,16,evolution des dépenses des fonds spéciaux du trésor ventilés,270
2021,16.12,16,dépenses des fonds de concours 271 12,13
2021,16.12,16,dépenses des fonds de concours 12,271
2021,16.2,16,recettes du titre i par catégorie (fonctionnement) 259 ) ( 2,13
2021,16.2,16,recettes du titre i par catégorie (fonctionnement) ) ( 2,259
2021,16.3,16,recettes ordinaires du budget de l état par article 260 3,13
2021,16.3,16,recettes ordinaires du budget de l état par article 3,260
2021,16.3,16,recettes ordinaires du budget de l état par article (suite) ) ( 3,261
2021,16.3,16,recettes ordinaires du budget de l état par article ( 3,263
2021,16.4,16,recettes du titre ii (équipement) 264 ) ( 4,13
2021,16.4,16,recettes du titre ii ( équipement ) ) ( 4,264
2021,16.5,16,recettes des fonds de concours (titre ii section ii) 264 ) ( 5,13
2021,16.5,16,recettes des fonds de concours ( titre ii section ii ) ) ( 5,264
2021,16.6,16,recettes des fonds spéciaux du trésor ventilée par fonds 265 6.16,13
2021,16.6,16,recettes des fonds spéciaux du trésor ventilées par fonds 6,265
2021,16.6,16,recettes des fonds spéciaux du trésor ventilées par fonds (suite) ) ( 6,266
2021,16.7,16,dépenses de l état 266 7,13
2021,16.7,16,dépenses de l état 7,266
2021,16.8,16,dépenses du titre i par chapitre 267 8,13
2021,16.8,16,dépenses du titre i par chapitre 8,267
2021,16.9,16,dépenses du titre i par catégorie et chapitre 268 9,13
2021,16.9,16,dépenses du titre i par catégorie et département 9,268
2021,17.1,17,ressources et emplois des biens et services aux prix,14
2021,17.1,17,ressources et emplois des biens et services aux prix courants 1,275
2021,17.10,17,créances et dettes 279 10,14
2021,17.10,17,créances et dettes 10,279
2021,17.11,17,taux et ratios par habitant 280 11,14
2021,17.11,17,taux et ratios par habitant 11.17,280
2021,17.12,17,valeurs ajoutées par secteur d activité (prix courants) 281 ) ( 12,14
2021,17.12,17,valeurs ajoutées par secteur d activité (aux prix courants) ) ( 12,281
2021,17.13,17,valeurs ajoutées par secteur d activité aux prix de,14
2021,17.13,17,valeurs ajoutées par secteur d activité aux prix de l année précédente 13,282
2021,17.14,17,formation brute de capital fixe par secteur d activité 283,14
2021,17.14,17,formation brute de capital fixe par secteur d activité 14,283
2021,17.15,17,formation brute de capital fixe par domaine 284 15,14
2021,17.15,17,formation brute de capital fixe par domaine 15,284
2021,17.16,17,compte des opérations avec l extérieur 285 16,14
2021,17.16,17,compte des opérations avec l extérieur 16,285
2021,17.16,17,compte des opérations avec l extérieur (suite et fin) ) ( 16,286
2021,17.2,17,ressources et emplois de biens et services aux prix 2,14
2021,17.2,17,ressources et emplois de biens et services aux prix courants 2,275
2021,17.3,17,ressources et emplois de biens et services aux prix 276 3,14
2021,17.3,17,ressources et emplois de biens et services aux prix de l année précédente 3,276
2021,17.4,17,ressources et emplois de biens et services aux prix 4,14
2021,17.4,17,ressources et emplois de biens et services aux prix de l année 4,276
2021,17.5,17,évolution des prix des ressources et emploi de biens,14
2021,17.5,17,evolution des prix de ressources et emplois de biens et services 5,277
2021,17.6,17,contribution a l évolution du pib aux prix de l année 277 6,14
2021,17.6,17,contribution à l évolution du p.i.b aux prix de l année précédente 6,277
2021,17.7,17,produit national 278 7,14
2021,17.7,17,revenu national 7,278
2021,17.8,17,consommation et epargne 278 8,14
2021,17.8,17,consommation et épargne 8,278
2021,17.9,17,investissement et financement 279 9,14
2021,17.9,17,investissement et financement 9,279
2021,18.1,18,temperature minimum absolu par principale station 289,14
2021,18.1,18,température minimum absolu par principale station 1,289
2021,18.2,18,temperature maximum absolu par principale station 290,14
2021,18.2,18,température maximum absolu par principale station 2. 18,290
2021,18.3,18,temperature moyenne par principale station 291 3,14
2021,18.3,18,température moyenne par principale station 3,291
2021,18.4,18,pluviometrie en millimetre par principale station 292 ( 4,14
2021,18.4,18,pluviométrie en millimètre par principale station 4. 18 ( ),292
2021,18.5,18,pluviometrie en millimetre par principale station 293 ( 5,14
2021,18.5,18,pluviométrie en millimètre par principale station (année 5,293
2021,18.6,18,nombre de jours de pluie par station (année agricole) 294 ),14
2021,19.1,19,les ressources en eaux disponibles par source 297 1,14
2021,19.1,19,les ressources en eaux disponibles par source 1,297
2021,19.10,19,evolution de la production nette et de la 10,15
2021,19.10,19,evolution de la production nette et de la consommation d eau potable 10.19,300
2021,19.11,19,evolution du nombre d abonnés par usage 301 11,15
2021,19.11,19,evolution du nombre d abonnés par usage 11.19,301
2021,19.12,19,evolution de la consommation unitaire annuelle 12,15
2021,19.12,19,evolution de la consommation unitaire annuelle d eau potable par 12.19,301
2021,19.13,19,evolution de la consommation spécifique journalière 13,15
2021,19.13,19,evolution de la consommation spécifique journalière d eau 13.19,301
2021,19.14,19,capacité de traitement des stations d épuration en,15
2021,19.14,19,capacite de traitement des stations d épuration en termes de volume 14,302
2021,19.15,19,capacité de traitement des stations d épuration en 15,15
2021,19.15,19,capacité de traitement des stations d épuration en termes de 15,303
2021,19.16,19,capacité de traitement des stations d épuration en 16,15
2021,19.16,19,capacité de traitement des stations d épuration en termes 16,303
2021,19.17,19,rejets d eaux usées en termes de volume 304 17,15
2021,19.17,19,rejets d eaux usées en termes de volume 17,304
2021,19.18,19,rejets d eaux usées en termes de demande de 18,15
2021,19.18,19,rejets d eaux usées en termes de dbo 18,305
2021,19.19,19,répartition de la superficie par catégories d utilisation 306 19,15
2021,19.19,19,répartition de la superficie par catégories d utilisation des sols 19,306
2021,19.2,19,evolution des prélèvements des eaux souterraines 297 2,14
2021,19.2,19,evolution des prélèvements des eaux souterraines 2,297
2021,19.20,19,evolution des superficies reboisées et des,15
2021,19.20,19,evolution des superficies reboisées et des plantations pastorales 20,307
2021,19.21,19,evolution du nombre et des surfaces annuelles des 307 21,15
2021,19.21,19,evolution du nombre et des surfaces annuelles des incendies des forêts 21,307
2021,19.3,19,evolution des ressources en eaux renouvelables,14
2021,19.3,19,evolution des ressources en eaux renouvelables disponibles 3,297
2021,19.4,19,evolution des prélèvements des eaux souterraines 4,14
2021,19.4,19,evolution des prélèvements des eaux souterraines renouvelables 4,298
2021,19.5,19,prélèvement brut des eaux douces souterraines 5,14
2021,19.5,19,prélèvement brut des eaux douces souterraines renouvelables 5,298
2021,19.6,19,prélèvement brut des eaux non renouvelables 6,14
2021,19.6,19,prélèvement brut des eaux non renouvelables (aquifères) par 6,298
2021,19.7,19,evolution de la répartition de l exploitation des,15
2021,19.7,19,evolution de la répartition de l exploitation des nappes 7,299
2021,19.8,19,exploitation des nappes profondes par classe des 8,15
2021,19.8,19,exploitation des nappes profondes par classe des résidus 8,299
2021,19.9,19,evolution de la production brute de la sonede selon 9,15
2021,19.9,19,evolution du prélèvement d eau de la sonede selon les 9.19,300
2021,2.1,2,enseignement 1,7
2021,2.1.1,2,informations générales 43 1,7
2021,2.1.1,2,données générales 1,43
2021,2.1.10,2,principales données statistiques 53 10,7
2021,2.1.10,2,principales données du 2ème cycle de l enseignement 10,53
2021,2.1.11,2,population scolaire par année d études 53 11,7
2021,2.1.11,2,population scolaire du 2ème cycle de l enseignement de base 11,53
2021,2.1.12,2,population scolaire par genre et par gouvernorat 54 12,7
2021,2.1.13,2,population scolaire totale par gouvernorat 56 13,7
2021,2.1.13,2,population scolaire totale du 2ème cycle de l enseignement 13,56
2021,2.1.14,2,nombre d établissements et classes-élèves par gouvernorat 57 14,7
2021,2.1.14,2,nombre d établissements du 2ème cycle de l enseignement de 14,57
2021,2.1.15,2,personnel enseignant selon le genre et la nationalité. 58 15,8
2021,2.1.15,2,personnel enseignant du 2ème cycle de l enseignement 15,58
2021,2.1.16,2,résultats des examens 58 16,8
2021,2.1.16,2,résultats des examens du 1 et du 2 cycle de 16,58
2021,2.1.17,2,répartition des admis au baccalauriat par section et 59 17,8
2021,2.1.17,2,répartition des admis au baccalauréat par section 17,59
2021,2.1.18,2,répartition des étudiants par filières et par genre 60 18,8
2021,2.1.18,2,répartition des étudiants réguliers par filières 18,60
2021,2.1.19,2,répartition des diplômés de fin d études par filières et 61 19,8
2021,2.1.19,2,effectif des étudiants diplômés de fin d études 19,61
2021,2.1.2,2,principales données 44 2,7
2021,2.1.20,2,répartition des étudiants par secteur et par ministère 62 20,8
2021,2.1.20,2,répartition des étudiants réguliers par genre 20,62
2021,2.1.21,2,personnel enseignant à plein temps 62 21,8
2021,2.1.21,2,personnel enseignant à plein temps en 2021 - 2022 2022 - 2021 21,62
2021,2.1.3,2,nombre d écoles par gouvernorat 45 3,7
2021,2.1.3,2,nombre d écoles par gouvernorat du 1er cycle de 3,45
2021,2.1.4,2,nombre de locaux - classes par gouvernorat 46 4,7
2021,2.1.4,2,nombre de locaux - classes par gouvernorat du 1er cycle de 4,46
2021,2.1.5,2,personnel enseignant par gouvernorat 47 5,7
2021,2.1.5,2,personnel enseignant par gouvernorat du 1er cycle de 5,47
2021,2.1.6,2,classes élèves par année d études 48 6,7
2021,2.1.6,2,classes - élèves par année d études du 1 cycle de 6.1.2,48
2021,2.1.7,2,population scolaire par genre et par gouvernorat 49 7,7
2021,2.1.8,2,population scolaire totale par gouvernorat 51 8,7
2021,2.1.8,2,population scolaire totale du 1er cycle de 8,51
2021,2.1.9,2,population scolaire par année d études 52 9,7
2021,2.1.9,2,population scolaire du 1er cycle de l enseignement de 9.1.2,52
2021,2.2,2,culture 2,8
2021,2.2.1,2,evolution du réseau des bibliothèques par catégorie 1,63
2021,2.2.2,2,evolution de la capacité des bibliothèques par 2,64
2021,2.2.3,2,evolution des fonds de livres par catégorie de 3,65
2021,2.2.4,2,evolution des lecteurs par catégorie de 4,66
2021,2.2.5,2,evolution des abonnés par catégorie de 5,67
2021,2.2.6,2,evolution des livres prêtés par catégorie de 6,68
2021,2.2.7,2,nombre de films longs et courts métrages visés par nationalité 69 7,8
2021,2.2.7,2,nombre de films longs et courts métrages visés par nationalité 7,69
2021,2.2.8,2,evolution des nombres d entrées dans les salles 70 8,8
2021,2.2.8,2,evolution du nombre d entrées dans les salles de cinéma 8,70
2021,2.2.9,2,nombre de salles par gouvernorat 70,8
2021,2.2.9,2,nombre de salles de cinéma par gouvernorat,70
2021,20.1,20,evolution des entreprises privées selon l activité 1,15
2021,20.2,20,evolution des entreprises privées selon la tranche 2,15
2021,20.2,20,evolution des entreprises privées selon la tranche de salariés 2,318
2021,20.3,20,entreprises privées selon le gouvernorat et la 3,15
2021,20.3,20,entreprises privées selon le gouvernorat et la tranche de salariés 3,319
2021,20.4,20,evolution des entrées d entreprises privées selon 4,15
2021,20.5,20,evolution des entrées d entreprises privées selon 5,15
2021,20.5,20,evolution des entrées d entreprises privées selon la tranche de 5,321
2021,20.6,20,evolution des entrées d entreprises privées selon 6,15
2021,20.6,20,evolution des entrées d entreprises privées selon le gouvernorat 6,322
2021,20.7,20,evolution des sorties d entreprises privées selon 7,15
2021,20.8,20,evolution des sorties d entreprises privées selon la 8,15
2021,20.9,20,evolution des sorties d entreprises privées selon,15
2021,20.9,20,evolution des sorties d entreprises privées selon le gouvernorat 9,325
2021,21.1,21,division administrative du pays 329,15
2021,21.1,21,division administrative du pays 1,329
2021,3.1,3,evolution des nombres d abonnés aux maisons des,8
2021,3.1,3,evolution des nombres d abonnés aux maisons des 1,73
2021,3.10,3,nombre de salles de sports privées par gouvernorat 82 10,8
2021,3.10,3,nombre de salles de sports privées par gouvernorat 10.3,82
2021,3.11,3,nombre des centres d hébergements par gouvernorat 83 11,8
2021,3.11,3,nombre des centres d hébergements par gouvernorat 11,83
2021,3.12,3,nombre des complexes de jeunesse par gouvernorat 84 12,8
2021,3.12,3,nombre des complexes de jeunesse par gouvernorat 12.3,84
2021,3.13,3,nombre des centres de camping par gouvernorat 85 13,8
2021,3.13,3,nombre des centres de camping par gouvernorat 13,85
2021,3.2,3,evolution des nombres d abonnés aux maisons des 2,8
2021,3.3,3,evolution des nombres d abonnés aux maisons des 3,8
2021,3.3,3,répartition des abonnés aux maisons des jeûnes par activité 3,75
2021,3.4,3,répartition des licenciés par sexe et par gouvernorat,8
2021,3.4,3,répartition des licenciés par sexe et par gouvernorat pour 4,76
2021,3.5,3,répartition des licenciés par sexe et par discipline pour 5,8
2021,3.5,3,répartition des licenciés par sexe et par 5,77
2021,3.6,3,répartition des abonnés aux salles de sport privées par gouvernorat 78 6,8
2021,3.6,3,répartition des abonnés aux salles de sport privées 6,78
2021,3.7,3,nombre de salles de sports par gouvernorat 79 7,8
2021,3.7,3,nombre de salles de sports par gouvernorat 7,79
2021,3.8,3,nombre de stades gazonnés par gouvernorat 80 8,8
2021,3.8,3,nombre de stades gazonnés par gouvernorat 8.3,80
2021,3.9,3,nombre de maisons de jeunes par gouvernorat 81 9,8
2021,3.9,3,nombre de maisons de jeûnes par gouvernorat 9,81
2021,4.1,4,infrastructure sanitaire du secteur public par gouvernorat 89 1,8
2021,4.1,4,infrastructure sanitaire du secteur public par gouvernorat 1,89
2021,4.2,4,infrastructure sanitaire du secteur privé par gouvernorat 90 2,8
2021,4.2,4,infrastructure sanitaire du secteur privé par gouvernorat 2,90
2021,4.3,4,effectif des officines et des médecins par gouvernorat 91 3,8
2021,4.3,4,effectif des officines et des médecins par gouvernorat 3,91
2021,4.4,4,répartition du personnel paramédical du secteur public 4,8
2021,4.4,4,répartition du personnel paramédical par grade et par gouvernorat* 4,92
2021,4.5,4,activités de la santé de la reproduction et de la planification 2021 5,8
2021,4.5,4,activités de la santé de la reproduction et de la planification 5,93
2021,4.5,4,activités de la santé de la reproduction et de la planification familiale 5,95
2021,4.6,4,répartition des bénéficiaires de l information. de 6,8
2021,4.6,4,répartition des bénéficiaires de l information de l éducation et de 6.4,96
2021,4.7,4,taux de prévalence contraceptive 96 7,8
2021,4.7,4,taux de prévalence contraceptive 7.4,96
2021,5.1,5,des tribunaux par degré 99 1,9
2021,5.1,5,activité des tribunaux par degré au cours de l année judiciaire 2020-2021 2021-2020 1,99
2021,5.10,5,en matière criminelle au cours de l année judiciaire 106 10,9
2021,5.10,5,affaires enrolées et traitées devant les tribunaux de 1ere instance 10.5,106
2021,5.2,5,de la cour de cassation par matière 99 2,9
2021,5.2,5,activité de la cour de cassation par matière au cours de l année 2,99
2021,5.3,5,des cours d appel par matière 100 3,9
2021,5.3,5,activités des cours d appel par matière et par année judiciaire 3,100
2021,5.4,5,des tribunaux de première instance par matière 101 4,9
2021,5.4,5,activités des tribunaux de 1ere instance par matière au cours 4,101
2021,5.5,5,des justices cantonales par matière 101 5,9
2021,5.5,5,activités des justices cantonales par matière au cours de 5,101
2021,5.6,5,en matière civile par année judiciaire 102 6,9
2021,5.6,5,affaires enrolées devant les tribunaux de 1ere instance en matière 6,102
2021,5.7,5,en matière correctionnelle par année judiciaire 103 7,9
2021,5.7,5,affaires traitées devant les tribunaux de 1ere instance en matière 7,103
2021,5.8,5,en matière civile par année judiciaire 104 8,9
2021,5.8,5,affaires enrolées devant les tribunaux de 1ere instance en matière 8,104
2021,5.9,5,en matière correctionnelle par année judiciaire 105 9,9
2021,5.9,5,affaires traitées devant les tribunaux de 1ere instance en matière 9,105
2021,6.1,6,emploi 1,9
2021,6.1.1,6,evolution des actifs et des occupés 109 1,9
2021,6.1.1,6,evolution des actifs et des occupés 1,109
2021,6.1.10,6,données globales du marché de l emploi 113 10,9
2021,6.1.10,6,données globales du marché de l emploi 10,113
2021,6.1.2,6,taux de chômage selon le sexe (%) 109 )%( 2,9
2021,6.1.2,6,taux de chômage selon le sexe (%) (mois de mai) )) ( %( 2,109
2021,6.1.3,6,taux de chômage selon le niveau éducatif (%) 109 )%( 3,9
2021,6.1.3,6,taux de chômage selon le niveau éducatif (%) (mois de mai) )) ( %( 3,109
2021,6.1.4,6,taux de chômage des diplômés de l enseignement 4,9
2021,6.1.4,6,taux de chômage des diplômés de l enseignement ) ( %( 4,109
2021,6.1.5,6,evolution des demandes d emploi enregistrées par 5,9
2021,6.1.5,6,evolution des demandes d emploi enregistrées 5,110
2021,6.1.6,6,evolution des demandes d emploi enregistrées par gouvernorat 110 6,9
2021,6.1.6,6,evolution du nombre des demandes d emploi par gouvernorat 6,110
2021,6.1.7,6,evolution des offres d emploi reçues par gouvernorat.. 111 7,9
2021,6.1.7,6,evolution des offres d emploi reçues par gouvernorat 7,111
2021,6.1.8,6,evolution des placements réalisés en tunisie par catégorie 112 8,9
2021,6.1.8,6,evolution des placements réalisés en tunisie 8,112
2021,6.1.9,6,evolution des placements réalisés en tunisie par gouvernorat 112 9,9
2021,6.1.9,6,evolution des placements réalisés en tunisie par gouvernorat 9,112
2021,6.2,6,salaires 2,9
2021,6.2.1,6,evolution du salaire minimum interprofessionnel garanti (smig) 114 1,9
2021,6.2.1,6,evolution du salaire minimum interprofessionnel garanti 1,114
2021,6.2.2,6,evolution du salaire minimum agricole garanti (smag) 114 2,9
2021,6.2.2,6,evolution du salaire minimum agricole garanti (smag) 2,114
2021,7.1,7,evolution de la production des céréales 117,9
2021,7.1,7,evolution de la production des céréales 1,117
2021,7.10,7,production brute des palmiers par variété et par année,9
2021,7.10,7,production brute des palmiers par varieté et par année de récolte 10,121
2021,7.11,7,evolution de la production de vins moûts et mistelles par 121 11,9
2021,7.11,7,evolution de la production de vins mouts et mistelles par gouvernorat 11,121
2021,7.12,7,evolution de la superficie des vignobles par gouvernorat 121 12,10
2021,7.12,7,evolution de la superficie des vignobles * par gouvernorat * 12,121
2021,7.13,7,evolution de la production des cultures industrielles 122 13,10
2021,7.13,7,evolution de la production des cultures industrielles 13.7,122
2021,7.14,7,evolution de la production de la pêche par type 122 14,10
2021,7.14,7,evolution de la production de la pêche par type 14.7,122
2021,7.15,7,répartition de la flottille active par type d embarcation et 123 15,10
2021,7.15,7,répartition de la flotille active par type d embarcation et gouver- 15,123
2021,7.2,7,evolution des superficies ensemencées en céréales 117,9
2021,7.2,7,evolution des superficies ensemencées en céréales 2,117
2021,7.3,7,répartition de la superficie selon la catégorie,9
2021,7.3,7,répartition de la superficie selon la catégorie d occupation du sol 3,118
2021,7.4,7,répartition du cheptel 118,9
2021,7.4,7,répartition du cheptel 4,118
2021,7.5,7,production de viande par type 118,9
2021,7.5,7,production de viande par type et production des oeufs 5,118
2021,7.6,7,production des légumes 119 6.7,9
2021,7.6,7,production des légumes 6,119
2021,7.7,7,evolution de la production des légumineuses 119,9
2021,7.7,7,evolution de la production des légumineuses 7,119
2021,7.8,7,evolution de la production des fruits (sauf agrumes) 120 ) (,9
2021,7.8,7,evolution de la production des fruits (sauf agrumes) ) ( 8,120
2021,7.9,7,evolution de la production d agrumes par variété 120,9
2021,7.9,7,evolution de la production d agrumes par variété 9,120
2021,8.1,8,evolution de la production d energie primaire 127,10
2021,8.1,8,evolution de la production d énergie primaire 1.8,127
2021,8.10,8,evolution de la production et de la consommation du gaz 10.8,132
2021,8.12,8,evolution de la consommation d eau 12,133
2021,8.13,8,evolution de la production et des échanges de pétrole brut 13,133
2021,8.14,8,evolution de la production des produits pétroliers 14.8,134
2021,8.15,8,evolution de la consommation des produits pétroliers 15.8,134
2021,8.2,8,evolution de la consommation d énergie primaire 2.8,127
2021,8.3,8,evolution de la puissance installée par centrale 1 1,128
2021,8.4,8,evolution de la production d électricité par centrale 128 4,10
2021,8.4,8,evolution de la production d élèctricité par centrale 2,128
2021,8.5,8,evolution des réseaux par tension,129
2021,8.6,8,evolution des ventes d élèctricité par centre de distribution 6,129
2021,8.7,8,evolution des ventes d électricité par tension 7,130
2021,8.8,8,evolution des ventes d électricité de haute et moyenne 8,130
2021,8.9,8,evolution du nombre de consommateurs par centre 9,10
2021,8.9,8,evolution du nombre de clients d électricité par centre de 9,131
2021,9.1,9,indice de la production industrielle 137,10
2021,9.1,9,indice de la production industrielle 1,137
2021,9.1,9,indice de la production industrielle (suite et fin) ) ( 1,138
2021,9.2,9,industries agro-alimentaires 139,10
2021,9.2,9,industries agro - alimentaires (production) ) ( 2,139
2021,9.3,9,production de tabac 140,10
2021,9.3,9,production de tabac 3,140
2021,9.4,9,matériaux de construction. céramique et verre 140,10
2021,9.4,9,matériaux de construction céramique et verre 4,140
2021,9.5,9,industries mécaniques 141,10
2021,9.5,9,industries mécaniques et élèctrique (production ) ) (,141
2021,9.6,9,industries chimiques (production) 141 ) (,10
2021,9.6,9,industries chimiques (production ) ) ( 6,141
2021,9.7,9,industrie du papier (production) 142 ) (,10
2021,9.7,9,industrie du papier (production ) ) ( 7,142
2021,9.8,9,production minière 142,10
2021,9.8,9,production minière 8,142
2022,1.1,1,principales caractéristiques démographiques 19 1,7
2022,1.1,1,principales caractéristiques démographiques 1,19
2022,1.10,1,suivant le lieu d accouchement et le gouvernorat de 31 10,7
2022,1.10,1,naissances selon le lieu d accouchement et le gouver- 10,31
2022,1.11,1,décès corrigés selon le gouvernorat de domicile et le sexe 32 11,7
2022,1.11,1,décès corriges selon le gouvernorat de domicile et le sexe 11,32
2022,1.12,1,taux bruts de mortalité par gouvernorat 33 12,7
2022,1.12,1,décès et taux bruts de mortalité par gouvernorat 12,33
2022,1.13,1,mort-nés par gouvernorat de déclaration 34 13,7
2022,1.13,1,evolution des morts-nés par gouvernorat de déclaration 13.1,34
2022,1.14,1,contractés par gouvernorat de déclaration 35 14,7
2022,1.14,1,mariages contractés par gouvernorat de déclaration 14,35
2022,1.15,1,selon le groupe d âge de l époux par gouvernorat 36 15,7
2022,1.15,1,mariage selon le groupe d âge de l époux 15.1,36
2022,1.16,1,selon le groupe d âge de l épouse par gouvernorat 37 16,7
2022,1.16,1,mariage selon le groupe d âge de l épouse 16,37
2022,1.17,1,selon le groupe d âge des époux 38 17,7
2022,1.17,1,mariages selon le groupe d âge des époux 17.1,38
2022,1.18,1,prononces par les tribunaux de 1 ère,7
2022,1.18,1,divorces prononcés par les tribunaux de 1ère instance 18,39
2022,1.2,1,sexe masculin 20 2,7
2022,1.2,1,estimation de la population par groupe d age genre et 2,20
2022,1.3,1,sexe féminin 22 3,7
2022,1.3,1,estimation de la population par groupe d age genre et gouvernorat 3.1,22
2022,1.3,1,estimation de la population par groupe d age genre et 3,23
2022,1.4,1,ensemble 24 4,7
2022,1.4,1,estimation de la population par groupe d age genre et 4,24
2022,1.5,1,estimation de la population par gouvernorat 26 5,7
2022,1.5,1,estimation de la population par gouvernorat au 1er juillet 5.1,26
2022,1.6,1,taux bruts de natalité par gouvernorat 27 6,7
2022,1.6,1,naissances et taux bruts de natalité par gouvernorat 6,27
2022,1.7,1,naissances selon le groupe d âge de la mère et le gouver- 7.1,28
2022,1.8,1,taux de fécondité selon groupe d âge de la mère isf et tgf 29 . . . . 8,7
2022,1.8,1,taux de fécondite1 selon le groupe d âge de la mère isf2 . . ) 2( . . ) 1( 8,29
2022,1.9,1,par genre suivant le gouvernorat de déclaration 30 9,7
2022,1.9,1,naissances par genre suivant le gouvernorat de déclaration 9,30
2022,10.1,10,principaux indicateurs touristiques 145 1,10
2022,10.1,10,principaux indicateurs touristiques 1,145
2022,10.10,10,non résidents par nationalité et par mois .(voie maritime),10
2022,10.10,10,sorties des voyageurs non résidents par nationalité et par mois 10,161
2022,10.11,10,non résidents par voie de transport et poste frontière 163 11,11
2022,10.11,10,sorties des voyageurs non résidents par voie de transport et poste 11,163
2022,10.12,10,entrées des tunisiens par voie de transport et poste,11
2022,10.12,10,entrées des tunisiens par voie de transport et poste frontière 12,164
2022,10.13,10,sorties des tunisiens par pays de destination et par voie 13,11
2022,10.13,10,sorties des tunisiens par pays de destination et par 13,165
2022,10.14,10,capacité d hébergement par région touristique 166 14,11
2022,10.14,10,capacité d hébergement par région touristique 14.10,166
2022,10.15,10,nuitées touristiques globales par nationalité 167 15,11
2022,10.15,10,nuitées touristiques globales par nationalité 15,167
2022,10.16,10,taux d occupation par région touristique 169 16,11
2022,10.16,10,taux d occupation par région touristique 16,169
2022,10.17,10,durée moyenne de séjour par nationalité 169 17,11
2022,10.17,10,durée moyenne de séjour par nationalité,169
2022,10.18,10,nuitées des non-résidents par catégorie hôtelière 170 18,11
2022,10.18,10,nuitées des non résidents par catégorie hotelière 18.10,170
2022,10.19,10,nuitées des non-résidents par région touristique 170,11
2022,10.19,10,nuitées des non résidents par région touristique 19.10,170
2022,10.2,10,non résidents par nationalité et par mois 146 2,10
2022,10.2,10,entrées des voyageurs non résidents par nationalité et par mois 2.10,146
2022,10.2,10,entrées des voyageurs non résidents par nationalité et par mois 2,147
2022,10.20,10,mouvement des croisières maritimes par nationalité et,11
2022,10.20,10,mouvement des croisières maritimes par nationalité et par port d entrée 20,171
2022,10.3,10,non résidents par nationalité et par mois (voie aérienne) 148 ) ( 3,10
2022,10.3,10,entrées des voyageurs non résidents par nationalité et par mois 3,148
2022,10.4,10,non résidents par nationalité et par mois (voie terrestre) 150 ) ( 4,10
2022,10.4,10,entrées des voyageurs non résidents par nationalité et par mois 4,150
2022,10.5,10,non résidents par nationalité et par mois (voie maritime) 152 ) ( 5,10
2022,10.5,10,entrées des voyageurs non résidents par nationalité et par mois 5.10,152
2022,10.5,10,entrées des voyageurs non résidents par nationalité et par mois 5,153
2022,10.6,10,non résidents par nationalité par voie de transport et 6,10
2022,10.6,10,evolution des entrées des voyageurs non résidents par voie de 6,154
2022,10.7,10,non résidents par nationalité et par mois .(ensemble des voies) 155 ) ( 7,10
2022,10.7,10,sorties des voyageurs non résidents par nationalité et par mois 7,155
2022,10.7,10,sorties des voyageurs non résidents par nationalité et par mois 7.10,156
2022,10.8,10,non résidents par nationalité et par mois .(voie aérienne) 157 ) ( 8,10
2022,10.8,10,sorties des voyageurs non résidents par nationalité et par mois 8,157
2022,10.8,10,sorties des voyageurs non résidents par nationalité (suite) ( voie 8.10,158
2022,10.9,10,non résidents par nationalité et par mois .(voie terrestre) 159 ) ( 9,10
2022,10.9,10,sorties des voyageurs non résidents par nationalité 9,159
2022,10.9,10,sorties des voyageurs non résidents par nationalité et par mois 9,160
2022,11.1,11,immatriculation des véhicules neufs par catégorie et,11
2022,11.1,11,immatriculation des véhicules neufs par catégorie et marque 1,175
2022,11.10,11,transport aérien 186 10,11
2022,11.10,11,transport aérien 10.11,186
2022,11.10,11,transport aérien (suite ) ) ( 10,187
2022,11.10,11,transport aérien (suite et fin) ) ( 10,189
2022,11.11,11,transport maritime 190 11,11
2022,11.11,11,transport maritime 11,190
2022,11.11,11,transport maritime (suite ) ) ( 11,191
2022,11.11,11,transport maritime (suite et fin) ) ( 11,192
2022,11.2,11,immatriculation des véhicules occasions par catégorie,11
2022,11.2,11,immatriculation des véhicules occasions par catégorie et marque 2,176
2022,11.3,11,ensemble des immatriculations des véhicules par,11
2022,11.3,11,ensemble des immatriculations des véhicules par catégorie et marque 3,177
2022,11.4,11,répartition des accidents par cause et milieu 178 4,11
2022,11.4,11,répartition du nombre des accidents par cause et milieu 4,178
2022,11.5,11,répartition du nombre des accidents et des victimes 5,11
2022,11.6,11,evolution du nombre des accidents par gouvernorat et,11
2022,11.6,11,evolution du nombre d accidents par gouvernorat et par mois 6,179
2022,11.7,11,evolution du nombre des blessés par gouvernorat et par,11
2022,11.7,11,evolution du nombre des blessés par gouvernorat et par mois 7,180
2022,11.8,11,evolution du nombre des tués par gouvernorat etpar,11
2022,11.8,11,evolution du nombre des tués par gouvernorat et par mois 8,181
2022,11.9,11,transport ferroviaire 182 9,11
2022,11.9,11,transport ferroviaire 9,182
2022,11.9,11,transport ferroviaire (suite) ) ( 9,183
2022,11.9,11,transport ferroviaire (suite et fin) ) ( 9,185
2022,12.1,12,domaine des télécommunications 1,12
2022,12.1,12,domaine des telecommunications 1,195
2022,12.1.1,12,les réseaux téléphoniques 195 1,12
2022,12.1.1,12,les réseaux téléphoniques,195
2022,12.1.2,12,evolution du nombre d abonnés au réseau 2,12
2022,12.1.2,12,evolution du nombre d abonnés au réseau téléphonique fixe 2,196
2022,12.1.3,12,trafic téléphonique 197 : 3,12
2022,12.1.3,12,trafic téléphonique tunisie telecom 3,197
2022,12.1.4,12,domaine de l informatique et de l internet 198 4,12
2022,12.1.4,12,domaine de l informatique et de l internet 4,198
2022,12.1.5,12,domaine de la télédiffusion 199 5,12
2022,12.1.5,12,domaine de la télédiffusion 5,199
2022,12.1.5,12,domaine de la télédiffusion (suite) ) ( 5,200
2022,12.2,12,domaine de la poste 2,12
2022,12.2,12,domaine de la postes 2,201
2022,12.2.1,12,le réseau commercial 201 1,12
2022,12.2.1,12,le réseau commercial 1,201
2022,12.2.10,12,mouvements de fonds des c.c.p 206,12
2022,12.2.10,12,mouvements de fonds des c.c.p. 10.2.12,206
2022,12.2.2,12,colis postaux 201 2,12
2022,12.2.2,12,colis postaux 2,201
2022,12.2.3,12,mandats régime général 202 3,12
2022,12.2.3,12,mandats (régime général) ) ( 3,202
2022,12.2.4,12,balance du trafic des mandats régime,12
2022,12.2.4,12,balance du trafic des mandats (régime international) ) ( 4,202
2022,12.2.5,12,epargne postale 203 5,12
2022,12.2.5,12,epargne postale 5,202
2022,12.2.6,12,comptes d epargne en dinars convertibles 203 6,12
2022,12.2.6,12,comptes d épargne en dinars convertibles 6,203
2022,12.2.7,12,montant des mandats émis par l étranger et payés 7,12
2022,12.2.7,12,montant des mandats émis par l étranger et payés en tunisie par 7,204
2022,12.2.8,12,montant des mandats émis par l étranger et par,12
2022,12.2.8,12,montant des mandats émis par l étranger et par mois 8,205
2022,12.2.9,12,montant des mandats émis par l étranger et payés 9,12
2022,12.2.9,12,montant des mandats émis par l étranger et payés en tunisie par 9,205
2022,13.1,13,evolution annuelle de l indice des prix de vente 1,12
2022,13.2,13,evolution mensuelle de l indice des prix de vente 212 2,12
2022,13.2,13,evolution mensuelle de l indice des prix de vente 2,212
2022,13.2,13,evolution mensuelle de l indice des prix de vente industriels 2,213
2022,13.2,13,evolution mensuelle de l indice des prix de vente industriels 2.13,214
2022,13.3,13,evolution des prix de détail à tunis (moyenne des,12
2022,13.3,13,evolution des prix de détail à tunis (moyenne des 12 mois) ) 12 ( 3,215
2022,13.3,13,evolution des prix de détail à tunis (moyenne des 12 mois) (suite) ) ) ( 12 ( 3,216
2022,13.3,13,evolution des prix de détail à tunis (moyenne des 12 mois) (suite et fin) ) ) ( 12 ( 3,218
2022,13.4,13,variations annuelles de l indice général des prix à la 4,12
2022,13.4,13,variations annuelles de l indice général des prix à la consommation 4,219
2022,13.5,13,indice général des prix à la consommation familiale 5,12
2022,13.5,13,indice général des prix à la consommation familiale par mois et par groupe 5,221
2022,13.6,13,evolution de l indice général des prix à la 6,12
2022,13.6,13,evolution de l indice général des prix à la consommation 6.13,222
2022,13.7,13,evolution de l indice général des prix à la,12
2022,13.7,13,evolution de l indice général des prix à la consommation 7,223
2022,13.8,13,quantités des légumes commercialisés aux marchés 8,12
2022,13.8,13,quantités des légumes commercialisés aux marchés de gros des 8,225
2022,13.9,13,quantités des fruits commercialisés aux marchés de 9,12
2022,13.9,13,quantités des fruits commercialisés aux marchés de gros des 9,226
2022,14.1,14,evolution mensuelle des échanges 229 1,12
2022,14.1,14,evolution mensuelle des échanges 1,229
2022,14.10,14,evolution des échanges avec les principaux pays 239 10,13
2022,14.10,14,evolution des échanges avec les principaux pays 10,239
2022,14.2,14,evolution des échanges. par groupement sectoriel,12
2022,14.2,14,evolution des échanges par groupement sectoriel d activité 2,230
2022,14.3,14,evolution des échanges par type d utilisation 231 3,12
2022,14.3,14,evolution des échanges par type d utilisation 3,231
2022,14.4,14,evolution des échangespar groupement d utilisation 4,12
2022,14.4,14,evolution des échanges par groupement des produits 4,232
2022,14.5,14,evolution des exportations des principaux produits 5,12
2022,14.6,14,evolution des exportations des principaux produits 234 6,13
2022,14.6,14,evolution des exportations des principaux produits 6,234
2022,14.7,14,evolutions des importations des principaux produits 7,13
2022,14.7,14,evolution des importations des principaux produits 7,235
2022,14.7,14,evolution des importations des principaux produits par 7,236
2022,14.8,14,evolution des importations des principaux produits 8,13
2022,14.8,14,evolution des importations par groupement des principaux 8,237
2022,14.9,14,evolution des échanges avec les principaux 9,13
2022,14.9,14,evolution des échanges avec les principaux ensembles 9.14,238
2022,15.1,15,evolution de la structure du système financier 243,13
2022,15.1,15,evolution de la structure du système financier 1,243
2022,15.10,15,paiements extérieurs de la tunisie: evolution des,13
2022,15.10,15,paiements extérieurs de la tunisie: evolution des recettes : 10,252
2022,15.10,15,paiements exterieurs de la tunisie: evolution des ( : 10,253
2022,15.11,15,paiements extérieurs de la tunisie: evolution des,13
2022,15.11,15,paiements extérieurs de la tunisie : evolution des dépenses : 11,254
2022,15.11,15,paiements exterieurs de la tunisie : evolution des dépenses (suite ( : 11,255
2022,15.12,15,taux d intérêt 256 12,13
2022,15.12,15,taux d intérêt 12.15,256
2022,15.13,15,cours annuels moyens en dinars des principales 13,13
2022,15.13,15,cours annuels moyens en dinar des principales 13.15,256
2022,15.14,15,principaux indicateurs boursiers 256 14,13
2022,15.14,15,principaux indicateurs boursiers 14.15,256
2022,15.2,15,evolution du réseau bancaire par gouvernorat 244 2,13
2022,15.2,15,evolution du réseau bancaire par gouvernorat 2.15,244
2022,15.3,15,les ressources du système monétaire et leurs,13
2022,15.3,15,les ressources du système monétaire et leurs contreparties 3,245
2022,15.3,15,les ressources du système monétaire et leurs contreparties (suite et fin) ) ( 3,246
2022,15.4,15,les ressources du système financier et leurs,13
2022,15.4,15,les ressources du système financier et leurs contreparties 4,247
2022,15.5,15,evolution de la situation de la banque centrale par,13
2022,15.5,15,evolution de la situation de la banque centrale par secteur 5,248
2022,15.6,15,evolution de la situation des banques de dépôts par,13
2022,15.6,15,evolution de la situation des banques de dépots par secteur 6,249
2022,15.7,15,evolution des crédits à court terme par branche 7,13
2022,15.7,15,evolution des crédits à court terme par branche d activité 7,250
2022,15.8,15,evolution des crédits à moyen et long terme par 8,13
2022,15.8,15,evolution des crédits à moyen et long terme par branche d activité 8,250
2022,15.9,15,evolution du total des crédits par branche d activité 9,13
2022,15.9,15,evolution du total des crédits par branche d activité économique 9,251
2022,16.1,16,recettes de l état 259 1,13
2022,16.1,16,recettes de l état 1,259
2022,16.10,16,dépenses du titre ii par chapitre 269 ( ) 10,13
2022,16.10,16,dépenses du titre ii (équipement) par chapitre ( ) 10,269
2022,16.11,16,evolution des dépenses des fonds spéciaux du trésor 270 11,13
2022,16.11,16,evolution des dépenses des fonds spéciaux du trésor ventilés,270
2022,16.12,16,dépenses des fonds de concours 271 12,13
2022,16.12,16,dépenses des fonds de concours 12,271
2022,16.2,16,recettes du titre i par catégorie (fonctionnement) 259 ) ( 2,13
2022,16.2,16,recettes du titre i par catégorie (fonctionnement) ) ( 2,259
2022,16.3,16,recettes ordinaires du budget de l état par article 260 3,13
2022,16.3,16,recettes ordinaires du budget de l état par article 3,260
2022,16.3,16,recettes ordinaires du budget de l état par article (suite) ) ( 3,261
2022,16.3,16,recettes ordinaires du budget de l état par article ( 3,263
2022,16.4,16,recettes du titre ii (équipement) 264 ) ( 4,13
2022,16.4,16,recettes du titre ii ( équipement ) ) ( 4,264
2022,16.5,16,recettes des fonds de concours (titre ii section ii) 264 ) ( 5,13
2022,16.5,16,recettes des fonds de concours ( titre ii section ii ) ) ( 5,264
2022,16.6,16,recettes des fonds spéciaux du trésor ventilée par fonds 265 6.16,13
2022,16.6,16,recettes des fonds spéciaux du trésor ventilées par fonds 6,265
2022,16.6,16,recettes des fonds spéciaux du trésor ventilées par fonds (suite) ) ( 6,266
2022,16.7,16,dépenses de l état 266 7,13
2022,16.7,16,dépenses de l état 7,266
2022,16.8,16,dépenses du titre i par chapitre 267 8,13
2022,16.8,16,dépenses du titre i par chapitre 8,267
2022,16.9,16,dépenses du titre i par catégorie et chapitre 268 9,13
2022,16.9,16,dépenses du titre i par catégorie et département 9,268
2022,17.1,17,ressources et emplois des biens et services aux prix,14
2022,17.1,17,ressources et emplois des biens et services aux prix courants 1,275
2022,17.10,17,créances et dettes 279 10,14
2022,17.10,17,créances et dettes 10,279
2022,17.11,17,taux et ratios par habitant 280 11,14
2022,17.11,17,taux et ratios par habitant 11.17,280
2022,17.12,17,valeurs ajoutées par secteur d activité (prix courants) 281 ) ( 12,14
2022,17.12,17,valeurs ajoutées par secteur d activité (aux prix courants) ) ( 12,281
2022,17.13,17,valeurs ajoutées par secteur d activité aux prix de,14
2022,17.13,17,valeurs ajoutées par secteur d activité aux prix de l année précédente 13,282
2022,17.14,17,formation brute de capital fixe par secteur d activité 283,14
2022,17.14,17,formation brute de capital fixe par secteur d activité 14,283
2022,17.15,17,formation brute de capital fixe par domaine 284 15,14
2022,17.15,17,formation brute de capital fixe par domaine 15,284
2022,17.16,17,compte des opérations avec l extérieur 285 16,14
2022,17.16,17,compte des opérations avec l extérieur 16,285
2022,17.16,17,compte des opérations avec l extérieur (suite et fin) ) ( 16,286
2022,17.2,17,ressources et emplois de biens et services aux prix 2,14
2022,17.2,17,ressources et emplois de biens et services aux prix courants 2,275
2022,17.3,17,ressources et emplois de biens et services aux prix 276 3,14
2022,17.3,17,ressources et emplois de biens et services aux prix de l année précédente 3,276
2022,17.4,17,ressources et emplois de biens et services aux prix 4,14
2022,17.4,17,ressources et emplois de biens et services aux prix de l année 4,276
2022,17.5,17,évolution des prix des ressources et emploi de biens,14
2022,17.5,17,evolution des prix de ressources et emplois de biens et services 5,277
2022,17.6,17,contribution a l évolution du pib aux prix de l année 277 6,14
2022,17.6,17,contribution à l évolution du p.i.b aux prix de l année précédente 6,277
2022,17.7,17,produit national 278 7,14
2022,17.7,17,revenu national 7,278
2022,17.8,17,consommation et epargne 278 8,14
2022,17.8,17,consommation et épargne 8,278
2022,17.9,17,investissement et financement 279 9,14
2022,17.9,17,investissement et financement 9,279
2022,18.1,18,temperature minimum absolu par principale station 289,14
2022,18.1,18,température minimum absolu par principale station 1,289
2022,18.2,18,temperature maximum absolu par principale station 290,14
2022,18.2,18,température maximum absolu par principale station 2. 18,290
2022,18.3,18,temperature moyenne par principale station 291 3,14
2022,18.3,18,température moyenne par principale station 3,291
2022,18.4,18,pluviometrie en millimetre par principale station 292 ( 4,14
2022,18.4,18,pluviométrie en millimètre par principale station 4. 18 ( ),292
2022,18.5,18,pluviometrie en millimetre par principale station 293 ( 5,14
2022,18.5,18,pluviométrie en millimètre par principale station (année 5,293
2022,18.6,18,nombre de jours de pluie par station (année agricole) 294 ),14
2022,19.1,19,les ressources en eaux disponibles par source 297 1,14
2022,19.1,19,les ressources en eaux disponibles par source 1,297
2022,19.10,19,evolution de la production nette et de la 10,15
2022,19.10,19,evolution de la production nette et de la consommation d eau potable 10.19,300
2022,19.11,19,evolution du nombre d abonnés par usage 301 11,15
2022,19.11,19,evolution du nombre d abonnés par usage 11.19,301
2022,19.12,19,evolution de la consommation unitaire annuelle 12,15
2022,19.12,19,evolution de la consommation unitaire annuelle d eau potable par 12.19,301
2022,19.13,19,evolution de la consommation spécifique journalière 13,15
2022,19.13,19,evolution de la consommation spécifique journalière d eau 13.19,301
2022,19.14,19,capacité de traitement des stations d épuration en,15
2022,19.14,19,capacite de traitement des stations d épuration en termes de volume 14,302
2022,19.15,19,capacité de traitement des stations d épuration en 15,15
2022,19.15,19,capacité de traitement des stations d épuration en termes de 15,303
2022,19.16,19,capacité de traitement des stations d épuration en 16,15
2022,19.16,19,capacité de traitement des stations d épuration en termes 16,303
2022,19.17,19,rejets d eaux usées en termes de volume 304 17,15
2022,19.17,19,rejets d eaux usées en termes de volume 17,304
2022,19.18,19,rejets d eaux usées en termes de demande de 18,15
2022,19.18,19,rejets d eaux usées en termes de dbo 18,305
2022,19.19,19,répartition de la superficie par catégories d utilisation 306 19,15
2022,19.19,19,répartition de la superficie par catégories d utilisation des sols 19,306
2022,19.2,19,evolution des prélèvements des eaux souterraines 297 2,14
2022,19.2,19,evolution des prélèvements des eaux souterraines 2,297
2022,19.20,19,evolution des superficies reboisées et des,15
2022,19.20,19,evolution des superficies reboisées et des plantations pastorales 20,307
2022,19.21,19,evolution du nombre et des surfaces annuelles des 307 21,15
2022,19.21,19,evolution du nombre et des surfaces annuelles des incendies des forêts 21,307
2022,19.3,19,evolution des ressources en eaux renouvelables,14
2022,19.3,19,evolution des ressources en eaux renouvelables disponibles 3,297
2022,19.4,19,evolution des prélèvements des eaux souterraines 4,14
2022,19.4,19,evolution des prélèvements des eaux souterraines renouvelables 4,298
2022,19.5,19,prélèvement brut des eaux douces souterraines 5,14
2022,19.5,19,prélèvement brut des eaux douces souterraines renouvelables 5,298
2022,19.6,19,prélèvement brut des eaux non renouvelables 6,14
2022,19.6,19,prélèvement brut des eaux non renouvelables (aquifères) par 6,298
2022,19.7,19,evolution de la répartition de l exploitation des,15
2022,19.7,19,evolution de la répartition de l exploitation des nappes 7,299
2022,19.8,19,exploitation des nappes profondes par classe des 8,15
2022,19.8,19,exploitation des nappes profondes par classe des résidus 8,299
2022,19.9,19,evolution de la production brute de la sonede selon 9,15
2022,19.9,19,evolution du prélèvement d eau de la sonede selon les 9.19,300
2022,2.1,2,enseignement 1,7
2022,2.1.1,2,informations générales 43 1,7
2022,2.1.1,2,données générales 1,43
2022,2.1.10,2,principales données statistiques 53 10,7
2022,2.1.10,2,principales données du 2ème cycle de l enseignement 10,53
2022,2.1.11,2,population scolaire par année d études 53 11,7
2022,2.1.11,2,population scolaire du 2ème cycle de l enseignement de base 11,53
2022,2.1.12,2,population scolaire par genre et par gouvernorat 54 12,7
2022,2.1.13,2,population scolaire totale par gouvernorat 56 13,7
2022,2.1.13,2,population scolaire totale du 2ème cycle de l enseignement 13,56
2022,2.1.14,2,nombre d établissements et classes-élèves par gouvernorat 57 14,7
2022,2.1.14,2,nombre d établissements du 2ème cycle de l enseignement de 14,57
2022,2.1.15,2,personnel enseignant selon le genre et la nationalité. 58 15,8
2022,2.1.15,2,personnel enseignant du 2ème cycle de l enseignement 15,58
2022,2.1.16,2,résultats des examens 58 16,8
2022,2.1.16,2,résultats des examens du 1 et du 2 cycle de 16,58
2022,2.1.17,2,répartition des admis au baccalauriat par section et 59 17,8
2022,2.1.17,2,répartition des admis au baccalauréat par section 17,59
2022,2.1.18,2,répartition des étudiants par filières et par genre 60 18,8
2022,2.1.18,2,répartition des étudiants réguliers par filières 18,60
2022,2.1.19,2,répartition des diplômés de fin d études par filières et 61 19,8
2022,2.1.19,2,effectif des étudiants diplômés de fin d études 19,61
2022,2.1.2,2,principales données 44 2,7
2022,2.1.20,2,répartition des étudiants par secteur et par ministère 62 20,8
2022,2.1.20,2,répartition des étudiants réguliers par genre 20,62
2022,2.1.21,2,personnel enseignant à plein temps 62 21,8
2022,2.1.21,2,personnel enseignant à plein temps en 2022 - 2023 2023 - 2022 21,62
2022,2.1.3,2,nombre d écoles par gouvernorat 45 3,7
2022,2.1.3,2,nombre d écoles par gouvernorat du 1er cycle de 3,45
2022,2.1.4,2,nombre de locaux - classes par gouvernorat 46 4,7
2022,2.1.4,2,nombre de locaux - classes par gouvernorat du 1er cycle de 4,46
2022,2.1.5,2,personnel enseignant par gouvernorat 47 5,7
2022,2.1.5,2,personnel enseignant par gouvernorat du 1er cycle de 5,47
2022,2.1.6,2,classes élèves par année d études 48 6,7
2022,2.1.6,2,classes - élèves par année d études du 1 cycle de 6.1.2,48
2022,2.1.7,2,population scolaire par genre et par gouvernorat 49 7,7
2022,2.1.8,2,population scolaire totale par gouvernorat 51 8,7
2022,2.1.8,2,population scolaire totale du 1er cycle de 8,51
2022,2.1.9,2,population scolaire par année d études 52 9,7
2022,2.1.9,2,population scolaire du 1er cycle de l enseignement de 9.1.2,52
2022,2.2,2,culture 2,8
2022,2.2.1,2,evolution du réseau des bibliothèques par catégorie 1,63
2022,2.2.2,2,evolution de la capacité des bibliothèques par 2,64
2022,2.2.3,2,evolution des fonds de livres par catégorie de 3,65
2022,2.2.4,2,evolution des lecteurs par catégorie de 4,66
2022,2.2.5,2,evolution des abonnés par catégorie de 5,67
2022,2.2.6,2,evolution des livres prêtés par catégorie de 6,68
2022,2.2.7,2,nombre de films longs et courts métrages visés par nationalité 69 7,8
2022,2.2.7,2,nombre de films longs et courts métrages visés par nationalité 7,69
2022,2.2.8,2,evolution des nombres d entrées dans les salles 70 8,8
2022,2.2.8,2,evolution du nombre d entrées dans les salles de cinéma 8,70
2022,2.2.9,2,nombre de salles par gouvernorat 70,8
2022,2.2.9,2,nombre de salles de cinéma par gouvernorat,70
2022,20.1,20,evolution des entreprises privées selon l activité 1,15
2022,20.2,20,evolution des entreprises privées selon la tranche 2,15
2022,20.2,20,evolution des entreprises privées selon la tranche de salariés 2,318
2022,20.3,20,entreprises privées selon le gouvernorat et la 3,15
2022,20.3,20,entreprises privées selon le gouvernorat et la tranche de salariés 3,319
2022,20.4,20,evolution des entrées d entreprises privées selon 4,15
2022,20.5,20,evolution des entrées d entreprises privées selon 5,15
2022,20.5,20,evolution des entrées d entreprises privées selon la tranche de 5,321
2022,20.6,20,evolution des entrées d entreprises privées selon 6,15
2022,20.6,20,evolution des entrées d entreprises privées selon le gouvernorat 6,322
2022,20.7,20,evolution des sorties d entreprises privées selon 7,15
2022,20.8,20,evolution des sorties d entreprises privées selon la 8,15
2022,20.9,20,evolution des sorties d entreprises privées selon,15
2022,20.9,20,evolution des sorties d entreprises privées selon le gouvernorat 9,325
2022,21.1,21,division administrative du pays 329,15
2022,21.1,21,division administrative du pays 1,329
2022,3.1,3,evolution des nombres d abonnés aux maisons des,8
2022,3.1,3,evolution des nombres d abonnés aux maisons des 1,73
2022,3.10,3,nombre de salles de sports privées par gouvernorat 82 10,8
2022,3.10,3,nombre de salles de sports privées par gouvernorat 10.3,82
2022,3.11,3,nombre des centres d hébergements par gouvernorat 83 11,8
2022,3.11,3,nombre des centres d hébergements par gouvernorat 11,83
2022,3.12,3,nombre des complexes de jeunesse par gouvernorat 84 12,8
2022,3.12,3,nombre des complexes de jeunesse par gouvernorat 12.3,84
2022,3.13,3,nombre des centres de camping par gouvernorat 85 13,8
2022,3.13,3,nombre des centres de camping par gouvernorat 13,85
2022,3.2,3,evolution des nombres d abonnés aux maisons des 2,8
2022,3.3,3,evolution des nombres d abonnés aux maisons des 3,8
2022,3.3,3,répartition des abonnés aux maisons des jeûnes par activité 3,75
2022,3.4,3,répartition des licenciés par sexe et par gouvernorat,8
2022,3.4,3,répartition des licenciés par sexe et par gouvernorat pour 4,76
2022,3.5,3,répartition des licenciés par sexe et par discipline pour 5,8
2022,3.5,3,répartition des licenciés par sexe et par 5,77
2022,3.6,3,répartition des abonnés aux salles de sport privées par gouvernorat 78 6,8
2022,3.6,3,répartition des abonnés aux salles de sport privées 6,78
2022,3.7,3,nombre de salles de sports par gouvernorat 79 7,8
2022,3.7,3,nombre de salles de sports par gouvernorat 7,79
2022,3.8,3,nombre de stades gazonnés par gouvernorat 80 8,8
2022,3.8,3,nombre de stades gazonnés par gouvernorat 8.3,80
2022,3.9,3,nombre de maisons de jeunes par gouvernorat 81 9,8
2022,3.9,3,nombre de maisons de jeûnes par gouvernorat 9,81
2022,4.1,4,infrastructure sanitaire du secteur public par gouvernorat 89 1,8
2022,4.1,4,infrastructure sanitaire du secteur public par gouvernorat 1,89
2022,4.2,4,infrastructure sanitaire du secteur privé par gouvernorat 90 2,8
2022,4.2,4,infrastructure sanitaire du secteur privé par gouvernorat 2,90
2022,4.3,4,effectif des officines et des médecins par gouvernorat 91 3,8
2022,4.3,4,effectif des officines et des médecins par gouvernorat 3,91
2022,4.4,4,répartition du personnel paramédical du secteur public 4,8
2022,4.4,4,répartition du personnel paramédical par grade et par gouvernorat 4,92
2022,4.5,4,activités de la santé de la reproduction et de la planification 2022 5,8
2022,4.5,4,activités de la santé de la reproduction et de la planification 5,93
2022,4.5,4,activités de la santé de la reproduction et de la planification familiale 5,95
2022,4.6,4,répartition des bénéficiaires de l information. de 6,8
2022,4.6,4,répartition des bénéficiaires de l information de l éducation et de 6.4,96
2022,4.7,4,taux de prévalence contraceptive 96 7,8
2022,4.7,4,taux de prévalence contraceptive 7.4,96
2022,5.1,5,des tribunaux par degré 99 1,9
2022,5.1,5,activité des tribunaux par degré au cours de l année judiciaire 2020-2021 2021-2020 1,99
2022,5.10,5,en matière criminelle au cours de l année judiciaire 106 10,9
2022,5.10,5,affaires enrolées et traitées devant les tribunaux de 1ere instance 10.5,106
2022,5.2,5,de la cour de cassation par matière 99 2,9
2022,5.2,5,activité de la cour de cassation par matière au cours de l année 2,99
2022,5.3,5,des cours d appel par matière 100 3,9
2022,5.3,5,activités des cours d appel par matière et par année judiciaire 3,100
2022,5.4,5,des tribunaux de première instance par matière 101 4,9
2022,5.4,5,activités des tribunaux de 1ere instance par matière au cours 4,101
2022,5.5,5,des justices cantonales par matière 101 5,9
2022,5.5,5,activités des justices cantonales par matière au cours de 5,101
2022,5.6,5,en matière civile par année judiciaire 102 6,9
2022,5.6,5,affaires enrolées devant les tribunaux de 1ere instance en matière 6,102
2022,5.7,5,en matière correctionnelle par année judiciaire 103 7,9
2022,5.7,5,affaires traitées devant les tribunaux de 1ere instance en matière 7,103
2022,5.8,5,en matière civile par année judiciaire 104 8,9
2022,5.8,5,affaires enrolées devant les tribunaux de 1ere instance en matière 8,104
2022,5.9,5,en matière correctionnelle par année judiciaire 105 9,9
2022,5.9,5,affaires traitées devant les tribunaux de 1ere instance en matière 9,105
2022,6.1,6,emploi 1,9
2022,6.1.1,6,evolution des actifs et des occupés 109 1,9
2022,6.1.1,6,evolution des actifs et des occupés 1,109
2022,6.1.10,6,données globales du marché de l emploi 113 10,9
2022,6.1.10,6,données globales du marché de l emploi 10,113
2022,6.1.2,6,taux de chômage selon le sexe (%) 109 )%( 2,9
2022,6.1.2,6,taux de chômage selon le sexe (%) (mois de mai) )) ( %( 2,109
2022,6.1.3,6,taux de chômage selon le niveau éducatif (%) 109 )%( 3,9
2022,6.1.3,6,taux de chômage selon le niveau éducatif (%) (mois de mai) )) ( %( 3,109
2022,6.1.4,6,taux de chômage des diplômés de l enseignement 4,9
2022,6.1.4,6,taux de chômage des diplômés de l enseignement )%( 4,109
2022,6.1.5,6,evolution des demandes d emploi enregistrées par 5,9
2022,6.1.5,6,evolution des demandes d emploi enregistrées 5,110
2022,6.1.6,6,evolution des demandes d emploi enregistrées par gouvernorat 110 6,9
2022,6.1.6,6,evolution du nombre des demandes d emploi par gouvernorat 6,110
2022,6.1.7,6,evolution des offres d emploi reçues par gouvernorat.. 111 7,9
2022,6.1.7,6,evolution des offres d emploi reçues par gouvernorat 7,111
2022,6.1.8,6,evolution des placements réalisés en tunisie par catégorie 112 8,9
2022,6.1.8,6,evolution des placements réalisés en tunisie 8,112
2022,6.1.9,6,evolution des placements réalisés en tunisie par gouvernorat 112 9,9
2022,6.1.9,6,evolution des placements réalisés en tunisie par gouvernorat 9,112
2022,6.2,6,salaires 2,9
2022,6.2.1,6,evolution du salaire minimum interprofessionnel garanti (smig) 114 1,9
2022,6.2.1,6,evolution du salaire minimum interprofessionnel garanti 1,114
2022,6.2.2,6,evolution du salaire minimum agricole garanti (smag) 114 2,9
2022,6.2.2,6,evolution du salaire minimum agricole garanti (smag) 2,114
2022,7.1,7,evolution de la production des céréales 117,9
2022,7.1,7,evolution de la production des céréales 1,117
2022,7.10,7,production brute des palmiers par variété et par année,9
2022,7.10,7,production brute des palmiers par varieté et par année de récolte 10,121
2022,7.11,7,evolution de la production de vins moûts et mistelles par 121 11,9
2022,7.11,7,evolution de la production de vins mouts et mistelles par gouvernorat 11,121
2022,7.12,7,evolution de la superficie des vignobles par gouvernorat 121 12,10
2022,7.12,7,evolution de la superficie des vignobles * par gouvernorat * 12,121
2022,7.13,7,evolution de la production des cultures industrielles 122 13,10
2022,7.13,7,evolution de la production des cultures industrielles 13.7,122
2022,7.14,7,evolution de la production de la pêche par type 122 14,10
2022,7.14,7,evolution de la production de la pêche par type 14.7,122
2022,7.15,7,répartition de la flottille active par type d embarcation et 123 15,10
2022,7.15,7,répartition de la flotille active par type d embarcation et gouver- 15,123
2022,7.2,7,evolution des superficies ensemencées en céréales 117,9
2022,7.2,7,evolution des superficies ensemencées en céréales 2,117
2022,7.3,7,répartition de la superficie selon la catégorie,9
2022,7.3,7,répartition de la superficie selon la catégorie d occupation du sol 3,118
2022,7.4,7,répartition du cheptel 118,9
2022,7.4,7,répartition du cheptel 4,118
2022,7.5,7,production de viande par type 118,9
2022,7.5,7,production de viande par type et production des oeufs 5,118
2022,7.6,7,production des légumes 119 6.7,9
2022,7.6,7,production des légumes 6,119
2022,7.7,7,evolution de la production des légumineuses 119,9
2022,7.7,7,evolution de la production des légumineuses 7,119
2022,7.8,7,evolution de la production des fruits (sauf agrumes) 120 ) (,9
2022,7.8,7,evolution de la production des fruits (sauf agrumes) ) ( 8,120
2022,7.9,7,evolution de la production d agrumes par variété 120,9
2022,7.9,7,evolution de la production d agrumes par variété 9,120
2022,8.1,8,evolution de la production d energie primaire 127,10
2022,8.1,8,evolution de la production d énergie primaire 1.8,127
2022,8.10,8,evolution de la production et de la consommation du gaz 10.8,132
2022,8.12,8,evolution de la consommation d eau 12,133
2022,8.13,8,evolution de la production et des échanges de pétrole brut 13,133
2022,8.14,8,evolution de la production des produits pétroliers 14.8,134
2022,8.15,8,evolution de la consommation des produits pétroliers 15.8,134
2022,8.2,8,evolution de la consommation d énergie primaire 2.8,127
2022,8.3,8,evolution de la puissance installée par centrale 1 1,128
2022,8.4,8,evolution de la production d électricité par centrale 128 4,10
2022,8.4,8,evolution de la production d élèctricité par centrale 2,128
2022,8.5,8,evolution des réseaux par tension,129
2022,8.6,8,evolution des ventes d élèctricité par centre de distribution 6,129
2022,8.7,8,evolution des ventes d électricité par tension 7,130
2022,8.8,8,evolution des ventes d électricité de haute et moyenne 8,130
2022,8.9,8,evolution du nombre de consommateurs par centre 9,10
2022,8.9,8,evolution du nombre de clients d électricité par centre de 9,131
2022,9.1,9,indice de la production industrielle 137,10
2022,9.1,9,indice de la production industrielle 1,137
2022,9.1,9,indice de la production industrielle (suite et fin) ) ( 1,138
2022,9.2,9,industries agro-alimentaires 139,10
2022,9.2,9,industries agro - alimentaires (production) ) ( 2,139
2022,9.3,9,production de tabac 140,10
2022,9.3,9,production de tabac 3,140
2022,9.4,9,matériaux de construction. céramique et verre 140,10
2022,9.4,9,matériaux de construction céramique et verre 4,140
2022,9.5,9,industries mécaniques 141,10
2022,9.5,9,industries mécaniques et élèctrique (production ) ) (,141
2022,9.6,9,industries chimiques (production) 141 ) (,10
2022,9.6,9,industries chimiques (production ) ) ( 6,141
2022,9.7,9,industrie du papier (production) 142 ) (,10
2022,9.7,9,industrie du papier (production ) ) ( 7,142
2022,9.8,9,production minière 142,10
2022,9.8,9,production minière 8,142
2023,1.1,1,principales caractéristiques démographiques 19 1,7
2023,1.1,1,principales caractéristiques démographiques 1,19
2023,1.10,1,suivant le lieu d accouchement et le gouvernorat de 31 10,7
2023,1.10,1,naissances selon le lieu d accouchement et le gouver- 10,31
2023,1.11,1,décès corrigés selon le gouvernorat de domicile et le sexe 32 11,7
2023,1.11,1,décès corriges selon le gouvernorat de domicile et le sexe 11,32
2023,1.12,1,taux bruts de mortalité par gouvernorat 33 12,7
2023,1.12,1,décès et taux bruts de mortalité par gouvernorat 12,33
2023,1.13,1,mort-nés par gouvernorat de déclaration 34 13,7
2023,1.13,1,evolution des morts-nés par gouvernorat de déclaration 13.1,34
2023,1.14,1,contractés par gouvernorat de déclaration 35 14,7
2023,1.14,1,mariages contractés par gouvernorat de déclaration 14,35
2023,1.15,1,selon le groupe d âge de l époux par gouvernorat 36 15,7
2023,1.15,1,mariage selon le groupe d âge de l époux 15.1,36
2023,1.16,1,selon le groupe d âge de l épouse par gouvernorat 37 16,7
2023,1.16,1,mariage selon le groupe d âge de l épouse 16,37
2023,1.17,1,selon le groupe d âge des époux 38 17,7
2023,1.17,1,mariages selon le groupe d âge des époux 17.1,38
2023,1.18,1,prononces par les tribunaux de 1 ère,7
2023,1.18,1,divorces prononcés par les tribunaux de 1ère instance 18,39
2023,1.2,1,sexe masculin 20 2,7
2023,1.2,1,estimation de la population par groupe d age genre et 2,20
2023,1.3,1,sexe féminin 22 3,7
2023,1.3,1,estimation de la population par groupe d age genre et gouvernorat 3.1,22
2023,1.3,1,estimation de la population par groupe d age genre et 3,23
2023,1.4,1,ensemble 24 4,7
2023,1.4,1,estimation de la population par groupe d age genre et 4,24
2023,1.5,1,estimation de la population par gouvernorat 26 5,7
2023,1.5,1,estimation de la population par gouvernorat au 1er juillet 5.1,26
2023,1.6,1,taux bruts de natalité par gouvernorat 27 6,7
2023,1.6,1,naissances et taux bruts de natalité par gouvernorat 6,27
2023,1.7,1,naissances selon le groupe d âge de la mère 7.1,28
2023,1.8,1,taux de fécondité selon groupe d âge de la mère isf et tgf 29 . . . . 8,7
2023,1.8,1,taux de fécondite1 selon le groupe d âge de la mère isf2 )3(,29
2023,1.9,1,par genre suivant le gouvernorat de déclaration 30 9,7
2023,1.9,1,naissances par genre suivant le gouvernorat de domicile et 9,30
2023,10.1,10,principaux indicateurs touristiques 145 1,10
2023,10.1,10,principaux indicateurs touristiques 1,145
2023,10.10,10,non résidents par nationalité et par mois .(voie maritime),10
2023,10.10,10,sorties des voyageurs non résidents par nationalité et par mois 10,161
2023,10.11,10,non résidents par voie de transport et poste frontière 163 11,11
2023,10.11,10,sorties des voyageurs non résidents par voie de transport et poste 11,163
2023,10.12,10,entrées des tunisiens par voie de transport et poste,11
2023,10.12,10,entrées des tunisiens par voie de transport et poste frontière 12,164
2023,10.13,10,sorties des tunisiens par pays de destination et par voie 13,11
2023,10.13,10,sorties des tunisiens par pays de destination et par 13,165
2023,10.14,10,capacité d hébergement par région touristique 166 14,11
2023,10.14,10,capacité d hébergement par région touristique 14.10,166
2023,10.15,10,nuitées touristiques globales par nationalité 167 15,11
2023,10.15,10,nuitées touristiques globales par nationalité 15,167
2023,10.16,10,taux d occupation par région touristique 169 16,11
2023,10.16,10,taux d occupation par région touristique 16,169
2023,10.17,10,durée moyenne de séjour par nationalité 169 17,11
2023,10.17,10,durée moyenne de séjour par nationalité,169
2023,10.18,10,nuitées des non-résidents par catégorie hôtelière 170 18,11
2023,10.18,10,nuitées des non résidents par catégorie hotelière 18.10,170
2023,10.19,10,nuitées des non-résidents par région touristique 170,11
2023,10.19,10,nuitées des non résidents par région touristique 19.10,170
2023,10.2,10,non résidents par nationalité et par mois 146 2,10
2023,10.2,10,entrées des voyageurs non résidents par nationalité et par mois 2.10,146
2023,10.2,10,entrées des voyageurs non résidents par nationalité et par mois 2,147
2023,10.20,10,mouvement des croisières maritimes par nationalité et,11
2023,10.20,10,mouvement des croisières maritimes par nationalité et par port d entrée 20,171
2023,10.3,10,non résidents par nationalité et par mois (voie aérienne) 148 ) ( 3,10
2023,10.3,10,entrées des voyageurs non résidents par nationalité et par mois 3,148
2023,10.4,10,non résidents par nationalité et par mois (voie terrestre) 150 ) ( 4,10
2023,10.4,10,entrées des voyageurs non résidents par nationalité et par mois 4,150
2023,10.5,10,non résidents par nationalité et par mois (voie maritime) 152 ) ( 5,10
2023,10.5,10,entrées des voyageurs non résidents par nationalité et par mois 5.10,152
2023,10.5,10,entrées des voyageurs non résidents par nationalité et par mois 5,153
2023,10.6,10,non résidents par nationalité par voie de transport et 6,10
2023,10.6,10,evolution des entrées des voyageurs non résidents par voie de 6,154
2023,10.7,10,non résidents par nationalité et par mois .(ensemble des voies) 155 ) ( 7,10
2023,10.7,10,sorties des voyageurs non résidents par nationalité et par mois 7,155
2023,10.7,10,sorties des voyageurs non résidents par nationalité et par mois 7.10,156
2023,10.8,10,non résidents par nationalité et par mois .(voie aérienne) 157 ) ( 8,10
2023,10.8,10,sorties des voyageurs non résidents par nationalité et par mois 8,157
2023,10.8,10,sorties des voyageurs non résidents par nationalité (suite) ( voie 8.10,158
2023,10.9,10,non résidents par nationalité et par mois .(voie terrestre) 159 ) ( 9,10
2023,10.9,10,sorties des voyageurs non résidents par nationalité 9,159
2023,10.9,10,sorties des voyageurs non résidents par nationalité et par mois 9,160
2023,11.1,11,immatriculation des véhicules neufs par catégorie et,11
2023,11.1,11,immatriculation des véhicules neufs par catégorie et marque 1,175
2023,11.10,11,transport aérien 186 10,11
2023,11.10,11,transport aérien 10.11,186
2023,11.10,11,transport aérien (suite ) ) ( 10,187
2023,11.10,11,transport aérien (suite et fin) ) ( 10,189
2023,11.11,11,transport maritime 190 11,11
2023,11.11,11,transport maritime 11,190
2023,11.11,11,transport maritime (suite ) ) ( 11,191
2023,11.11,11,transport maritime (suite et fin) ) ( 11,192
2023,11.2,11,immatriculation des véhicules occasions par catégorie,11
2023,11.2,11,immatriculation des véhicules occasions par catégorie et marque 2,176
2023,11.3,11,ensemble des immatriculations des véhicules par,11
2023,11.3,11,ensemble des immatriculations des véhicules par catégorie et marque 3,177
2023,11.4,11,répartition des accidents par cause et milieu 178 4,11
2023,11.4,11,répartition du nombre des accidents par cause et milieu 4,178
2023,11.5,11,répartition du nombre des accidents et des victimes 5,11
2023,11.6,11,evolution du nombre des accidents par gouvernorat et,11
2023,11.6,11,evolution du nombre d accidents par gouvernorat et par mois 6,179
2023,11.7,11,evolution du nombre des blessés par gouvernorat et par,11
2023,11.7,11,evolution du nombre des blessés par gouvernorat et par mois 7,180
2023,11.8,11,evolution du nombre des tués par gouvernorat etpar,11
2023,11.8,11,evolution du nombre des tués par gouvernorat et par mois 8,181
2023,11.9,11,transport ferroviaire 182 9,11
2023,11.9,11,transport ferroviaire 9,182
2023,11.9,11,transport ferroviaire (suite) ) ( 9,183
2023,11.9,11,transport ferroviaire (suite et fin) ) ( 9,185
2023,12.1,12,domaine des télécommunications 1,12
2023,12.1,12,domaine des telecommunications 1,195
2023,12.1.1,12,les réseaux téléphoniques 195 1,12
2023,12.1.1,12,les réseaux téléphoniques,195
2023,12.1.2,12,evolution du nombre d abonnés au réseau 2,12
2023,12.1.2,12,evolution du nombre d abonnés au réseau téléphonique fixe 2,196
2023,12.1.3,12,trafic téléphonique 197 : 3,12
2023,12.1.3,12,trafic téléphonique tunisie telecom 3,197
2023,12.1.4,12,domaine de l informatique et de l internet 198 4,12
2023,12.1.4,12,domaine de l informatique et de l internet 4,198
2023,12.1.5,12,domaine de la télédiffusion 199 5,12
2023,12.1.5,12,domaine de la télédiffusion 5,199
2023,12.1.5,12,domaine de la télédiffusion (suite) ) ( 5,200
2023,12.2,12,domaine de la poste 2,12
2023,12.2,12,domaine de la postes 2,201
2023,12.2.1,12,le réseau commercial 201 1,12
2023,12.2.1,12,le réseau commercial 1,201
2023,12.2.10,12,mouvements de fonds des c.c.p 206,12
2023,12.2.10,12,mouvements de fonds des c.c.p. 10.2.12,206
2023,12.2.2,12,colis postaux 201 2,12
2023,12.2.2,12,colis postaux 2,201
2023,12.2.3,12,mandats régime général 202 3,12
2023,12.2.3,12,mandats (régime général) ) ( 3,202
2023,12.2.4,12,balance du trafic des mandats régime,12
2023,12.2.4,12,balance du trafic des mandats (régime international) ) ( 4,202
2023,12.2.5,12,epargne postale 203 5,12
2023,12.2.5,12,epargne postale 5,202
2023,12.2.6,12,comptes d epargne en dinars convertibles 203 6,12
2023,12.2.6,12,comptes d épargne en dinars convertibles 6,203
2023,12.2.7,12,montant des mandats émis par l étranger et payés 7,12
2023,12.2.7,12,montant des mandats émis par l étranger et payés en tunisie par 7,204
2023,12.2.8,12,montant des mandats émis par l étranger et par,12
2023,12.2.8,12,montant des mandats émis par l étranger et par mois 8,205
2023,12.2.9,12,montant des mandats émis par l étranger et payés 9,12
2023,12.2.9,12,montant des mandats émis par l étranger et payés en tunisie par 9,205
2023,13.1,13,evolution annuelle de l indice des prix de vente 1,12
2023,13.2,13,evolution mensuelle de l indice des prix de vente 212 2,12
2023,13.2,13,evolution mensuelle de l indice des prix de vente 2,212
2023,13.2,13,evolution mensuelle de l indice des prix de vente industriels 2,213
2023,13.2,13,evolution mensuelle de l indice des prix de vente industriels 2.13,214
2023,13.3,13,evolution des prix de détail à tunis (moyenne des,12
2023,13.3,13,evolution des prix de détail à tunis (moyenne des 12 mois) ) 12 ( 3,215
2023,13.3,13,evolution des prix de détail à tunis (moyenne des 12 mois) (suite) ) ) ( 12 ( 3,216
2023,13.3,13,evolution des prix de détail à tunis (moyenne des 12 mois) (suite et fin) ) ) ( 12 ( 3,218
2023,13.4,13,variations annuelles de l indice général des prix à la 4,12
2023,13.4,13,variations annuelles de l indice général des prix à la consommation 4,219
2023,13.5,13,indice général des prix à la consommation familiale 5,12
2023,13.5,13,indice général des prix à la consommation familiale par mois et par groupe 5,221
2023,13.6,13,evolution de l indice général des prix à la 6,12
2023,13.6,13,evolution de l indice général des prix à la consommation 6.13,222
2023,13.7,13,evolution de l indice général des prix à la,12
2023,13.7,13,evolution de l indice général des prix à la consommation 7,223
2023,13.8,13,quantités des légumes commercialisés aux marchés 8,12
2023,13.8,13,quantités des légumes commercialisés aux marchés de gros des 8,225
2023,13.9,13,quantités des fruits commercialisés aux marchés de 9,12
2023,13.9,13,quantités des fruits commercialisés aux marchés de gros des 9,226
2023,14.1,14,evolution mensuelle des échanges 229 1,12
2023,14.1,14,evolution mensuelle des échanges 1,229
2023,14.10,14,evolution des échanges avec les principaux pays 239 10,13
2023,14.10,14,evolution des échanges avec les principaux pays 10,239
2023,14.2,14,evolution des échanges. par groupement sectoriel,12
2023,14.2,14,evolution des échanges par groupement sectoriel d activité 2,230
2023,14.3,14,evolution des échanges par type d utilisation 231 3,12
2023,14.3,14,evolution des échanges par type d utilisation 3,231
2023,14.4,14,evolution des échangespar groupement d utilisation 4,12
2023,14.4,14,evolution des échanges par groupement des produits 4,232
2023,14.5,14,evolution des exportations des principaux produits 5,12
2023,14.6,14,evolution des exportations des principaux produits 234 6,13
2023,14.6,14,evolution des exportations des principaux produits 6,234
2023,14.7,14,evolutions des importations des principaux produits 7,13
2023,14.7,14,evolution des importations des principaux produits 7,235
2023,14.7,14,evolution des importations des principaux produits par 7,236
2023,14.8,14,evolution des importations des principaux produits 8,13
2023,14.8,14,evolution des importations par groupement des principaux 8,237
2023,14.9,14,evolution des échanges avec les principaux 9,13
2023,14.9,14,evolution des échanges avec les principaux ensembles 9.14,238
2023,15.1,15,evolution de la structure du système financier 243,13
2023,15.1,15,evolution de la structure du système financier 1,243
2023,15.10,15,balance des paiements de la tunisie:compte financier 256 :: 10,13
2023,15.10,15,balance des paiements de la tunisie: : 10,256
2023,15.11,15,taux d intérêt 258 11,13
2023,15.11,15,taux d intérêt 11.15,258
2023,15.12,15,cours annuels moyens en dinars des principales 12,13
2023,15.12,15,cours annuels moyens en dinar des principales 12.15,258
2023,15.13,15,principaux indicateurs boursiers 258 13,13
2023,15.13,15,principaux indicateurs boursiers 13.15,258
2023,15.2,15,evolution du réseau bancaire par gouvernorat 244 2,13
2023,15.2,15,evolution du réseau bancaire par gouvernorat 2.15,244
2023,15.3,15,agrégats de monnaie et autres ressources 245,13
2023,15.3,15,agrégats de monnaie et autres ressources 3,245
2023,15.4,15,evolution de la situation de la banque 247,13
2023,15.4,15,evolution de la situation de la banque 4,247
2023,15.5,15,evolution des institutions de dépots 249,13
2023,15.5,15,evolution des institutions de dépots 5.15,249
2023,15.5,15,evolution des institutions de dépots (suite) ) ( 5,250
2023,15.6,15,evolution des crédits à court terme par branche 6,13
2023,15.7,15,evolution des crédits à moyen et long terme par 7,13
2023,15.8,15,evolution du total des crédits par,13
2023,15.8,15,evolution du total des crédits par 8,253
2023,15.9,15,balance des paiements de la tunisie: : 9,13
2023,16.1,16,recettes de l état 261 1,13
2023,16.1,16,recettes de l état 1,261
2023,16.10,16,dépenses du titre ii par chapitre 271 ( ) 10,13
2023,16.10,16,dépenses du titre ii (équipement) par chapitre ( ) 10,271
2023,16.11,16,evolution des dépenses des fonds spéciaux du trésor 272 11,13
2023,16.11,16,evolution des dépenses des fonds spéciaux du trésor ventilés 11,272
2023,16.12,16,dépenses des fonds de concours 273 12,13
2023,16.12,16,dépenses des fonds de concours 12,273
2023,16.2,16,recettes du titre i par catégorie (fonctionnement) 261 ) ( 2,13
2023,16.2,16,recettes du titre i par catégorie (fonctionnement) ) ( 2,261
2023,16.3,16,recettes ordinaires du budget de l état par article 262 3,13
2023,16.3,16,recettes ordinaires du budget de l état par article 3,262
2023,16.3,16,recettes ordinaires du budget de l état par article (suite) ) ( 3,263
2023,16.3,16,recettes ordinaires du budget de l état par article ( 3,265
2023,16.4,16,recettes du titre ii (équipement) 266 ) ( 4,13
2023,16.4,16,recettes du titre ii ( équipement ) ) ( 4,266
2023,16.5,16,recettes des fonds de concours (titre ii section ii) 262 ) ( 5,13
2023,16.5,16,recettes des fonds de concours ( titre ii section ii ) ) ( 5,266
2023,16.6,16,recettes des fonds spéciaux du trésor ventilée par fonds 267 6,13
2023,16.6,16,recettes des fonds spéciaux du trésor ventilées par fonds 6,267
2023,16.6,16,recettes des fonds spéciaux du trésor ventilées par fonds (suite) ) ( 6,268
2023,16.7,16,dépenses de l état 268 7,13
2023,16.7,16,dépenses de l état 7,268
2023,16.8,16,dépenses du titre i par chapitre 269 8,13
2023,16.8,16,dépenses du titre i par chapitre 8,269
2023,16.9,16,dépenses du titre i par catégorie et chapitre 270 9,13
2023,16.9,16,dépenses du titre i par catégorie et département 9,270
2023,17.1,17,ressources et emplois des biens et services aux prix,14
2023,17.1,17,ressources et emplois des biens et services aux prix courants 1,277
2023,17.10,17,créances et dettes 281 10,14
2023,17.10,17,créances et dettes 10,281
2023,17.11,17,taux et ratios par habitant 282 11,14
2023,17.11,17,taux et ratios par habitant 11.17,282
2023,17.12,17,valeurs ajoutées par secteur d activité (prix courants) 283 ) ( 12,14
2023,17.12,17,valeurs ajoutées par secteur d activité (aux prix courants) ) ( 12,283
2023,17.13,17,valeurs ajoutées par secteur d activité aux prix de,14
2023,17.13,17,valeurs ajoutées par secteur d activité aux prix de l année précédente 13,284
2023,17.14,17,formation brute de capital fixe par secteur d activité 285,14
2023,17.14,17,formation brute de capital fixe par secteur d activité 14,285
2023,17.15,17,formation brute de capital fixe par domaine 286 15,14
2023,17.15,17,formation brute de capital fixe par domaine 15,286
2023,17.16,17,compte des opérations avec l extérieur 287 16,14
2023,17.16,17,compte des opérations avec l extérieur 16,287
2023,17.16,17,compte des opérations avec l extérieur (suite et fin) ) ( 16,288
2023,17.2,17,ressources et emplois de biens et services aux prix 2,14
2023,17.2,17,ressources et emplois de biens et services aux prix courants 2,277
2023,17.3,17,ressources et emplois de biens et services aux prix 278 3,14
2023,17.3,17,ressources et emplois de biens et services aux prix de l année précédente 3,278
2023,17.4,17,ressources et emplois de biens et services aux prix 4,14
2023,17.4,17,ressources et emplois de biens et services aux prix de l année 4,278
2023,17.5,17,évolution des prix des ressources et emploi de biens,14
2023,17.5,17,evolution des prix de ressources et emplois de biens et services 5,279
2023,17.6,17,contribution a l évolution du pib aux prix de l année 279 6,14
2023,17.6,17,contribution à l évolution du p.i.b aux prix de l année précédente 6,279
2023,17.7,17,produit national 280 7,14
2023,17.7,17,revenu national 7,280
2023,17.8,17,consommation et epargne 280 8,14
2023,17.8,17,consommation et épargne 8,280
2023,17.9,17,investissement et financement 281 9,14
2023,17.9,17,investissement et financement 9,281
2023,18.1,18,temperature minimum absolu par principale station 291,14
2023,18.1,18,température minimum absolu par principale station 1,291
2023,18.2,18,temperature maximum absolu par principale station 292,14
2023,18.2,18,température maximum absolu par principale station 2. 18,292
2023,18.3,18,temperature moyenne par principale station 293 3,14
2023,18.3,18,température moyenne par principale station 3,293
2023,18.4,18,pluviometrie en millimetre par principale station 294 ( 4,14
2023,18.4,18,pluviométrie en millimètre par principale sta- 4. 18 ( ),294
2023,18.5,18,pluviometrie en millimetre par principale station 295 ( 5,14
2023,18.5,18,pluviométrie en millimètre par principale station (année 5,295
2023,18.6,18,nombre de jours de pluie par station (année agricole) 296 ),14
2023,19.1,19,les ressources en eaux disponibles par source 299 1,14
2023,19.1,19,les ressources en eaux disponibles par source 1,299
2023,19.10,19,evolution de la production nette et de la 10,15
2023,19.10,19,evolution de la production nette et de la consommation d eau potable 10.19,302
2023,19.11,19,evolution du nombre d abonnés par usage 303 11,15
2023,19.11,19,evolution du nombre d abonnés par usage 11.19,303
2023,19.12,19,evolution de la consommation unitaire annuelle 12,15
2023,19.12,19,evolution de la consommation unitaire annuelle d eau potable par 12.19,303
2023,19.13,19,evolution de la consommation spécifique journalière 13,15
2023,19.13,19,evolution de la consommation spécifique journalière d eau 13.19,303
2023,19.14,19,capacité de traitement des stations d épuration en,15
2023,19.14,19,capacite de traitement des stations d épuration en termes de volume 14,304
2023,19.15,19,capacité de traitement des stations d épuration en 15,15
2023,19.15,19,capacité de traitement des stations d épuration en termes de 15,305
2023,19.16,19,capacité de traitement des stations d épuration en 16,15
2023,19.16,19,capacité de traitement des stations d épuration en termes 16,305
2023,19.17,19,rejets d eaux usées en termes de volume 306 17,15
2023,19.17,19,rejets d eaux usées en termes de volume 17,306
2023,19.18,19,rejets d eaux usées en termes de demande de 18,15
2023,19.18,19,rejets d eaux usées en termes de dbo 18,307
2023,19.19,19,répartition de la superficie par catégories d utilisation 308 19,15
2023,19.19,19,répartition de la superficie par catégories d utilisation des sols 19,308
2023,19.2,19,evolution des prélèvements des eaux souterraines 299 2,14
2023,19.2,19,evolution des prélèvements des eaux souterraines 2,299
2023,19.20,19,evolution des superficies reboisées et des,15
2023,19.20,19,evolution des superficies reboisées et des plantations pastorales 20,309
2023,19.21,19,evolution du nombre et des surfaces annuelles des 309 21,15
2023,19.21,19,evolution du nombre et des surfaces annuelles des incendies des forêts 21,309
2023,19.3,19,evolution des ressources en eaux renouvelables,14
2023,19.3,19,evolution des ressources en eaux renouvelables disponibles 3,299
2023,19.4,19,evolution des prélèvements des eaux souterraines 4,14
2023,19.4,19,evolution des prélèvements des eaux souterraines renouvelables 4,300
2023,19.5,19,prélèvement brut des eaux douces souterraines 5,14
2023,19.5,19,prélèvement brut des eaux douces souterraines renouvelables 5,300
2023,19.6,19,prélèvement brut des eaux non renouvelables 6,14
2023,19.6,19,prélèvement brut des eaux non renouvelables (aquifères) par 6,300
2023,19.7,19,evolution de la répartition de l exploitation des,15
2023,19.7,19,evolution de la répartition de l exploitation des nappes 7,301
2023,19.8,19,exploitation des nappes profondes par classe des 8,15
2023,19.8,19,exploitation des nappes profondes par classe des résidus 8,301
2023,19.9,19,evolution de la production brute de la sonede selon 9,15
2023,19.9,19,evolution du prélèvement d eau de la sonede selon les 9.19,302
2023,2.1,2,enseignement 1,7
2023,2.1.1,2,informations générales 43 1,7
2023,2.1.1,2,données générales 1,43
2023,2.1.10,2,principales données statistiques 53 10,7
2023,2.1.10,2,principales données du 2ème cycle de l enseignement 10,53
2023,2.1.11,2,population scolaire par année d études 53 11,7
2023,2.1.11,2,population scolaire du 2ème cycle de l enseignement de base 11,53
2023,2.1.12,2,population scolaire par genre et par gouvernorat 54 12,7
2023,2.1.13,2,population scolaire totale par gouvernorat 56 13,7
2023,2.1.13,2,population scolaire totale du 2ème cycle de l enseignement 13,56
2023,2.1.14,2,nombre d établissements et classes-élèves par gouvernorat 57 14,7
2023,2.1.14,2,nombre d établissements du 2ème cycle de l enseignement de 14,57
2023,2.1.15,2,personnel enseignant selon le genre et la nationalité. 58 15,8
2023,2.1.15,2,personnel enseignant du 2ème cycle de l enseignement 15,58
2023,2.1.16,2,résultats des examens 58 16,8
2023,2.1.16,2,résultats des examens du 1 et du 2 cycle de 16,58
2023,2.1.17,2,répartition des admis au baccalauriat par section et 59 17,8
2023,2.1.17,2,répartition des admis au baccalauréat par section 17,59
2023,2.1.18,2,répartition des étudiants par filières et par genre 60 18,8
2023,2.1.18,2,répartition des étudiants réguliers par filières 18,60
2023,2.1.19,2,répartition des diplômés de fin d études par filières et 61 19,8
2023,2.1.19,2,effectif des étudiants diplômés de fin d études 19,61
2023,2.1.2,2,principales données 44 2,7
2023,2.1.20,2,répartition des étudiants par secteur et par ministère 62 20,8
2023,2.1.20,2,répartition des étudiants réguliers par genre 20,62
2023,2.1.21,2,personnel enseignant à plein temps 62 21,8
2023,2.1.21,2,personnel enseignant à plein temps en 2023 - 2024 2024 - 2023 21,62
2023,2.1.3,2,nombre d écoles par gouvernorat 45 3,7
2023,2.1.3,2,nombre d écoles par gouvernorat du 1er cycle de 3,45
2023,2.1.4,2,nombre de locaux - classes par gouvernorat 46 4,7
2023,2.1.4,2,nombre de locaux - classes par gouvernorat du 1er cycle de 4,46
2023,2.1.5,2,personnel enseignant par gouvernorat 47 5,7
2023,2.1.5,2,personnel enseignant par gouvernorat du 1er cycle de 5,47
2023,2.1.6,2,classes élèves par année d études 48 6,7
2023,2.1.6,2,classes - élèves par année d études du 1 cycle de 6.1.2,48
2023,2.1.7,2,population scolaire par genre et par gouvernorat 49 7,7
2023,2.1.8,2,population scolaire totale par gouvernorat 51 8,7
2023,2.1.8,2,population scolaire totale du 1er cycle de 8,51
2023,2.1.9,2,population scolaire par année d études 52 9,7
2023,2.1.9,2,population scolaire du 1er cycle de l enseignement de 9.1.2,52
2023,2.2,2,culture 2,8
2023,2.2.1,2,evolution du réseau des bibliothèques par catégorie 1,63
2023,2.2.2,2,evolution de la capacité des bibliothèques par 2,64
2023,2.2.3,2,evolution des fonds de livres par catégorie de 3,65
2023,2.2.4,2,evolution des lecteurs par catégorie de 4,66
2023,2.2.5,2,evolution des abonnés par catégorie de 5,67
2023,2.2.6,2,evolution des livres prêtés par catégorie de 6,68
2023,2.2.7,2,nombre de films longs et courts métrages visés par nationalité 69 7,8
2023,2.2.7,2,nombre de films longs et courts métrages visés par nationalité 7,69
2023,2.2.8,2,evolution des nombres d entrées dans les salles 70 8,8
2023,2.2.8,2,evolution du nombre d entrées dans les salles de cinéma 8,70
2023,2.2.9,2,nombre de salles par gouvernorat 70,8
2023,2.2.9,2,nombre de salles de cinéma par gouvernorat,70
2023,20.1,20,evolution des entreprises privées selon l activité 1,15
2023,20.2,20,evolution des entreprises privées selon la tranche 2,15
2023,20.2,20,evolution des entreprises privées selon la tranche de salariés 2,320
2023,20.3,20,entreprises privées selon le gouvernorat et la 3,15
2023,20.3,20,entreprises privées selon le gouvernorat et la tranche de salariés 3,321
2023,20.4,20,evolution des entrées d entreprises privées selon 4,15
2023,20.5,20,evolution des entrées d entreprises privées selon 5,15
2023,20.5,20,evolution des entrées d entreprises privées selon la tranche de 5,323
2023,20.6,20,evolution des entrées d entreprises privées selon 6,15
2023,20.6,20,evolution des entrées d entreprises privées selon le gouvernorat 6,324
2023,20.7,20,evolution des sorties d entreprises privées selon 7,15
2023,20.8,20,evolution des sorties d entreprises privées selon la 8,15
2023,20.9,20,evolution des sorties d entreprises privées selon,15
2023,20.9,20,evolution des sorties d entreprises privées selon le gouvernorat 9,327
2023,21.1,21,division administrative du pays 331,15
2023,21.1,21,division administrative du pays 1,331
2023,3.1,3,evolution des nombres d abonnés aux maisons des,8
2023,3.1,3,evolution des nombres d abonnés aux maisons des 1,73
2023,3.10,3,nombre de salles de sports privées par gouvernorat 82 10,8
2023,3.10,3,nombre de salles de sports privées par gouvernorat 10.3,82
2023,3.11,3,nombre des centres d hébergements par gouvernorat 83 11,8
2023,3.11,3,nombre des centres d hébergements par gouvernorat 11,83
2023,3.12,3,nombre des complexes de jeunesse par gouvernorat 84 12,8
2023,3.12,3,nombre des complexes de jeunesse par gouvernorat 12.3,84
2023,3.13,3,nombre des centres de camping par gouvernorat 85 13,8
2023,3.13,3,nombre des centres de camping par gouvernorat 13,85
2023,3.2,3,evolution des nombres d abonnés aux maisons des 2,8
2023,3.3,3,evolution des nombres d abonnés aux maisons des 3,8
2023,3.3,3,répartition des abonnés aux maisons des jeûnes 3,75
2023,3.4,3,répartition des licenciés par sexe et par gouvernorat,8
2023,3.4,3,répartition des licenciés par sexe et par gouvernorat pour 4,76
2023,3.5,3,répartition des licenciés par sexe et par discipline pour 5,8
2023,3.5,3,répartition des licenciés par sexe et par 5,77
2023,3.6,3,répartition des abonnés aux salles de sport privées par gouvernorat 78 6,8
2023,3.6,3,répartition des abonnés aux salles de sport privées 6,78
2023,3.7,3,nombre de salles de sports par gouvernorat 79 7,8
2023,3.7,3,nombre de salles de sports par gouvernorat 7,79
2023,3.8,3,nombre de stades gazonnés par gouvernorat 80 8,8
2023,3.8,3,nombre de stades gazonnés par gouvernorat 8.3,80
2023,3.9,3,nombre de maisons de jeunes par gouvernorat 81 9,8
2023,3.9,3,nombre de maisons de jeûnes par gouvernorat 9,81
2023,4.1,4,infrastructure sanitaire du secteur public par gouvernorat 89 1,8
2023,4.1,4,infrastructure sanitaire du secteur public par gouvernorat 1,89
2023,4.2,4,infrastructure sanitaire du secteur privé par gouvernorat 90 2,8
2023,4.2,4,infrastructure sanitaire du secteur privé par gouvernorat 2,90
2023,4.3,4,effectif des officines et des médecins par gouvernorat 91 3,8
2023,4.3,4,effectif des officines et des médecins par gouvernorat 3,91
2023,4.4,4,répartition du personnel paramédical du secteur public 4,8
2023,4.4,4,répartition du personnel paramédical par grade et par gouvernorat 4,92
2023,4.5,4,activités de la santé de la reproduction et de la planification 2023 5,8
2023,4.5,4,activités de la santé de la reproduction et de la planification 5,93
2023,4.5,4,activités de la santé de la reproduction et de la planification familiale 5,95
2023,4.6,4,répartition des bénéficiaires de l information. de 6,8
2023,4.6,4,répartition des bénéficiaires de l information de l éducation et de 6.4,96
2023,4.7,4,taux de prévalence contraceptive 96 7,8
2023,4.7,4,taux de prévalence contraceptive 7.4,96
2023,5.1,5,des tribunaux par degré 99 1,9
2023,5.1,5,activité des tribunaux par degré au cours de l année judiciaire 2023-2022 1,99
2023,5.10,5,en matière criminelle au cours de l année judiciaire 106 10,9
2023,5.10,5,affaires enrolées et traitées devant les tribunaux de 1ere instance 10.5,106
2023,5.2,5,de la cour de cassation par matière 99 2,9
2023,5.2,5,activité de la cour de cassation par matière au cours de l année 2,99
2023,5.3,5,des cours d appel par matière 100 3,9
2023,5.3,5,activités des cours d appel par matière et par année judiciaire 3,100
2023,5.4,5,des tribunaux de première instance par matière 101 4,9
2023,5.4,5,activités des tribunaux de 1ere instance par matière au cours 4,101
2023,5.5,5,des justices cantonales par matière 101 5,9
2023,5.5,5,activités des justices cantonales par matière au cours de 5,101
2023,5.6,5,en matière civile par année judiciaire 102 6,9
2023,5.6,5,affaires enrolées devant les tribunaux de 1ere instance en matière 6,102
2023,5.7,5,en matière correctionnelle par année judiciaire 103 7,9
2023,5.7,5,affaires traitées devant les tribunaux de 1ere instance en matière 7,103
2023,5.8,5,en matière civile par année judiciaire 104 8,9
2023,5.8,5,affaires enrolées devant les tribunaux de 1ere instance en matière 8,104
2023,5.9,5,en matière correctionnelle par année judiciaire 105 9,9
2023,5.9,5,affaires traitées devant les tribunaux de 1ere instance en matière 9,105
2023,6.1,6,emploi 1,9
2023,6.1.1,6,evolution des actifs et des occupés 109 1,9
2023,6.1.1,6,evolution des actifs et des occupés 1,109
2023,6.1.10,6,données globales du marché de l emploi 113 10,9
2023,6.1.10,6,données globales du marché de l emploi 10,113
2023,6.1.2,6,taux de chômage selon le sexe (%) 109 )%( 2,9
2023,6.1.2,6,taux de chômage selon le sexe (%) (mois de mai) )) ( %( 2,109
2023,6.1.3,6,taux de chômage selon le niveau éducatif (%) 109 )%( 3,9
2023,6.1.3,6,taux de chômage selon le niveau éducatif (%) (mois de mai) )) ( %( 3,109
2023,6.1.4,6,taux de chômage des diplômés de l enseignement 4,9
2023,6.1.4,6,taux de chômage des diplômés de l enseignement )%( 4,109
2023,6.1.5,6,evolution des demandes d emploi enregistrées par 5,9
2023,6.1.5,6,evolution des demandes d emploi enregistrées 5,110
2023,6.1.6,6,evolution des demandes d emploi enregistrées par gouvernorat 110 6,9
2023,6.1.6,6,evolution du nombre des demandes d emploi par gouvernorat 6,110
2023,6.1.7,6,evolution des offres d emploi reçues par gouvernorat.. 111 7,9
2023,6.1.7,6,evolution des offres d emploi reçues par gouvernorat 7,111
2023,6.1.8,6,evolution des placements réalisés en tunisie par catégorie 112 8,9
2023,6.1.8,6,evolution des placements réalisés en tunisie 8,112
2023,6.1.9,6,evolution des placements réalisés en tunisie par gouvernorat 112 9,9
2023,6.1.9,6,evolution des placements réalisés en tunisie par gouvernorat 9,112
2023,6.2,6,salaires 2,9
2023,6.2.1,6,evolution du salaire minimum interprofessionnel garanti (smig) 114 1,9
2023,6.2.1,6,evolution du salaire minimum interprofessionnel garanti 1,114
2023,6.2.2,6,evolution du salaire minimum agricole garanti (smag) 114 2,9
2023,6.2.2,6,evolution du salaire minimum agricole garanti (smag) 2,114
2023,7.1,7,evolution de la production des céréales 117,9
2023,7.1,7,evolution de la production des céréales 1,117
2023,7.10,7,production brute des palmiers par variété et par année,9
2023,7.10,7,production brute des palmiers par varieté et par année de récolte 10,121
2023,7.11,7,evolution de la production de vins moûts et mistelles par 121 11,9
2023,7.11,7,evolution de la production de vins mouts et mistelles par gouvernorat 11,121
2023,7.12,7,evolution de la superficie des vignobles par gouvernorat 121 12,10
2023,7.12,7,evolution de la superficie des vignobles * par gouvernorat * 12,121
2023,7.13,7,evolution de la production des cultures industrielles 122 13,10
2023,7.13,7,evolution de la production des cultures industrielles 13.7,122
2023,7.14,7,evolution de la production de la pêche par type 122 14,10
2023,7.14,7,evolution de la production de la pêche par type 14.7,122
2023,7.15,7,répartition de la flottille active par type d embarcation et 123 15,10
2023,7.15,7,répartition de la flotille active par type d embarcation et gouver- 15,123
2023,7.2,7,evolution des superficies ensemencées en céréales 117,9
2023,7.2,7,evolution des superficies ensemencées en céréales 2,117
2023,7.3,7,répartition de la superficie selon la catégorie,9
2023,7.3,7,répartition de la superficie selon la catégorie d occupation du sol 3,118
2023,7.4,7,répartition du cheptel 118,9
2023,7.4,7,répartition du cheptel 4,118
2023,7.5,7,production de viande par type 118,9
2023,7.5,7,production de viande par type et production des oeufs 5,118
2023,7.6,7,production des légumes 119 6.7,9
2023,7.6,7,production des légumes 6,119
2023,7.7,7,evolution de la production des légumineuses 119,9
2023,7.7,7,evolution de la production des légumineuses 7,119
2023,7.8,7,evolution de la production des fruits (sauf agrumes) 120 ) (,9
2023,7.8,7,evolution de la production des fruits (sauf agrumes) ) ( 8,120
2023,7.9,7,evolution de la production d agrumes par variété 120,9
2023,7.9,7,evolution de la production d agrumes par variété 9,120
2023,8.1,8,evolution de la production d energie primaire 127,10
2023,8.1,8,evolution de la production d énergie primaire 1.8,127
2023,8.10,8,evolution de la production et de la consommation du gaz 10.8,132
2023,8.12,8,evolution de la consommation d eau 12,133
2023,8.13,8,evolution de la production et des échanges de pétrole brut 13,133
2023,8.14,8,evolution de la production des produits pétroliers 14.8,134
2023,8.15,8,evolution de la consommation des produits pétroliers 15.8,134
2023,8.2,8,evolution de la consommation d énergie primaire 2.8,127
2023,8.3,8,evolution de la puissance installée par centrale 1 1,128
2023,8.4,8,evolution de la production d électricité par centrale 128 4,10
2023,8.4,8,evolution de la production d élèctricité par centrale 2,128
2023,8.5,8,evolution des réseaux par tension,129
2023,8.6,8,evolution des ventes d élèctricité par centre de distribution 6,129
2023,8.7,8,evolution des ventes d électricité par tension 7,130
2023,8.8,8,evolution des ventes d électricité de haute et moyenne 8,130
2023,8.9,8,evolution du nombre de consommateurs par centre 9,10
2023,8.9,8,evolution du nombre de clients d électricité par centre de 9,131
2023,9.1,9,indice de la production industrielle 137,10
2023,9.1,9,indice de la production industrielle 1,137
2023,9.1,9,indice de la production industrielle (suite et fin) ) ( 1,138
2023,9.2,9,industries agro-alimentaires 139,10
2023,9.2,9,industries agro - alimentaires (production) ) ( 2,139
2023,9.3,9,production de tabac 140,10
2023,9.3,9,production de tabac 3,140
2023,9.4,9,matériaux de construction. céramique et verre 140,10
2023,9.4,9,matériaux de construction céramique et verre 4,140
2023,9.5,9,industries mécaniques 141,10
2023,9.5,9,industries mécaniques et élèctrique (production ) ) (,141
2023,9.6,9,industries chimiques (production) 141 ) (,10
2023,9.6,9,industries chimiques (production ) ) ( 6,141
2023,9.7,9,industrie du papier (production) 142 ) (,10
2023,9.7,9,industrie du papier (production ) ) ( 7,142
2023,9.8,9,production minière 142,10
2023,9.8,9,production minière 8,142
